stem;dataset;top;desc_id;desc;vid_name;ts;source;requirements;complexity;identities;event_id;rank_base;rank_variant;correct_in_top_base;correct_in_top_variant
complex;tbbt;4;28797;Howard puts on his shoes, then turns, scared, to Sheldon, who sprays his shoes.;tbbt_s03e19;[405.83, 409.71];tbbt;wymaga_osoby,wymaga_obiektu,wymaga_ruchu,wymaga_mimiki;Z;Howard,Sheldon;tbbt_s03e19_d28797;313;1;no;yes
complex;tbbt;4;74101;Sheldon, in a mint green shirt, with a black bag on his shoulder, enters the room where Leonard is standing at the fridge.;tbbt_s02e01;[796.17, 799.38];tbbt;wymaga_osoby,wymaga_obiektu,wymaga_ruchu;Z;Sheldon,Leonard;tbbt_s02e01_d74101;102;1;no;yes
complex;tbbt;4;292;Amy opens the door wider where Sheldon stands and the bird hops onto the back of the sofa.;tbbt_s05e09;[791.01, 793.75];tbbt;wymaga_osoby,wymaga_obiektu,wymaga_ruchu;Z;Sheldon;tbbt_s05e09_d292;74;1;no;yes
complex;tbbt;4;96740;Sheldon, in a yellow shirt with grey sleeves, knocks on Penny's door repeatedly.;tbbt_s04e01;[408.85, 414.4];tbbt;wymaga_osoby,wymaga_obiektu,wymaga_ruchu;Z;Sheldon,Penny;tbbt_s04e01_d96740;1767;308;no;no
complex;tbbt;4;58115;Penny, in a suit and pink shirt, walks into Emily's office carrying a briefcase and coffees.;tbbt_s08e04;[360.66, 365.53];tbbt;wymaga_osoby,wymaga_obiektu,wymaga_scenerii,wymaga_ruchu;Z;Penny;tbbt_s08e04_d58115;1703;412;no;no
complex;tbbt;4;40030;Leonard and Penny are walking up some stairs and Leonard is talking to Penny while she is eating ice cream.;tbbt_s02e01;[0.0, 10.91];tbbt;wymaga_osoby,wymaga_obiektu,wymaga_scenerii,wymaga_ruchu;Z;Leonard,Penny;tbbt_s02e01_d40030;4;1;yes;yes
complex;tbbt;4;90956;Howard, in maroon pajamas, answers the door and Raj leaves Sheldon at the doorway and leaves quickly.;tbbt_s02e01;[948.59, 955.08];tbbt;wymaga_osoby,wymaga_obiektu,wymaga_scenerii,wymaga_ruchu;Z;Howard,Raj,Sheldon;tbbt_s02e01_d90956;4;1;yes;yes
complex;tbbt;4;19960;Raj raises his beer and then takes a sip of it, at the bowling lane.;tbbt_s03e19;[561.6, 565.56];tbbt;wymaga_osoby,wymaga_obiektu,wymaga_scenerii,wymaga_ruchu;Z;Raj;tbbt_s03e19_d19960;4;1;yes;yes
complex;tbbt;4;13987;The robotic hand drops the small package into Penny's hand, which she holds out expectantly.;tbbt_s04e01;[109.2, 118.28];tbbt;wymaga_osoby,wymaga_obiektu,wymaga_ruchu;Z;Penny;tbbt_s04e01_d13987;4;1;yes;yes
complex;tbbt;4;68597;Sheldon caps his marker and places it by one of the many whiteboards in the living room.;tbbt_s04e12;[597.68, 604.86];tbbt;wymaga_osoby,wymaga_obiektu,wymaga_scenerii,wymaga_ruchu;Z;Sheldon;tbbt_s04e12_d68597;4;1;yes;yes
complex;tbbt;4;42302;Leonard takes off his grey blazer with an angry face and walks out of the room.;tbbt_s05e09;[224.45, 228.26];tbbt;wymaga_osoby,wymaga_obiektu,wymaga_ruchu,wymaga_mimiki;Z;Leonard;tbbt_s05e09_d42302;4;1;yes;yes
complex;tbbt;4;62847;Leonard, at a house party, pours a shot from a shaker and hands it to Bernadette.;tbbt_s06e24;[815.58, 820.4];tbbt;wymaga_osoby,wymaga_obiektu,wymaga_scenerii,wymaga_ruchu;Z;Leonard;tbbt_s06e24_d62847;852;19;no;no
complex;tbbt;4;70619;Sheldon removes the breakfast tray from Leonard's bed and walks out of the room.;tbbt_s03e15;[737.11, 740.25];tbbt;wymaga_osoby,wymaga_obiektu,wymaga_ruchu;Z;Sheldon,Leonard;tbbt_s03e15_d70619;3;1;yes;yes
complex;tbbt;4;53286;Leonard, in a red robe, looks at the ground and blinks a couple of times, then takes the money from Sheldon's hand.;tbbt_s05e13;[958.15, 964.29];tbbt;wymaga_osoby,wymaga_obiektu,wymaga_ruchu;Z;Leonard,Sheldon;tbbt_s05e13_d53286;3;1;yes;yes
complex;tbbt;4;16396;Amy stands at the kitchen counter holding a plate with cookies, staring at Sheldon, before she puts it down.;tbbt_s08e04;[872.15, 881.03];tbbt;wymaga_osoby,wymaga_obiektu,wymaga_scenerii,wymaga_ruchu;Z;Sheldon;tbbt_s08e04_d16396;3;1;yes;yes
complex;tbbt;4;78991;Bernadette comes in the door and hands Sheldon a bottle of champagne.;tbbt_s09e22;[467.99, 476.2];tbbt;wymaga_osoby,wymaga_obiektu,wymaga_ruchu;Z;Sheldon;tbbt_s09e22_d78991;3;1;yes;yes
complex;tbbt;4;30695;Raj is sitting next to Howard, who is wearing a purple shirt, when they lean over to the laptop in front of them.;tbbt_s02e01;[199.36, 201.54];tbbt;wymaga_osoby,wymaga_obiektu,wymaga_ruchu;Z;Raj,Howard;tbbt_s02e01_d30695;805;115;no;no
complex;tbbt;4;86441;Leonard holds up a paper bag while talking to Penny, who is wearing a blue shirt.;tbbt_s01e01;[317.25, 320.79];tbbt;wymaga_osoby,wymaga_obiektu,wymaga_ruchu;Z;Leonard,Penny;tbbt_s01e01_d86441;644;36;no;no
complex;tbbt;4;47841;Leonard uses a blue cloth napkin to wipe a spot on the coffee table, while sitting on the couch next to Penny.;tbbt_s02e13;[255.34, 258.83];tbbt;wymaga_osoby,wymaga_obiektu,wymaga_ruchu;Z;Leonard,Penny;tbbt_s02e13_d47841;321;6;no;no
complex;tbbt;4;80592;Sheldon, in plaid pants, hands Raj, who is wearing a red hat, a bottle of water.;tbbt_s01e01;[837.87, 839.85];tbbt;wymaga_osoby,wymaga_obiektu,wymaga_ruchu;Z;Sheldon,Raj;tbbt_s01e01_d80592;2;1;yes;yes
complex;tbbt;4;74084;Penny, in a pink shirt, takes the basket full of laundry and dumps it into the laundry machine.;tbbt_s02e01;[293.66, 302.69];tbbt;wymaga_osoby,wymaga_obiektu,wymaga_ruchu;Z;Penny;tbbt_s02e01_d74084;2;1;yes;yes
complex;tbbt;4;29605;Penny, in a green tank top, is holding a flyer while talking to Leonard, who points his finger at it.;tbbt_s02e01;[1232.05, 1244.76];tbbt;wymaga_osoby,wymaga_obiektu,wymaga_ruchu;Z;Penny,Leonard;tbbt_s02e01_d29605;2;1;yes;yes
complex;tbbt;4;62302;Sheldon picks up a beret and puts it on Leonard's pancakes to keep them warm.;tbbt_s03e15;[670.93, 681.13];tbbt;wymaga_osoby,wymaga_obiektu,wymaga_ruchu;Z;Sheldon,Leonard;tbbt_s03e15_d62302;2;1;yes;yes
complex;tbbt;4;61516;Leonard folds his laundry when Penny walks into the laundry room.;tbbt_s03e19;[743.81, 745.8];tbbt;wymaga_osoby,wymaga_obiektu,wymaga_scenerii,wymaga_ruchu;Z;Leonard,Penny;tbbt_s03e19_d61516;2;1;yes;yes
complex;tbbt;4;42294;Sheldon, seen through the window, tries to scare the bird outside by holding up a drawing of a cat to his face, while making a cat gesture with his hand.;tbbt_s05e09;[297.05, 301.45];tbbt;wymaga_osoby,wymaga_obiektu,wymaga_scenerii,wymaga_ruchu;Z;Sheldon;tbbt_s05e09_d42294;2;1;yes;yes
complex;tbbt;4;28857;Sheldon, standing next to Leonard in front of their doors, jumps up and down happily holding a cardboard box.;tbbt_s05e13;[60.38, 62.59];tbbt;wymaga_osoby,wymaga_obiektu,wymaga_scenerii,wymaga_ruchu;Z;Sheldon,Leonard;tbbt_s05e13_d28857;2;1;yes;yes
complex;tbbt;4;11658;Penny laughs and fixes her bangs while holding a glass of wine, at the restaurant with Leonard, in a black suit.;tbbt_s05e13;[512.36, 516.68];tbbt;wymaga_osoby,wymaga_obiektu,wymaga_scenerii,wymaga_ruchu,wymaga_mimiki;Z;Penny,Leonard;tbbt_s05e13_d11658;2;1;yes;yes
complex;tbbt;4;53257;Leonard, at night in bed, rubs his head, then wakes up, puts on his glasses, and looks at his phone.;tbbt_s05e13;[1097.09, 1107.79];tbbt;wymaga_osoby,wymaga_obiektu,wymaga_scenerii,wymaga_ruchu;Z;Leonard;tbbt_s05e13_d53257;2;1;yes;yes
complex;tbbt;4;88798;Penny sits down on the couch holding a glass of wine, next to Amy, who has a white mustache.;tbbt_s06e01;[231.71, 234.19];tbbt;wymaga_osoby,wymaga_obiektu,wymaga_ruchu;Z;Penny;tbbt_s06e01_d88798;2;1;yes;yes
complex;tbbt;4;45184;Penny takes a sip of beer and then shakes the bottle while sitting on the couch with Raj and Leonard, in a green shirt.;tbbt_s06e01;[817.68, 822.36];tbbt;wymaga_osoby,wymaga_obiektu,wymaga_ruchu;Z;Penny,Raj,Leonard;tbbt_s06e01_d45184;2;1;yes;yes
complex;tbbt;4;15762;Lucy puts aside an orange napkin and rushes away from the table where Amy and Raj are sitting.;tbbt_s06e24;[607.39, 616.03];tbbt;wymaga_osoby,wymaga_obiektu,wymaga_ruchu;Z;Raj;tbbt_s06e24_d15762;2;1;yes;yes
complex;tbbt;4;15768;Penny, in a grocery store with Sheldon, grabs two bottles of vodka and puts them in a cart.;tbbt_s06e24;[629.86, 634.39];tbbt;wymaga_osoby,wymaga_obiektu,wymaga_scenerii,wymaga_ruchu;Z;Penny,Sheldon;tbbt_s06e24_d15768;2;1;yes;yes
complex;tbbt;4;37872;Penny smacks her hand against her leg, while holding a box, and then Sheldon runs to her.;tbbt_s07e13;[480.92, 484.49];tbbt;wymaga_osoby,wymaga_obiektu,wymaga_ruchu;Z;Penny,Sheldon;tbbt_s07e13_d37872;2;1;yes;yes
complex;tbbt;4;11672;Sheldon swings the suit jacket over his shoulder to put the jacket on.;tbbt_s08e08;[571.52, 573.03];tbbt;wymaga_osoby,wymaga_obiektu,wymaga_ruchu;Z;Sheldon;tbbt_s08e08_d11672;2;1;yes;yes
complex;tbbt;4;34121;Howard, while in the bathroom with Leonard, goes to the sink and washes his hands.;tbbt_s09e22;[894.39, 905.86];tbbt;wymaga_osoby,wymaga_obiektu,wymaga_scenerii,wymaga_ruchu;Z;Howard,Leonard;tbbt_s09e22_d34121;2;1;yes;yes
complex;tbbt;4;89000;Raj, in an orange apron, is serving a bowl of salad to Lucy and Amy, who are sitting at the table talking.;tbbt_s06e24;[551.06, 554.29];tbbt;wymaga_osoby,wymaga_obiektu,wymaga_ruchu;Z;Raj;tbbt_s06e24_d89000;14;1;no;yes
complex;tbbt;4;88801;Sheldon, in a white and beige jacket, yells and grabs his plastic bag close to his chest, tight.;tbbt_s02e21;[538.25, 541.71];tbbt;wymaga_osoby,wymaga_obiektu,wymaga_ruchu;Z;Sheldon;tbbt_s02e21_d88801;555;123;no;no
complex;tbbt;4;86446;Sheldon takes his keys out of the pocket of his plaid pants and unlocks the front door to his apartment.;tbbt_s01e01;[251.5, 256.61];tbbt;wymaga_osoby,wymaga_obiektu,wymaga_scenerii,wymaga_ruchu;Z;Sheldon;tbbt_s01e01_d86446;13;1;no;yes
complex;tbbt;4;15751;Raj, while holding a beer bottle, reaches out and slaps Leonard on the back while he eats his food.;tbbt_s06e24;[483.41, 485.07];tbbt;wymaga_osoby,wymaga_obiektu,wymaga_ruchu;Z;Raj,Leonard;tbbt_s06e24_d15751;494;104;no;no
complex;tbbt;4;53272;Penny, while lying in bed with orange pillows, gets Leonard's inhaler from her bedroom side table drawer and hands it to him.;tbbt_s05e13;[792.39, 798.15];tbbt;wymaga_osoby,wymaga_obiektu,wymaga_scenerii,wymaga_ruchu;Z;Penny,Leonard;tbbt_s05e13_d53272;12;1;no;yes
complex;tbbt;4;62301;Sheldon picks up a breakfast tray and sets it in front of Leonard.;tbbt_s03e15;[655.32, 664.16];tbbt;wymaga_osoby,wymaga_obiektu,wymaga_ruchu;Z;Sheldon,Leonard;tbbt_s03e15_d62301;118;3;no;yes
complex;tbbt;4;58103;Sheldon, in a grey shirt, hands Amy, in a purple sweater next to him, food wrapped in foil.;tbbt_s08e04;[183.55, 186.85];tbbt;wymaga_osoby,wymaga_obiektu,wymaga_ruchu;Z;Sheldon;tbbt_s08e04_d58103;768;431;no;no
complex;tbbt;4;30159;Sheldon hands Will a figurine from the glass table and gets up from the couch.;tbbt_s06e07;[214.75, 219.4];tbbt;wymaga_osoby,wymaga_obiektu,wymaga_ruchu;Z;Sheldon;tbbt_s06e07_d30159;353;47;no;no
complex;tbbt;4;3376;Leonard, in a green shirt, hands Penny a beer from the coffee table covered with a red checkered tablecloth.;tbbt_s06e01;[612.66, 614.57];tbbt;wymaga_osoby,wymaga_obiektu,wymaga_ruchu;Z;Leonard,Penny;tbbt_s06e01_d3376;10;1;no;yes
complex;tbbt;4;80600;Penny, holding a paper towel, adjusts her bangs and wipes a tear from under her eye.;tbbt_s01e01;[714.61, 717.87];tbbt;wymaga_osoby,wymaga_obiektu,wymaga_ruchu,wymaga_mimiki;Z;Penny;tbbt_s01e01_d80600;391;111;no;no
complex;tbbt;4;84034;Howard holds a mobile phone up to a whiteboard and uses it to take a photo.;tbbt_s04e12;[756.21, 760.42];tbbt;wymaga_osoby,wymaga_obiektu,wymaga_ruchu;Z;Howard;tbbt_s04e12_d84034;296;35;no;no
complex;tbbt;4;273;Bernadette walks towards Sheldon, who is seated on the couch with a bird on his arm, and takes his picture.;tbbt_s05e09;[1018.9, 1024.51];tbbt;wymaga_osoby,wymaga_obiektu,wymaga_ruchu;Z;Sheldon;tbbt_s05e09_d273;9;1;no;yes
complex;tbbt;4;45182;Howard closes his eyes, then looks down while putting his hand on the spaceship console.;tbbt_s06e01;[777.09, 783.52];tbbt;wymaga_osoby,wymaga_obiektu,wymaga_ruchu,wymaga_mimiki;Z;Howard;tbbt_s06e01_d45182;9;1;no;yes
complex;tbbt;4;3405;Leonard taps Penny on the arm and then sits up, putting his beer on the table covered with a red checkered tablecloth.;tbbt_s06e01;[650.07, 654.3];tbbt;wymaga_osoby,wymaga_obiektu,wymaga_ruchu;Z;Leonard,Penny;tbbt_s06e01_d3405;340;71;no;no
complex;tbbt;4;62896;Leonard, while talking to Raj, reaches his hand toward the magazines on the table and holds his hand on them for a moment.;tbbt_s04e01;[611.49, 626.47];tbbt;wymaga_osoby,wymaga_obiektu,wymaga_ruchu;Z;Leonard,Raj;tbbt_s04e01_d62896;7;1;no;yes
complex;tbbt;4;94232;Sheldon stands at the kitchen counter with one hand resting on the lid of a water bottle, then laughs, turning his head to the side.;tbbt_s08e04;[570.64, 573.06];tbbt;wymaga_osoby,wymaga_obiektu,wymaga_scenerii,wymaga_ruchu,wymaga_mimiki;Z;Sheldon;tbbt_s08e04_d94232;278;86;no;no
complex;tbbt;4;47856;Enthusiastic Sheldon, in a shirt with a colorful chevron pattern, walks over to his desk, picks up a book and hands it to Raj.;tbbt_s02e13;[728.08, 735.76];tbbt;wymaga_osoby,wymaga_obiektu,wymaga_ruchu,wymaga_mimiki;Z;Sheldon,Raj;tbbt_s02e13_d47856;6;1;no;yes
complex;tbbt;4;62900;Penny spits water out and the robot hands Penny a blue napkin.;tbbt_s04e01;[271.45, 281.85];tbbt;wymaga_osoby,wymaga_obiektu,wymaga_ruchu;Z;Penny;tbbt_s04e01_d62900;162;14;no;no
complex;tbbt;4;19973;Howard, in a mustard vest, is raising his hand with a resigned face while Sheldon sprays a chemical into the shoes.;tbbt_s03e19;[419.29, 420.57];tbbt;wymaga_osoby,wymaga_obiektu,wymaga_ruchu,wymaga_mimiki;Z;Howard,Sheldon;tbbt_s03e19_d19973;58;3;no;yes
complex;tbbt;4;47817;Leonard closes the door to the fridge after taking out a bottle of water and spreads his arms wide with the bottle in his hand.;tbbt_s02e13;[477.58, 479.94];tbbt;wymaga_osoby,wymaga_obiektu,wymaga_ruchu;Z;Leonard;tbbt_s02e13_d47817;348;176;no;no
complex;tbbt;4;4010003;Howard is sitting in his bed with a purple blanket over his private parts and shaking his spread arms in panic.;tbbt_s04e01;[870.56, 872.57];tbbt;wymaga_osoby,wymaga_obiektu,wymaga_ruchu;Z;Howard;tbbt_s04e01_003;246;89;no;no
complex;tbbt;4;37871;Penny, running down the stairs with a box, touches Sheldon on the shoulder while he's sitting on the stairs.;tbbt_s07e13;[435.73, 437.23];tbbt;wymaga_osoby,wymaga_obiektu,wymaga_scenerii,wymaga_ruchu;Z;Penny,Sheldon;tbbt_s07e13_d37871;5;1;no;yes
complex;tbbt;4;84452;Raj takes the purse from a redheaded woman in a dark blue blazer.;tbbt_s08e04;[143.5, 145.0];tbbt;wymaga_osoby,wymaga_obiektu,wymaga_ruchu;Z;Raj;tbbt_s08e04_d84452;5;1;no;yes
complex;tbbt;4;287;Sheldon pulls the cord on the curtains, causing the drapes to draw closed.;tbbt_s05e09;[122.52, 128.66];tbbt;wymaga_osoby,wymaga_obiektu,wymaga_ruchu;Z;Sheldon;tbbt_s05e09_d287;92;6;no;no
complex;tbbt;4;29615;Sheldon stands up from the floor next to Howard, in maroon pajamas, and gets in the bed, arranging the covers and pillow comfortably.;tbbt_s02e01;[991.05, 1005.77];tbbt;wymaga_osoby,wymaga_obiektu,wymaga_ruchu;Z;Sheldon,Howard;tbbt_s02e01_d29615;4;2;yes;yes
complex;tbbt;4;41865;Sheldon passes out on the rock wall, drops down on the rope, and hangs limply from it.;tbbt_s02e13;[987.23, 994.76];tbbt;wymaga_osoby,wymaga_obiektu,wymaga_scenerii,wymaga_ruchu;Z;Sheldon;tbbt_s02e13_d41865;4;2;yes;yes
complex;tbbt;4;61524;Sheldon takes a yellow bowling jersey out of a bag that he brings to the bowling alley.;tbbt_s03e19;[813.74, 817.11];tbbt;wymaga_osoby,wymaga_obiektu,wymaga_scenerii,wymaga_ruchu;Z;Sheldon;tbbt_s03e19_d61524;4;2;yes;yes
complex;tbbt;4;16402;Amy is pouring something from the orange kettle into a yellow cup, while talking to Sheldon, who sits at the kitchen counter.;tbbt_s08e04;[854.08, 859.51];tbbt;wymaga_osoby,wymaga_obiektu,wymaga_scenerii,wymaga_ruchu;Z;Sheldon;tbbt_s08e04_d16402;4;2;yes;yes
complex;tbbt;4;88802;A bartender hands Raj a mint green drink and Leonard a beer bottle, at the bar.;tbbt_s02e21;[544.93, 549.0];tbbt;wymaga_osoby,wymaga_obiektu,wymaga_scenerii,wymaga_ruchu;Z;Raj,Leonard;tbbt_s02e21_d88802;159;40;no;no
complex;tbbt;4;38755;Sheldon moves his hand back and forth in the air over an electronic device lying in his lap, while sitting on the couch with Penny.;tbbt_s04e12;[1113.41, 1118.99];tbbt;wymaga_osoby,wymaga_obiektu,wymaga_ruchu;Z;Sheldon,Penny;tbbt_s04e12_d38755;43;3;no;yes
complex;tbbt;4;28861;While Penny, Amy, and Bernadette are unboxing something, Leonard knocks on Penny's opened door.;tbbt_s05e13;[75.02, 83.67];tbbt;wymaga_osoby,wymaga_obiektu,wymaga_ruchu;Z;Penny,Leonard;tbbt_s05e13_d28861;22;2;no;yes
complex;tbbt;4;61520;Leonard spreads his arms out in a gesture of 'no,' while walking up to the laundry machine.;tbbt_s03e19;[750.52, 753.33];tbbt;wymaga_osoby,wymaga_obiektu,wymaga_ruchu;Z;Leonard;tbbt_s03e19_d61520;21;2;no;yes
complex;tbbt;4;91630;Leonard looks at the doorframe and points at it with a marker.;tbbt_s06e07;[741.27, 750.76];tbbt;wymaga_osoby,wymaga_obiektu,wymaga_ruchu;Z;Leonard;tbbt_s06e07_d91630;21;2;no;yes
complex;tbbt;4;38756;Penny puts her hands together and quickly claps twice as she is talking to Sheldon with an electronic device lying in his lap.;tbbt_s04e12;[1139.05, 1141.72];tbbt;wymaga_osoby,wymaga_obiektu,wymaga_ruchu;Z;Penny,Sheldon;tbbt_s04e12_d38756;140;42;no;no
complex;tbbt;4;47831;Sheldon is working on some papers with a red marker, which makes Leonard, sitting at his computer, smirk.;tbbt_s02e13;[403.67, 413.17];tbbt;wymaga_osoby,wymaga_obiektu,wymaga_ruchu,wymaga_mimiki;Z;Sheldon,Leonard;tbbt_s02e13_d47831;137;42;no;no
complex;tbbt;4;7130001;Penny walks past Leonard, covering her face with her hand, irritated, holding a glass of wine, while Leonard stands in the living room.;tbbt_s07e13;[6.06, 9.05];tbbt;wymaga_osoby,wymaga_obiektu,wymaga_scenerii,wymaga_ruchu,wymaga_mimiki;Z;Penny,Leonard;tbbt_s07e13_001;82;10;no;no
complex;tbbt;4;51060;Sheldon takes the last sip of his drink with a red straw and ice, then sets the glass down on the bar.;tbbt_s06e07;[943.92, 948.0];tbbt;wymaga_osoby,wymaga_obiektu,wymaga_scenerii,wymaga_ruchu;Z;Sheldon;tbbt_s06e07_d51060;65;7;no;no
complex;tbbt;4;48485;Howard, in an orange shirt, angrily talking on the phone at the canteen, moves his hand all over his face with his eyes closed.;tbbt_s04e12;[26.89, 31.57];tbbt;wymaga_osoby,wymaga_obiektu,wymaga_scenerii,wymaga_ruchu,wymaga_mimiki;Z;Howard;tbbt_s04e12_d48485;3;2;yes;yes
complex;tbbt;4;38727;Leonard, in a black vest, looks at a notebook, then at his computer screen, and turns back to face Howard and Raj sitting in the living room.;tbbt_s04e12;[1019.51, 1030.5];tbbt;wymaga_osoby,wymaga_obiektu,wymaga_scenerii,wymaga_ruchu;Z;Leonard,Howard,Raj;tbbt_s04e12_d38727;3;2;yes;yes
complex;tbbt;4;42300;A shot of Sheldon, seen through the window at night, making cat-like hand gestures at a bird sitting on the ledge outside the window.;tbbt_s05e09;[175.66, 181.24];tbbt;wymaga_osoby,wymaga_obiektu,wymaga_scenerii,wymaga_ruchu;Z;Sheldon;tbbt_s05e09_d42300;3;2;yes;yes
complex;tbbt;4;3362;Howard floats through the air in the International Space Station and waves at the laptop with a headset on it.;tbbt_s06e01;[393.44, 401.19];tbbt;wymaga_osoby,wymaga_obiektu,wymaga_scenerii,wymaga_ruchu;Z;Howard;tbbt_s06e01_d3362;3;2;yes;yes
complex;tbbt;4;51051;Bernadette hugs Howard, standing next to a cardboard box lying on the orange chair.;tbbt_s06e07;[1021.24, 1026.57];tbbt;wymaga_osoby,wymaga_obiektu,wymaga_ruchu;Z;Howard;tbbt_s06e07_d51051;3;2;yes;yes
complex;tbbt;4;37716;Happy Sheldon picks up a small train toy, shows it to Bernadette, then puts it back down, while they sit next to each other on the couch.;tbbt_s09e22;[625.21, 632.27];tbbt;wymaga_osoby,wymaga_obiektu,wymaga_ruchu,wymaga_mimiki;Z;Sheldon;tbbt_s09e22_d37716;3;2;yes;yes
complex;tbbt;4;34130;Sheldon shouts excitedly and waves his hand while holding a notebook in it, sitting behind a board game on the coffee table, with Bernadette.;tbbt_s09e22;[907.35, 913.55];tbbt;wymaga_osoby,wymaga_obiektu,wymaga_ruchu;Z;Sheldon;tbbt_s09e22_d34130;3;2;yes;yes
complex;tbbt;4;13988;A robotic arm reaches into a paper bag and pulls out containers of food onto a table while Raj, Leonard, and Sheldon cheer.;tbbt_s04e01;[15.42, 24.41];tbbt;wymaga_osoby,wymaga_obiektu,wymaga_ruchu;Z;Raj,Leonard,Sheldon;tbbt_s04e01_d13988;103;26;no;no
complex;tbbt;4;86440;Leonard knocks on an apartment door, with an ironing board leaning against the wall by the door, while Sheldon stands behind him.;tbbt_s01e01;[304.92, 307.04];tbbt;wymaga_osoby,wymaga_obiektu,wymaga_scenerii,wymaga_ruchu;Z;Leonard,Sheldon;tbbt_s01e01_d86440;40;4;no;yes
complex;tbbt;4;30696;Sheldon, in a blue plaid shirt, walks over to Raj and Howard, with a book in his hand.;tbbt_s02e01;[212.27, 219.88];tbbt;wymaga_osoby,wymaga_obiektu,wymaga_ruchu;Z;Sheldon,Raj,Howard;tbbt_s02e01_d30696;77;13;no;no
complex;tbbt;4;11659;Leonard, in a black suit, comes into the apartment and slams the door, then Howard looks at his watch.;tbbt_s05e13;[600.98, 604.44];tbbt;wymaga_osoby,wymaga_obiektu,wymaga_scenerii,wymaga_ruchu;Z;Leonard,Howard;tbbt_s05e13_d11659;16;2;no;yes
complex;tbbt;4;47092;Penny, at the door, looks angry at Sheldon, wearing a yellow shirt and grey sleeves, then he smiles and opens the door to his apartment.;tbbt_s04e01;[1237.89, 1248.78];tbbt;wymaga_osoby,wymaga_obiektu,wymaga_scenerii,wymaga_ruchu,wymaga_mimiki;Z;Penny,Sheldon;tbbt_s04e01_d47092;55;7;no;no
complex;tbbt;4;5835;Sheldon snatches a container of dumplings from Barry and hands it to Raj.;tbbt_s02e13;[1229.05, 1231.45];tbbt;wymaga_osoby,wymaga_obiektu,wymaga_ruchu;Z;Sheldon,Raj;tbbt_s02e13_d5835;47;6;no;no
complex;tbbt;4;18111;Leonard reaches for Howard's laptop on the bed, but Howard, under the purple blanket, stops him with a gesture.;tbbt_s04e01;[804.04, 807.02];tbbt;wymaga_osoby,wymaga_obiektu,wymaga_ruchu;Z;Leonard,Howard;tbbt_s04e01_d18111;14;2;no;yes
complex;tbbt;4;18116;Howard is sitting in his bed with a purple blanket over his private parts and rubs his eyes with his hands.;tbbt_s04e01;[847.16, 848.62];tbbt;wymaga_osoby,wymaga_obiektu,wymaga_ruchu;Z;Howard;tbbt_s04e01_d18116;14;2;no;yes
complex;tbbt;4;52445;Penny pretends to throw up while standing behind the bar with a snack lying on the bar counter.;tbbt_s06e07;[832.31, 836.56];tbbt;wymaga_osoby,wymaga_obiektu,wymaga_scenerii,wymaga_ruchu;Z;Penny;tbbt_s06e07_d52445;92;29;no;no
complex;tbbt;4;38105;Sheldon, in a black-and-white striped costume, opens and smells a bottle of juice in his hands.;tbbt_s01e06;[285.4, 287.65];tbbt;wymaga_osoby,wymaga_obiektu,wymaga_ruchu;Z;Sheldon;tbbt_s01e06_d38105;49;7;no;no
complex;tbbt;4;38722;Penny taps her phone screen with her finger while sitting next to Sheldon on the stairs.;tbbt_s04e12;[964.74, 968.13];tbbt;wymaga_osoby,wymaga_obiektu,wymaga_scenerii,wymaga_ruchu;Z;Penny,Sheldon;tbbt_s04e12_d38722;24;3;no;yes
complex;tbbt;4;13267;Leonard and Penny both unbuckle their seat belts, while sitting in a red car, and turn toward each other.;tbbt_s06e24;[969.04, 975.27];tbbt;wymaga_osoby,wymaga_obiektu,wymaga_scenerii,wymaga_ruchu;Z;Leonard,Penny;tbbt_s06e24_d13267;38;5;no;no
complex;tbbt;4;80591;Leonard walks to the door, lets in Howard holding a CD and Raj, who is wearing a red hat.;tbbt_s01e01;[817.58, 826.03];tbbt;wymaga_osoby,wymaga_obiektu,wymaga_scenerii,wymaga_ruchu;Z;Leonard,Howard,Raj;tbbt_s01e01_d80591;13;2;no;yes
complex;tbbt;4;38752;Leonard, in a black vest, gets up from his desk with a notebook in his hand, walks over, and sits on the couch, next to Howard.;tbbt_s04e12;[1060.15, 1064.91];tbbt;wymaga_osoby,wymaga_obiektu,wymaga_ruchu;Z;Leonard,Howard;tbbt_s04e12_d38752;58;11;no;no
complex;tbbt;4;55211;The doctor at the desk hands Leonard a clipboard and pen, then gets back to reading a paper.;tbbt_s01e01;[66.67, 75.66];tbbt;wymaga_osoby,wymaga_obiektu,wymaga_ruchu;Z;Leonard;tbbt_s01e01_d55211;28;4;no;yes
complex;tbbt;4;80588;Leonard joins Sheldon in the kitchen while Sheldon grabs a couple of orange bottles from the fridge.;tbbt_s01e01;[755.26, 760.74];tbbt;wymaga_osoby,wymaga_obiektu,wymaga_scenerii,wymaga_ruchu;Z;Leonard,Sheldon;tbbt_s01e01_d80588;28;4;no;yes
complex;tbbt;4;51056;Penny, standing in front of Sheldon at the bar, fills a glass with soda from the tap.;tbbt_s06e07;[897.81, 900.73];tbbt;wymaga_osoby,wymaga_obiektu,wymaga_scenerii,wymaga_ruchu;Z;Penny,Sheldon;tbbt_s06e07_d51056;83;31;no;no
complex;tbbt;4;38122;A girl wearing a pink costume with a drink in her hand makes circles with her hand in front of Sheldon's chest.;tbbt_s01e06;[643.82, 645.48];tbbt;wymaga_osoby,wymaga_obiektu,wymaga_ruchu;Z;Sheldon;tbbt_s01e06_d38122;11;2;no;yes
complex;tbbt;4;11679;Leonard, in a black suit, is looking at his computer while talking to his friends, who are playing a board game at the glass table.;tbbt_s05e13;[336.69, 340.61];tbbt;wymaga_osoby,wymaga_obiektu,wymaga_ruchu;Z;Leonard;tbbt_s05e13_d11679;32;5;no;no
complex;tbbt;4;94551;Sheldon brings a drink in a mug to Leonard who is sitting on the couch in a costume.;tbbt_s01e06;[972.38, 977.66];tbbt;wymaga_osoby,wymaga_obiektu,wymaga_ruchu;Z;Sheldon,Leonard;tbbt_s01e06_d94551;43;9;no;no
complex;tbbt;4;38384;Raj, in a purple sweater, points his finger at Leonard and laughs, while Sheldon looks surprised and confused, while eating Chinese food.;tbbt_s02e21;[26.0, 36.47];tbbt;wymaga_osoby,wymaga_obiektu,wymaga_ruchu,wymaga_mimiki;Z;Raj,Leonard,Sheldon;tbbt_s02e21_d38384;65;25;no;no
complex;tbbt;4;21710;Sheldon, in a blue shirt, while eating takeout with chopsticks, raises one shoulder.;tbbt_s02e21;[83.02, 84.66];tbbt;wymaga_osoby,wymaga_obiektu,wymaga_ruchu;Z;Sheldon;tbbt_s02e21_d21710;47;13;no;no
complex;tbbt;4;30697;Leonard, in a suit, takes white cards out of his pocket and shows them to Raj and Howard.;tbbt_s02e01;[191.06, 197.19];tbbt;wymaga_osoby,wymaga_obiektu,wymaga_ruchu;Z;Leonard,Raj,Howard;tbbt_s02e01_d30697;9;2;no;yes
complex;tbbt;4;63729;Penny points at the bottle of wine, then Raj grabs and lifts his bottle of water, while Bernadette and Amy are around the kitchen table.;tbbt_s06e24;[1150.4, 1152.32];tbbt;wymaga_osoby,wymaga_obiektu,wymaga_scenerii,wymaga_ruchu;Z;Penny,Raj;tbbt_s06e24_d63729;9;2;no;yes
complex;tbbt;4;74097;Leonard jumps onto the couch with a can in his hands and lies on it.;tbbt_s02e01;[861.4, 865.34];tbbt;wymaga_osoby,wymaga_obiektu,wymaga_ruchu;Z;Leonard;tbbt_s02e01_d74097;46;13;no;no
complex;tbbt;4;62276;Sheldon walks up and flips the light switch to turn off the lights in the laundry room.;tbbt_s03e15;[793.88, 797.21];tbbt;wymaga_osoby,wymaga_obiektu,wymaga_scenerii,wymaga_ruchu;Z;Sheldon;tbbt_s03e15_d62276;81;42;no;no
complex;tbbt;4;49337;Penny, in a dark purple dress, gets her handbag from the armchair and puts it on.;tbbt_s09e22;[314.76, 320.53];tbbt;wymaga_osoby,wymaga_obiektu,wymaga_ruchu;Z;Penny;tbbt_s09e22_d49337;21;4;no;yes
complex;tbbt;4;38416;Penny sits in the back seat and shrugs her shoulders twice as they all drive in a car.;tbbt_s01e01;[1302.85, 1307.6];tbbt;wymaga_osoby,wymaga_obiektu,wymaga_scenerii,wymaga_ruchu;Z;Penny;tbbt_s01e01_d38416;73;36;no;no
complex;tbbt;4;37869;Penny walks towards the wall with a light switch and turns on the lights in the laundry room.;tbbt_s03e15;[861.49, 864.97];tbbt;wymaga_osoby,wymaga_obiektu,wymaga_scenerii,wymaga_ruchu;Z;Penny;tbbt_s03e15_d37869;54;20;no;no
complex;tbbt;4;47094;Sheldon, wearing a yellow shirt and grey sleeves, enters the apartment while Leonard talks on his cell phone.;tbbt_s04e01;[1248.78, 1259.88];tbbt;wymaga_osoby,wymaga_obiektu,wymaga_scenerii,wymaga_ruchu;Z;Sheldon,Leonard;tbbt_s04e01_d47094;28;6;no;no
complex;tbbt;4;42290;Leonard, in a blue baseball cap worn backwards, turns around and, frustrated, takes off his baseball hat while going into the bedroom.;tbbt_s05e09;[284.38, 289.94];tbbt;wymaga_osoby,wymaga_obiektu,wymaga_scenerii,wymaga_ruchu,wymaga_mimiki;Z;Leonard;tbbt_s05e09_d42290;33;8;no;no
complex;tbbt;4;66279;Sheldon, in a white and beige jacket, pulls the door handle and tries to enter, screaming.;tbbt_s02e21;[362.91, 367.09];tbbt;wymaga_osoby,wymaga_obiektu,wymaga_ruchu;Z;Sheldon;tbbt_s02e21_d66279;8;2;no;yes
complex;tbbt;4;42316;Leonard extends his hand and holds it out in front of him, and Penny, at the bar, gives him something from her purse.;tbbt_s05e09;[581.63, 590.4];tbbt;wymaga_osoby,wymaga_obiektu,wymaga_scenerii,wymaga_ruchu;Z;Leonard,Penny;tbbt_s05e09_d42316;32;8;no;no
complex;tbbt;4;66292;Raj bows in a bar to the woman in a black dress, then she walks away, holding her wine glass.;tbbt_s02e21;[673.44, 680.54];tbbt;wymaga_osoby,wymaga_obiektu,wymaga_scenerii,wymaga_ruchu;Z;Raj;tbbt_s02e21_d66292;14;3;no;yes
complex;tbbt;4;91603;Penny points her finger at Sheldon while Sheldon is folding a blue shirt, in a laundry room.;tbbt_s02e01;[416.43, 421.85];tbbt;wymaga_osoby,wymaga_obiektu,wymaga_scenerii,wymaga_ruchu;Z;Penny,Sheldon;tbbt_s02e01_d91603;39;12;no;no
complex;tbbt;4;38737;Penny enters the apartment building and stops when she sees Sheldon, with electrical gear, sitting on the stairs.;tbbt_s04e12;[901.83, 904.88];tbbt;wymaga_osoby,wymaga_obiektu,wymaga_scenerii,wymaga_ruchu;Z;Penny,Sheldon;tbbt_s04e12_d38737;52;23;no;no
complex;tbbt;4;11650;Sheldon places a blue game piece on the game board while Raj and Howard laugh.;tbbt_s05e13;[642.18, 649.49];tbbt;wymaga_osoby,wymaga_obiektu,wymaga_ruchu,wymaga_mimiki;Z;Sheldon,Raj,Howard;tbbt_s05e13_d11650;7;2;no;yes
complex;tbbt;4;9401;Leonard, in a purple hoodie and jacket, looks uncomfortable and touches his brow while standing beside Sheldon, who is sitting at his desk with a laptop.;tbbt_s06e07;[502.43, 506.73];tbbt;wymaga_osoby,wymaga_obiektu,wymaga_ruchu,wymaga_mimiki;Z;Leonard,Sheldon;tbbt_s06e07_d9401;7;2;no;yes
complex;tbbt;4;62314;Sheldon walks up to the cafeteria table, puts down a tray with only utensils and walks away.;tbbt_s03e15;[614.48, 620.99];tbbt;wymaga_osoby,wymaga_obiektu,wymaga_scenerii,wymaga_ruchu;Z;Sheldon;tbbt_s03e15_d62314;42;16;no;no
complex;tbbt;4;29606;Penny, in a green tank top, closes her apartment door in Leonard's surprised face.;tbbt_s02e01;[1266.8, 1269.54];tbbt;wymaga_osoby,wymaga_obiektu,wymaga_scenerii,wymaga_ruchu,wymaga_mimiki;Z;Penny,Leonard;tbbt_s02e01_d29606;25;7;no;no
complex;tbbt;4;84038;Sheldon hands Raj a black mug from a brown bag, as he is sitting at the canteen.;tbbt_s04e12;[687.05, 693.77];tbbt;wymaga_osoby,wymaga_obiektu,wymaga_scenerii,wymaga_ruchu;Z;Sheldon,Raj;tbbt_s04e12_d84038;19;5;no;no
complex;tbbt;4;47824;Sheldon, in a brown shirt with blue sleeves, gets up from the couch and puts down a red marker on a glass table.;tbbt_s02e13;[521.62, 523.66];tbbt;wymaga_osoby,wymaga_obiektu,wymaga_ruchu;Z;Sheldon;tbbt_s02e13_d47824;46;22;no;no
complex;tbbt;4;53206;Penny suddenly sneezes and quickly grabs a tissue while lying in bed with Leonard.;tbbt_s03e15;[1046.69, 1055.81];tbbt;wymaga_osoby,wymaga_obiektu,wymaga_ruchu;Z;Penny,Leonard;tbbt_s03e15_d53206;11;3;no;yes
complex;tbbt;4;38747;A shot of Penny taking a photo on her phone of the shoes on the table while Sheldon sits in the armchair with his laptop on his lap.;tbbt_s04e12;[1250.08, 1264.85];tbbt;wymaga_osoby,wymaga_obiektu,wymaga_ruchu;Z;Penny,Sheldon;tbbt_s04e12_d38747;6;2;no;yes
complex;tbbt;4;11656;Sheldon lays down some cards in a couple of places on the table while playing a card game with bored Raj and Howard.;tbbt_s05e13;[587.75, 597.14];tbbt;wymaga_osoby,wymaga_obiektu,wymaga_ruchu,wymaga_mimiki;Z;Sheldon,Raj,Howard;tbbt_s05e13_d11656;6;2;no;yes
complex;tbbt;4;34127;Sheldon, while holding a book, makes a finger gun and points it to his head, then grimaces.;tbbt_s09e22;[998.69, 1001.23];tbbt;wymaga_osoby,wymaga_obiektu,wymaga_ruchu,wymaga_mimiki;Z;Sheldon;tbbt_s09e22_d34127;18;5;no;no
complex;tbbt;4;78961;Leonard, in a pink shirt, stands up from the couch and tosses a white book on the table in the living room.;tbbt_s09e22;[328.85, 331.36];tbbt;wymaga_osoby,wymaga_obiektu,wymaga_scenerii,wymaga_ruchu;Z;Leonard;tbbt_s09e22_d78961;63;40;no;no
complex;tbbt;4;2210001;Leonard, with a black suitcase in his hand, comes up the stairs and unlocks the apartment door.;tbbt_s02e21;[1242.64, 1245.63];tbbt;wymaga_osoby,wymaga_obiektu,wymaga_scenerii,wymaga_ruchu;Z;Leonard;tbbt_s02e21_001;37;17;no;no
complex;tbbt;4;15695;Penny grabs a bottle of white wine from a shelf in the store and looks at it while talking to Sheldon, then puts it back on the shelf.;tbbt_s06e24;[673.09, 686.02];tbbt;wymaga_osoby,wymaga_obiektu,wymaga_scenerii,wymaga_ruchu;Z;Penny,Sheldon;tbbt_s06e24_d15695;10;3;no;yes
complex;tbbt;4;37857;Leonard opens a hotel room door with Raj behind him, both in thick puffer jackets.;tbbt_s03e15;[1225.93, 1232.54];tbbt;wymaga_osoby,wymaga_obiektu,wymaga_scenerii,wymaga_ruchu;Z;Leonard,Raj;tbbt_s03e15_d37857;30;12;no;no
complex;tbbt;4;78986;A tall man points at Penny's hand at the wine barrel table, so she smiles while she looks at her wedding ring.;tbbt_s09e22;[529.66, 532.86];tbbt;wymaga_osoby,wymaga_obiektu,wymaga_ruchu,wymaga_mimiki;Z;Penny;tbbt_s09e22_d78986;23;8;no;no
complex;tbbt;4;96021;The nurse clicks something on the laptop that Leonard is holding and Howard's robotic arm releases him.;tbbt_s04e01;[1146.07, 1150.23];tbbt;wymaga_osoby,wymaga_obiektu,wymaga_ruchu;Z;Leonard,Howard;tbbt_s04e01_d96021;5;2;no;yes
complex;tbbt;4;53275;Leonard shakes and holds the inhaler up to his mouth while lying in bed with Penny on orange pillows.;tbbt_s05e13;[805.63, 809.46];tbbt;wymaga_osoby,wymaga_obiektu,wymaga_ruchu;Z;Leonard,Penny;tbbt_s05e13_d53275;5;2;no;yes
complex;tbbt;4;13265;Bernadette, in a red dress, walks up to upset Raj and Howard, who are looking at something on a cell phone.;tbbt_s06e24;[931.34, 933.42];tbbt;wymaga_osoby,wymaga_obiektu,wymaga_ruchu,wymaga_mimiki;Z;Raj,Howard;tbbt_s06e24_d13265;9;3;no;yes
complex;tbbt;4;3400;Howard is in zero gravity, next to a computer console, when someone's head shows up from above.;tbbt_s06e01;[692.27, 698.36];tbbt;wymaga_osoby,wymaga_obiektu,wymaga_scenerii,wymaga_ruchu;Z;Howard;tbbt_s06e01_d3400;22;9;no;no
complex;tbbt;4;66276;Sheldon walks up to the door and searches through his pockets for the apartment keys, surprised and scared.;tbbt_s02e21;[353.99, 363.28];tbbt;wymaga_osoby,wymaga_obiektu,wymaga_scenerii,wymaga_ruchu,wymaga_mimiki;Z;Sheldon;tbbt_s02e21_d66276;45;30;no;no
complex;tbbt;4;5805;Sheldon, in a shirt with a colorful chevron pattern, is on his phone as he moves his finger across a whiteboard.;tbbt_s02e13;[844.35, 852.99];tbbt;wymaga_osoby,wymaga_obiektu,wymaga_ruchu;Z;Sheldon;tbbt_s02e13_d5805;38;24;no;no
complex;tbbt;4;291;Amy and Bernadette look at a bird on the couch, then turn to Sheldon standing in the doorway with crossed arms.;tbbt_s05e09;[765.59, 770.45];tbbt;wymaga_osoby,wymaga_obiektu,wymaga_scenerii,wymaga_ruchu;Z;Sheldon;tbbt_s05e09_d291;10;4;no;yes
complex;tbbt;4;38730;Sheldon, in a blue shirt, sets a speaker on the desk and then sits down.;tbbt_s04e12;[794.63, 799.04];tbbt;wymaga_osoby,wymaga_obiektu,wymaga_ruchu;Z;Sheldon;tbbt_s04e12_d38730;30;18;no;no
complex;tbbt;4;28226;Penny, in a pink shirt, walks through the door carrying a laundry basket and puts it on the laundry machine.;tbbt_s02e01;[281.46, 286.67];tbbt;wymaga_osoby,wymaga_obiektu,wymaga_ruchu;Z;Penny;tbbt_s02e01_d28226;193;179;no;no
complex;tbbt;4;33112;Leonard turns to a comic display and raises both his index fingers above his head.;tbbt_s06e01;[23.78, 25.96];tbbt;wymaga_osoby,wymaga_obiektu,wymaga_ruchu;Z;Leonard;tbbt_s06e01_d33112;9;4;no;yes
complex;tbbt;4;91736;Howard lifts his hands up and aside, with a burger in one hand, at the restaurant.;tbbt_s06e07;[566.39, 568.87];tbbt;wymaga_osoby,wymaga_obiektu,wymaga_scenerii,wymaga_ruchu;Z;Howard;tbbt_s06e07_d91736;32;21;no;no
complex;tbbt;4;15696;Penny walks closer to the shelf with wine while talking to Sheldon, and puts two bottles of wine into the shopping cart.;tbbt_s06e24;[723.85, 728.75];tbbt;wymaga_osoby,wymaga_obiektu,wymaga_ruchu;Z;Penny,Sheldon;tbbt_s06e24_d15696;17;9;no;no
complex;tbbt;4;15745;Penny bursts out laughing with her mouth wide open, while sitting at the dinner table with salad in front of a smiling Leonard.;tbbt_s06e24;[400.16, 402.11];tbbt;wymaga_osoby,wymaga_obiektu,wymaga_ruchu,wymaga_mimiki;Z;Penny,Leonard;tbbt_s06e24_d15745;22;13;no;no
complex;tbbt;4;38107;Leonard, in a costume with a green cape, grabs a spatula from the kitchen to look at himself.;tbbt_s01e06;[333.19, 338.32];tbbt;wymaga_osoby,wymaga_obiektu,wymaga_scenerii,wymaga_ruchu;Z;Leonard;tbbt_s01e06_d38107;6;3;no;yes
complex;tbbt;4;29622;Howard, in maroon pajamas, throws the bag off his shoulder and drops it on the floor in front of Leonard.;tbbt_s02e01;[1107.83, 1110.42];tbbt;wymaga_osoby,wymaga_obiektu,wymaga_ruchu;Z;Howard,Leonard;tbbt_s02e01_d29622;6;3;no;yes
complex;tbbt;4;42317;Leonard stands by Penny's table at the bar, then sets the table number down.;tbbt_s05e09;[620.19, 625.31];tbbt;wymaga_osoby,wymaga_obiektu,wymaga_scenerii,wymaga_ruchu;Z;Leonard,Penny;tbbt_s05e09_d42317;6;3;no;yes
complex;tbbt;4;9423;Sheldon, at the doorway, gets a box from a red paper bag and hands it to Amy.;tbbt_s06e07;[649.84, 655.83];tbbt;wymaga_osoby,wymaga_obiektu,wymaga_scenerii,wymaga_ruchu;Z;Sheldon;tbbt_s06e07_d9423;6;3;no;yes
complex;tbbt;4;58118;Penny puts her briefcase and the coffees on the examination table in Emily's office.;tbbt_s08e04;[363.73, 369.43];tbbt;wymaga_osoby,wymaga_obiektu,wymaga_scenerii,wymaga_ruchu;Z;Penny;tbbt_s08e04_d58118;6;3;no;yes
complex;tbbt;4;66181;Howard puts his arm on his belly and bends over in his chair laughing, while holding cards in his hand.;tbbt_s05e13;[398.62, 401.71];tbbt;wymaga_osoby,wymaga_obiektu,wymaga_ruchu,wymaga_mimiki;Z;Howard;tbbt_s05e13_d66181;13;7;no;no
complex;tbbt;4;62278;Sheldon places a laptop on a table next to Penny, who is folding clothes in the laundry room.;tbbt_s03e15;[785.53, 793.18];tbbt;wymaga_osoby,wymaga_obiektu,wymaga_scenerii,wymaga_ruchu;Z;Sheldon,Penny;tbbt_s03e15_d62278;7;4;no;yes
complex;tbbt;4;89001;Howard, in an orange plaid shirt, reaches out and taps Bernadette on the lap a couple of times, next to the food that she is holding.;tbbt_s06e24;[517.65, 520.64];tbbt;wymaga_osoby,wymaga_obiektu,wymaga_ruchu;Z;Howard;tbbt_s06e24_d89001;51;44;no;no
complex;tbbt;4;34118;Penny rapidly turns her head and looks strangely at Amy, then nervously takes a drink of wine, while standing at the wine barrel table.;tbbt_s09e22;[824.42, 827.29];tbbt;wymaga_osoby,wymaga_obiektu,wymaga_ruchu,wymaga_mimiki;Z;Penny;tbbt_s09e22_d34118;11;7;no;no
complex;tbbt;4;38758;Penny, in a white shirt and mustard vest, stands at the doorway, smiles, lifts her index finger, and closes the door.;tbbt_s04e12;[1082.22, 1084.35];tbbt;wymaga_osoby,wymaga_obiektu,wymaga_scenerii,wymaga_ruchu,wymaga_mimiki;Z;Penny;tbbt_s04e12_d38758;8;5;no;no
complex;tbbt;4;38736;Sheldon walks out of the apartment with electrical gear in his hands and then walks towards the stairs.;tbbt_s04e12;[879.1, 887.15];tbbt;wymaga_osoby,wymaga_obiektu,wymaga_scenerii,wymaga_ruchu;Z;Sheldon;tbbt_s04e12_d38736;76;70;no;no
complex;tbbt;4;3377;Leonard puts down a bowl on the living room table, covered with a red checkered tablecloth, with drinks and plates already on it.;tbbt_s06e01;[588.42, 590.54];tbbt;wymaga_osoby,wymaga_obiektu,wymaga_scenerii,wymaga_ruchu;Z;Leonard;tbbt_s06e01_d3377;118;112;no;no
complex;tbbt;4;80033;Sheldon, Raj, and Howard come and look closer at the cracked window together.;tbbt_s05e09;[533.91, 537.86];tbbt;wymaga_osoby,wymaga_obiektu,wymaga_ruchu;Z;Sheldon,Raj,Howard;tbbt_s05e09_d80033;28;23;no;no
complex;tbbt;4;38380;Howard, in all red clothes, puts down his plate and pulls his phone out of his pocket.;tbbt_s02e21;[44.75, 49.01];tbbt;wymaga_osoby,wymaga_obiektu,wymaga_ruchu;Z;Howard;tbbt_s02e21_d38380;15;11;no;no
complex;tbbt;4;84037;Sheldon reaches into a paper bag and pulls out two key chains while sitting at the canteen.;tbbt_s04e12;[731.31, 736.59];tbbt;wymaga_osoby,wymaga_obiektu,wymaga_scenerii,wymaga_ruchu;Z;Sheldon;tbbt_s04e12_d84037;40;35;no;no
complex;tbbt;4;3383;Raj gets up and pulls out the chair for Amy as Sheldon sits at the restaurant table.;tbbt_s06e01;[525.21, 530.99];tbbt;wymaga_osoby,wymaga_obiektu,wymaga_scenerii,wymaga_ruchu;Z;Raj,Sheldon;tbbt_s06e01_d3383;7;5;no;no
complex;tbbt;4;58105;Penny slides her hand from her cheek to her neck while holding a green cup on the couch, next to Amy.;tbbt_s08e04;[238.54, 241.53];tbbt;wymaga_osoby,wymaga_obiektu,wymaga_ruchu;Z;Penny;tbbt_s08e04_d58105;7;5;no;no
complex;tbbt;4;28639;Leonard looks uncomfortable, touches his arm and walks away from Howard and Raj standing at the comics display.;tbbt_s03e19;[341.22, 346.31];tbbt;wymaga_osoby,wymaga_obiektu,wymaga_ruchu,wymaga_mimiki;Z;Leonard,Howard,Raj;tbbt_s03e19_d28639;12;9;no;no
complex;tbbt;4;58121;Penny opens the briefcase and hands Emily a flyer.;tbbt_s08e04;[388.69, 396.8];tbbt;wymaga_osoby,wymaga_obiektu,wymaga_ruchu;Z;Penny;tbbt_s08e04_d58121;8;6;no;no
complex;tbbt;4;53938;Sheldon leans and bends his body forward after he throws the maroon bowling ball.;tbbt_s03e19;[1044.26, 1049.58];tbbt;wymaga_osoby,wymaga_obiektu,wymaga_ruchu;Z;Sheldon;tbbt_s03e19_d53938;17;14;no;no
complex;tbbt;4;54573;Howard, in a costume, picks up a bow from next to his chair and sets it in his lap.;tbbt_s01e06;[527.71, 530.89];tbbt;wymaga_osoby,wymaga_obiektu,wymaga_ruchu;Z;Howard;tbbt_s01e06_d54573;9;7;no;no
complex;tbbt;4;18117;Sheldon, in a yellow shirt with grey sleeves, raises his head from a plate with a strange expression while smiling in a restaurant.;tbbt_s04e01;[943.97, 945.44];tbbt;wymaga_osoby,wymaga_obiektu,wymaga_scenerii,wymaga_ruchu,wymaga_mimiki;Z;Sheldon;tbbt_s04e01_d18117;5;4;no;yes
complex;tbbt;4;60541;Penny waves her hands over her face and hugs Raj, who starts to cry, on the couch with colorful patterned pillows.;tbbt_s06e24;[1135.45, 1141.55];tbbt;wymaga_osoby,wymaga_obiektu,wymaga_ruchu,wymaga_mimiki;Z;Penny,Raj;tbbt_s06e24_d60541;5;4;no;yes
complex;tbbt;4;53937;Leonard rolls his black bowling ball down the bowling lane, next to Stuart, who also has a black ball.;tbbt_s03e19;[1059.15, 1061.57];tbbt;wymaga_osoby,wymaga_obiektu,wymaga_scenerii,wymaga_ruchu;Z;Leonard;tbbt_s03e19_d53937;10;8;no;no
complex;tbbt;4;61550;Stressed Penny is tying the laces of her shoes while sitting between Leonard and Sheldon at the bowling alley.;tbbt_s03e19;[1131.61, 1143.59];tbbt;wymaga_osoby,wymaga_obiektu,wymaga_scenerii,wymaga_ruchu,wymaga_mimiki;Z;Penny,Leonard,Sheldon;tbbt_s03e19_d61550;6;5;no;no
complex;tbbt;4;47827;Sheldon, in a blue and purple shirt with green sleeves, walks into Penny's apartment behind her as she's reading the papers.;tbbt_s02e13;[344.31, 350.1];tbbt;wymaga_osoby,wymaga_obiektu,wymaga_scenerii,wymaga_ruchu;Z;Sheldon,Penny;tbbt_s02e13_d47827;22;20;no;no
complex;tbbt;4;53171;Sheldon puts away the laptop in his hand and runs back into the laundry room to give Penny a hug.;tbbt_s03e15;[900.09, 906.46];tbbt;wymaga_osoby,wymaga_obiektu,wymaga_scenerii,wymaga_ruchu;Z;Sheldon,Penny;tbbt_s03e15_d53171;7;6;no;no
complex;tbbt;4;45196;Raj walks into the closed comic book store while Stuart is folding a t-shirt.;tbbt_s06e01;[1056.99, 1062.29];tbbt;wymaga_osoby,wymaga_obiektu,wymaga_scenerii,wymaga_ruchu;Z;Raj;tbbt_s06e01_d45196;32;30;no;no
complex;tbbt;4;5813;Howard, in orange pants, grabs an eraser and erases lines on a whiteboard.;tbbt_s02e13;[805.84, 809.69];tbbt;wymaga_osoby,wymaga_obiektu,wymaga_ruchu;Z;Howard;tbbt_s02e13_d5813;8;7;no;no
complex;tbbt;4;40031;Leonard and Penny kiss in the hall and a camera on the wall watches them.;tbbt_s02e01;[32.65, 36.92];tbbt;wymaga_osoby,wymaga_obiektu,wymaga_scenerii,wymaga_ruchu;Z;Leonard,Penny;tbbt_s02e01_d40031;9;8;no;no
complex;tbbt;4;3385;A man floats across the International Space Station behind Howard at the laptop.;tbbt_s06e01;[483.43, 488.14];tbbt;wymaga_osoby,wymaga_obiektu,wymaga_scenerii,wymaga_ruchu;Z;Howard;tbbt_s06e01_d3385;13;12;no;no
complex;tbbt;4;4010005;People in the clinic waiting room suddenly look at Howard, a robotic arm attached under his blanket, after a nurse speaks on the phone.;tbbt_s04e01;[1122.17, 1132.28];tbbt;wymaga_osoby,wymaga_obiektu,wymaga_scenerii,wymaga_ruchu;Z;Howard;tbbt_s04e01_005;1;4;yes;yes
complex;tbbt;4;51047;Howard struggles to carry a large box into the room, leaning his whole body into it to set it down on the ground.;tbbt_s06e07;[1006.47, 1011.49];tbbt;wymaga_osoby,wymaga_obiektu,wymaga_ruchu;Z;Howard;tbbt_s06e07_d51047;1;4;yes;yes
complex;tbbt;4;66246;Sheldon, in a white and beige jacket, enters the messy apartment while holding a plastic bag right after Penny, in an orange shirt.;tbbt_s02e21;[475.07, 478.5];tbbt;wymaga_osoby,wymaga_obiektu,wymaga_scenerii,wymaga_ruchu;Z;Sheldon,Penny;tbbt_s02e21_d66246;1;3;yes;yes
complex;tbbt;4;19953;Leonard touches his nose and mouth while looking through comics, standing next to Sheldon, in an orange shirt.;tbbt_s03e19;[204.66, 208.99];tbbt;wymaga_osoby,wymaga_obiektu,wymaga_ruchu;Z;Leonard,Sheldon;tbbt_s03e19_d19953;1;3;yes;yes
complex;tbbt;4;61527;A shot of Penny, Leonard, Raj and Howard putting shoes on at the bowling alley, when Sheldon walks in.;tbbt_s03e19;[811.46, 812.71];tbbt;wymaga_osoby,wymaga_obiektu,wymaga_scenerii,wymaga_ruchu;Z;Penny,Leonard,Raj,Howard,Sheldon;tbbt_s03e19_d61527;1;24;yes;no
complex;tbbt;4;3394;Bernadette adjusts her glasses when she's talking to Howard online.;tbbt_s06e01;[459.83, 462.95];tbbt;wymaga_osoby,wymaga_obiektu,wymaga_ruchu;Z;Howard;tbbt_s06e01_d3394;1;21;yes;no
complex;tbbt;4;68598;Leonard, in a red robe, walks into the living room to find Sheldon surrounded by whiteboards.;tbbt_s04e12;[569.9, 574.11];tbbt;wymaga_osoby,wymaga_obiektu,wymaga_scenerii,wymaga_ruchu;Z;Leonard,Sheldon;tbbt_s04e12_d68598;1;20;yes;no
complex;tbbt;4;80204;The robotic hand holds up two fingers in front of Sheldon.;tbbt_s04e01;[131.49, 139.59];tbbt;wymaga_osoby,wymaga_obiektu,wymaga_ruchu;Z;Sheldon;tbbt_s04e01_d80204;1;2;yes;yes
complex;tbbt;4;5090004;Sheldon gets up from the floor and takes off his helmet, seeing a bird sitting on the sofa in the apartment.;tbbt_s05e09;[687.62, 695.54];tbbt;wymaga_osoby,wymaga_obiektu,wymaga_scenerii,wymaga_ruchu;Z;Sheldon;tbbt_s05e09_004;1;2;yes;yes
complex;tbbt;4;15769;Penny, in a grocery store with Sheldon, grabs a six-pack of beer from a cooler and puts it in a cart.;tbbt_s06e24;[654.15, 659.62];tbbt;wymaga_osoby,wymaga_obiektu,wymaga_scenerii,wymaga_ruchu;Z;Penny,Sheldon;tbbt_s06e24_d15769;1;2;yes;yes
complex;tbbt;4;62845;Howard, at a house party, picks up a bottle of wine from the kitchen counter, pours himself a glass, and sets the bottle back down.;tbbt_s06e24;[829.93, 842.01];tbbt;wymaga_osoby,wymaga_obiektu,wymaga_scenerii,wymaga_ruchu;Z;Howard;tbbt_s06e24_d62845;1;2;yes;yes
complex;tbbt;4;58120;Emily looks at the time on her watch while sitting on the chair in front of Penny, who is holding a pink package from the briefcase.;tbbt_s08e04;[396.77, 402.72];tbbt;wymaga_osoby,wymaga_obiektu,wymaga_ruchu;Z;Penny;tbbt_s08e04_d58120;1;2;yes;yes
complex;tbbt;4;58056;Penny switches which hand she's using to hold the wine glass while standing at the kitchen table with Amy, in a white and red striped sweater.;tbbt_s08e04;[608.82, 611.38];tbbt;wymaga_osoby,wymaga_obiektu,wymaga_scenerii,wymaga_ruchu;Z;Penny;tbbt_s08e04_d58056;1;2;yes;yes
complex;tbbt;4;78973;Sheldon falls to the ground while capturing a video of a spinning contraption with his phone.;tbbt_s09e22;[246.21, 248.95];tbbt;wymaga_osoby,wymaga_obiektu,wymaga_ruchu;Z;Sheldon;tbbt_s09e22_d78973;1;2;yes;yes
complex;tbbt;4;79010;Bernadette and Sheldon sit on the couch, looking down at several toy trains lined up on the coffee table in front of them, then Bernadette grabs a small one.;tbbt_s09e22;[641.69, 647.62];tbbt;wymaga_osoby,wymaga_obiektu,wymaga_ruchu;Z;Sheldon;tbbt_s09e22_d79010;1;2;yes;yes
complex;tbbt;4;34111;Sheldon, in a green shirt, sits on the couch reading from a notebook, holding up a small game figure between his fingers as he talks to Bernadette.;tbbt_s09e22;[764.82, 772.6];tbbt;wymaga_osoby,wymaga_obiektu,wymaga_ruchu;Z;Sheldon;tbbt_s09e22_d34111;1;2;yes;yes
complex;tbbt;4;37875;Penny jumps into the driver's seat of the car Sheldon is waiting in and closes the door angrily.;tbbt_s07e13;[612.3, 615.06];tbbt;wymaga_osoby,wymaga_obiektu,wymaga_scenerii,wymaga_ruchu;Z;Penny,Sheldon;tbbt_s07e13_d37875;1;14;yes;no
complex;tbbt;4;8080006;Stuart and a woman, in a yellow dress, pose for a picture that Raj is taking, at the rooftop party, when he answers the phone.;tbbt_s08e08;[1155.37, 1164.54];tbbt;wymaga_osoby,wymaga_obiektu,wymaga_scenerii,wymaga_ruchu;Z;Raj;tbbt_s08e08_006;1;14;yes;no
complex;tbbt;4;77728;Raj, in a purple sweater, is eating his food very happily, smiling and closing his eyes in delight, at the canteen.;tbbt_s02e13;[1.98, 6.39];tbbt;wymaga_osoby,wymaga_obiektu,wymaga_scenerii,wymaga_ruchu,wymaga_mimiki;Z;Raj;tbbt_s02e13_d77728;1;13;yes;no
complex;tbbt;4;78994;A wide shot of Raj, Leonard, Sheldon, and Amy standing around wine barrel tables, each smelling their wine inside their wine glasses.;tbbt_s09e22;[508.25, 511.02];tbbt;wymaga_osoby,wymaga_obiektu,wymaga_scenerii,wymaga_ruchu;Z;Raj,Leonard,Sheldon;tbbt_s09e22_d78994;2;68;yes;no
complex;tbbt;4;42306;Sheldon, standing in front of a bookcase, near a DNA model, angrily hits the button to hang up the phone.;tbbt_s05e09;[268.17, 270.83];tbbt;wymaga_osoby,wymaga_obiektu,wymaga_ruchu;Z;Sheldon;tbbt_s05e09_d42306;27;277;no;no
complex;tbbt;4;55214;Sheldon and Leonard are sitting in the waiting room with clipboards as Leonard adjusts his glasses.;tbbt_s01e01;[81.33, 84.22];tbbt;wymaga_osoby,wymaga_obiektu,wymaga_scenerii,wymaga_ruchu;Z;Sheldon,Leonard;tbbt_s01e01_d55214;1;1;yes;yes
complex;tbbt;4;3022;Penny pulls back the shower curtain and climbs inside the shower.;tbbt_s01e01;[917.02, 921.35];tbbt;wymaga_osoby,wymaga_obiektu,wymaga_scenerii,wymaga_ruchu;Z;Penny;tbbt_s01e01_d3022;1;1;yes;yes
complex;tbbt;4;38410;Two little girls with a clipboard and a box pass Sheldon and Leonard and enter the building.;tbbt_s01e01;[1109.1, 1118.72];tbbt;wymaga_osoby,wymaga_obiektu,wymaga_scenerii,wymaga_ruchu;Z;Sheldon,Leonard;tbbt_s01e01_d38410;1;1;yes;yes
complex;tbbt;4;38104;Leonard, Raj, Sheldon, and Howard, wearing their costumes, stand as Howard knocks on the door with a skeleton on it.;tbbt_s01e06;[351.73, 355.21];tbbt;wymaga_osoby,wymaga_obiektu,wymaga_ruchu;Z;Leonard,Raj,Sheldon,Howard;tbbt_s01e06_d38104;1;1;yes;yes
complex;tbbt;4;54574;Howard talks to a girl in a nurse costume, then she touches her stethoscope.;tbbt_s01e06;[562.05, 567.49];tbbt;wymaga_osoby,wymaga_obiektu,wymaga_ruchu;Z;Howard;tbbt_s01e06_d54574;1;1;yes;yes
complex;tbbt;4;80231;Raj and a girl lie in bed with a flowered duvet, as he puts his hands behind his head.;tbbt_s01e06;[1229.34, 1233.49];tbbt;wymaga_osoby,wymaga_obiektu,wymaga_ruchu;Z;Raj;tbbt_s01e06_d80231;1;1;yes;yes
complex;tbbt;4;28225;Sheldon, in a green shirt, folds a red shirt and places it on top of other folded shirts in a laundry room.;tbbt_s02e01;[273.32, 283.42];tbbt;wymaga_osoby,wymaga_obiektu,wymaga_scenerii,wymaga_ruchu;Z;Sheldon;tbbt_s02e01_d28225;1;1;yes;yes
complex;tbbt;4;29620;Howard grabs his pillow and puts it over his face.;tbbt_s02e01;[1077.58, 1080.14];tbbt;wymaga_osoby,wymaga_obiektu,wymaga_ruchu;Z;Howard;tbbt_s02e01_d29620;1;1;yes;yes
complex;tbbt;4;47836;Leonard and Penny, in a yellow blouse, are sitting on the couch together while Penny clicks something on her pink laptop.;tbbt_s02e13;[193.08, 204.29];tbbt;wymaga_osoby,wymaga_obiektu,wymaga_ruchu;Z;Leonard,Penny;tbbt_s02e13_d47836;1;1;yes;yes
complex;tbbt;4;87536;Raj picks up a large strip of gold condoms while standing in the bathroom next to Leonard.;tbbt_s02e21;[413.46, 425.72];tbbt;wymaga_osoby,wymaga_obiektu,wymaga_scenerii,wymaga_ruchu;Z;Raj,Leonard;tbbt_s02e21_d87536;1;1;yes;yes
complex;tbbt;4;87537;Howard, in a blue turtleneck, is typing on his laptop, sitting at a desk in a hotel room, when Raj and Leonard walk in.;tbbt_s02e21;[425.93, 429.43];tbbt;wymaga_osoby,wymaga_obiektu,wymaga_scenerii,wymaga_ruchu;Z;Howard,Raj,Leonard;tbbt_s02e21_d87537;1;1;yes;yes
complex;tbbt;4;66247;Penny, in an orange shirt, reaches under the kitchen counter and gets an orange box, searching for something.;tbbt_s02e21;[485.66, 490.15];tbbt;wymaga_osoby,wymaga_obiektu,wymaga_scenerii,wymaga_ruchu;Z;Penny;tbbt_s02e21_d66247;1;1;yes;yes
complex;tbbt;4;88803;Penny, in an orange shirt, goes into the kitchen and picks the phone up off the counter.;tbbt_s02e21;[521.97, 525.12];tbbt;wymaga_osoby,wymaga_obiektu,wymaga_scenerii,wymaga_ruchu;Z;Penny;tbbt_s02e21_d88803;1;1;yes;yes
complex;tbbt;4;97626;Penny, in a pink robe, places a pillow and blanket on the sofa next to Sheldon, who is reading a magazine.;tbbt_s02e21;[1004.62, 1011.79];tbbt;wymaga_osoby,wymaga_obiektu,wymaga_ruchu;Z;Penny,Sheldon;tbbt_s02e21_d97626;1;1;yes;yes
complex;tbbt;4;62365;Sheldon, in an orange shirt, is taking his clothes out of his dresser to pack them when Leonard walks in.;tbbt_s03e15;[218.46, 225.72];tbbt;wymaga_osoby,wymaga_obiektu,wymaga_ruchu;Z;Sheldon,Leonard;tbbt_s03e15_d62365;1;1;yes;yes
complex;tbbt;4;82970;Leonard, in a yellow hoodie and purple jacket, carries over a tray of fondue items and sets it on the coffee table.;tbbt_s03e15;[279.67, 292.58];tbbt;wymaga_osoby,wymaga_obiektu,wymaga_ruchu;Z;Leonard;tbbt_s03e15_d82970;1;1;yes;yes
complex;tbbt;4;62300;Leonard wakes up with a smile to find Sheldon standing by his bed, playing a wooden flute.;tbbt_s03e15;[635.81, 650.22];tbbt;wymaga_osoby,wymaga_obiektu,wymaga_ruchu,wymaga_mimiki;Z;Leonard,Sheldon;tbbt_s03e15_d62300;1;1;yes;yes
complex;tbbt;4;70615;Sheldon, standing by Leonard's bed, hands him a scone with kitchen tongs.;tbbt_s03e15;[695.81, 699.28];tbbt;wymaga_osoby,wymaga_obiektu,wymaga_ruchu;Z;Sheldon,Leonard;tbbt_s03e15_d70615;1;1;yes;yes
complex;tbbt;4;70616;Leonard takes the coffee mug from the bed tray and drinks from it.;tbbt_s03e15;[725.82, 732.0];tbbt;wymaga_osoby,wymaga_obiektu,wymaga_ruchu;Z;Leonard;tbbt_s03e15_d70616;1;1;yes;yes
complex;tbbt;4;53117;A shot of a living room glass table covered in medications, with a sick Sheldon sitting on the couch next to it under a blanket, blowing his nose.;tbbt_s03e15;[1160.64, 1164.66];tbbt;wymaga_osoby,wymaga_obiektu,wymaga_scenerii,wymaga_ruchu;Z;Sheldon;tbbt_s03e15_d53117;1;1;yes;yes
complex;tbbt;4;28635;Howard, in a mint green turtleneck with a mustard vest over it, and Raj lean over the comics display case next to each other with confused, thinking faces.;tbbt_s03e19;[346.08, 351.07];tbbt;wymaga_osoby,wymaga_obiektu,wymaga_ruchu,wymaga_mimiki;Z;Howard,Raj;tbbt_s03e19_d28635;1;1;yes;yes
complex;tbbt;4;78582;Happy Leonard, with a beer bottle, sits down in the seat next to Penny at the bowling alley.;tbbt_s03e19;[1004.79, 1008.03];tbbt;wymaga_osoby,wymaga_obiektu,wymaga_scenerii,wymaga_ruchu,wymaga_mimiki;Z;Leonard,Penny;tbbt_s03e19_d78582;1;1;yes;yes
complex;tbbt;4;96750;Leonard grabs a blue napkin from the robotic hand and sits down in a chair.;tbbt_s04e01;[168.19, 172.22];tbbt;wymaga_osoby,wymaga_obiektu,wymaga_ruchu;Z;Leonard;tbbt_s04e01_d96750;1;1;yes;yes
complex;tbbt;4;62892;Howard, in a green shirt, slowly turns his head around and looks at the robot hand massaging his shoulder.;tbbt_s04e01;[519.88, 525.86];tbbt;wymaga_osoby,wymaga_obiektu,wymaga_ruchu;Z;Howard;tbbt_s04e01_d62892;1;1;yes;yes
complex;tbbt;4;38742;Leonard, in a black vest, is leaning over to show Sheldon something on the phone.;tbbt_s04e12;[1196.27, 1209.0];tbbt;wymaga_osoby,wymaga_obiektu,wymaga_ruchu;Z;Leonard,Sheldon;tbbt_s04e12_d38742;1;1;yes;yes
complex;tbbt;4;286;A shot of Sheldon, seen through the window, waving his hands and shooing a bird sitting on the ledge outside the window.;tbbt_s05e09;[77.47, 81.4];tbbt;wymaga_osoby,wymaga_obiektu,wymaga_scenerii,wymaga_ruchu;Z;Sheldon;tbbt_s05e09_d286;1;1;yes;yes
complex;tbbt;4;80030;Sheldon, Raj, and Howard stand by the window at night as it cracks, with a bird still on the ledge.;tbbt_s05e09;[528.21, 541.96];tbbt;wymaga_osoby,wymaga_obiektu,wymaga_scenerii,wymaga_ruchu;Z;Sheldon,Raj,Howard;tbbt_s05e09_d80030;1;1;yes;yes
complex;tbbt;4;42315;Penny hangs her purse on her chair at the bar and elbows a nearby man with a laptop.;tbbt_s05e09;[590.39, 594.46];tbbt;wymaga_osoby,wymaga_obiektu,wymaga_scenerii,wymaga_ruchu;Z;Penny;tbbt_s05e09_d42315;1;1;yes;yes
complex;tbbt;4;79871;Sheldon opens the cracked window and, when he sees a bird on the sill, closes it quickly.;tbbt_s05e09;[652.94, 657.52];tbbt;wymaga_osoby,wymaga_obiektu,wymaga_ruchu;Z;Sheldon;tbbt_s05e09_d79871;1;1;yes;yes
complex;tbbt;4;79872;Sheldon comes out of the closet with a helmet on his head and holding a broom.;tbbt_s05e09;[670.9, 674.09];tbbt;wymaga_osoby,wymaga_obiektu,wymaga_scenerii,wymaga_ruchu;Z;Sheldon;tbbt_s05e09_d79872;1;1;yes;yes
complex;tbbt;4;5090002;Sheldon, with a helmet on his head and holding a broom, opens the cracked window and leans over.;tbbt_s05e09;[678.03, 686.44];tbbt;wymaga_osoby,wymaga_obiektu,wymaga_ruchu;Z;Sheldon;tbbt_s05e09_002;1;1;yes;yes
complex;tbbt;4;296;Sheldon, with a bird on his arm, picks up a cup from a table near the sofa and offers it to the bird, which takes it.;tbbt_s05e09;[994.09, 1000.57];tbbt;wymaga_osoby,wymaga_obiektu,wymaga_ruchu;Z;Sheldon;tbbt_s05e09_d296;1;1;yes;yes
complex;tbbt;4;11690;Amy and Bernadette are sitting on Penny's bed on a pile of clothes when Penny comes out of her bathroom in a green dress.;tbbt_s05e13;[155.75, 163.6];tbbt;wymaga_osoby,wymaga_obiektu,wymaga_scenerii,wymaga_ruchu;Z;Penny;tbbt_s05e13_d11690;1;1;yes;yes
complex;tbbt;4;11676;A shot of Sheldon rolling dice and pulling a car from the pile, near the board game set up on the glass table.;tbbt_s05e13;[277.3, 280.81];tbbt;wymaga_osoby,wymaga_obiektu,wymaga_ruchu;Z;Sheldon;tbbt_s05e13_d11676;1;1;yes;yes
complex;tbbt;4;53284;Leonard pulls his inhaler out of his red robe pocket and happily holds it up in the air.;tbbt_s05e13;[896.82, 901.04];tbbt;wymaga_osoby,wymaga_obiektu,wymaga_ruchu;Z;Leonard;tbbt_s05e13_d53284;1;1;yes;yes
complex;tbbt;4;3370;Penny applies white cream with a spatula on Amy's face between her lip and her nose.;tbbt_s06e01;[165.34, 176.62];tbbt;wymaga_osoby,wymaga_obiektu,wymaga_ruchu;Z;Penny;tbbt_s06e01_d3370;1;1;yes;yes
complex;tbbt;4;3390;Howard releases a pen into outer space and it floats.;tbbt_s06e01;[429.38, 437.83];tbbt;wymaga_osoby,wymaga_obiektu,wymaga_scenerii,wymaga_ruchu;Z;Howard;tbbt_s06e01_d3390;1;1;yes;yes
complex;tbbt;4;9399;Howard runs up and opens the dresser drawer, then takes out a red cloth, while Bernadette stands in the doorway.;tbbt_s06e07;[298.19, 306.87];tbbt;wymaga_osoby,wymaga_obiektu,wymaga_scenerii,wymaga_ruchu;Z;Howard;tbbt_s06e07_d9399;1;1;yes;yes
complex;tbbt;4;9415;Leonard is closing a box with packing tape, while Howard is taking a light saber off the wall of his bedroom behind him.;tbbt_s06e07;[708.52, 712.56];tbbt;wymaga_osoby,wymaga_obiektu,wymaga_scenerii,wymaga_ruchu;Z;Leonard,Howard;tbbt_s06e07_d9415;1;1;yes;yes
complex;tbbt;4;51042;Sheldon stumbles up to the porch of someone's house at night and knocks on the door.;tbbt_s06e07;[1103.8, 1109.08];tbbt;wymaga_osoby,wymaga_obiektu,wymaga_scenerii,wymaga_ruchu;Z;Sheldon;tbbt_s06e07_d51042;1;1;yes;yes
complex;tbbt;4;51052;Sheldon, in a beige-and-white jacket, knocks on the door with his whole fist, light glowing in the windows behind the curtains.;tbbt_s06e07;[1107.08, 1112.18];tbbt;wymaga_osoby,wymaga_obiektu,wymaga_ruchu;Z;Sheldon;tbbt_s06e07_d51052;1;1;yes;yes
complex;tbbt;4;51041;A guy in an orange sweater walks over, shakes Sheldon's hand, and sits down on the couch, with a whiteboard and flags behind it.;tbbt_s06e07;[1235.97, 1239.87];tbbt;wymaga_osoby,wymaga_obiektu,wymaga_ruchu;Z;Sheldon;tbbt_s06e07_d51041;1;1;yes;yes
complex;tbbt;4;13268;Raj, in a brown shirt, shows Howard something on his cell phone.;tbbt_s06e24;[926.7, 931.34];tbbt;wymaga_osoby,wymaga_obiektu,wymaga_ruchu;Z;Raj,Howard;tbbt_s06e24_d13268;1;1;yes;yes
complex;tbbt;4;51311;Leonard picks up and then hands Penny a small gift in the car with Sheldon in the back seat.;tbbt_s06e24;[1019.36, 1024.05];tbbt;wymaga_osoby,wymaga_obiektu,wymaga_scenerii,wymaga_ruchu;Z;Leonard,Penny,Sheldon;tbbt_s06e24_d51311;1;1;yes;yes
complex;tbbt;4;60542;Penny is pouring herself wine as she stands in the kitchen with Amy, Raj, and Bernadette, who is wearing a green sweater.;tbbt_s06e24;[1146.09, 1150.86];tbbt;wymaga_osoby,wymaga_obiektu,wymaga_scenerii,wymaga_ruchu;Z;Penny,Raj;tbbt_s06e24_d60542;1;1;yes;yes
complex;tbbt;4;37873;Penny closes the door and runs down the stairs carrying a box, when she passes Sheldon and goes back to him.;tbbt_s07e13;[428.52, 441.92];tbbt;wymaga_osoby,wymaga_obiektu,wymaga_scenerii,wymaga_ruchu;Z;Penny,Sheldon;tbbt_s07e13_d37873;1;1;yes;yes
complex;tbbt;4;37880;Penny holds up a hanger with her small work uniform hanging from it, while leaning on the bar and talking on the phone.;tbbt_s07e13;[561.45, 564.01];tbbt;wymaga_osoby,wymaga_obiektu,wymaga_scenerii,wymaga_ruchu;Z;Penny;tbbt_s07e13_d37880;1;1;yes;yes
complex;tbbt;4;58102;Amy laughs and drinks a sip of tea out of a blue cup, while sitting next to Penny, who holds a green cup.;tbbt_s08e04;[198.71, 204.05];tbbt;wymaga_osoby,wymaga_obiektu,wymaga_ruchu,wymaga_mimiki;Z;Penny;tbbt_s08e04_d58102;1;1;yes;yes
complex;tbbt;4;58123;Penny, in a suit and pink shirt, waves her hand down with resignation and closes the briefcase.;tbbt_s08e04;[420.82, 424.24];tbbt;wymaga_osoby,wymaga_obiektu,wymaga_ruchu;Z;Penny;tbbt_s08e04_d58123;1;1;yes;yes
complex;tbbt;4;16398;Penny opens the front door to her apartment, where Raj and Emily are standing outside.;tbbt_s08e04;[932.15, 936.83];tbbt;wymaga_osoby,wymaga_obiektu,wymaga_scenerii,wymaga_ruchu;Z;Penny,Raj;tbbt_s08e04_d16398;1;1;yes;yes
complex;tbbt;4;16420;A shot of Penny and Emily separated by the door before they walk apart.;tbbt_s08e04;[1074.6, 1079.54];tbbt;wymaga_osoby,wymaga_obiektu,wymaga_ruchu;Z;Penny;tbbt_s08e04_d16420;1;1;yes;yes
complex;tbbt;4;66117;Penny, wearing a blue shirt, sits on a couch scrolling through her phone, then puts the phone on the table while standing up.;tbbt_s08e08;[412.67, 417.04];tbbt;wymaga_osoby,wymaga_obiektu,wymaga_ruchu;Z;Penny;tbbt_s08e08_d66117;1;1;yes;yes
complex;tbbt;4;11671;Leonard finishes fixing Sheldon's bow tie, claps his hands in acceptance, and walks away.;tbbt_s08e08;[566.72, 570.0];tbbt;wymaga_osoby,wymaga_obiektu,wymaga_ruchu;Z;Leonard,Sheldon;tbbt_s08e08_d11671;1;1;yes;yes
complex;tbbt;4;11641;Leonard knocks on Penny's door, standing outside the door with Sheldon in a tuxedo.;tbbt_s08e08;[669.96, 671.7];tbbt;wymaga_osoby,wymaga_obiektu,wymaga_ruchu;Z;Leonard,Penny,Sheldon;tbbt_s08e08_d11641;1;1;yes;yes
complex;tbbt;4;75195;Emily is pouring champagne from a bottle into a glass, in the limousine with Raj, Howard, and Bernadette.;tbbt_s08e08;[717.96, 721.63];tbbt;wymaga_osoby,wymaga_obiektu,wymaga_scenerii,wymaga_ruchu;Z;Raj,Howard;tbbt_s08e08_d75195;1;1;yes;yes
complex;tbbt;4;75196;Emily, while sitting in the limousine next to Raj on the phone, shows her tattoo on her shoulder blade.;tbbt_s08e08;[723.27, 726.64];tbbt;wymaga_osoby,wymaga_obiektu,wymaga_scenerii,wymaga_ruchu;Z;Raj;tbbt_s08e08_d75196;1;1;yes;yes
complex;tbbt;4;66901;Howard, in a plaid shirt, puts his arm around Bernadette's shoulder as they smile at each other, while she holds a bottle of water.;tbbt_s09e22;[13.25, 16.62];tbbt;wymaga_osoby,wymaga_obiektu,wymaga_ruchu,wymaga_mimiki;Z;Howard;tbbt_s09e22_d66901;1;1;yes;yes
complex;tbbt;4;79011;Sheldon grabs a big toy train while Bernadette holds a small one, sitting on the couch.;tbbt_s09e22;[649.18, 653.09];tbbt;wymaga_osoby,wymaga_obiektu,wymaga_ruchu;Z;Sheldon;tbbt_s09e22_d79011;1;1;yes;yes
complex;tbbt;4;34123;Howard looks at Leonard while in the bathroom and taps the wall-mounted urinal twice with his fist, while walking away.;tbbt_s09e22;[893.68, 894.94];tbbt;wymaga_osoby,wymaga_obiektu,wymaga_scenerii,wymaga_ruchu;Z;Howard,Leonard;tbbt_s09e22_d34123;1;1;yes;yes
complex;tbbt;4;84010;Leonard, in a blue shirt and green jacket, comes from the kitchen and sits down, placing green and yellow cans on the glass table.;tbbt_s04e12;[195.35, 200.75];tbbt;wymaga_osoby,wymaga_obiektu,wymaga_scenerii,wymaga_ruchu;Z;Leonard;tbbt_s04e12_d84010;107;353;no;no
complex;tbbt;4;63725;Amy, in a blue sweater, takes a drink from her wine glass as Raj continues to talk, at the kitchen table.;tbbt_s06e24;[1170.25, 1175.78];tbbt;wymaga_osoby,wymaga_obiektu,wymaga_scenerii,wymaga_ruchu;Z;Raj;tbbt_s06e24_d63725;54;263;no;no
complex;tbbt;4;66203;Bernadette, sitting on the bed full of clothes next to Amy, stands and runs up to grab Penny's arm to lift her up from the armchair.;tbbt_s05e13;[270.6, 275.64];tbbt;wymaga_osoby,wymaga_obiektu,wymaga_ruchu;Z;Penny;tbbt_s05e13_d66203;1;6;yes;no
complex;tbbt;4;37864;Amy is looking through a microscope when Howard and Raj walk into her lab.;tbbt_s07e13;[320.6, 327.59];tbbt;wymaga_osoby,wymaga_obiektu,wymaga_scenerii,wymaga_ruchu;Z;Howard,Raj;tbbt_s07e13_d37864;1;6;yes;no
complex;tbbt;4;11670;Sheldon picks up a flask and places it in the inside pocket of his suit jacket.;tbbt_s08e08;[584.93, 591.06];tbbt;wymaga_osoby,wymaga_obiektu,wymaga_ruchu;Z;Sheldon;tbbt_s08e08_d11670;1;6;yes;no
complex;tbbt;4;87541;A woman in a black dress approaches Raj at the bar and places her wine glass down right next to him.;tbbt_s02e21;[570.98, 576.79];tbbt;wymaga_osoby,wymaga_obiektu,wymaga_scenerii,wymaga_ruchu;Z;Raj;tbbt_s02e21_d87541;1;5;yes;no
complex;tbbt;4;45195;Sheldon reaches for his wallet in his jacket pocket while sitting at the restaurant with Amy.;tbbt_s06e01;[1051.78, 1055.62];tbbt;wymaga_osoby,wymaga_obiektu,wymaga_scenerii,wymaga_ruchu;Z;Sheldon;tbbt_s06e01_d45195;1;5;yes;no
complex;tbbt;4;9400;Leonard, with crossed arms, briefly scratches his nose while standing beside Sheldon, who is sitting at his desk with a laptop.;tbbt_s06e07;[481.56, 484.59];tbbt;wymaga_osoby,wymaga_obiektu,wymaga_ruchu;Z;Leonard,Sheldon;tbbt_s06e07_d9400;1;5;yes;no
complex;tbbt;4;78975;Leonard, in a beige jacket, leans over a cluttered workbench, while Raj checks his phone and Howard and Sheldon move in the background.;tbbt_s09e22;[165.97, 168.3];tbbt;wymaga_osoby,wymaga_obiektu,wymaga_ruchu;Z;Leonard,Raj,Howard,Sheldon;tbbt_s09e22_d78975;16;126;no;no
complex;tbbt;4;80587;Leonard and Sheldon grab bottles from the kitchen island, then Sheldon sits on the couch while Leonard leans against the wall, still talking.;tbbt_s01e01;[791.94, 799.46];tbbt;wymaga_osoby,wymaga_obiektu,wymaga_scenerii,wymaga_ruchu;Z;Leonard,Sheldon;tbbt_s01e01_d80587;2;4;yes;yes
complex;tbbt;4;78987;A tall man stands between Raj and Penny around the wine barrel and counts with his fingers, while holding a wine glass in his other hand.;tbbt_s09e22;[558.75, 562.84];tbbt;wymaga_osoby,wymaga_obiektu,wymaga_ruchu;Z;Raj,Penny;tbbt_s09e22_d78987;2;4;yes;yes
complex;tbbt;4;18406;Raj, in costume, sits on the couch and shoves a snack from the bowl into his mouth.;tbbt_s01e06;[476.51, 485.29];tbbt;wymaga_osoby,wymaga_obiektu,wymaga_ruchu;Z;Raj;tbbt_s01e06_d18406;45;167;no;no
complex;tbbt;4;68678;Sheldon, in a purple shirt, gets up and goes to the desk under the window to pick up documents to hand out to the others.;tbbt_s04e12;[312.14, 326.7];tbbt;wymaga_osoby,wymaga_obiektu,wymaga_ruchu;Z;Sheldon;tbbt_s04e12_d68678;236;350;no;no
complex;tbbt;4;80599;Penny, in a blue shirt, stands in the kitchen and takes a paper towel, while Leonard leans over to Sheldon from the armchair.;tbbt_s01e01;[669.55, 676.53];tbbt;wymaga_osoby,wymaga_obiektu,wymaga_scenerii,wymaga_ruchu;Z;Penny,Leonard,Sheldon;tbbt_s01e01_d80599;135;244;no;no
complex;tbbt;4;265;Sheldon opens the cracked window and the bird flies away through it, from the couch.;tbbt_s05e09;[1089.96, 1097.97];tbbt;wymaga_osoby,wymaga_obiektu,wymaga_ruchu;Z;Sheldon;tbbt_s05e09_d265;30;120;no;no
complex;tbbt;4;86437;Leonard walks up the stairs holding a brown bag and talking to Sheldon, who is wearing plaid pants, walking by water jugs near the doors.;tbbt_s01e01;[158.71, 169.14];tbbt;wymaga_osoby,wymaga_obiektu,wymaga_scenerii,wymaga_ruchu;Z;Leonard,Sheldon;tbbt_s01e01_d86437;2;3;yes;yes
complex;tbbt;4;34134;Sheldon sweeps his hand across the couch cushion as if brushing away dust, while talking to Bernadette, who sits across from him holding a clipboard.;tbbt_s09e22;[1017.74, 1020.13];tbbt;wymaga_osoby,wymaga_obiektu,wymaga_ruchu;Z;Sheldon;tbbt_s09e22_d34134;2;3;yes;yes
complex;tbbt;4;38740;Penny stands up from the couch and Sheldon puts the electronic device on the table, then picks up his mug.;tbbt_s04e12;[1165.07, 1169.07];tbbt;wymaga_osoby,wymaga_obiektu,wymaga_ruchu;Z;Penny,Sheldon;tbbt_s04e12_d38740;11;70;no;no
complex;tbbt;4;38383;Howard, in all red clothes, points his finger at Raj, Leonard, and Sheldon while eating Chinese food and conversing.;tbbt_s02e21;[8.64, 12.65];tbbt;wymaga_osoby,wymaga_obiektu,wymaga_ruchu;Z;Howard,Raj,Leonard,Sheldon;tbbt_s02e21_d38383;122;181;no;no
complex;tbbt;4;47830;Sheldon, in a blue and purple shirt with green sleeves, points out something on Penny's papers and walks away.;tbbt_s02e13;[394.97, 402.05];tbbt;wymaga_osoby,wymaga_obiektu,wymaga_ruchu;Z;Sheldon,Penny;tbbt_s02e13_d47830;23;74;no;no
complex;tbbt;4;3366;Raj lifts up his foot above the table at the canteen to show Sheldon and Leonard that he's wearing sandals.;tbbt_s06e01;[321.06, 324.15];tbbt;wymaga_osoby,wymaga_obiektu,wymaga_scenerii,wymaga_ruchu;Z;Raj,Sheldon,Leonard;tbbt_s06e01_d3366;3;4;yes;yes
complex;tbbt;4;91632;Raj and Leonard carry boxes out of the room, while Howard, in a yellow shirt, takes something covered in a purple blanket.;tbbt_s06e07;[799.73, 802.77];tbbt;wymaga_osoby,wymaga_obiektu,wymaga_ruchu;Z;Raj,Leonard,Howard;tbbt_s06e07_d91632;3;4;yes;yes
complex;tbbt;4;60540;Penny raises her head while hugging Raj on the couch with colorful patterned pillows and stops hugging him to look at him.;tbbt_s06e24;[1122.08, 1130.22];tbbt;wymaga_osoby,wymaga_obiektu,wymaga_ruchu;Z;Penny,Raj;tbbt_s06e24_d60540;3;4;yes;yes
complex;tbbt;4;42293;Sheldon, standing near the window and bookcase, twitches and rushes towards the desk to get a pen and paper and suddenly writes something.;tbbt_s05e09;[288.68, 295.87];tbbt;wymaga_osoby,wymaga_obiektu,wymaga_ruchu;Z;Sheldon;tbbt_s05e09_d42293;4;24;yes;no
complex;tbbt;4;13266;Sheldon, in a green shirt with a tie, lifts his glass of milk as a toast with everybody and drinks it.;tbbt_s06e24;[904.51, 913.47];tbbt;wymaga_osoby,wymaga_obiektu,wymaga_ruchu;Z;Sheldon;tbbt_s06e24_d13266;5;28;no;no
complex;tbbt;4;38098;Leonard touches his nose before answering the door, wearing a Flash costume.;tbbt_s01e06;[180.57, 183.4];tbbt;wymaga_osoby,wymaga_obiektu,wymaga_ruchu;Z;Leonard;tbbt_s01e06_d38098;2;2;yes;yes
complex;tbbt;4;47835;Sheldon, in a blue shirt with orange sleeves, is pouring tea out of a red kettle while talking on the cell phone.;tbbt_s02e13;[212.96, 221.2];tbbt;wymaga_osoby,wymaga_obiektu,wymaga_ruchu;Z;Sheldon;tbbt_s02e13_d47835;2;2;yes;yes
complex;tbbt;4;37856;Penny sits beside Sheldon on the couch with a bowl in her hand and covers herself with the blanket.;tbbt_s03e15;[1184.75, 1199.75];tbbt;wymaga_osoby,wymaga_obiektu,wymaga_ruchu;Z;Penny,Sheldon;tbbt_s03e15_d37856;2;2;yes;yes
complex;tbbt;4;19970;Howard, in a mustard vest, is wiping his mouth with his arm while Sheldon is spraying his shoes.;tbbt_s03e19;[413.7, 416.72];tbbt;wymaga_osoby,wymaga_obiektu,wymaga_ruchu;Z;Howard,Sheldon;tbbt_s03e19_d19970;2;2;yes;yes
complex;tbbt;4;4010001;Howard is screaming in shock, then looks under the purple blanket around his hips and smiles, at the clinic.;tbbt_s04e01;[1148.15, 1158.3];tbbt;wymaga_osoby,wymaga_obiektu,wymaga_scenerii,wymaga_ruchu,wymaga_mimiki;Z;Howard;tbbt_s04e01_001;2;2;yes;yes
complex;tbbt;4;42321;Howard, all in blue, rests his chin on his hand in an armchair, then picks up the remote from the coffee table.;tbbt_s05e09;[435.57, 444.26];tbbt;wymaga_osoby,wymaga_obiektu,wymaga_ruchu;Z;Howard;tbbt_s05e09_d42321;2;2;yes;yes
complex;tbbt;4;66210;Penny comes out of her bathroom in a grey vest over a brown shirt, while Amy and Bernadette are sitting on Penny's bed on a pile of clothes.;tbbt_s05e13;[196.2, 201.85];tbbt;wymaga_osoby,wymaga_obiektu,wymaga_scenerii,wymaga_ruchu;Z;Penny;tbbt_s05e13_d66210;2;9;yes;no
complex;tbbt;4;11651;Leonard rolls over in bed, with a blue cover, and puts his glasses on to check his phone.;tbbt_s05e13;[650.88, 662.68];tbbt;wymaga_osoby,wymaga_obiektu,wymaga_ruchu;Z;Leonard;tbbt_s05e13_d11651;2;2;yes;yes
complex;tbbt;4;51049;Howard takes the magic wand out of the box and sits beside Bernadette on the couch.;tbbt_s06e07;[1044.46, 1054.74];tbbt;wymaga_osoby,wymaga_obiektu,wymaga_ruchu;Z;Howard;tbbt_s06e07_d51049;2;2;yes;yes
complex;tbbt;4;51983;Penny scoots closer on the couch, then leans over and hugs a sad Raj on the couch with colorful patterned pillows.;tbbt_s06e24;[1093.69, 1096.74];tbbt;wymaga_osoby,wymaga_obiektu,wymaga_ruchu,wymaga_mimiki;Z;Penny,Raj;tbbt_s06e24_d51983;2;2;yes;yes
complex;tbbt;4;97651;Leonard and Sheldon walk into a doctor's office with maroon upholstered chairs and Sheldon shuts the door behind him.;tbbt_s01e01;[16.7, 24.86];tbbt;wymaga_osoby,wymaga_obiektu,wymaga_scenerii,wymaga_ruchu;Z;Leonard,Sheldon;tbbt_s01e01_d97651;4;21;yes;no
complex;tbbt;4;62277;Sheldon uses a remote control and turns on the projector's light in the laundry room.;tbbt_s03e15;[799.01, 801.06];tbbt;wymaga_osoby,wymaga_obiektu,wymaga_scenerii,wymaga_ruchu;Z;Sheldon;tbbt_s03e15_d62277;65;102;no;no
complex;tbbt;4;46843;Penny puts her wine glass on the table and gets down on one knee in front of Leonard.;tbbt_s07e13;[16.99, 20.87];tbbt;wymaga_osoby,wymaga_obiektu,wymaga_ruchu;Z;Penny,Leonard;tbbt_s07e13_d46843;7;29;no;no
complex;tbbt;4;45181;Raj waves his left hand in the air while holding a beer bottle in the other, sitting on the couch between Howard and Penny.;tbbt_s06e01;[813.34, 820.85];tbbt;wymaga_osoby,wymaga_obiektu,wymaga_ruchu;Z;Raj,Howard,Penny;tbbt_s06e01_d45181;8;30;no;no
complex;tbbt;4;28859;Sheldon walks up and picks up a brown package that was sitting next to the apartment door.;tbbt_s05e13;[53.17, 56.9];tbbt;wymaga_osoby,wymaga_obiektu,wymaga_scenerii,wymaga_ruchu;Z;Sheldon;tbbt_s05e13_d28859;16;43;no;no
complex;tbbt;4;47850;Leonard, with a pretzel in his hand, walks up to a small table where a happy Sheldon is sitting with a little girl.;tbbt_s02e13;[672.85, 680.82];tbbt;wymaga_osoby,wymaga_obiektu,wymaga_ruchu,wymaga_mimiki;Z;Leonard,Sheldon;tbbt_s02e13_d47850;4;16;yes;no
complex;tbbt;4;21711;Howard, in all red clothes, walks over to the couch with the bottle in his hands and sits next to Sheldon.;tbbt_s02e21;[93.57, 99.2];tbbt;wymaga_osoby,wymaga_obiektu,wymaga_ruchu;Z;Howard,Sheldon;tbbt_s02e21_d21711;23;47;no;no
complex;tbbt;4;92001;Sheldon sits on the couch, whiteboard and flags behind him, reaches over and picks up a toy figurine off the end table.;tbbt_s06e07;[41.24, 45.36];tbbt;wymaga_osoby,wymaga_obiektu,wymaga_ruchu;Z;Sheldon;tbbt_s06e07_d92001;2;6;yes;no
complex;tbbt;4;16412;Leonard and Penny, eating ice cream, walk up the stairs, passing a bike.;tbbt_s08e04;[756.28, 764.34];tbbt;wymaga_osoby,wymaga_obiektu,wymaga_scenerii,wymaga_ruchu;Z;Leonard,Penny;tbbt_s08e04_d16412;2;6;yes;no
complex;tbbt;4;88804;Raj and Leonard clink their drinks together at the bar, with a plate of shrimp between them.;tbbt_s02e21;[553.84, 556.15];tbbt;wymaga_osoby,wymaga_obiektu,wymaga_scenerii,wymaga_ruchu;Z;Raj,Leonard;tbbt_s02e21_d88804;3;3;yes;yes
complex;tbbt;4;3371;Penny closes the lid of a cream container tightly, while sitting next to Amy, who has a white mustache.;tbbt_s06e01;[186.33, 191.28];tbbt;wymaga_osoby,wymaga_obiektu,wymaga_ruchu;Z;Penny;tbbt_s06e01_d3371;3;3;yes;yes
complex;tbbt;4;9755;A wide shot of Raj, Emily, Bernadette, Howard and Stuart with a woman, sitting in the limo, drinking champagne.;tbbt_s08e08;[895.35, 898.01];tbbt;wymaga_osoby,wymaga_obiektu,wymaga_scenerii,wymaga_ruchu;Z;Raj,Howard;tbbt_s08e08_d9755;3;3;yes;yes
complex;tbbt;4;3406;Leonard stands up and holds up his green shirt to show something written on his belly.;tbbt_s06e01;[656.5, 658.52];tbbt;wymaga_osoby,wymaga_obiektu,wymaga_ruchu;Z;Leonard;tbbt_s06e01_d3406;13;31;no;no
complex;tbbt;4;91631;Sheldon enters the bar and sits on a stool in front of Penny, with a snack lying on the bar counter.;tbbt_s06e07;[806.35, 812.13];tbbt;wymaga_osoby,wymaga_obiektu,wymaga_scenerii,wymaga_ruchu;Z;Sheldon,Penny;tbbt_s06e07_d91631;2;5;yes;no
complex;tbbt;4;11646;Leonard rolls onto his side toward Penny, while they are lying together in bed on orange pillows.;tbbt_s05e13;[718.49, 723.36];tbbt;wymaga_osoby,wymaga_obiektu,wymaga_ruchu;Z;Leonard,Penny;tbbt_s05e13_d11646;4;11;yes;no
complex;tbbt;4;9412;Penny, at a restaurant, carries two plates of burgers and sets them in front of Howard and Bernadette, who is wearing a blue sweater.;tbbt_s06e07;[541.0, 545.31];tbbt;wymaga_osoby,wymaga_obiektu,wymaga_scenerii,wymaga_ruchu;Z;Penny,Howard;tbbt_s06e07_d9412;4;4;yes;yes
complex;tbbt;4;42292;Leonard walks away from Penny, then turns around, while she rummages through her shoulder bag, in the movie theater.;tbbt_s05e09;[326.84, 330.84];tbbt;wymaga_osoby,wymaga_obiektu,wymaga_scenerii,wymaga_ruchu;Z;Leonard,Penny;tbbt_s05e09_d42292;8;19;no;no
complex;tbbt;4;19971;Penny is putting her shoes on with an uncomfortable face, next to Leonard in the bowling alley.;tbbt_s03e19;[420.56, 424.12];tbbt;wymaga_osoby,wymaga_obiektu,wymaga_scenerii,wymaga_ruchu,wymaga_mimiki;Z;Penny,Leonard;tbbt_s03e19_d19971;7;17;no;no
complex;tbbt;4;45187;Raj sits up and puts his beer bottle down on the coffee table covered with a red checkered tablecloth.;tbbt_s06e01;[828.63, 831.99];tbbt;wymaga_osoby,wymaga_obiektu,wymaga_ruchu;Z;Raj;tbbt_s06e01_d45187;17;29;no;no
complex;tbbt;4;66272;Leonard is placing napkins on the couch between Sheldon and Howard, who is wearing all red.;tbbt_s02e21;[222.74, 226.25];tbbt;wymaga_osoby,wymaga_obiektu,wymaga_ruchu;Z;Leonard,Sheldon,Howard;tbbt_s02e21_d66272;36;48;no;no
complex;tbbt;4;5810;Sheldon, in a shirt with a colorful chevron pattern, walks up to a whiteboard and moves his finger across it, then switches to a marker.;tbbt_s02e13;[759.88, 765.49];tbbt;wymaga_osoby,wymaga_obiektu,wymaga_ruchu;Z;Sheldon;tbbt_s02e13_d5810;4;9;yes;no
complex;tbbt;4;82972;Penny picks up a chocolate bar from the tray and sets it back down.;tbbt_s03e15;[293.18, 298.58];tbbt;wymaga_osoby,wymaga_obiektu,wymaga_ruchu;Z;Penny;tbbt_s03e15_d82972;563;576;no;no
complex;tbbt;4;38745;Sheldon rapidly stands up from the couch and walks up to the whiteboard to erase everything.;tbbt_s04e12;[1217.56, 1223.31];tbbt;wymaga_osoby,wymaga_obiektu,wymaga_ruchu;Z;Sheldon;tbbt_s04e12_d38745;28;39;no;no
complex;tbbt;4;51045;Sheldon quickly drinks his whole drink while holding a red straw, then makes a happy face, at the bar.;tbbt_s06e07;[993.01, 1004.46];tbbt;wymaga_osoby,wymaga_obiektu,wymaga_scenerii,wymaga_ruchu,wymaga_mimiki;Z;Sheldon;tbbt_s06e07_d51045;3;6;yes;no
complex;tbbt;4;80227;Leonard, in a costume, closes his front door quickly and locks it.;tbbt_s01e06;[1174.79, 1179.49];tbbt;wymaga_osoby,wymaga_obiektu,wymaga_ruchu;Z;Leonard;tbbt_s01e06_d80227;15;23;no;no
complex;tbbt;4;53173;Penny is folding clothes when Sheldon closes his laptop as they are in the laundry room.;tbbt_s03e15;[874.81, 878.65];tbbt;wymaga_osoby,wymaga_obiektu,wymaga_scenerii,wymaga_ruchu;Z;Penny,Sheldon;tbbt_s03e15_d53173;9;15;no;no
complex;tbbt;4;40105;Penny kisses Leonard on the cheek, with ice cream in her hands, and walks towards the door.;tbbt_s02e01;[85.72, 90.23];tbbt;wymaga_osoby,wymaga_obiektu,wymaga_ruchu;Z;Penny,Leonard;tbbt_s02e01_d40105;14;21;no;no
complex;tbbt;4;1328;Sheldon touches the feathers of a bird slightly, then jumps back with a smile.;tbbt_s05e09;[848.26, 855.99];tbbt;wymaga_osoby,wymaga_obiektu,wymaga_ruchu,wymaga_mimiki;Z;Sheldon;tbbt_s05e09_d1328;10;15;no;no
complex;tbbt;4;66280;Sheldon walks into the apartment building with a bag of take-out food and sees Penny, in an orange shirt, taking her mail from the mailbox.;tbbt_s02e21;[268.23, 274.29];tbbt;wymaga_osoby,wymaga_obiektu,wymaga_scenerii,wymaga_ruchu;Z;Sheldon,Penny;tbbt_s02e21_d66280;5;8;no;no
complex;tbbt;4;96747;Penny, while driving a car, briefly turns toward Sheldon, the corner of her mouth lifting into a smile.;tbbt_s04e01;[559.51, 561.66];tbbt;wymaga_osoby,wymaga_obiektu,wymaga_scenerii,wymaga_ruchu,wymaga_mimiki;Z;Penny,Sheldon;tbbt_s04e01_d96747;5;8;no;no
complex;tbbt;4;1325;Sheldon slowly walks from the doorway toward a bird that Bernadette is holding on her arm, to pet it.;tbbt_s05e09;[833.82, 844.52];tbbt;wymaga_osoby,wymaga_obiektu,wymaga_scenerii,wymaga_ruchu;Z;Sheldon;tbbt_s05e09_d1325;4;6;yes;no
complex;tbbt;4;9424;Someone shoves a box into Sheldon's chest and closes the door.;tbbt_s06e07;[675.49, 678.99];tbbt;wymaga_osoby,wymaga_obiektu,wymaga_ruchu;Z;Sheldon;tbbt_s06e07_d9424;4;6;yes;no
complex;tbbt;4;96016;The nurse takes off her glasses, walks over and looks underneath Howard's purple blanket.;tbbt_s04e01;[1092.85, 1104.86];tbbt;wymaga_osoby,wymaga_obiektu,wymaga_ruchu;Z;Howard;tbbt_s04e01_d96016;6;9;no;no
complex;tbbt;4;19969;Sheldon throws a maroon bowling ball into a bowling lane and gets a strike.;tbbt_s03e19;[524.23, 530.82];tbbt;wymaga_osoby,wymaga_obiektu,wymaga_scenerii,wymaga_ruchu;Z;Sheldon;tbbt_s03e19_d19969;9;12;no;no
complex;tbbt;4;91595;Sheldon and Leonard walk up the stairs to their apartment landing, walking past white flowers near the apartment doors.;tbbt_s02e01;[516.39, 525.61];tbbt;wymaga_osoby,wymaga_obiektu,wymaga_scenerii,wymaga_ruchu;Z;Sheldon,Leonard;tbbt_s02e01_d91595;13;16;no;no
complex;tbbt;4;96745;The hand of a robot massages Howard's shoulder, while he opens his mouth wide and closes his eyes in pleasure.;tbbt_s04e01;[499.83, 514.22];tbbt;wymaga_osoby,wymaga_obiektu,wymaga_ruchu,wymaga_mimiki;Z;Howard;tbbt_s04e01_d96745;4;5;yes;no
complex;tbbt;4;92002;Will Wheaton, with a blue flag in his hand, joins Sheldon on the couch.;tbbt_s06e07;[53.54, 55.43];tbbt;wymaga_osoby,wymaga_obiektu,wymaga_ruchu;Z;Sheldon;tbbt_s06e07_d92002;4;5;yes;no
complex;tbbt;4;9393;Howard, all in turquoise, takes red clothing and puts it on his chair next to his desk.;tbbt_s06e07;[342.49, 346.99];tbbt;wymaga_osoby,wymaga_obiektu,wymaga_ruchu;Z;Howard;tbbt_s06e07_d9393;20;23;no;no
complex;tbbt;4;53285;Sheldon picks up some money from his desk drawer while Leonard stands in the back, in a red robe, with an inhaler in his hand.;tbbt_s05e13;[921.0, 931.78];tbbt;wymaga_osoby,wymaga_obiektu,wymaga_ruchu;Z;Sheldon,Leonard;tbbt_s05e13_d53285;9;11;no;no
complex;tbbt;4;58119;Emily sits down on the chair holding a clipboard, next to the examination table with Penny's briefcase.;tbbt_s08e04;[379.67, 381.94];tbbt;wymaga_osoby,wymaga_obiektu,wymaga_ruchu;Z;Penny;tbbt_s08e04_d58119;5;6;no;no
complex;tbbt;4;38102;Penny opens the door for the boys as they wait outside in costume, and tucks her hair behind her ear.;tbbt_s01e06;[361.06, 366.69];tbbt;wymaga_osoby,wymaga_obiektu,wymaga_ruchu;Z;Penny;tbbt_s01e06_d38102;15;17;no;no
complex;tbbt;4;54551;Penny sighs and rolls her eyes, irritated, while standing in front of Sheldon, then walks to the fridge touching her forehead and opens it.;tbbt_s08e08;[489.45, 497.42];tbbt;wymaga_osoby,wymaga_obiektu,wymaga_ruchu,wymaga_mimiki;Z;Penny,Sheldon;tbbt_s08e08_d54551;24;26;no;no
complex;tbbt;4;96015;Leonard and Raj slowly walk through a doorway into a clinic pulling a robotic arm that is attached, underneath a blanket, to Howard.;tbbt_s04e01;[1075.48, 1084.44];tbbt;wymaga_osoby,wymaga_obiektu,wymaga_scenerii,wymaga_ruchu;Z;Leonard,Raj,Howard;tbbt_s04e01_d96015;5;5;no;no
complex;tbbt;4;5090001;A shot of Sheldon, seen through the window, knocking on the window at a bird sitting on the ledge outside.;tbbt_s05e09;[113.52, 118.39];tbbt;wymaga_osoby,wymaga_obiektu,wymaga_scenerii,wymaga_ruchu;Z;Sheldon;tbbt_s05e09_001;5;5;no;no
complex;tbbt;4;66202;Sheldon takes two cards from his hand and shows them to laughing Raj and Howard while playing a board game at the glass table.;tbbt_s05e13;[309.35, 314.41];tbbt;wymaga_osoby,wymaga_obiektu,wymaga_ruchu,wymaga_mimiki;Z;Sheldon,Raj,Howard;tbbt_s05e13_d66202;5;5;no;no
complex;tbbt;4;19952;Shy Raj, in a light blue and grey jacket, closes his comic book and puts it back into the display case.;tbbt_s03e19;[296.72, 301.34];tbbt;wymaga_osoby,wymaga_obiektu,wymaga_ruchu,wymaga_mimiki;Z;Raj;tbbt_s03e19_d19952;8;8;no;no
complex;tbbt;4;61521;Leonard puts a bottle of bleach into his laundry basket when an excited Sheldon, in a mint green shirt with orange sleeves, walks in.;tbbt_s03e19;[800.25, 801.6];tbbt;wymaga_osoby,wymaga_obiektu,wymaga_ruchu,wymaga_mimiki;Z;Leonard,Sheldon;tbbt_s03e19_d61521;16;16;no;no
complex;office;4;9140012;Darryl looks unimpressed, while Jim, reflected in the mirror, stands on the bed wrapped in a blanket, playing guitar.;office_s09e14;[214.07, 215.63];office;wymaga_osoby,wymaga_obiektu,wymaga_ruchu,wymaga_mimiki;Z;Jim;office_s09e14_012;101;1;no;yes
complex;office;4;5170002;Michael wipes his hand with the bread before Pam hands him a tissue.;office_s05e17;[37.09, 41.12];office;wymaga_osoby,wymaga_obiektu,wymaga_ruchu;Z;Michael,Pam;office_s05e17_002;68;1;no;yes
complex;office;4;9140028;Jim forcefully shoves the silver thermal mug into Darryl's chest as he walks past him, handing it to him.;office_s09e14;[691.83, 694.47];office;wymaga_osoby,wymaga_obiektu,wymaga_ruchu;Z;Jim;office_s09e14_028;1293;37;no;no
complex;office;4;6050019;Michael and Dwight get in the car as a tow truck driver talks to the woman and boy behind them.;office_s06e05;[891.53, 903.7];office;wymaga_osoby,wymaga_obiektu,wymaga_scenerii,wymaga_ruchu;Z;Michael,Dwight;office_s06e05_019;34;1;no;yes
complex;office;4;2060029;Dwight takes off his headgear and throws it at Michael.;office_s02e06;[928.35, 930.23];office;wymaga_osoby,wymaga_obiektu,wymaga_ruchu;Z;Dwight,Michael;office_s02e06_029;1217;170;no;no
complex;office;4;1050023;Pam throws a basketball up in the air between two men.;office_s01e05;[799.91, 801.49];office;wymaga_osoby,wymaga_obiektu,wymaga_ruchu;Z;Pam;office_s01e05_023;4;1;yes;yes
complex;office;4;7140015;Dwight and Erin, standing next to another woman, high-five each other and run towards the car.;office_s07e14;[584.25, 588.61];office;wymaga_osoby,wymaga_obiektu,wymaga_ruchu;Z;Dwight;office_s07e14_015;32;1;no;yes
complex;office;4;8040014;Kevin gorges on snacks from a waiter's tray, putting a finger to the waiter's lips as he tries to leave.;office_s08e04;[536.77, 545.23];office;wymaga_osoby,wymaga_obiektu,wymaga_ruchu;Z;Kevin;office_s08e04_014;4;1;yes;yes
complex;office;4;8240008;Jim tears off Dwight's clothes in the parking lot.;office_s08e24;[149.65, 159.07];office;wymaga_osoby,wymaga_obiektu,wymaga_scenerii,wymaga_ruchu;Z;Jim,Dwight;office_s08e24_008;4;1;yes;yes
complex;office;4;1050017;Jim ties his shoes while sitting in the armchair and talking to Pam.;office_s01e05;[670.22, 672.08];office;wymaga_osoby,wymaga_obiektu,wymaga_ruchu;Z;Jim,Pam;office_s01e05_017;264;3;no;yes
complex;office;4;3190017;Dwight runs into the warehouse shouting through a megaphone.;office_s03e19;[975.19, 979.37];office;wymaga_osoby,wymaga_obiektu,wymaga_scenerii,wymaga_ruchu;Z;Dwight;office_s03e19_017;3;1;yes;yes
complex;office;4;9020021;A woman in the office canteen pulls out a cleaver and holds it up in front of Dwight's eyes.;office_s09e02;[719.6, 727.71];office;wymaga_osoby,wymaga_obiektu,wymaga_scenerii,wymaga_ruchu;Z;Dwight;office_s09e02_021;3;1;yes;yes
complex;office;4;9040028;Toby holds a device up to the wall, while a worried Dwight watches, writing on a whiteboard, and Erin holds tape.;office_s09e04;[124.04, 125.69];office;wymaga_osoby,wymaga_obiektu,wymaga_ruchu,wymaga_mimiki;Z;Dwight;office_s09e04_028;3;1;yes;yes
complex;office;4;9040036;Dwight, sitting at the desk near Jim, places a napkin on his lap.;office_s09e04;[387.7, 394.05];office;wymaga_osoby,wymaga_obiektu,wymaga_ruchu;Z;Dwight,Jim;office_s09e04_036;3;1;yes;yes
complex;office;4;7230018;Kevin inserts a card's numbers into a machine, with an impatient Angela and Darryl waiting behind him.;office_s07e23;[393.96, 402.36];office;wymaga_osoby,wymaga_obiektu,wymaga_ruchu,wymaga_mimiki;Z;Kevin;office_s07e23_018;319;4;no;yes
complex;office;4;1020005;Jim takes champagne from a bag and hides it in the desk drawer.;office_s01e02;[168.43, 172.61];office;wymaga_osoby,wymaga_obiektu,wymaga_ruchu;Z;Jim;office_s01e02_005;2;1;yes;yes
complex;office;4;3190002;Michael pulls on a yellow barrier, so Darryl on crutches touches it to stop him.;office_s03e19;[148.84, 151.98];office;wymaga_osoby,wymaga_obiektu,wymaga_ruchu;Z;Michael;office_s03e19_002;2;1;yes;yes
complex;office;4;5030007;Creed sits on the couch bandaging his leg while Jim on the phone turns away.;office_s05e03;[270.32, 275.51];office;wymaga_osoby,wymaga_obiektu,wymaga_ruchu;Z;Jim;office_s05e03_007;2;1;yes;yes
complex;office;4;7140004;Michael and Jim walking out the entrance as a silver car is parked out front.;office_s07e14;[216.49, 220.97];office;wymaga_osoby,wymaga_obiektu,wymaga_scenerii,wymaga_ruchu;Z;Michael,Jim;office_s07e14_004;2;1;yes;yes
complex;office;4;7230007;Jim is sitting in the car, rolling the window down to talk to Pam outside.;office_s07e23;[144.92, 155.66];office;wymaga_osoby,wymaga_obiektu,wymaga_scenerii,wymaga_ruchu;Z;Jim,Pam;office_s07e23_007;2;1;yes;yes
complex;office;4;8240014;A woman with a stuffed duck takes photos of Jim and Pam with the kids, as Dwight jumps behind her.;office_s08e24;[396.69, 407.44];office;wymaga_osoby,wymaga_obiektu,wymaga_ruchu;Z;Jim,Pam,Dwight;office_s08e24_014;2;1;yes;yes
complex;office;4;9020015;Jim and Pam walking in the street with concerned expressions, Jim holding a wrapped present and Pam eating a banana.;office_s09e02;[241.22, 246.67];office;wymaga_osoby,wymaga_obiektu,wymaga_scenerii,wymaga_ruchu,wymaga_mimiki;Z;Jim,Pam;office_s09e02_015;2;1;yes;yes
complex;office;4;9020030;Darryl walks into the canteen and places his laptop on the table, opening it, while Dwight stands with a cleaver.;office_s09e02;[1154.66, 1160.82];office;wymaga_osoby,wymaga_obiektu,wymaga_scenerii,wymaga_ruchu;Z;Dwight;office_s09e02_030;2;1;yes;yes
complex;office;4;9040035;Jim takes the bag of popcorn out of the microwave and rushes out of the kitchen, while Darryl and a young man in glasses talk.;office_s09e04;[329.66, 340.67];office;wymaga_osoby,wymaga_obiektu,wymaga_scenerii,wymaga_ruchu;Z;Jim;office_s09e04_035;2;1;yes;yes
complex;office;4;6090033;Pam flinches, shrugging her shoulders up in surprise, and drinks from a mug.;office_s06e09;[123.09, 126.19];office;wymaga_osoby,wymaga_obiektu,wymaga_ruchu,wymaga_mimiki;Z;Pam;office_s06e09_033;425;21;no;no
complex;office;4;3190007;Dwight leans in trying to peek at the red machine with a strained, grimacing expression while Darryl is talking.;office_s03e19;[274.43, 276.2];office;wymaga_osoby,wymaga_obiektu,wymaga_ruchu,wymaga_mimiki;Z;Dwight;office_s03e19_007;1424;970;no;no
complex;office;4;3190027;A group of coworkers gathers as Kevin hands out cash.;office_s03e19;[759.93, 768.14];office;wymaga_osoby,wymaga_obiektu,wymaga_ruchu;Z;Kevin;office_s03e19_027;13;1;no;yes
complex;office;4;6090008;A worried-looking Kevin walks into the bathroom and finds Michael wiping his face with paper.;office_s06e09;[257.25, 269.83];office;wymaga_osoby,wymaga_obiektu,wymaga_scenerii,wymaga_ruchu,wymaga_mimiki;Z;Kevin,Michael;office_s06e09_008;13;1;no;yes
complex;office;4;2060030;Michael takes off his helmet and lunges at Dwight, hitting him with it.;office_s02e06;[930.09, 937.2];office;wymaga_osoby,wymaga_obiektu,wymaga_ruchu;Z;Michael,Dwight;office_s02e06_030;489;96;no;no
complex;office;4;2060009;Michael peers through the blinds while talking on the phone, pulling them apart with his hand.;office_s02e06;[383.69, 394.3];office;wymaga_osoby,wymaga_obiektu,wymaga_ruchu;Z;Michael;office_s02e06_009;11;1;no;yes
complex;office;4;1020026;Jim takes candy from a candy jar next to Ryan, who sits at the desk with headphones on.;office_s01e02;[1078.12, 1086.87];office;wymaga_osoby,wymaga_obiektu,wymaga_ruchu;Z;Jim;office_s01e02_026;10;1;no;yes
complex;office;4;1020024;Jim runs out of the room to pick up the phone.;office_s01e02;[937.56, 940.91];office;wymaga_osoby,wymaga_obiektu,wymaga_ruchu;Z;Jim;office_s01e02_024;459;189;no;no
complex;office;4;9020029;Darryl walks into the canteen, finds Dwight holding a cleaver over a woman's hand on the cutting board, and walks out unfazed.;office_s09e02;[1119.04, 1125.6];office;wymaga_osoby,wymaga_obiektu,wymaga_scenerii,wymaga_ruchu,wymaga_mimiki;Z;Dwight;office_s09e02_029;44;2;no;yes
complex;office;4;1050018;Dwight rips the white bag, spraying its contents into Michael's face.;office_s01e05;[1140.91, 1145.63];office;wymaga_osoby,wymaga_obiektu,wymaga_ruchu;Z;Dwight,Michael;office_s01e05_018;229;30;no;no
complex;office;4;3190022;Michael hugs Darryl on crutches tightly, pushing him back slightly.;office_s03e19;[1214.82, 1219.01];office;wymaga_osoby,wymaga_obiektu,wymaga_ruchu;Z;Michael;office_s03e19_022;7;1;no;yes
complex;office;4;7230024;A straight-backed Dwight stretches in the office around people, with a revolver in a leather holster on his belt.;office_s07e23;[627.71, 635.61];office;wymaga_osoby,wymaga_obiektu,wymaga_scenerii,wymaga_ruchu;Z;Dwight;office_s07e23_024;7;1;no;yes
complex;office;4;9020020;Oscar sits in the office kitchen, reading a newspaper and choking on his drink, as Pam and Jim stand nearby.;office_s09e02;[635.79, 638.17];office;wymaga_osoby,wymaga_obiektu,wymaga_scenerii,wymaga_ruchu;Z;Pam,Jim;office_s09e02_020;33;2;no;yes
complex;office;4;7140011;A shot of Michael in front of a gas station, gas pumps behind him and someone cleaning the window of his car.;office_s07e14;[443.32, 452.68];office;wymaga_osoby,wymaga_obiektu,wymaga_scenerii,wymaga_ruchu;Z;Michael;office_s07e14_011;58;3;no;yes
complex;office;4;2100003;Michael and Dwight set up a Christmas tree whose top pokes through the ceiling.;office_s02e10;[36.35, 45.3];office;wymaga_osoby,wymaga_obiektu,wymaga_ruchu;Z;Michael,Dwight;office_s02e10_003;3;2;yes;yes
complex;office;4;9040043;Angela opens the overhead compartment above Jim, Pam, and Meredith on the bus, and a stack of papers falls onto them.;office_s09e04;[571.08, 578.88];office;wymaga_osoby,wymaga_obiektu,wymaga_scenerii,wymaga_ruchu;Z;Jim,Pam;office_s09e04_043;3;2;yes;yes
complex;office;4;9020003;Kevin and Pam stand with a spinning wheel turning between them, as people clap.;office_s09e02;[48.7, 57.73];office;wymaga_osoby,wymaga_obiektu,wymaga_ruchu;Z;Kevin,Pam;office_s09e02_003;69;11;no;no
complex;office;4;1020001;Michael lightly nudges Jim, who is talking on the phone with a finger stuck in his own ear.;office_s01e02;[241.23, 242.64];office;wymaga_osoby,wymaga_obiektu,wymaga_ruchu;Z;Michael,Jim;office_s01e02_001;26;3;no;yes
complex;office;4;6050007;Michael reaches for the phone on his desk, when Andy suddenly rips the cord out of it.;office_s06e05;[417.56, 424.86];office;wymaga_osoby,wymaga_obiektu,wymaga_ruchu;Z;Michael;office_s06e05_007;85;22;no;no
complex;office;4;5170027;Michael takes off his top hat and tosses it onto his desk.;office_s05e17;[392.45, 397.51];office;wymaga_osoby,wymaga_obiektu,wymaga_ruchu;Z;Michael;office_s05e17_027;14;2;no;yes
complex;office;4;5170030;Dwight kicks a piece of trash into the air while walking with Michael.;office_s05e17;[708.98, 711.25];office;wymaga_osoby,wymaga_obiektu,wymaga_ruchu;Z;Dwight,Michael;office_s05e17_030;73;17;no;no
complex;office;4;8240015;Dwight pulls a comb out of his jacket pocket and walks up to Angela, who is taking a photo with a man and a child.;office_s08e24;[470.77, 477.99];office;wymaga_osoby,wymaga_obiektu,wymaga_ruchu;Z;Dwight;office_s08e24_015;13;2;no;yes
complex;office;4;9020006;Meredith and Pam stand with a shiny spinning wheel turning between them, as people clap.;office_s09e02;[91.74, 102.06];office;wymaga_osoby,wymaga_obiektu,wymaga_ruchu;Z;Pam;office_s09e02_006;11;2;no;yes
complex;office;4;5170007;Michael, in a top hat and tuxedo, points his umbrella at a woman.;office_s05e17;[112.98, 114.82];office;wymaga_osoby,wymaga_obiektu,wymaga_ruchu;Z;Michael;office_s05e17_007;24;4;no;yes
complex;office;4;5170020;Pam covers the phone receiver and speaks sternly to Michael, who stands at the reception desk.;office_s05e17;[5.3, 12.45];office;wymaga_osoby,wymaga_obiektu,wymaga_ruchu;Z;Pam,Michael;office_s05e17_020;28;5;no;no
complex;office;4;2060019;Jim runs his finger along a training mitt while Pam looks at it.;office_s02e06;[824.16, 829.93];office;wymaga_osoby,wymaga_obiektu,wymaga_ruchu;Z;Jim,Pam;office_s02e06_019;22;4;no;yes
complex;office;4;8040008;Jim shows something on his computer screen while Dwight watches with interest, both seated at their desks.;office_s08e04;[253.54, 260.87];office;wymaga_osoby,wymaga_obiektu,wymaga_ruchu,wymaga_mimiki;Z;Jim,Dwight;office_s08e04_008;16;3;no;yes
complex;office;4;5030027;Michael watches a car drive past outside an office building, a baby stroller sitting nearby.;office_s05e03;[1122.46, 1127.62];office;wymaga_osoby,wymaga_obiektu,wymaga_scenerii,wymaga_ruchu;Z;Michael;office_s05e03_027;20;4;no;yes
complex;office;4;4090021;A woman with a bottle grabs Pam by the arm and steers her somewhere.;office_s04e09;[748.71, 751.34];office;wymaga_osoby,wymaga_obiektu,wymaga_ruchu;Z;Pam;office_s04e09_021;8;2;no;yes
complex;office;4;8040022;Ryan is stuck up high on a seesaw while Kevin sits down at the bottom.;office_s08e04;[629.17, 636.03];office;wymaga_osoby,wymaga_obiektu,wymaga_ruchu;Z;Kevin;office_s08e04_022;8;2;no;yes
complex;office;4;6050003;Michael slowly paces back and forth around the office, speaking into a voice recorder.;office_s06e05;[72.72, 87.72];office;wymaga_osoby,wymaga_obiektu,wymaga_scenerii,wymaga_ruchu;Z;Michael;office_s06e05_003;19;4;no;yes
complex;office;4;8240022;Dwight, driving in the car, waves a clear plastic bag with a smile, while another car is visible in the rear window.;office_s08e24;[647.54, 652.72];office;wymaga_osoby,wymaga_obiektu,wymaga_scenerii,wymaga_ruchu,wymaga_mimiki;Z;Dwight;office_s08e24_022;13;3;no;yes
complex;office;4;9040026;Jim clicks something on the laptop next to the TV and plays a video for everyone.;office_s09e04;[87.5, 91.18];office;wymaga_osoby,wymaga_obiektu,wymaga_ruchu;Z;Jim;office_s09e04_026;13;3;no;yes
complex;office;4;7140024;A shot of Dwight talking to a waiter at a restaurant while Erin points at a photo on a wooden board.;office_s07e14;[926.0, 931.27];office;wymaga_osoby,wymaga_obiektu,wymaga_scenerii,wymaga_ruchu;Z;Dwight;office_s07e14_024;52;24;no;no
complex;office;4;5170026;Kevin and Andy at a break room table with coffee mugs and plates of pastries. Andy drinking from a white and blue mug.;office_s05e17;[243.86, 245.36];office;wymaga_osoby,wymaga_obiektu,wymaga_scenerii,wymaga_ruchu;Z;Kevin;office_s05e17_026;17;4;no;yes
complex;office;4;1050026;Michael looks scared when the ball strikes the boxes near him.;office_s01e05;[927.77, 930.22];office;wymaga_osoby,wymaga_obiektu,wymaga_ruchu,wymaga_mimiki;Z;Michael;office_s01e05_026;12;3;no;yes
complex;office;4;3050031;Dwight leans in close, his mouth near the head of seated Ryan in the wheelchair.;office_s03e05;[680.74, 685.32];office;wymaga_osoby,wymaga_obiektu,wymaga_ruchu;Z;Dwight;office_s03e05_031;6;2;no;yes
complex;office;4;6050012;Dwight and Michael review flyers with a man at the restaurant table, while Andy, dressed as a mechanic, leans back drinking.;office_s06e05;[718.07, 728.43];office;wymaga_osoby,wymaga_obiektu,wymaga_scenerii,wymaga_ruchu;Z;Dwight,Michael;office_s06e05_012;6;2;no;yes
complex;office;4;4090002;Pam hands a bottle of wine to a woman in a red dress.;office_s04e09;[174.22, 180.35];office;wymaga_osoby,wymaga_obiektu,wymaga_ruchu;Z;Pam;office_s04e09_002;10;3;no;yes
complex;office;4;9020007;Meredith and Pam stand with a shiny spinning wheel turning between them, as Pam moves the tiny wheel in front of everyone.;office_s09e02;[105.12, 107.37];office;wymaga_osoby,wymaga_obiektu,wymaga_ruchu;Z;Pam;office_s09e02_007;5;2;no;yes
complex;office;4;9040017;A worried Kevin sits pointing at a map with a pen, while a skeptical Angela sits across from him in a bus.;office_s09e04;[811.33, 817.35];office;wymaga_osoby,wymaga_obiektu,wymaga_scenerii,wymaga_ruchu,wymaga_mimiki;Z;Kevin;office_s09e04_017;15;5;no;no
complex;office;4;2060020;Jim leans his face closer to the mitt, and Pam playfully taps him in the face with it.;office_s02e06;[831.37, 833.53];office;wymaga_osoby,wymaga_obiektu,wymaga_ruchu;Z;Jim,Pam;office_s02e06_020;232;217;no;no
complex;office;4;6050031;A shot through blinds of Oscar standing with his head inside the open office fridge as Michael walks in.;office_s06e05;[969.84, 976.18];office;wymaga_osoby,wymaga_obiektu,wymaga_scenerii,wymaga_ruchu;Z;Michael;office_s06e05_031;13;6;no;no
complex;office;4;5030015;Michael holds a baby carrier above his head while a woman reaches up trying to grab the baby.;office_s05e03;[603.74, 609.26];office;wymaga_osoby,wymaga_obiektu,wymaga_ruchu;Z;Michael;office_s05e03_015;22;15;no;no
complex;office;4;6090017;Michael takes Oscar's phone with a big smile.;office_s06e09;[560.7, 566.75];office;wymaga_osoby,wymaga_obiektu,wymaga_ruchu,wymaga_mimiki;Z;Michael;office_s06e09_017;26;19;no;no
complex;office;4;6050025;Michael, in a suit, is standing in front of people at the office, taking a card out of his pocket.;office_s06e05;[330.94, 336.09];office;wymaga_osoby,wymaga_obiektu,wymaga_scenerii,wymaga_ruchu;Z;Michael;office_s06e05_025;60;53;no;no
complex;office;4;1050022;Dwight takes off his shirt in the warehouse and spreads his arms.;office_s01e05;[780.49, 782.84];office;wymaga_osoby,wymaga_obiektu,wymaga_scenerii,wymaga_ruchu;Z;Dwight;office_s01e05_022;1;4;yes;yes
complex;office;4;1050027;Darryl and another man dancing together with the basketball hoop and Michael in the background.;office_s01e05;[936.1, 945.1];office;wymaga_osoby,wymaga_obiektu,wymaga_ruchu;Z;Michael;office_s01e05_027;1;4;yes;yes
complex;office;4;3050024;Dwight and Ryan throw something at a white building, then flee back to the red car.;office_s03e05;[937.96, 951.05];office;wymaga_osoby,wymaga_obiektu,wymaga_ruchu;Z;Dwight;office_s03e05_024;1;3;yes;yes
complex;office;4;7230016;Dwight rips the fist poster off the board and tosses it into the trash bin by the bathroom.;office_s07e23;[380.39, 388.37];office;wymaga_osoby,wymaga_obiektu,wymaga_scenerii,wymaga_ruchu;Z;Dwight;office_s07e23_016;1;3;yes;yes
complex;office;4;7230029;Dwight is giving away a gun to Creed.;office_s07e23;[705.29, 706.87];office;wymaga_osoby,wymaga_obiektu,wymaga_ruchu;Z;Dwight;office_s07e23_029;755;1496;no;no
complex;office;4;1050028;Michael bumps his chest into Ryan, who holds the ball.;office_s01e05;[951.15, 953.73];office;wymaga_osoby,wymaga_obiektu,wymaga_ruchu;Z;Michael;office_s01e05_028;1;2;yes;yes
complex;office;4;8040019;Dwight dances strangely with a maid, waving a light scarf, as people watch in the garden.;office_s08e04;[563.37, 573.04];office;wymaga_osoby,wymaga_obiektu,wymaga_scenerii,wymaga_ruchu;Z;Dwight;office_s08e04_019;1;2;yes;yes
complex;office;4;8240013;Pam, with the stroller and a kid holding her hand, enters the office, Jim surprised and fake-smiling.;office_s08e24;[338.26, 344.22];office;wymaga_osoby,wymaga_obiektu,wymaga_scenerii,wymaga_ruchu,wymaga_mimiki;Z;Pam,Jim;office_s08e24_013;1;2;yes;yes
complex;office;4;9040015;Dwight climbs into the bus through the sunroof, while Pam and Jim, sitting nearby, dodge.;office_s09e04;[896.78, 905.88];office;wymaga_osoby,wymaga_obiektu,wymaga_scenerii,wymaga_ruchu;Z;Dwight,Pam,Jim;office_s09e04_015;1;2;yes;yes
complex;office;4;9040016;Dwight angrily drops the keys with a yellow keychain onto Jim's.;office_s09e04;[888.95, 892.89];office;wymaga_osoby,wymaga_obiektu,wymaga_ruchu;Z;Dwight,Jim;office_s09e04_016;6;218;no;no
complex;office;4;1050025;Dwight drinks from the bottle with his mask on his face and spits.;office_s01e05;[861.87, 865.63];office;wymaga_osoby,wymaga_obiektu,wymaga_ruchu;Z;Dwight;office_s01e05_025;1;1;yes;yes
complex;office;4;1050035;Michael walks out of his office clapping, a tissue in his nose.;office_s01e05;[1267.48, 1269.31];office;wymaga_osoby,wymaga_obiektu,wymaga_scenerii,wymaga_ruchu;Z;Michael;office_s01e05_035;1;1;yes;yes
complex;office;4;2060017;Dwight, with a black bag under his arm, gets into a crowded elevator.;office_s02e06;[801.7, 812.0];office;wymaga_osoby,wymaga_obiektu,wymaga_scenerii,wymaga_ruchu;Z;Dwight;office_s02e06_017;1;1;yes;yes
complex;office;4;2060022;Jim lifts Pam, holding a training mitt, by the waist.;office_s02e06;[839.19, 848.88];office;wymaga_osoby,wymaga_obiektu,wymaga_ruchu;Z;Jim,Pam;office_s02e06_022;1;1;yes;yes
complex;office;4;2060033;Michael pins Dwight to the mat while an instructor in the background covers his mouth and laughs.;office_s02e06;[1279.81, 1284.6];office;wymaga_osoby,wymaga_obiektu,wymaga_ruchu,wymaga_mimiki;Z;Michael,Dwight;office_s02e06_033;1;1;yes;yes
complex;office;4;3050027;Dwight and Ryan sit at a bar chugging their beers while one chokes.;office_s03e05;[973.81, 979.84];office;wymaga_osoby,wymaga_obiektu,wymaga_scenerii,wymaga_ruchu;Z;Dwight;office_s03e05_027;1;1;yes;yes
complex;office;4;3190014;Dwight drops the watermelon from the roof, and it bounces off a trampoline below.;office_s03e19;[772.56, 775.62];office;wymaga_osoby,wymaga_obiektu,wymaga_scenerii,wymaga_ruchu;Z;Dwight;office_s03e19_014;1;1;yes;yes
complex;office;4;3190028;Dwight takes a binder from the shelf and stands beside Andy, who turns to him.;office_s03e19;[800.4, 804.2];office;wymaga_osoby,wymaga_obiektu,wymaga_ruchu;Z;Dwight;office_s03e19_028;1;1;yes;yes
complex;office;4;3190020;Michael climbs down a caged ladder on the side of a building as people applaud below.;office_s03e19;[1204.6, 1211.61];office;wymaga_osoby,wymaga_obiektu,wymaga_scenerii,wymaga_ruchu;Z;Michael;office_s03e19_020;1;1;yes;yes
complex;office;4;4090007;A woman holds a candle up to Jim's nose for him to smell.;office_s04e09;[233.09, 238.15];office;wymaga_osoby,wymaga_obiektu,wymaga_ruchu;Z;Jim;office_s04e09_007;1;1;yes;yes
complex;office;4;4090026;Michael dips a piece of food into a wine glass on the table and eats it.;office_s04e09;[990.06, 996.61];office;wymaga_osoby,wymaga_obiektu,wymaga_ruchu;Z;Michael;office_s04e09_026;1;1;yes;yes
complex;office;4;5030002;Dwight with a fake pregnant belly under his shirt leans over a wastebasket, liquid spilling into it.;office_s05e03;[28.45, 35.18];office;wymaga_osoby,wymaga_obiektu,wymaga_ruchu;Z;Dwight;office_s05e03_002;1;1;yes;yes
complex;office;4;5030004;Michael eats a slice of watermelon at his desk while a man beside him gets dressed.;office_s05e03;[102.11, 112.05];office;wymaga_osoby,wymaga_obiektu,wymaga_ruchu;Z;Michael;office_s05e03_004;1;1;yes;yes
complex;office;4;5030006;Phyllis pumps up a balloon with a hand pump while Michael watches her through the office blinds.;office_s05e03;[250.61, 261.72];office;wymaga_osoby,wymaga_obiektu,wymaga_scenerii,wymaga_ruchu;Z;Michael;office_s05e03_006;1;1;yes;yes
complex;office;4;5030008;A person with a brown envelope approaches Jim on the phone, who puts cash inside.;office_s05e03;[299.26, 310.12];office;wymaga_osoby,wymaga_obiektu,wymaga_ruchu;Z;Jim;office_s05e03_008;1;1;yes;yes
complex;office;4;5030018;Pam talks on the phone in a laundromat while a woman on the left sits on a washing machine folding clothes.;office_s05e03;[714.57, 718.87];office;wymaga_osoby,wymaga_obiektu,wymaga_scenerii,wymaga_ruchu;Z;Pam;office_s05e03_018;1;1;yes;yes
complex;office;4;6050030;A man in a suit and glasses hands Michael a document and a pen at the restaurant table.;office_s06e05;[825.01, 830.99];office;wymaga_osoby,wymaga_obiektu,wymaga_scenerii,wymaga_ruchu;Z;Michael;office_s06e05_030;1;1;yes;yes
complex;office;4;6090012;Michael rushes over to a cabinet in the office and takes out board games.;office_s06e09;[399.57, 406.52];office;wymaga_osoby,wymaga_obiektu,wymaga_scenerii,wymaga_ruchu;Z;Michael;office_s06e09_012;1;1;yes;yes
complex;office;4;7140005;Jim and Michael riding in a car, Michael rubbing his eyes with his fingers while talking.;office_s07e14;[262.22, 276.22];office;wymaga_osoby,wymaga_obiektu,wymaga_scenerii,wymaga_ruchu;Z;Jim,Michael;office_s07e14_005;1;1;yes;yes
complex;office;4;7140019;Michael holds a light-colored puppy up to his face and gets licked.;office_s07e14;[631.89, 637.18];office;wymaga_osoby,wymaga_obiektu,wymaga_ruchu;Z;Michael;office_s07e14_019;1;1;yes;yes
complex;office;4;7230006;Dwight talks on the phone, seen through blinds, then suddenly smirks slyly, pulling it from his ear and flinching upward.;office_s07e23;[108.08, 109.7];office;wymaga_osoby,wymaga_obiektu,wymaga_ruchu,wymaga_mimiki;Z;Dwight;office_s07e23_006;1;1;yes;yes
complex;office;4;7230022;Dwight drops the sword he used to open the box, shocked and moved, then sits down pulling something from the box.;office_s07e23;[602.01, 613.18];office;wymaga_osoby,wymaga_obiektu,wymaga_ruchu,wymaga_mimiki;Z;Dwight;office_s07e23_022;1;1;yes;yes
complex;office;4;7230023;Dwight, standing tall, proudly walks up to Jim's desk with a revolver in a leather holster on his belt.;office_s07e23;[615.04, 620.9];office;wymaga_osoby,wymaga_obiektu,wymaga_ruchu;Z;Dwight,Jim;office_s07e23_023;1;1;yes;yes
complex;office;4;8040003;Dwight runs out of the office, through the street and park, and shouts at the sight of a large ad banner featuring him and Andy.;office_s08e04;[84.82, 96.23];office;wymaga_osoby,wymaga_obiektu,wymaga_scenerii,wymaga_ruchu;Z;Dwight;office_s08e04_003;1;1;yes;yes
complex;office;4;8040016;Dwight, dressed in a vintage period costume, stands stiffly by a porch as Ryan walks past him with a pipe in his mouth.;office_s08e04;[413.8, 419.72];office;wymaga_osoby,wymaga_obiektu,wymaga_scenerii,wymaga_ruchu;Z;Dwight;office_s08e04_016;1;1;yes;yes
complex;office;4;8040017;Jim and Pam, with the stroller and a kid on Jim's arm, walk past Dwight standing stiffly by the porch.;office_s08e04;[433.55, 439.74];office;wymaga_osoby,wymaga_obiektu,wymaga_scenerii,wymaga_ruchu;Z;Jim,Pam,Dwight;office_s08e04_017;1;1;yes;yes
complex;office;4;8040034;Jim stands beside Phyllis, both holding drinks at the outdoor party, as Jim awkwardly waves at someone, looking uncomfortable.;office_s08e04;[1184.75, 1187.74];office;wymaga_osoby,wymaga_obiektu,wymaga_scenerii,wymaga_ruchu,wymaga_mimiki;Z;Jim;office_s08e04_034;1;1;yes;yes
complex;office;4;8040031;Dwight stands in the middle, holding a torch, as waiters and maids circle around him, raising their torches.;office_s08e04;[1238.49, 1242.54];office;wymaga_osoby,wymaga_obiektu,wymaga_ruchu;Z;Dwight;office_s08e04_031;1;1;yes;yes
complex;office;4;9020009;A little girl spins around in the yard in front of the house, as Jim leaves it with a present in his hand.;office_s09e02;[140.83, 145.64];office;wymaga_osoby,wymaga_obiektu,wymaga_scenerii,wymaga_ruchu;Z;Jim;office_s09e02_009;1;1;yes;yes
complex;office;4;9020016;A man with a tray of drinks approaches Jim and Pam, and Pam takes a drink from his tray, handing him the banana peel.;office_s09e02;[245.49, 260.47];office;wymaga_osoby,wymaga_obiektu,wymaga_ruchu;Z;Jim,Pam;office_s09e02_016;1;1;yes;yes
complex;office;4;9020024;Dwight grabs the woman's hand and lifts it repeatedly, letting it drop onto the cutting board.;office_s09e02;[978.99, 981.61];office;wymaga_osoby,wymaga_obiektu,wymaga_ruchu;Z;Dwight;office_s09e02_024;1;1;yes;yes
complex;office;4;9020025;Dwight repeatedly raises a cleaver above his head, preparing to bring it down on the woman's hand, while she drinks from a can.;office_s09e02;[1110.49, 1114.25];office;wymaga_osoby,wymaga_obiektu,wymaga_ruchu;Z;Dwight;office_s09e02_025;1;1;yes;yes
complex;office;4;9040002;Jim and Pam scoop cake onto their forks and eat it, sitting side by side on a bench outdoors.;office_s09e04;[1239.61, 1245.57];office;wymaga_osoby,wymaga_obiektu,wymaga_scenerii,wymaga_ruchu;Z;Jim,Pam;office_s09e04_002;1;1;yes;yes
complex;office;4;9140022;Dwight hands out white papers to the workers in uniforms, sitting at a long table in the warehouse.;office_s09e14;[495.96, 504.31];office;wymaga_osoby,wymaga_obiektu,wymaga_scenerii,wymaga_ruchu;Z;Dwight;office_s09e14_022;1;1;yes;yes
complex;office;4;9140033;Pam puts a cap on the young man in glasses' head and shushes him, pressing her finger to his lips.;office_s09e14;[1002.24, 1007.06];office;wymaga_osoby,wymaga_obiektu,wymaga_ruchu;Z;Pam;office_s09e14_033;1;1;yes;yes
complex;office;4;9140034;Dwight peeks through binoculars, as Pam ends the call and exits through a door behind the boxes.;office_s09e14;[1039.0, 1043.09];office;wymaga_osoby,wymaga_obiektu,wymaga_ruchu;Z;Dwight,Pam;office_s09e14_034;1;1;yes;yes
complex;office;4;9140038;Dwight, with a shocked and admiring expression, walks around the car and admires the large painting on its side.;office_s09e14;[1097.94, 1108.89];office;wymaga_osoby,wymaga_obiektu,wymaga_ruchu,wymaga_mimiki;Z;Dwight;office_s09e14_038;1;1;yes;yes
complex;office;4;9020010;Jim is putting his bag in the trunk of a silver car, when Pam runs out of the house with a banana in her hand.;office_s09e02;[156.08, 165.62];office;wymaga_osoby,wymaga_obiektu,wymaga_scenerii,wymaga_ruchu;Z;Jim,Pam;office_s09e02_010;1;6;yes;no
complex;office;4;2100017;Michael exits the room tossing his Santa hat onto the sofa.;office_s02e10;[524.47, 527.86];office;wymaga_osoby,wymaga_obiektu,wymaga_ruchu;Z;Michael;office_s02e10_017;2;4;yes;yes
complex;office;4;9020017;Dwight, sitting at his desk, takes a piece of paper, crumples it in his hands, and throws it behind him.;office_s09e02;[378.51, 380.94];office;wymaga_osoby,wymaga_obiektu,wymaga_ruchu;Z;Dwight;office_s09e02_017;442;572;no;no
complex;office;4;8240020;Dwight is leaving the office with a clear plastic bag as Angela chases him, seen through the kitchen door blinds.;office_s08e24;[628.9, 640.21];office;wymaga_osoby,wymaga_obiektu,wymaga_scenerii,wymaga_ruchu;Z;Dwight;office_s08e24_020;5;60;no;no
complex;office;4;7230003;Dwight answers the phone at his desk, then reacts in shock, raises his eyebrows, eyes wide and mouth open.;office_s07e23;[63.01, 69.36];office;wymaga_osoby,wymaga_obiektu,wymaga_ruchu,wymaga_mimiki;Z;Dwight;office_s07e23_003;29;112;no;no
complex;office;4;2100002;Michael and Dwight try to get the big Christmas tree through the doors.;office_s02e10;[6.03, 20.99];office;wymaga_osoby,wymaga_obiektu,wymaga_ruchu;Z;Michael,Dwight;office_s02e10_002;2;3;yes;yes
complex;office;4;3190018;Jim and Pam approach a red and pink inflatable bounce castle outside a building.;office_s03e19;[1048.37, 1050.88];office;wymaga_osoby,wymaga_obiektu,wymaga_scenerii,wymaga_ruchu;Z;Jim,Pam;office_s03e19_018;2;3;yes;yes
complex;office;4;7230017;Jim walks in and pins two fist posters side by side on the bulletin board in the office hallway.;office_s07e23;[388.69, 393.98];office;wymaga_osoby,wymaga_obiektu,wymaga_scenerii,wymaga_ruchu;Z;Jim;office_s07e23_017;2;3;yes;yes
complex;office;4;9140031;Darryl takes a green can out of a cooler, while Jim eats at a table nearby in the room.;office_s09e14;[962.57, 969.08];office;wymaga_osoby,wymaga_obiektu,wymaga_ruchu;Z;Jim;office_s09e14_031;2;12;yes;no
complex;office;4;2060003;Dwight talks on the phone at his desk in the bathroom while a man holding a candle walks past him.;office_s02e06;[80.1, 88.92];office;wymaga_osoby,wymaga_obiektu,wymaga_scenerii,wymaga_ruchu;Z;Dwight;office_s02e06_003;3;4;yes;yes
complex;office;4;9020027;Dwight makes circles with a cleaver in his hand above the cutting board, where the woman holds her hand.;office_s09e02;[1115.96, 1117.57];office;wymaga_osoby,wymaga_obiektu,wymaga_ruchu;Z;Dwight;office_s09e02_027;3;4;yes;yes
complex;office;4;9140013;Jim washes his hands in a dirty sink, wipes his hands with a towel, and throws it onto the sink.;office_s09e14;[217.85, 221.75];office;wymaga_osoby,wymaga_obiektu,wymaga_ruchu;Z;Jim;office_s09e14_013;3;4;yes;yes
complex;office;4;2100010;Kevin and Oscar in Christmas ties try to lift a desk in the office.;office_s02e10;[253.52, 263.01];office;wymaga_osoby,wymaga_obiektu,wymaga_scenerii,wymaga_ruchu;Z;Kevin;office_s02e10_010;10;44;no;no
complex;office;4;3050028;Ryan chugging a beer while Dwight slaps his palms on the table, then pounds his fists.;office_s03e05;[979.82, 988.95];office;wymaga_osoby,wymaga_obiektu,wymaga_ruchu;Z;Dwight;office_s03e05_028;2;2;yes;yes
complex;office;4;5030020;Dwight shoves a stroller forward, sending it tumbling upside down in an abandoned lot.;office_s05e03;[775.05, 778.23];office;wymaga_osoby,wymaga_obiektu,wymaga_scenerii,wymaga_ruchu;Z;Dwight;office_s05e03_020;2;2;yes;yes
complex;office;4;9040037;The people walk out of the building as Dwight waves for the bus pulling into the office parking lot.;office_s09e04;[460.39, 468.96];office;wymaga_osoby,wymaga_obiektu,wymaga_scenerii,wymaga_ruchu;Z;Dwight;office_s09e04_037;2;2;yes;yes
complex;office;4;9040009;Jim climbs down into the bus through the sunroof, while Dwight steps down onto his shoulders with his shoes.;office_s09e04;[1113.83, 1128.63];office;wymaga_osoby,wymaga_obiektu,wymaga_scenerii,wymaga_ruchu;Z;Jim,Dwight;office_s09e04_009;2;9;yes;no
complex;office;4;9040003;Oscar smears cake onto Kevin's face with a small plate.;office_s09e04;[1226.82, 1230.6];office;wymaga_osoby,wymaga_obiektu,wymaga_ruchu;Z;Kevin;office_s09e04_003;2;2;yes;yes
complex;office;4;9140003;Pam, in a brown coat, carrying a folded blanket under her arm, walks through the warehouse, then stops and screams in shock.;office_s09e14;[89.97, 91.23];office;wymaga_osoby,wymaga_obiektu,wymaga_scenerii,wymaga_ruchu,wymaga_mimiki;Z;Pam;office_s09e14_003;2;2;yes;yes
complex;office;4;9140037;Pam, holding a bucket and paintbrush, walks around a car covered in white paint as Dwight keeps painting it.;office_s09e14;[1081.37, 1083.57];office;wymaga_osoby,wymaga_obiektu,wymaga_ruchu;Z;Pam,Dwight;office_s09e14_037;2;9;yes;no
complex;office;4;2060016;Dwight in a yellow shirt pulls his shirt aside and shows his stomach.;office_s02e06;[741.53, 744.65];office;wymaga_osoby,wymaga_obiektu,wymaga_ruchu;Z;Dwight;office_s02e06_016;2;8;yes;no
complex;office;4;7230026;Dwight plays with the gun in front of people, and it fires, startling everyone.;office_s07e23;[672.52, 683.29];office;wymaga_osoby,wymaga_obiektu,wymaga_ruchu;Z;Dwight;office_s07e23_026;104;137;no;no
complex;office;4;9140026;Oscar and Kevin, eating a snack from small plates, stand in the living room of some house, glancing at a portrait of an angry-looking, posing Angela.;office_s09e14;[612.2, 620.38];office;wymaga_osoby,wymaga_obiektu,wymaga_scenerii,wymaga_ruchu,wymaga_mimiki;Z;Kevin;office_s09e14_026;3;3;yes;yes
complex;office;4;9140039;A satisfied Pam stands by the open trunk as an angry warehouse worker storms toward her across the parking lot.;office_s09e14;[1137.23, 1147.84];office;wymaga_osoby,wymaga_obiektu,wymaga_scenerii,wymaga_ruchu,wymaga_mimiki;Z;Pam;office_s09e14_039;5;15;no;no
complex;office;4;2100021;Michael pulls the ears off Dwight, who is in an elf costume, and throws them at his face.;office_s02e10;[764.02, 767.05];office;wymaga_osoby,wymaga_obiektu,wymaga_ruchu;Z;Michael,Dwight;office_s02e10_021;4;4;yes;yes
complex;office;4;9140020;An angry Dwight approaches the young man in glasses' desk from behind and takes his landline phone out of his hand.;office_s09e14;[345.35, 348.09];office;wymaga_osoby,wymaga_obiektu,wymaga_ruchu,wymaga_mimiki;Z;Dwight;office_s09e14_020;82;97;no;no
complex;office;4;1020020;Michael tears up the yellow paper in front of people.;office_s01e02;[664.92, 668.99];office;wymaga_osoby,wymaga_obiektu,wymaga_ruchu;Z;Michael;office_s01e02_020;8;11;no;no
complex;office;4;8240019;Dwight with small scissors walks up to Angela, who is taking a photo with a man and a child.;office_s08e24;[534.28, 543.96];office;wymaga_osoby,wymaga_obiektu,wymaga_ruchu;Z;Dwight;office_s08e24_019;5;7;no;no
