desc_id;episode;split;desc;wymaga_obiektu;wymaga_scenerii;wymaga_ruchu;complexity
997112850818;--07WQ2iBlw_000001_000011;test;A boy throws nerf arrows after getting into a throwing position.;;;;
95260587477;--gEBElruic_000067_000077;test;Two people are seen as they go down a slope in their bobsled.;;;;
876888152609;--uGS0Y4D6k_000009_000019;test;A man is building something out of wood with various power tools.;;;;
616862478740;-0cIpwdV-DU_000722_000732;test;A woman smooths out a pearl necklace and places it on a headless display.;;;;
366852170730;-0qOFqf_eRk_000016_000026;test;a young girl uses her hands to clean a piece of clothes;;;;
173373801319;-15UpGVyV4w_000001_000011;test;Two adults and a child sit by a body of water with fish swimming in it, and a person walks in the background.;;;;
103098711942;-1nK1bPQYEc_000149_000159;test;A woman is in the kitchen cutting another persons hair and that person is sitting in a chair with a red cape over them.;;;;
39815241981;-2JgjPsy4Eo_000077_000087;test;A woman in costume belly dancing on stage.;;;;
592231504579;-2VKVjgNuE0_000000_000010;test;A man instructing students on how to do exercises in the classroom.;;;;
871647136498;-2vdj0y_rI4_000055_000065;test;A small boy is counting toy money by placing each note onto a pile on the floor but doing so rather slowly and with difficulty.;;;;
613187077159;-3GJ6WdOrOw_000044_000054;test;Shows three people bungee jumping off a bridge, a woman in the middle of it and a guy looking exciting.;;;;
532916198557;-5X5a5u_qJ0_000000_000010;test;An individual shows off an elaborate way to shuffle cards.;;;;
409349138093;-6CM7VV8-_w_000262_000272;test;A lady is cartwheeling while a man in the background is shouting.;;;;
43489390752;-6WaGE52Odw_000000_000010;test;a overweight woman walks up and carries a heavy weight;;;;
475344213609;-6wNVod8iag_000377_000387;test;In a room a girl is playing a piano music.;;;;
942111527129;-6yaNVdS-2E_000000_000010;test;A karate kid breaks a board that was held by an adult man.;;;;
577947964947;-72xNEx6hZo_000214_000224;test;A man riding a small tractor uses it to blow snow from around a house.;;;;
587324170430;-89t2FKhgJk_000003_000013;test;A man is throwing an exercise ball at a wall and catching it.;;;;
840153587035;-CHTxmgMUes_000010_000020;test;Two boys are sitting in the seats of a bus with one of the boys eating snacks out of a bag.;;;;
298605722478;-D6-UmndVJk_000001_000011;test;A boy pushes a wooden chair with a green ring on it.;;;;
897641585490;-EY5C7ExBO4_000133_000143;test;A person holds a large fungus, picks up another one, drops it and brushes dirt off the large fungus.;;;;
548953637025;-FOfyuyabWQ_000016_000026;test;The man suspended outside the window is cleaning the glass.;;;;
708322577045;-GGG0mwXLFw_000000_000010;test;A person is shown with a beer in there hands drinking it.;;;;
342659374021;-IGwsxNxUpo_000002_000012;test;A woman spits a log with an ax and gets excited when she does it.;;;;
733457792907;-LbB4qrpeFY_000194_000204;test;a teenager is sitting on a bed and he is shredding a lot of paper;;;;
511856836472;-LsQK3zOcwo_000194_000204;test;A crowd watches as two Hockey Teams duke it out on the ice rink.;;;;
324840481342;-M3_7e_exd8_000108_000118;test;A bartender stands before and audience and acrobatically mixes drinks.;;;;
77808538065;-MUTGKtPyX0_000063_000073;test;A woman holds a phone near a bitcoin ATM and takes a receipt while another woman explains the process.;;;;
21471893595;-MV_iN5WXuw_000002_000012;test;A person runs a red mower on grass near some leaves, the gusts from the mower blowing leaves.;;;;
64042606007;-N5C2S2KW80_000018_000028;test;A baby crawling on the floor towards some leggo toys;;;;
744387812914;-PCVHF3Kp3M_000169_000179;test;Pieces of a broken guitar are tossed onto the carpet by a young man with a grin on his face.;;;;
350240704786;-Rb4JyBZ04Q_000000_000010;test;In slow motion a  young boy demonstrates a backwards flip.;;;;
329192976529;-Si5SfAGWek_000000_000010;test;A girl is listening to music and then she puts her head on the floor and does a head stand against the wall.;;;;
11877799829;-Tc2NGLTTD0_000121_000131;test;A woman explains how to thread a piece of thread into a sewing machine.;;;;
139489585548;-VatMZ0ztMk_000000_000010;test;A man is in pain as a wax strip is pulled off his chest and then reapplied.;;;;
95679742790;-W04ILeepgw_000000_000010;test;Two skiers line up and then hit a small jump at the ski resort.;;;;
144606977682;-ZoW0nCjxJw_000000_000010;test;Someone is trying to cut an apple in half but during the process they poke their finger and exclaim.;;;;
46799872048;-_axH6kxbic_000003_000013;test;People are playing poker and a girl goes all in and loses to someone thens someone else has a better hand.;;;;
866008832483;-_hu_Ld-ddk_000007_000017;test;A woman discusses how you can boil potatoes before actually peeling them.;;;;
420251139254;-_oOuXwO5tQ_000021_000031;test;People cheer as they watch the uncovered after a massage.;;;;
350902037425;-aQR-rCWaVQ_000016_000026;test;A small male child is kicking a soccer ball on grass.;;;;
650390795548;-abgu7xMKe8_000151_000161;test;A man tells how to cook eggs and tells how long it takes.;;;;
599818579964;-b6gqj_mZOs_000009_000019;test;A football game is shown and two uniformed teams are playing while the crowd cheers.;;;;
454570861062;-d7gxstQux4_000067_000077;test;A toddler wipes and blows their nose with a tissue.;;;;
412580042985;-dHjiNfYz4E_000015_000025;test;A person wearing a headlamp huffs and puffs while crawling across the floor of a cave.;;;;
436959147599;-d_oTAmUrII_000000_000010;test;A young boy runs, jumps, and kicks with both feet and hanging, punching bag in slow motion.;;;;
329287622312;-fvtIUVgGtc_000223_000233;test;A man demonstrates how to apply stippled paint indoors with a paint roller.;;;;
604033244718;-gsRLvAO4mw_000022_000032;test;A group of boys surround one boy who is parasails from the beach.;;;;
158836988883;-igwdtV9JU8_000000_000010;test;A man walks his dog outside in the snow and the dog jumps into the snow.;;;;
345387508538;-jOClYqKtE8_000003_000013;test;People in a bowling alley throw bowling balls down the lane and people talk.;;;;
463309897578;-jTsiLl3m3w_000193_000203;test;An ice skater is completing a move to demonstrate instructions.;;;;
713400505376;-kmzssWKO-o_000029_000039;test;A man is speaking in a language other than English on a stage with people behind him.;;;;
678513606253;-l309dqYR-8_000113_000123;test;A guy uses a dish sponge to wash dirty dishes.;;;;
752533734976;-myPMnDFa4Q_000003_000013;test;Two teenagers are seen swinging on a swing set while another stands by.;;;;
694761436007;-mzTg9hPn5M_000096_000106;test;A man places a toy baby in a high chair at a table, the table is full of toy plates.;;;;
39455971399;-ngkOG5vwkE_000025_000035;test;A woman with a leaf blower on her back laughs at being called an astronaut.;;;;
301789199939;-pHrb1FLXfY_000011_000021;test;A child slides down a pool slide at intervals while a person makes a comment.;;;;
600041937190;-sHSaxfCV5k_000000_000010;test;A woman skillfully and tactfully demonstrating with a Stability Ball Trunk;;;;
273597069622;-u5A74I0--M_000012_000022;test;A school of fish swimming around a scuba diver with music in the background.;;;;
216792552936;-uayIf2Y92U_000036_000046;test;A girl demonstrates how to put in and move around a contact lense.;;;;
587004573620;0-3yl2_Myso_000003_000013;test;Three men tap dancing on a wooden floor in front of a band stand.;;;;
366730742937;0-NbSopwDlk_000094_000104;test;A woman is cutting the meat of a watermelon in pieces from the rind and putting them in a bowl.;;;;
394702765295;01BFInmg3Zs_000001_000011;test;The lady on a wheelchair is trying to do a wheelie exhibition at the party.;;;;
162448225554;02YywtEHEWY_000388_000398;test;A man practices agility and dribbling skillings using basketball and a baseball.;;;;
624311623032;05DTHPMVt_I_000005_000015;test;An announcer yells about a man that is on a track.;;;;
932289894285;05DTqECiJtI_000223_000233;test;The Swiss 4-man bobsled team starts a run down an icy track.;;;;
842393281769;06fOUg4SADg_000003_000013;test;A man is counting a wad of money at a high speed.;;;;
271671356879;075Sp8SBR98_000000_000010;test;Two people balancing themselves and trowing balls back forth to each other.;;;;
819337997511;08OBRf76kdw_000015_000025;test;A girl was filmed putting her tongue on a toilet seat then yelling and drinking water.;;;;
183649394409;08jcCNdrp4E_000044_000054;test;A guy is walking across a tight rope in a backyard.;;;;
860679982028;08qD_jd4qLY_000066_000076;test;A person painting her toe nails red while music plays in the background.;;;;
294728696573;0AKL0DwYN2c_000087_000097;test;A young child is seen picking an apple from a tree.;;;;
171060866457;0AaSiIVdKXU_000027_000037;test;a large yellow tractor pushes some dirt outside in the day;;;;
692620371176;0B7puDmojro_000061_000071;test;A construction truck is emptying dirt from a large container.;;;;
831571982179;0DtaFHAH_bY_000000_000010;test;People are walking around holding tools through the bushes outside.;;;;
283112617344;0EM_2IHwkSY_000070_000080;test;In a church, a young man is playing the saxophone in front of the church.;;;;
706377755170;0FuVWCWL1n4_000018_000028;test;The lady is trying to show how to put a thread through a needle.;;;;
650050210294;0GWr1EV6ZuY_000106_000116;test;A woman with postcards on the wall behind is skilfully playing the bass guitar and fretting well.;;;;
989834087566;0Hmw2Try_M0_001049_001059;test;An authentic Native American arrowhead is shown being made in the traditional way.;;;;
924599993521;0KV2qAGPx1U_000033_000043;test;a man is tossing a soccer ball and trying to catch with when it rebound while another man supervise;;;;
718854629857;0L44b3HExVA_000031_000041;test;a person on stage singing and dancing in front of other people;;;;
708986224412;0LPPXRmZV8g_000103_000113;test;A man putting up bricks on a wall.;;;;
28931249237;0LY2o7pBVCo_000028_000038;test;A little girl is jumping up and down in an inflatable.;;;;
181189983487;0OfYCZ3Kiow_000084_000094;test;A tower is seen being built using a number of cards on the table.;;;;
988518970643;0OjaGxvpEzo_000026_000036;test;a baby is trying to crawl over a blanket to reach another blankert;;;;
986667327151;0Q_QyVrbQKI_000015_000025;test;Someone opening and then closing a refrigerator and then opening and closing the freezer.;;;;
546467836970;0S3itzH8NBU_000000_000010;test;An Asian girl is singing happy birthday song in front of her shirtless father.;;;;
922835163697;0SDk813UzEo_000043_000053;test;A man is rolling snow in a yard to make a big ball and a little child watches.;;;;
690449032266;0Sszl-X6R7M_000029_000039;test;A kid is drumming to a beat on his drum set.;;;;
293628219909;0XHT4ID7Wkk_000004_000014;test;A young man in basketball clothes dribbles two balls at once in a gym.;;;;
190753008890;0_VIUYS5b1E_000043_000053;test;A young child is sitting at an organ playing the keys while a beat plays in the background.;;;;
784571539395;0elHrwxt_bI_000004_000014;test;A woman and man are making sausages together as a small crowd watches.;;;;
812623357204;0gZqPa1qo4s_000013_000023;test;A boy rolls around in roller skates while holding onto a balancing support.;;;;
54292803870;0hDMPpYEJGM_000073_000083;test;A man uses a tool to carve an ice sculpture while a class of people watch him.;;;;
785971810449;0hVtX45KhS8_000075_000085;test;Kids swim racing in an indoor swimming pool.;;;;
59696865533;0jReAaglfds_000000_000010;test;A man is sitting with a long pipe in his hand, and blowing smoke rings.;;;;
52107016700;0jVorDbYBVs_000000_000010;test;A group of children are playing a musical piece using a band of instruments.;;;;
554657178159;0jbMrrJ9yXA_000000_000010;test;Two girls are laughing and screaming while play wrestling on the floor.;;;;
273551563441;0lqKvDiwZDc_000171_000181;test;People are kayaking in an orange kayak down a muddy river.;;;;
778538168792;0mvWamNDkB4_000007_000017;test;Someone is laughing in the dark as a lighter is lit.;;;;
856226921720;0nQBmFswEOw_000062_000072;test;A person points at a part of an electric cutting tool, then runs it.;;;;
125666629505;0o-DvBPWSEI_000087_000097;test;A slow motion capture of a person riding and jumping their bike.;;;;
777641842337;0pj7BQ5357w_000000_000010;test;A girl has two rattles in her hand and is dancing with her sunglasses on.;;;;
818738641020;0qb7N_CyrcM_000884_000894;test;A member of a band is playing the saxophone and doing a solo.;;;;
609908415808;0rlX8NpofKs_000000_000010;test;A guy with back top and hat was fixing the drill then switched it on;;;;
496719510057;0taYGzC2ZCc_000189_000199;test;A guy is using a brush and a cloth to buff a black boot.;;;;
92441163085;0uxtqCy2nUI_000008_000018;test;A little girl rides a scooter in an asphalt cul-de-sac.;;;;
969920109927;0vNsmpUxHT0_000024_000034;test;Two girls are making a video to ask people which cap they prefer.;;;;
76901933036;0w7jPdjFhfg_000336_000346;test;A carpenter shows how to drill a hole in a piece of wood.;;;;
588797738865;0y9jAiuCu78_000073_000083;test;A boy is having his hair shaved off by two men standing next to him.;;;;
868140565676;0ybnpf_KSwg_000089_000099;test;there is flood and a motorcycle is in the flood. there are a lot of people near the flood.;;;;
7951772186;0zeq-hN8X-U_000112_000122;test;Someone at a table shows how to fold a napkin to contain the sliverware.;;;;
709764640538;1-o0dctUmb4_000007_000017;test;A man takes a bite of a stack of burgers and fries from McDonald's.;;;;
84447998956;10UDBRZ5wnM_000000_000010;test;A young kid is making foam balloons  using a certain  object;;;;
992906933448;10VlOsVeZb8_000000_000010;test;Two girls are making a video of themselves waking up in bed.;;;;
915618595716;11DNgvKLRHM_000078_000088;test;A man sitting on a couch, singing into a microphone.;;;;
14704798147;144kxqKEkNE_000000_000010;test;A man is alone in the dark outdoors playing with fire on a stick;;;;
560096610427;189I4dXwycI_000014_000024;test;A man tries to get pass another man but is being blocked.;;;;
774683819571;19hKnhFMLUs_000008_000018;test;A man is on the water in a boat trying to maneuver his way around.;;;;
844787451857;19zOVnkSOeM_000000_000010;test;Football team makes a field goal during a game with fans in the bleachers.;;;;
468811433044;1BOQ7BWfq-0_000028_000038;test;The camera pans around a street corner at night as a car passes, then focuses on a face close up;;;;
145575284516;1CysU81R_uk_000000_000010;test;A baby boy hugs a Mickey Mouse mascot in fascination.;;;;
110844517203;1DAtchstb_4_000004_000014;test;A little boy opens a present as a woman helps him and a man talks to him.;;;;
455259736648;1DSNpTTsJJ4_000006_000016;test;Two boys are dancing in the same fashion in unison with one another;;;;
570243376564;1EhggBBgtLo_000031_000041;test;A man is standing in front of a crowd doing call outs for an auction.;;;;
209331915755;1Ez_zoJDukw_000014_000024;test;This person was jet skiing by being pulled by a boat on the water.;;;;
418171635126;1Gs0JSGXrvc_000040_000050;test;A guy takes the ropes tied down to a dock and puts them on his boat.;;;;
752665162800;1HDx1DeSq6A_000136_000146;test;A man is cooking food inside of a skillet on top of the stove in a kitchen.;;;;
139006988572;1OP0uCl3Awc_000000_000010;test;A young woman in a costume dances back and forth in a room.;;;;
143333005155;1SBvhaVw4Mo_000017_000027;test;A young person explains and shows the folding of a stiff piece of paper.;;;;
736774702732;1SzM6XlB81s_000000_000010;test;A Champion eyeglasses commercial showing different color frames.;;;;
643650960294;1VI-mKOtIJo_000002_000012;test;Man lifts shot glass, hesitates, lifts drink to mouth, and drinks while tilting head back.;;;;
39037337986;1YbLsCfZh6o_000004_000014;test;A person is break dancing on the floor in a very dark club lit by neon lights.;;;;
266245435616;1ah8avfU5YE_000053_000063;test;A person sets a shirt on a piece of cardboard and folds it.;;;;
928373511632;1bSCx4MNLCQ_000225_000235;test;A person show how much trouble it is to send  text on a phone with  broken screen.;;;;
759571301528;1dmiavULOAg_000003_000013;test;A kid is yelling in the mud while he is being laughed at.;;;;
325191385783;1f5-tFExbC8_000194_000204;test;A man sets on a horse near a large horse carrying trailer.;;;;
914341374308;1iX9rmvzOHI_000039_000049;test;A man paints an interior wall using a covered roller painting device.;;;;
588914076477;1j6EGArHUYQ_000038_000048;test;Someone uses a black permanent marker to graffiti their name on a peice of wood.;;;;
18803316470;1nihsi5qNJA_000074_000084;test;A boy removes his glasses and then puts them on, then puts his arms on the table and rests his head.;;;;
870768569477;1onZf1b-az4_000000_000010;test;Two young people are playing ping pong while two others are standing nearby.;;;;
269958433054;1rsLh2kG96A_000106_000116;test;As the country music plays, the man does a dance move.;;;;
258632712140;1sazJwkVbNY_000010_000020;test;Several teenage girls are playing a sports game inside of a closed arena.;;;;
538977061762;1u2GWe1hxk0_000007_000017;test;The man is in the gym and he is using a piece of equipment to perform triceps press-downs.;;;;
701912218903;1vsk3D51Otc_000000_000010;test;A seated person with long hair bangs their head as metal music plays.;;;;
393664431673;1xS5GcVGBVk_000013_000023;test;A mother monkey and two little ones are sitting and eating something in the pavement;;;;
679360771733;1zSg9oighVw_000000_000010;test;There is an outdoor crowd of people and music playing and they are passing some guy around on top the crowd.;;;;
714487681127;20gCvLBfyzQ_000069_000079;test;The side view of a snowmobile is shown as it rides along with country music playing.;;;;
319740690626;2180JaxCXZ4_000010_000020;test;A person is talking as he explains how to use a baseball bat.;;;;
419734669945;22YkQbUA7iY_000180_000190;test;A man juggles balls next to a house, spins around, and keeps juggling.;;;;
342994835514;29TTD_YMKo8_000026_000036;test;A woman does yoga in her bedroom with her dog beside her;;;;
809762214171;29q6FLxl1sE_000007_000017;test;A women is playing darts in a club while music plays;;;;
79023387654;2BNkQFQGaNI_000572_000582;test;Several bees making honey while someone prepares to collect some honey.;;;;
677534215512;2BwBZ9IQzAk_000203_000213;test;a group of people outside playing a sports game in front of others;;;;
660193597618;2DfK16gO5mc_000019_000029;test;A person in a kitchen uses a knife and their hands to hollow out the inside of a pumpkin.;;;;
413315746360;2E6ZLAK593E_000002_000012;test;A splash is made as a kid surfaces in the water then the camera reqinds showing a kid standing on a cliff above the water.;;;;
386711151849;2EkpqUeIUGA_000069_000079;test;The construction worker wore a yellow reflective vest over his coveralls while spray painting the wall.;;;;
229240165343;2FgAQrOe4lg_000208_000218;test;A man demonstrates how to adjust a camera on a microscope.;;;;
15272963492;2HnBaGajUi8_000083_000093;test;A potter dits at his wheel as it slows and lift a pot off it and hands it to a woman sitting opposite him, as both pose for the camera.;;;;
680513744758;2Hr0tto-lHo_000000_000010;test;A woman in a gym uses two ropes and hops up and down while swinging her arms in front of her.;;;;
761106374739;2L8B__meOLE_000020_000030;test;People are floating with parachutes on a cloudy day while music plays.;;;;
240410252021;2Vzh7XO912Q_000000_000010;test;A baby is laughing while sitting on a carpet and tearing pieces of paper.;;;;
643391317395;2WnsuRXYu3M_000028_000038;test;A young boy plays in sand with his mother who is helping.;;;;
601115871537;2WrXst0hq8E_000035_000045;test;A child in a blue hat is playing with his shoe;;;;
657839809497;2ZzgcL5BM5c_000005_000015;test;A man shows off his view and them focuses on people eating.;;;;
44923127645;2_mLuPuhy7Y_000000_000010;test;A person pumps oil out of a bottle and then begins to rub it on the back of someone lying down.;;;;
467408679361;2bA0vJGml6Q_000005_000015;test;A young boy kicks soccer balls into a net while on a grass field.;;;;
981142682013;2bCUoQLw7OE_000000_000010;test;An orchestra band is seated down playing various musical instruments.;;;;
416868208212;2bRXcLakTZQ_000002_000012;test;A woman is doing a backbend in a hallway of a house.;;;;
474945282723;2cLWIXDi3ks_000077_000087;test;A person is trying to build a house of cards.;;;;
991506224128;2f1o8NBxqX0_000012_000022;test;Four men on a bobsled are sliding down a snowy hill while drinking from cans.;;;;
272762103169;2fojVBo1tv0_000043_000053;test;a fast forward play of something flat and then a guy is seen walking behind a hot tub.;;;;
618786353908;2fx306CeqEI_000025_000035;test;A man is sliding down backwards on a very tall infatable waterslide.;;;;
355953126137;2fzKbkVcE70_000011_000021;test;A man and a child sit on the back of a mule then a woman takes the child.;;;;
45721571521;2hahR8RONTs_000032_000042;test;a man is walking in a forest and throwing axes on a tree,;;;;
805792562511;2iexNjlM0ig_000081_000091;test;A woman is laying on her back getting ready to get a tattoo on her chest.;;;;
994734156510;2kM2NrMhnis_000156_000166;test;Different views of a man being pulled along a field of snow by a kite in the air.;;;;
919355346612;2loWBp9BRi0_000007_000017;test;A man using all of his oxygen in attempts to blow up a red balloon.;;;;
20663558651;2m8H3ViIs0U_000000_000010;test;A person uses their hands to massage the back of another person's neck.;;;;
303853435885;2mgdkontHv4_000041_000051;test;An asian baby gets talked to and played with.;;;;
380990821769;2pPynRtRDE4_000030_000040;test;A boy uses a sharp object to open the door to a room and peeks inside.;;;;
455087356405;2qo35QV3w-s_000017_000027;test;People are running and turning flips in front of judges who are watching them.;;;;
872806619573;2rUqnnKDW8I_000004_000014;test;a little boy smiling and shaking their head in front of a woman;;;;
895533282907;2tF8a_0bYYA_000000_000010;test;A small child bangs against a xylophone being held by a woman;;;;
664467674147;2u0qZSawI2A_000018_000028;test;It is footage of a extremely famous legendary pop star, dancing around on stage in front of a huge crowd of people.;;;;
78368042838;2ujJI-dSrG0_000145_000155;test;A man is demonstrating how to properly tie a tie.;;;;
920470309552;2v75xvVshtQ_000000_000010;test;A young man in glasses relaxes on a sofa and eats some chips.;;;;
772382440797;2wIcUAH9yaM_000024_000034;test;In a backyard two girls are holding baskets and picking up eggs.;;;;
298393705272;3-0GVIrNGMA_000144_000154;test;A kid cleans the soles of gold boots with a toothbrush and toothpaste.;;;;
641584278248;3-UHHYrkjGM_000001_000011;test;A man holds his child on top of a couch and hands her a hair brush to brush her hair with.;;;;
896647562587;3-kjbGxqSeE_000077_000087;test;Men ride on three-wheeled recumbent bikes with sails, which are called sailbikes.;;;;
318286902589;31Il_bktDaY_000000_000010;test;Two people participate in a fencing competition, one man is struck by the rapier.;;;;
567538011145;31uPgVZtekA_000149_000159;test;An ornately costumed dance squad is performing on the gymnasium floor.;;;;
320181001456;35_IiB3_nVw_000017_000027;test;Baby wearing a bib in a highchair clapping while talking gibberish;;;;
464151480385;36E29x22tnQ_000018_000028;test;A man is getting ready to fire an arrow from a bow and then he does it, while others are looking on.;;;;
97074482565;36JI7dIZSRw_000071_000081;test;a man using a large beer bottle as he fills up 54 oz and shows off how much his mug can hold beer;;;;
747691034891;36bFQ0AdkTc_000000_000010;test;A surf boarder is rinding the waves and does a 360 on the waves and lands back on their board.;;;;
323879245725;38Jn4r_pcpg_000167_000177;test;A man pours beer into another bottle with a larger volume.;;;;
756559907941;3AsOzMAM91E_000004_000014;test;A man is hitting a large hanging cymbal with drum sticks.;;;;
662537984698;3CVyE039-lA_000003_000013;test;A person attached to a parachute slowly inches towards the ground for a landing.;;;;
313752418617;3D3IWV72ZGI_000041_000051;test;A man showing how to chip golf balls onto the green from the fringe.;;;;
985533465211;3DKts3D_pKM_000009_000019;test;The man is playing golf as he takes a strike on his ball in the course.;;;;
272285141586;3HX_SRKqFHU_000062_000072;test;A person uses a colorful pen to write in-cursive letters.;;;;
977175466358;3I0uO2fwVCk_000020_000030;test;A skier slaloms down a course as people commentate on her.;;;;
958695806909;3IfSTN-Eptg_000022_000032;test;A man doing sign language with some writing to the side of him;;;;
967965726027;3IsZNO1_LsM_000001_000011;test;Two boys are skipping rocks on the water standing on a riverbank.;;;;
425136127020;3IuP3YYwzzA_000000_000010;test;a boy with a blue hat and wearing glasses burped loud;;;;
36643255381;3Kaledle0Jw_000040_000050;test;A person is hitting a gong many times and then lets it ring.;;;;
816702508617;3OCzmSJvAlM_000034_000044;test;A young man pops a yellow balloon with a large needle like object.;;;;
564720785011;3PKi-hiB7YA_000113_000123;test;A wind glider on wheels is driving through the surf in the shallow waters.;;;;
47347894368;3PnYgaQ4vT0_000024_000034;test;A man in a gym lifts a heavy amount of weight over his head and then drops it.;;;;
138977168730;3UQrEi-ysPg_000056_000066;test;A child is showing how they use their fidget spinner.;;;;
213072106416;3Vo8RYzGLX8_000167_000177;test;A boy is building a Lego set in fast motion while music is playing.;;;;
978548139342;3Xr2oX0Ea4g_000074_000084;test;A person sweeps the ice in front of a curling stone, then the two people simply walk beside the stone as it slides on the ice.;;;;
140861034277;3aEZ9fLxI1U_000083_000093;test;Various women are tasting a wine and giving their opinion on the taste and cost.;;;;
3491967930;3c0hLqxvSSI_000000_000010;test;A man on a platform doing pushups in different variations;;;;
106874833331;3exdpRbcMmA_000034_000044;test;A class of young adults are being taught martial art poses.;;;;
989946705995;3g0zSuxMIkQ_000051_000061;test;A woman gives instructions while she ties her shoe laces on her tennis shoe.;;;;
7413380431;3g6vYQ3Qp8U_000003_000013;test;A little girl is playing a toy instrument that is on the floor.;;;;
29355326245;3g9Mfd6-97I_000061_000071;test;A man is talking while demonstrating how to tie a neck tie.;;;;
85983477459;3gRuk05ujXg_000003_000013;test;A white car pulls up to a house, a young man rings a doorbell and a blonde girl comes out they walk to the car.;;;;
663026343090;3hoSk280ndk_000025_000035;test;A boy with a cap holds a bow and a quiver of arrows.;;;;
478749339652;3hzbyQUSkHs_000000_000010;test;A lady tried to sit on a chair beside a man and fell down .;;;;
504951421345;3iWJXijWcRY_000022_000032;test;A man is massaging a tattooed lady's calves.;;;;
978469568027;3j4852AHT84_000077_000087;test;A recipe being shown as a meal is being prepared.;;;;
910897122432;3jP9HNJddR8_000003_000013;test;A child is using a snow shovel to shovel very deep snow.;;;;
814608351544;3jx36HklC_Y_000067_000077;test;A man is playing a flute like instrument while a band plays behind him.;;;;
854519439135;3l8tUCqavPM_000371_000381;test;a person holds an item in his left hand that he has found;;;;
331417263150;3nTMc2nK_W8_000000_000010;test;One person is securing the leg of an animal while the other is trimming its fur.;;;;
68630333967;3nt5r1f3MNY_000016_000026;test;An infant laying on a carrpet, shakes her head no when asked if mommy can take her baby;;;;
473061691282;3qBLumz-KJo_000279_000289;test;some person who is in the kitchen, cooking something and listening ,soft music;;;;
920121247584;3tbUUUqS5U8_000026_000036;test;Music plays as a man smokes a cigarette while driving a car.;;;;
195715825594;3uLjjmc3Azw_000059_000069;test;A guy is demonstrating how to correctly stretch his arms.;;;;
14199973322;3vc4SYl1MeE_000017_000027;test;A small girl walks on a tightrope in a city in order to earn money.;;;;
157910438872;4-9_szZr2xo_000015_000025;test;A young child blows out a birthday candle while he is sung happy birthday too.;;;;
841840834696;4-nreXODutA_000068_000078;test;A man slams a glass window as another hits a ball with a racket;;;;
657205677207;400xyZlL_6w_000107_000117;test;A man is playing the drums and cymbals for a band.;;;;
877314603172;45HnjQIVvT4_000009_000019;test;lady is trying to walk on ice and keeps falling down;;;;
259074625056;45eLeoFSTo8_000001_000011;test;A man in a push-up position lifts his head and chest with his arms, and then his hips high into the air repeatedly while remaining on his feet and hands.;;;;
811128498421;47oVUabZiic_000000_000010;test;A little baby uses a brush and attempts to brush her own hair.;;;;
776967345423;4A-hQHF5wFc_000047_000057;test;A woman is doing a pantomime routine with her hands while music is playing.;;;;
331290961427;4Bdkmj2hFm8_000034_000044;test;Nag if liquid being processed at a factory while moving down a conveyor belt.;;;;
989231154501;4CTCyJue1kI_000002_000012;test;A fighter broke a plank with his kick and walked to the plank on two blocks;;;;
147453441437;4DBna1hyzac_000005_000015;test;The players are concentrating and contemplating on their moves as the compete the poker tournament.;;;;
799841924618;4FH86iH7qxI_000009_000019;test;A young boy is sitting on his front step putting on his tan colored deck shoes.;;;;
89329483395;4Ha63VZFRus_000024_000034;test;A person prepares a pizza style dish with many different meat toppings.;;;;
769154951338;4IuFjys0TAY_000024_000034;test;A group of boys jumping on a trampoline play a game of basketball and one of the boys score a basket.;;;;
712344080296;4IwQFgz7Ni8_000000_000010;test;A woman is making a video with herself holding her baby across her chest.;;;;
65512895201;4N-OoJZD_Qg_000102_000112;test;In a  circus play a guy with white jacket is moving someone who is very flexible around;;;;
455278950068;4OPAmSlJ31o_000015_000025;test;A boy picks up a remote controller and points out other tools on the floor.;;;;
838413072108;4TxKHJKa4p8_000039_000049;test;People are sliding down a giant slide with life vests into the water.;;;;
58863927437;4Zcjoek-1-4_000003_000013;test;A girl attempts to complete a high jump but crashes into the bar.;;;;
297696665372;4_Vi-iYtVS0_000000_000010;test;A red hot piece of bent steel is being formed with a metal sledge hammer on the end of a  steel table.;;;;
525905194965;4aWiz5KPk3Q_000018_000028;test;A little boy sits in his room and plays a toy whistle.;;;;
212457744647;4eGnWcA-lo4_000026_000036;test;A guy is doing a demonstration on how to do a jump kick while talking about it.;;;;
204115831022;4ebFdrC9Fec_000020_000030;test;Two men argue with one another and their voices are altered to be higher and cartoonish.;;;;
88594392335;4eeA-gswYjc_000019_000029;test;A woman is playing the keyboard piano while reading the music she is playing.;;;;
848710906113;4fRGzKO1KLU_000000_000010;test;A toddler boy is feeding himself spaghetti at the dinner table.;;;;
977907194238;4hgh-ruFH0c_000113_000123;test;A man is striking a giant tire with a sledgehammer or exercise.;;;;
37042715142;4i_kmWEccwU_000003_000013;test;A man is standing very high up on a tree, cutting the treetop off with a chainsaw. As the treetop falls he sways with the trunk.;;;;
1784514408;4jlWSh2sd1Y_000008_000018;test;A little girl helps set the dining room table before the dinner.;;;;
549924093018;4kVMBl8xi8Q_000179_000189;test;a group of people standing in church dancing and shouting;;;;
979642452117;4lPNXqiS6d8_000045_000055;test;A person removing a copy from a copy machine and looking at it.;;;;
387824352320;4mQP7S4EGwg_000020_000030;test;A man playing a classical song on a piano in a living room.;;;;
421434061217;4nJ07xfDip0_000003_000013;test;A woman is in the yard practicing how to ride a Segway.;;;;
189856614977;4nRvHwt1Qkw_000002_000012;test;A young child rolls around on a three-wheeled scooter.;;;;
308452221834;4oOO6LaveIg_000151_000161;test;Someone is taking a blank sheet of paper and folding it to make it like an airplane to fly.;;;;
994938543906;4rf7LdbwgTg_000086_000096;test;A man is carving a picture into the wooden box;;;;
769475918102;4wcWJqEyTSE_000064_000074;test;Men are playing cricket on a television in a field.;;;;
812072267366;4x0kKZY_IhE_000057_000067;test;Two boys are being tickled while laying on a bed.;;;;
788158140664;4y7T002-qng_000095_000105;test;A man is doing a trick on stage of putting a sword down his throat.;;;;
500606893927;4yAn5KkHauY_000000_000010;test;A person is driving a car and taking their hand slightly off the steering wheel.;;;;
2947716162;5015tPJh-Qs_000046_000056;test;A woman uses a brush to put Makeup on her eyebrows.;;;;
757811483510;501u53tCEIc_000132_000142;test;A group dancers are performing a routine on a stage.;;;;
191609642907;519DYDkQSI0_000240_000250;test;This electric  log splitter makes quick work of cutting down the logs into smaller pieces;;;;
468021571592;51RYJAVpZQY_000000_000010;test;A woman jump up and down and also moves sideways and she rolls a paint roller on a wall.;;;;
745189348737;53Ia-BtpM5A_000002_000012;test;A little girl is dancing to the popular Korean song 'Gangnam Style.';;;;
45781375373;53Vwv1bkDKI_000026_000036;test;A woman shown applying glitter to her purple nail polish.;;;;
778860063718;558iWbgz8RQ_000052_000062;test;A man in a hawaiian shirt laughing and playing a ukulele.;;;;
785361950345;580oS8x1OoM_000105_000115;test;A man is in a gym and demonstrating proper technique on how to perform a side kick.;;;;
756081150660;58QjPoalXlg_000002_000012;test;A young man takes his skateboard to the street and rides it down the hill, crossing the center yellow lines several times.;;;;
924947027688;59VHaCOHypA_000000_000010;test;A man is talking and a boy is stacking cards.;;;;
317990343687;5AJUbDC0YwY_000102_000112;test;A person dips a pan into the water then drains the water from the pan.;;;;
464771683884;5AqRrxvRC70_000025_000035;test;Two people are applying mud to a wall and spreading it around.;;;;
51942086480;5AzNpCvOtpo_000077_000087;test;The man is installing carpet to the room and pushing it down in front of the tile.;;;;
367198797993;5BNZDNxZfX0_000004_000014;test;Someone is driving down the street and has to stop for two people in the middle of the road waiting to cross.;;;;
362201642311;5D4HjS92zSQ_000126_000136;test;A boy does a backflip off a precipice into a body of water;;;;
813040589335;5DTwTSJwvMA_000020_000030;test;A skier walks toes pointed out on skies and a skier uses ski poles to assist a toddler slide downhill on skies.;;;;
113503870401;5EheWAKuZnY_000003_000013;test;The boy tried three times to make a shot with the basketball.;;;;
975818047354;5F4jp64eh1w_000000_000010;test;Two girls in the forest working out by doing jumping jacks.;;;;
500236334949;5GP0aPugZZA_000000_000010;test;A girl sits in a chair while another person adjusts her head.;;;;
253710143784;5IPMlxae7TI_000042_000052;test;"A man smokes a pipe and says ""This half and half is not half bad"".";;;;
455988198918;5JcmETPIVJA_000000_000010;test;A group of young girls are playing lacrosse outside, there are two different teams.;;;;
916262547263;5Jf_z8s8ctU_000012_000022;test;A lady lifts a heavy weight from the ground up.;;;;
508761017338;5KdKOxhQ7-A_000000_000010;test;A lady talking to a child that is laughing and clapping while a dog walks infront wagging its tail.;;;;
124923233473;5Odj7n4_P-I_000015_000025;test;A woman riding along a sidewalk on a electric scooter.;;;;
8549798035;5P179EcdU6Y_000070_000080;test;A mason is laying bricks to create a wall while smoking a cigarette.;;;;
653772858481;5P6Q57A9OUk_000284_000294;test;A man is using a pole to balance on a high wire while walking backwards.;;;;
611500969055;5RIe5niLskU_000004_000014;test;People watch a girl run and throw herself up on some type of bouncy platform and clap for her.;;;;
504818211889;5Ry1tpXrDzg_000073_000083;test;A girl talks about cutting an onion and then cuts it in half.;;;;
435486076028;5UMVOoEoMEY_001542_001552;test;An audience of people are clapping while a man walks away from the podium and another man stands behind the podium.;;;;
489857743190;5WFUemuKN5Y_000005_000015;test;A person is shown creating beats using a beat making machine.;;;;
979482343376;5ZBwM_KsOpo_000064_000074;test;A man is walking on a muddy dirt trail talking to a man in a stuck truck.;;;;
828430396865;5a-rZC5N7_Q_000012_000022;test;The woman is showing off her very colorful leggings next to a shoe.;;;;
404280845311;5a9gSFDq1cs_000084_000094;test;There are 2 people and 1 is recording while skydiving to classical music.;;;;
581718164276;5aegi-BvDZc_000000_000010;test;A woman is holding a volleyball and she is playing with another 3 women.;;;;
939123138557;5bPlcd0w7uA_000001_000011;test;A group of men help another man wearing a parachute on the beach get ready to be pulled into the air.;;;;
670179676482;5c4SfWHyDuQ_000007_000017;test;A young man with a fully zip up hoodies dances in a classroom.;;;;
127912139978;5dRnwv9ZiG4_000041_000051;test;A montage is set to music showing a group of people felling a tree from a crane.;;;;
312825664558;5dX6L6Gbum0_000000_000010;test;a group of foot ball player having a group meeting.;;;;
296664670233;5eHGw_Xe9vY_000000_000010;test;A woman is using a pen to apply eyeliner to her face.;;;;
958940114656;5eh2MbjEyXs_000003_000013;test;A young man is walking on a rope then does several extreme jumps across playground equipment.;;;;
349971891554;5irp8ASgdhQ_000029_000039;test;A man is using a machine to cut pieces of sheet metal.;;;;
997634284377;5kV7RzcissM_000000_000010;test;On a beach a woman in a bikini does a headstand.;;;;
697208632488;5lqTgXmUgb4_000012_000022;test;Two men play chess against each other in a fast pace.;;;;
8389132094;5qqV2ZnH_4I_000030_000040;test;Two boys are in a house playing rock, paper, and scissors with their hands and then act out 10 years later.;;;;
399980645335;5rZzxIgLlPU_000000_000010;test;A young child is standing behind a music stand playing the clarinet.;;;;
570556758132;5s0Hr7dZRXU_000044_000054;test;A person draws a car on a sketch pad.;;;;
167779238100;5sBSi4RPXKc_000113_000123;test;Using a makeup brush, a young woman applies foundation makeup beneath her eyes.;;;;
541539593467;5sg_PjZ2kvo_000011_000021;test;A compilation of a small hand and pets, near the end there is a very scary face of a man.;;;;
800872120850;5t32dT2bFaU_000056_000066;test;At a basketball court a boy is bouncing a ball with each hand.;;;;
745992522121;5ugJJ2kHBO4_000150_000160;test;A little girl is sucking on a lollipop while an adult is walking in the background.;;;;
901041370900;5v_7XLNUrc0_000008_000018;test;A man in a mask power cleans a portable machine.;;;;
251704275051;5vhEonzSjvA_000233_000243;test;A German school teacher explains what it takes to become one of the top education systems in the world.;;;;
268464218169;5w5AZq1dqx0_000017_000027;test;A person scuba diving underwater is feeding a school of fish.;;;;
389759445583;5x-3iU4Mjq8_000005_000015;test;A little boy is being held on a bed and yawns.;;;;
554314898120;63UyuDsX_eM_000058_000068;test;a man is on the choppy waters using a sail surfing piece of equipment;;;;
635211959705;66NEJHDxIDk_000068_000078;test;A woman crouches and scrubs linen on the floor next to a child.;;;;
339125298693;66ZIRfYTeXg_000149_000159;test;A man is using a strainer to strain a black grainy substance, while music is playing and a little boy is talking.;;;;
914844012222;67Izc6v8_zc_000010_000020;test;A man is using some type of device to polish the wood floor.;;;;
884662660257;68UzWy9hgVE_000075_000085;test;A girl is ice skating while another woman also ice skating appears in the skating ring.;;;;
976913047265;69Qf4rcEoRA_000000_000010;test;a couple of people watching as another person cuts the hair off a sheep;;;;
241715467987;6A5xdikQanI_000014_000024;test;Someone uses a knife to cut off the top of a pineapple.;;;;
360543829375;6DTvgYB8n_0_000069_000079;test;Somebody is talking about Colombia in Spanish while various Colombians are shown doing activities.;;;;
348994686681;6E_Ypnfac-Y_000049_000059;test;A band on a stage and an entire audience dancing to the music.;;;;
117568989484;6FiNye9H70M_000000_000010;test;A few people are attempting to dig for possible treasure.;;;;
475442809657;6FjgdUricEs_000022_000032;test;A window washer demonstrates his technique for avoiding streaks.;;;;
8271198100;6FqS59XxFNY_000003_000013;test;A person is working with bees in a suit without protection for his hands.;;;;
466738007349;6KbcDK8XE38_000035_000045;test;A guy is using his tractor to run a snowblower down the street.;;;;
911814441226;6LOV6-dkNZE_000251_000261;test;School cheerleaders are performing a routine in front of a crowd.;;;;
57948674248;6NAwC1njhSs_000000_000010;test;A pig is roasting on an outdoor spit, while being rotated over a fire.;;;;
117102579748;6ODMKujAWhw_000158_000168;test;A girl is braiding the hair on the side of her head.;;;;
60984818174;6Q4-x1VOous_000043_000053;test;A man is putting white paint into a black hair wig.;;;;
665224994140;6QroafCsHfc_000013_000023;test;A woman speaks into a microphone and raises her left arm in front of a group of people.;;;;
594216133546;6ScXEmM8JO4_000145_000155;test;A woman is talking, while a man uses his hands to work with a strand of sausage and then he tells her to hold up.;;;;
933734036668;6WtcpH6IkIc_000058_000068;test;A baby laughs as a paper is torn up in front of it.;;;;
567154708564;6ZEeZrnlRug_000010_000020;test;The man in a white robe exits the bright red sports car.;;;;
40782600521;6ZojdU1fPOo_000001_000011;test;People are watching a performance in a stadium, people are clapping in unison.;;;;
511040315628;6_jT33BqtK8_000038_000048;test;A man is holding a barbell on his shoulders and is doing squats.;;;;
852083464444;6_jfn-A9ouc_000116_000126;test;A group attending an event stands as they sing a song together.;;;;
558325650627;6aoUY-iHAb4_000000_000010;test;At a rodeo a large crowd watches as a man is roping a steer.;;;;
559408657565;6b4f0Mn1wQY_000063_000073;test;People are riding their jet skis while huge waves are shown crashing inn.;;;;
38135687494;6c8qLU5g88Y_000057_000067;test;A man dances in the middle while people stand around him encouraging him.;;;;
223115636112;6cyaYasUtY8_000604_000614;test;The stirring of black lentils in a green bowl with a wooden spoon on a stove.;;;;
832044520177;6dCaO9SMg60_000508_000518;test;A woman shows off a basket that she has almost finished weaving.;;;;
649710487557;6eCU1LOTyCw_000024_000034;test;man is lifting weights and is grunting as he lifts;;;;
785192853740;6g5tJiRVolg_000010_000020;test;A man is climbed to the top of the room with a rope and then began coming down.;;;;
836761430110;6j9BYhLmFvg_000000_000010;test;A baby is being recorded where he then sneezes and falls down;;;;
347623082476;6kkPlWASbbA_000368_000378;test;The woman is explaining how the first brew is dumped out and is a wash.;;;;
598461794539;6n4j0MoLDww_000017_000027;test;A person is flicking their eyes quickly to the side and back repeatedly, and someone else is laughing.;;;;
198372087859;6n8ziy93t1A_001998_002008;test;A priest is bending down blessing a group of choir boys in a church.;;;;
177187070538;6r_gJEvwLeo_000033_000043;test;Two men are outside performing a dance or mock fighting while others look on.;;;;
82588115575;6tyLZ3vQdrU_000134_000144;test;A young boy is outside playing with a snake while some Indian sounding music plays in the background;;;;
579271173929;6yHTZHY8_3Y_000026_000036;test;A person wearing gloves uses a knife to slice up a piece of meat.;;;;
722518734984;6ypop1sSfII_000014_000024;test;A person pokes a design into blue fabric using a fork.;;;;
980781263547;71Rq1rCY7N4_000069_000079;test;A group of men throw frisbees at each other, and one catches a frisbee and dances.;;;;
449187445271;71YFHS-Ji1M_000016_000026;test;A toddler little girl waves her hand while dancing in the aisle of a waiting room like an airport.;;;;
575586871696;74SXYejRo-Y_000000_000010;test;A man does a double backflip outside on the grass.;;;;
21474926446;76qMNUzfX7w_000097_000107;test;A lady is rotating a hula hoop ring on her waist.;;;;
907780389008;77IRHMWRjwM_000010_000020;test;A camera filming a man at the front of a fast-moving boat goes under water for a second as the boat tips to one side.;;;;
156613023703;77bGWKIfsvk_000061_000071;test;A man plays the saxophone while three other men are in the background.;;;;
226280910905;7CN3ENwfMBE_000096_000106;test;A group of men are standing on a theater stage and preparing to do an acting scene together.;;;;
851822454741;7COkxV_YfOU_000000_000010;test;Two teams play football, and the team in red completes a pass.;;;;
514659161846;7DfvIrBX7ks_000375_000385;test;A woman is removing fried vegetables from a pan and putting them onto a plate.;;;;
556791221278;7E-J_ymKM_Y_000010_000020;test;Kids indoors getting ready to pay laser tag as someone give directions.;;;;
514620787538;7EGfyEemAms_000001_000011;test;A little girl is hitting a key on a keyboard repeatedly.;;;;
10976977328;7L85OVBb5Bk_000055_000065;test;A young girl talks about laundry, sorts clothes, and loads two washing machines.;;;;
70542477673;7M3utA5j6vU_000002_000012;test;A group of people are riding in a van, while one young man gets his back rubbed by another young man's foot.;;;;
765066285233;7OLRCXHiZpA_000079_000089;test;A person is using a sponge and cream to clean a metal toilet.;;;;
317985317759;7QyQVBclhT4_000000_000010;test;A young kid riding a bike across sand and crashing it;;;;
675957392642;7RhaencpYc8_000021_000031;test;A lady stands near the tree and blows a whistle continuously;;;;
646340114533;7SzLdFpisw4_000204_000214;test;A man and woman shown jumping out of an airplane making gestures at the camera.;;;;
193059996312;7U7-3kO4pik_000012_000022;test;A man drops a barbell and then checks and adjusts the weights attached.;;;;
787090894293;7UACcUm3y1g_000006_000016;test;Man wearing red shirt and black shorts does rope exercise with left hand.;;;;
922425440749;7WOty3qVdts_000000_000010;test;A man is playing with a German Shepherd dog outside.;;;;
345244008668;7YJZ6Q2ZMFU_000060_000070;test;A women is making a tutorial while weaving cords for macrame.;;;;
377386198246;7_9nrmc-i5w_000000_000010;test;Two men in the back of a car that is moving appear to be sleeping.;;;;
905763067832;7f6wiYZq9F4_000061_000071;test;A hand is shown opening a brand new phone box and someone speaks as the phone is exposed.;;;;
980671876615;7fXf3Q3OGzk_000049_000059;test;A female dance squad is performing a routing in front of a crowd at a gym.;;;;
543511899449;7fYt2EIMppw_000018_000028;test;A young child is having their hair brushed by another person.;;;;
659338340444;7i9SSt9phlo_000215_000225;test;A man is writing down some math equations and explaining them.;;;;
515632268012;7l20ds7nvA8_002870_002880;test;A older gentlemen is having a debate with a reporter as he asks him some questions.;;;;
560893313355;7mP4mouloV0_000011_000021;test;A person wearing a bracelet carefully demonstrates how to tie a knot;;;;
765676665098;7mPXFKpjo8s_000055_000065;test;Two men playing tennis in a small room back and forth.;;;;
430831637987;7oyhm2iY2wQ_000000_000010;test;A boy is seen dozing and noding off while his back rests on a white surface.;;;;
971890781453;7pCkjsvH3gQ_000030_000040;test;A person is laying cement on a wall and is placing tiles, another person is asking her about it.;;;;
508192660141;7qVkwNb0dtM_000002_000012;test;A person at the top of a icy clift with ropes hanging down.;;;;
887879213816;7r6Blg3Az6Q_000011_000021;test;At a front door a door is squeezing a chew toy while someone puts letters into the mail slot.;;;;
501414301018;7zzNK8TtWls_000003_000013;test;There are several dog sled teams moving through with a voice over saying welcome to the mushers rendezvous.;;;;
506257331140;80JSXxJPaCU_000000_000010;test;"A man in a yellow vest walks into the street, another man says, ""Action,"" then the man in the yellow vest starts directing traffic.";;;;
580949713557;810dEynPvOo_000002_000012;test;A young man is body surfing on an amusement park wave machine.;;;;
568430036668;81U0fikDyf8_000014_000024;test;A group of young women are seen in a clothing store.;;;;
406535515969;82_AFzsFnhs_000052_000062;test;A young girl is tying up her hair so as to make it curly for later;;;;
338086466817;83Rg7l7qNFU_000007_000017;test;Two people are listening to music in a kitchen while doing dances on the tiles.;;;;
436534886445;85LdUscw16U_000241_000251;test;A professional sports game is being played on an open grass field.;;;;
536412561066;86GKT1GCMAM_000003_000013;test;A young child sleeps on the floor before being slapped in the face by a person next to them.;;;;
961522223789;88oXj0zKdp8_000000_000010;test;Someone is filming bottles going through a bottle labeling machine.;;;;
597490171653;8D-auRcxVRU_000001_000011;test;In a classroom a young man runs up and smacks another young man while classmates laugh.;;;;
286606554750;8EBYQucNo1Q_000057_000067;test;Two people in costume perform on stage for an audience as part of a show.;;;;
165753370411;8F4LxG0JwfU_000012_000022;test;A group of people racing through the mud and getting all dirty;;;;
718799334784;8GRoYHTgdSo_000000_000010;test;A man is dancing and moving his arms in a darkly lit room.;;;;
401542600127;8JRaG6C3I7M_000217_000227;test;A person is walking through the woods and finds and cuts off two mushrooms.;;;;
218527766811;8JpF0yehe0w_000304_000314;test;Two performers are dancing in front of an audience watching.;;;;
957470888625;8LHvdxSF9Ek_000004_000014;test;A guy in a gym is lifting a heavy weight .;;;;
248665919478;8Liu0YJGFkU_000070_000080;test;A man is on a baskeball court standing behind a chair and the three point line, and then dribbles around the chair towards the basket.;;;;
560331006059;8MXbOfLTnXg_000089_000099;test;A man is in a shop changing the tires on a car;;;;
230247104824;8SZHEgS1d50_000020_000030;test;A male is skiing and behind him is a female skiing down a hill.;;;;
958903739746;8UPN0Yvg43w_000249_000259;test;A person is laying on a bench in a room and a man is sitting and massaging their lower leg and ankle.;;;;
761851585954;8VZCvv0h3DI_000032_000042;test;Someone brushes their right eyebrow over and over while there is a voice over.;;;;
962436728587;8Wfh9zIzLfk_000045_000055;test;People are shown swimming around a yellow marker in an indoor pool.;;;;
916206650788;8XOAea0tRyM_000004_000014;test;A man is walking around on a snow covered area twirling some chains with fire at the ends from each hand.;;;;
991847818695;8Y3K5w3b2CU_000000_000010;test;Two boys doing back flips off a thick mat outside.;;;;
309194620128;8Z4mPltOS5A_000024_000034;test;A man is holding a wheelbarrow while a truck pours concrete into it.;;;;
883504876739;8Za73dZkPSw_000013_000023;test;A demonstration on reinforcing book bindings for a specific brand of binding.;;;;
632219332775;8eBM9U5008g_000089_000099;test;A person is putting food in the water to feed the fish.;;;;
670952455421;8f0U0oGyugQ_000007_000017;test;Two men pull back arrows and then shoot them while people watch.;;;;
615190439491;8hZdfjj3cU4_000000_000010;test;The baby tries ice cream for the first time.;;;;
586191920427;8jlA89sGhlI_000273_000283;test;A man is reporting on college basketball specifically Cincinnati Bengals.;;;;
463542000822;8mdhjvJ9jE0_000063_000073;test;A man is talking explaining how a batter should approach hitting a ball before a batter actually hits a ball off a tee.;;;;
616991869998;8nceWpmAE1c_000004_000014;test;A person throws an axed device at a log of wood very fast.;;;;
568876824681;8oDKuNb4olE_000042_000052;test;Young soccer players run, kick ball, stopball from entering net and fall backwards.;;;;
595437499309;8ohCeCwPHzU_000002_000012;test;Two white sneakers are on a hoverboard, which is riding around on concrete.;;;;
834579135023;8qReQWU-Ffg_000040_000050;test;A man swims to the edge of a sheet of ice, and pulls himself up onto the sheet of ice.;;;;
762410689308;8tkrRjjDRaY_000000_000010;test;A girl dances in front of a chair while out in public.;;;;
828601785363;8u8wVoekGGk_000037_000047;test;A man records himself smiling while showing that he and his sailboat are successfully sailing across open water.;;;;
533503650558;8wID3JI7m78_000744_000754;test;A person is packing a variety of makeup and grooming items into two separate carry bags.;;;;
261465813724;8x40f71l61w_000093_000103;test;A young man is doing a lunge exercise with a large weight on his back, he is on the inside of a gym.;;;;
591606184065;8x6N8O9Oxmc_000000_000010;test;A fit man works out by swinging a long handled hammer over his head to strike a tire.;;;;
399795381818;8yoMHlEeZXU_000019_000029;test;A girl is roller skating on a gym floor and is doing a routine and people are watching.;;;;
10635522470;8zS8NtvuVb4_000109_000119;test;The teenage girl sits on the bed while she sings and strums her guitar.;;;;
415932613153;91j4m3-Z4bs_000128_000138;test;A stonemason explains how to start chiseling a block structure that's resting on the table.;;;;
236850690446;958745Brjw8_000049_000059;test;a group of ladies dressed in neon hula hoops are dancing around in a studio;;;;
915118199558;98MFLcEG5vQ_000007_000017;test;A young man weightlifts a very large amount of weight in the gym.;;;;
84765649588;98mvaWYf6n8_000000_000010;test;A man in a blue shirt plays a song on his small woodwind instrument.;;;;
222117795454;99UXE7I-R7I_000034_000044;test;A man is standing in a classroom while shaking two containers in his hands.;;;;
937472315985;99_8K7ds7u8_000015_000025;test;A person flashes a light on this ceiling and then walks through the house.;;;;
477013493002;9Ci13SZHu7s_000221_000231;test;An artist is experimenting with line quality using watercolor as their medium.;;;;
795522403170;9E6_4PgjC50_000010_000020;test;Three boys riding on skateboards very fast down an empty street.;;;;
269884196705;9G1LGoB-8as_000001_000011;test;A little girl is enjoying riding her pink bike past another kid and keeps using the bike bell;;;;
646260381600;9HdoGfjzCzU_000053_000063;test;A middle aged woman doing sets of 15 jumping jacks and counting quietly.;;;;
469732991899;9I8me3WxbzA_000004_000014;test;A man rocks and lifts himself up side to side on a gym floor.;;;;
737038773092;9Ih3vgHzc-o_000000_000010;test;A mother is building a snowman while her toddler watches.;;;;
609519203276;9JonoONyXN0_000025_000035;test;A man does an acrobatic trick off a a large ball onto a bed.;;;;
234591175092;9KduWK4QGxg_000034_000044;test;A man in the gym showing how to use a machine for your biceps.;;;;
328940898638;9NPNUItYUCM_000131_000141;test;A person is dancing  along to music in a kitchen.;;;;
806057686037;9NWpyCuMjBM_000021_000031;test;People using pins to pop a bunch of balloons held by others.;;;;
391767394934;9Ng16Z6YLH0_000023_000033;test;Two couples are dancing in a club while other people is seated.;;;;
315250572756;9QMlwdR8Olg_000000_000010;test;A large field occupied with athletes participating in different sporting activities such as Discus and running, as well as the audience.;;;;
718758255850;9RWgHcPZ07k_000039_000049;test;Aman gets out of a boat and tries to stop it from hitting the enbankment.;;;;
770647268572;9Spdc9kZV1E_000007_000017;test;A woman is wearing a dress and she is milking a cow.;;;;
221044314022;9VS6_d7v3i4_000048_000058;test;A baby is moving toward the camera and then begin to shake some moroccos in his hand.;;;;
430701295370;9VTB4PiArAk_000306_000316;test;A dance troupe of elementary school children practice in a gymnasium.;;;;
769386953496;9XGSi2nIY9E_000040_000050;test;A young man flips pancakes out of a frying pan to his friend who catches them in his frying pan.;;;;
22037264541;9XkicLU0ZRQ_000000_000010;test;A basketball game is being played in a loud gymnasium.;;;;
482066262874;9Zn5zr7J7qs_000041_000051;test;Someone is toboganning down a worn path while steering it with leads and filming at the same time.;;;;
739574966192;9acHiJcAyz8_000039_000049;test;Two men are throwing what looks like used computer equipment at the ground.;;;;
34316008325;9bx30W8aOKM_000001_000011;test;A young girl is holding a potato and trying to peel it.;;;;
252220960400;9c7mU3hyLLw_000000_000010;test;A man with a football jumps backward, then throws the ball.;;;;
416463953571;9dpvCH9fcIc_000343_000353;test;A tree trimmer is up in a tree and cutting down limbs with a chain saw.;;;;
213105646839;9et24oVGdwA_000033_000043;test;A woman is tending to her plants outside as they water themselves with an automatic drip system.;;;;
910786319907;9fygsDgFWJE_000001_000011;test;A person outside on a grassy hill does cart wheels down the hill;;;;
854701139253;9gCXYhcc8K0_000104_000114;test;A woman rides a mechanical bull in front of a crowd.;;;;
602370658420;9iytLJcY9gk_000005_000015;test;A guy is outdoors at night using some kind of vacuum in the yard.;;;;
397619227106;9j5QdwaK2gs_000009_000019;test;A male is using a wood cutter to cut a large peace of wood.;;;;
504083332543;9lrW9DpfkHk_000044_000054;test;A little girl chews a bite of food and holds a piece in her hand.;;;;
155500854511;9mUwLfcztyE_000018_000028;test;A boy plays the bass guitar while inside his bedroom.;;;;
76303226190;9nEHFb1mGuI_000058_000068;test;A person pierces a young girls ear using a needle.;;;;
585540597346;9npPGoZ_g1M_000029_000039;test;A group of women are dancing and screaming while at church;;;;
873855782226;9p_oX_Dg3cw_000115_000125;test;In a studio a group of women are dancing from side to side.;;;;
223163806684;9qxxKor2Zf8_000049_000059;test;A man with a can of black spray paint paints on a poster board.;;;;
762888338929;9rs1Yvxh8H4_000030_000040;test;A man is striking a bottle that is inside the heel of a shoe, butt first, against a tree trunk.;;;;
706883963290;9rudQQiIWac_000022_000032;test;A man plays a small guitar and then sings into a microphone.;;;;
229864233191;9u84rTjuWrg_000004_000014;test;A man wades into the ocean up to his waist in water.;;;;
227807672756;9vU8zlfnayY_000081_000091;test;A young boy is rollerskating around in front of a large crowd.;;;;
999620587919;9wO0YRODVTE_000043_000053;test;A man is in a room where they are showing axes for a target.;;;;
509906110959;9wXgbdeeS1w_000000_000010;test;A girl jumps into a swimming pool and then reemerges.;;;;
874953510286;9yPQHK-GXUs_000056_000066;test;A girl stands on her bed and bends backwards and then lays down.;;;;
549131347595;9zIne0cmv4c_000432_000442;test;Two people are  discussing and demonstrating components of random access memory.;;;;
262969168938;9zOx_IW_rAE_000031_000041;test;A woman works with clay at a spinning potter's wheel.;;;;
333038148192;A-9r42cQ2jE_000218_000228;test;A man stands on a work site about to grab a tool out of a container on his tool belt before we see men leveling concrete at a construction site.;;;;
717622392727;A-nFufcXbiY_000000_000010;test;A series of people are hitting balls in a practicing session, showing their technique.;;;;
551232188353;A0yyN0Z68-A_000053_000063;test;A man having many clips attached to his face attached two other clips;;;;
818707377072;A2IbV23RY6s_000012_000022;test;A girl is in Florida and getting a tattoo on her forearm by a tattoo artist.;;;;
12811070784;A5h4Tlal0tg_000001_000011;test;Several tourists are riding camels and filming the activity as they ride.;;;;
269279012043;A7CwqXkeO3U_000000_000010;test;A man looks at his fishing tackle and casts his fishing line out into the ocean.;;;;
510322548513;A7DMjBZyvDY_000090_000100;test;Cheerleading teams getting ready and practicing their routines.;;;;
464714376006;A8sjbCSzUow_000038_000048;test;A zegway is laying on the ground in camo paint and fitted with off-road tires.;;;;
106168979599;A9_HJgc-Fy4_000012_000022;test;A man speaks and there is a wooden box on a table with a handle and about nine game pieces.;;;;
174613034297;AE66r-8pfLE_000176_000186;test;Some rows of ladies in a room dancing in choreography;;;;
682568254876;AF75X7spaIg_000027_000037;test;a person picks up some hats that are on the bed in front of them;;;;
465530050857;AHEfmLAeDoc_000171_000181;test;People holding watermelons in their hands while two men race to eat them.;;;;
241486461071;AHXpkJSLqg4_000460_000470;test;A man wearing a red shirt is kicking a soccer ball off his foot.;;;;
915268072024;AMPSyUu1r0U_000199_000209;test;Two guys appear to be at a table tasting some wines.;;;;
592840657980;AOVNu8IC7PE_000059_000069;test;A man is washing the windows outside of a restaurant.;;;;
858803370126;AUJdvbM0dLo_000058_000068;test;A person is showing how dogs are trained and eaten.;;;;
610454545719;AUUlUzUh3sw_000012_000022;test;A young boy digs through a dumpster for trash in a parking lot.;;;;
457541848307;AWRjzuulmCQ_000000_000010;test;A girl is drinking alcohol while looking into the camera.;;;;
211849459803;AX5T5BpqYDI_000071_000081;test;Pairs of men and women dance in a studio with wood floors.;;;;
209906712333;AYdb1XhQXGo_000023_000033;test;A young boy standing on a couch holds his foot up to a woman to smell, then laughs.;;;;
890850140503;AcWGNfJnBOE_000375_000385;test;A lady is on her laptop and is talking and showing her laptop screen.;;;;
209919715998;Adspplz782U_000015_000025;test;A child is really enjoying himself in the playground's swing.;;;;
912216597636;Ag9mJ4tEIEE_000273_000283;test;Three men in their thirties are in a leafless wooded area standing in a circle passing a joint.;;;;
567390722819;AhMpS-dz2pc_000002_000012;test;A man is at a track and field event and he jumps over the pole.;;;;
264523497384;AnI-W0Hm9IE_000000_000010;test;A hand reaches out and wrestles a handful of white mushrooms from a tree trunk.;;;;
956779654594;ArN3eVUygAg_000058_000068;test;A child is drawing some letters on a piece of paper using a blue marker;;;;
938673613046;At8LPKnA9Zg_000134_000144;test;A group of kids dance on stage as others play drum behind them.;;;;
367443563234;AtmUxjr6ZFI_000004_000014;test;One man slaps another man while the others are laughing;;;;
511650256392;AxQPpRGxm-Q_000054_000064;test;Someone is kiteboarding on a riverl the word freestyle is on the screen.;;;;
910881532167;AyrbBM87D5g_000012_000022;test;A man is holding a heavy barbell up at shoulder height, then drops it to the floor and lifts it back to the same position.;;;;
903513231439;B-Lb2YUCO_o_000086_000096;test;A woman stands in a gym and demonstrates how to use weight equipment.;;;;
791162507395;B28a7A-YdLM_000025_000035;test;a boy is tapping his hands and making music sounds.;;;;
977337816983;B3riQBJYQ4w_000442_000452;test;A church service is going on in which several people are shouting and dancing in the spirit of the service.;;;;
626435648585;B4EcC9bJv8U_000176_000186;test;A person is going on a paragliding while another person is filming it;;;;
240731020909;B57NAi7KZ78_000008_000018;test;A person is skiing behind a boat and wipes out.;;;;
88750272722;B5b2rBinfCw_000024_000034;test;Three divers work under water as one diver holds a mechanism while another holds a tube and the third watches.;;;;
748960787392;B613KXUnsPA_000042_000052;test;A young man is jerk-lifting a barbell loaded with weights over his head and then dropping them.;;;;
159333941286;B6_StjRg53o_000002_000012;test;A man roller skating down a driveway into a street.;;;;
634345431744;B8TZJ94CcIA_000000_000010;test;A man makes two attempts at kicking the head of a punching dummy.;;;;
963950381786;B8uJabL49FI_000074_000084;test;A person with a mask is spraying off tile and then sprays some water.;;;;
785670663516;BBB-LUtrlGg_000000_000010;test;A team scores when they quickly get the puck down towards the end during curling.;;;;
348186866854;BDSWjwjXYNM_000098_000108;test;A person uses a chain saw attached to a rail system to split a long wooden log in half.;;;;
956991359162;BFYBAg9fSL4_000388_000398;test;A little girl points at pictures in a book while a man helps her along.;;;;
415688291831;BJ5IT0yyDAU_000050_000060;test;Two women dressed as young girls are participating in a puppet show.;;;;
172201676655;BJj9z4n0STk_000027_000037;test;A video that describes and shows how to swim under water.;;;;
920480200321;BLZBr54Hf-M_000261_000271;test;Two people sit behind a bottle of wind, talk, and then drink.;;;;
650357981535;BM9Pb9WE4_k_000095_000105;test;Demonstration and narration on how to trim an evergreen tree.;;;;
143210530351;BMRtSn6ZqNo_000110_000120;test;A person is stirring ingredients in a bowl with a spoon.;;;;
755950705614;BPAZjVFei4M_000000_000010;test;A girl named Hannah is saying that she is going to be playing her recorder.;;;;
661356651589;BRCaLXFDHr8_000002_000012;test;A woman tests a wind instrument with her fingers before blowing into it.;;;;
297925180305;BUGCRgcRnXg_000038_000048;test;Someone is filming themselves and one other person in front of them skydiving or base jumping through the air.;;;;
254638637902;BW8PizHcCzw_000037_000047;test;A man is narrating a video about learning how to become a card dealer.;;;;
57835522615;BWUegTwLnpU_000007_000017;test;A pair of black velvet high heels are being brushed and cleaned.;;;;
100173656245;BWezyYCgrQE_000014_000024;test;One child jumps on another child as someone cheers them on.;;;;
582613287473;BWxQXzXynhQ_000387_000397;test;A person is using blue spray paint to add finishing touches to a painting.;;;;
379553455128;BYLMB5s0M8Q_000168_000178;test;A man has his name called by someone on a microphone and stands to receive a bouqet of flowers.;;;;
130408288892;BYM7uhwJFLk_000022_000032;test;A man discusses his pipe before he takes a couple of puffs on a pipe while driving a car.;;;;
310363312525;BYoIZZLnizg_000008_000018;test;A woman demonstrates several side lunges while holding a baby.;;;;
63892742869;BZ10JbozzYs_000000_000010;test;A little boy blows a big bubble with bubblegum and eats it.;;;;
565856009647;BaDM7lGgQig_000064_000074;test;A person uses a motorized tool to cut off slices of meat.;;;;
568605771196;BbT2MT8zjbk_000038_000048;test;A women is using tools and beads to create jewlery.;;;;
496710049331;BdWCltVcdxk_000015_000025;test;A man wearing a microphone speaks talking about a show he put on.;;;;
103532967384;BdmLB7IdGrk_000004_000014;test;A woman in a craft room holds a bundle of sunflowers to do a flower arrangement with.;;;;
927086803054;Bf9i9aoaGOg_000000_000010;test;A guy is playing with an inappropriate object while he is driving.;;;;
843964912406;Bfyp0C02sko_000248_000258;test;Two eggs are prepared in a skillet, one egg is dyed purple the other blue.;;;;
119214703511;BgxgcBNT1eA_000191_000201;test;A woman is demonstrating how to knit and saying that before you know it, your muscle memory kicks in.;;;;
964527195058;Bk0sM4DuhIA_000122_000132;test;A person pushing down meat from a machine while another person pulls the strip.;;;;
420618408850;BlHNGhui6LA_000021_000031;test;People are at a concert listening to a woman and band make music.;;;;
352972867616;BqdjAlbg9XE_000021_000031;test;A group of men are watching an instructor in a how to fight on the ground.;;;;
137157065483;BrKuhHIHccg_000049_000059;test;A young girl tries to use a treadmill it is very dark.;;;;
857744231302;BrQi6a26vXU_000016_000026;test;An elderly woman creating wool yarn with her fingers, along with a group of other people.;;;;
463981574987;BuZdSvfZvaM_000492_000502;test;A teenage girl pretends to cough up a piece of paper, and people laugh.;;;;
910808754951;By1lQRot9eo_000035_000045;test;An innocent cute little baby boy is trying to taste the carrot.;;;;
452018870705;BzGQQfDpcfY_000019_000029;test;On a field a group of men are jumping hurdles and running.;;;;
228584915371;C-McLA2wB2w_000005_000015;test;A little girl is trying to put her foot in the mouth;;;;
490277154210;C2C4a3VMJNw_000000_000010;test;A man doing artwork on a piece of leather with a leather carving tool.;;;;
831112066821;C4875srn6kY_000000_000010;test;A person is shooting a close up video that demonstrates how to wash your hands.;;;;
916858839432;C4G5Md3vDm8_000040_000050;test;Two people discuss a very large building fire that lights up the night sky.;;;;
741210315761;C5yTd8hS6AY_000039_000049;test;a man strings pasta in through his nose and out through his mouth, to the disgust of others watching.;;;;
83855230416;C8FVw_u3-Sw_000000_000010;test;A woman jumps from a platform while holding on to a rope and does a flip.;;;;
887919033068;C8HjFogZel4_000071_000081;test;A woman is securing a wheel to a bicycle using quick release levers which mentions using American english.;;;;
913648614357;C8pn8Fa30N4_000088_000098;test;Kid in a room showing how to blow up and make balloon animals.;;;;
993410093074;CEEzZz1TJ64_000055_000065;test;A person plays electric bass guitar along with music in the background.;;;;
463353263443;CG6jvCuZyDg_000002_000012;test;A baby is laying down on its side and watching a tv.;;;;
348602408771;CGSKGAlTgCQ_000075_000085;test;A girl is sitting on a bench while a man puts a clamp on her nose.;;;;
307634400380;CGSiHnLsNVc_000000_000010;test;A man holds a baby while she drinks from a sippy cup.;;;;
163695481939;CKUaeC_FWoA_000019_000029;test;a little boy runs over to some cake that is on a plate in front of them;;;;
260647696441;COnYleGIBw0_000025_000035;test;A woman shows two people parasailing above them before turning to the others on the boat.;;;;
564708783527;COrYGNIyI7Y_000230_000240;test;A man is holding a pizza in his hand and then he places it on the table and starts to cut it with a knife in front of two other men.;;;;
749285248088;CQ1_ovjb-Ho_000258_000268;test;A boy being lowered down a rock climbing wall by a staff member.;;;;
411088984253;CQVEb9xLogE_000004_000014;test;A girl is giving milk to a cow, a woman is instructing her how to do it  in the background.;;;;
392726168142;CQzUU7-cVck_000006_000016;test;Young person holding a rope and rappelling from a high tower perch.;;;;
515155693918;CSMEQvz-OUc_000001_000011;test;In a stairwell, two men move a piece of furniture down a flight of stairs.;;;;
139543980026;CTtptzR-UOo_000028_000038;test;A man is laying on the floor with a ball underneath his neck and beginning to roll back and forth.;;;;
182777002355;CWnYR7xv-Mo_000002_000012;test;A man in a hat uses a hammer and chisel to work on a room.;;;;
579457810466;CXPpgR3wSGg_000002_000012;test;Person plays a few notes on keyboard with one hand and turns to the side with same hand lifted.;;;;
666459140838;CZ1oWiDS_5c_000000_000010;test;A person runs into a snowman as someone laughs in the background.;;;;
933178712372;CZOroZ61VSg_000000_000010;test;A man demonstrates different sit-up techniques with a large weight against his chin.;;;;
458371706848;CZfe0PkjvA4_000025_000035;test;A man is narrating how he cleans his trimmer and shapes his beard.;;;;
844805365123;CZykUx8OAbU_000067_000077;test;A man bobs back and forth to music, then begins to whistle a tune into the mic.;;;;
974062754020;C_QP4vOVTrE_000164_000174;test;A man smoking some electronic cigarette while explaining the high.;;;;
430312240045;Ca7inKrelzI_000064_000074;test;A person gets in to water with a crocodile and grabs it tail while others watch.;;;;
371794772466;Cc0wpiKhLw0_000024_000034;test;Two boys make mouth noises together while sitting on their couch.;;;;
875546003969;CdpUfCli4ys_000049_000059;test;A team of sled dogs pulls a sled over a snow covered field.;;;;
167217647635;Cefj4y2VvNY_000093_000103;test;Two young women are crafting something and laughing and having a good time,.;;;;
161912700270;CevURlCgDzs_000015_000025;test;A woman uses a small long handled shovel to clear snow from a pathway;;;;
445977944071;CfeTpqt937k_000003_000013;test;A person is petting and scratching the head of a black cat.;;;;
244239291963;Cgx0E-Ee5wU_000004_000014;test;A baby boy is clapping his hands while his Mom is trying to get his attention.;;;;
540660897051;CiRq6h7RDBE_000004_000014;test;a man in a private room playing a guitar without singing;;;;
160397360640;CieWVgeB-MM_000000_000010;test;A man winces in pain as he gets a tattoo applied to his chest.;;;;
713259764034;CoeiMmVLre8_000000_000010;test;A group of young guys are on a football field playing a game of football;;;;
331736456092;Cs8fMWmgK3M_000113_000123;test;A person is sitting at a organ playing a classical piece.;;;;
765133371331;CvSIs_R_BEk_000082_000092;test;Carpenter in a wooodwork shop uses a handheld pane to shave down a length of wood.;;;;
388202958531;CvgKjlXU7-8_000001_000011;test;A man in a lion t-shirt sits crosslegged and plays the didgeridoo.;;;;
687502144776;Cx6XQIwOqyM_000002_000012;test;A woman moves like a robot in front of a robot exhibit.;;;;
720990228519;D-bMlkaCTDM_000000_000010;test;A boy is showing how to do a back arch while on a blue mat.;;;;
278258231703;D1-cCXclgZo_000010_000020;test;a little kid sitting down moving their head around and looking at people;;;;
198831815638;D2Iw5WmcZm4_000016_000026;test;A man gives a dog something to eat while another man is mowing the lawn;;;;
389075632056;D2za2DxJ1iw_000047_000057;test;Two sky divers attached together is seen skydiving as their parachute opens.;;;;
685894571267;D3EeiT6hZI4_000104_000114;test;A brown dog sits patiently and is fed a small treat;;;;
961572373912;D7R6eFwMd4Y_000041_000051;test;A man was arranging some bulk cash together on the table;;;;
886204089556;D7qJTi_6rzQ_000003_000013;test;A toddler boy uses his head to slam against his dad's back and then trips over his dad.;;;;
5408920846;D8MzzIhvBdI_000005_000015;test;A parakeet shakes hands and gives a high five to a woman on command.;;;;
935736633122;DBMSomp0elk_000023_000033;test;A man is pushing a lawn mower back and forth across a lawn.;;;;
803117267195;DDwSxyD5A1A_000102_000112;test;A person is seen using a sowing machine and moving cloth back and forth.;;;;
1017974329;DHJB2Kx3fcM_000015_000025;test;A little girl is pushing herself on a toy scooter along a concrete driveway.;;;;
112919310197;DH_uqMhdyEk_000117_000127;test;Two boys practice shooting hockey pucks into the net on an ice rink.;;;;
872695685508;DIMBtwbtnYQ_000182_000192;test;A person kneads and rounds some balls of dough and places them in proofing baskets.;;;;
163320208765;DIYiKOjA0v0_000001_000011;test;A man is holding a baby and the baby yarns nicely seeing something;;;;
566647087058;DKqPSRSDPBk_000074_000084;test;A lady is jet skiing in a lake or river while music is playing.;;;;
283925394549;DLEEYdFodkc_000003_000013;test;A baby is qute a hair is gold colur and a eyebrow in move and baby is smilling;;;;
190676580762;DLr9B2Bi0M0_000008_000018;test;A boy is swinging an axe at objects that are on the ground in the yard.;;;;
792241474596;DLxAkF7lYHE_000184_000194;test;Girl in dread locks wrapping Christmas gifts in front of a camera.;;;;
130826265696;DOVzrocR2fM_000043_000053;test;Someone washing their hands and a narrator explaining how to do so.;;;;
185767211100;DOa84IoN8N8_000014_000024;test;Two men are hanging out around a fire with a cat walking around on the ground.;;;;
211803118953;DUmFFNmfgAg_000013_000023;test;A man playing electric guitar on stage whilst spinning his hair in circles.;;;;
60999359149;DW_S9heX-CI_000037_000047;test;A boy beat boxes and hums to the tune of music playing in the background.;;;;
45151902076;DX7QDSwVC_8_000059_000069;test;A woman asks a question and a man is shown answering it.;;;;
372712497524;DYcbS0QgOs8_000003_000013;test;The lady is cleaning the shoes thoroughly, making sure it is spotless.;;;;
333188069543;DZtaIMKz0lU_000011_000021;test;Two women are sitting at a table looking over a document, then folding it.;;;;
274265476577;DbrEqHMEldw_000008_000018;test;A man digging in a pond and highlights of his fishing trips.;;;;
699069989815;Dbzm5Gl6gWA_000017_000027;test;A man is mowing his yard on a riding lawnmower with his small child sitting on his lap.;;;;
18938208077;DcYqRCy3LsI_000046_000056;test;Prince Charles is doing the weather report and the studio is laughing.;;;;
146070460063;DeRCbSPU8NM_000085_000095;test;A couple of people are scuba diving in a large body of water.;;;;
658957820850;DgiAfApDPKk_000093_000103;test;A large group of people are in a studio learning to country-line dance.;;;;
71806951377;DhnHzooyFo4_000042_000052;test;A man passes several other snow boarders while snow boarding down a slope.;;;;
916933573018;DmjsEgVPK34_000073_000083;test;A young man dances around a bedroom to dance music while different colored lights flash.;;;;
185274835161;Dmsy2mnfV5w_000002_000012;test;A man is talking to a young boy before he throws an object into a lake.;;;;
158027617951;DoOiOKwy1gk_000050_000060;test;A toddler is walking around a pet farm looking for more food to feed the chickens.;;;;
35232254736;DvkcuvgHSDM_000008_000018;test;A kid does a flying leap over train tracks, a couch, and a chain link fence.;;;;
411337818442;DxjGNZXHIDo_000193_000203;test;A person touches illuminated buttons on a large electronic machine.;;;;
457745946340;E0uixJw2u68_000587_000597;test;A man is carefully tattooing a flower on a women's leg.;;;;
632231675708;E14H_dK-fTY_000042_000052;test;A person is slices a watermelon in half on a cutting board;;;;
431457484121;E1nEWt5VZzY_000061_000071;test;A man is walking through a crowd and talking to people at an auction.;;;;
495890805943;E1v-Q_eyAng_000003_000013;test;A young girl is climbing a rope that is hanging from a tree.;;;;
679991840084;E2QZ_ErlrJ4_000022_000032;test;The man is running as he detects a catch in the hole.;;;;
480779788284;E2croigfy4Y_000017_000027;test;Liquid is being boiled with a chemistry machine piece of equipment.;;;;
499042872256;E2nurDrtH4s_000011_000021;test;Someone is water skiing on the lake on a clear day.;;;;
993709536294;E3FG1SdjzVk_000021_000031;test;A boy is practicing his golf swing at the driving range.;;;;
899699352639;E3yce2R_yNE_000009_000019;test;A doctor is washing there hands before preparing to do stuff.;;;;
776947915803;E42SSp-2aLk_000208_000218;test;The man is showing his skills in cooking a certain kind of soup.;;;;
391490898367;E46VG0h8bdw_000418_000428;test;Two guys are competing against each other playing a game.;;;;
288670294448;E60bOgWoEZQ_001076_001086;test;A man in proper protective gear is welding metal together.;;;;
44371458681;E6cLsQqwcbQ_000040_000050;test;A man driving in blue car describes heads up display features of the car.;;;;
623489193300;E6cnyjaCD3U_000195_000205;test;A man is closing his eyes and whistling a tune while music is playing in the background.;;;;
776890498417;E8EhsfkqT0c_000092_000102;test;A girl sits on a bed holding a shoe as she ties the laces.;;;;
549117841156;E8_pIIAr90c_000000_000010;test;At a gym, a man gets on a curved treadmill and begins running very quickly.;;;;
474199750134;ECnjxQOVXXk_000001_000011;test;A woman is being spotted by a large man and lifts a large amount of weight.;;;;
716388015935;EEIAOp5gq2A_000001_000011;test;A boy is bent over blowing smoke onto a chess board.;;;;
182271608746;EFiV66yJqpM_000205_000215;test;Someone is massaging and stretching someone's leg on a table.;;;;
602191419517;EGAcQl57wNg_000000_000010;test;Music plays while someone is peeling a pineapple on a table.;;;;
644562917764;EGQxtiReVnE_000014_000024;test;A young boy is riding a skateboard down a narrow two-lane road.;;;;
587826759590;EJLELzXZ2iY_000125_000135;test;A man is speaking into  a microphone at a podium with a man and woman seated behind him.;;;;
391889929769;ENorOsdty00_000347_000357;test;A person holds a large rock over a piece of fabric set over their knee.;;;;
402474515250;EP91m3H18FI_000014_000024;test;A young child helps a woman wash plates taken out of a sink.;;;;
429645873230;EPTwkPkjpwU_000087_000097;test;A garbage truck dumps a dumpster out while a man stands behind watching.;;;;
910095846181;EQJKr4DxwCk_000091_000101;test;An individual is lining up pencils and sharpening them until they have a fine point.;;;;
441097471732;EU5g-Pi0a24_000153_000163;test;A young woman with braces puts a contact in her eye, giving a close up.;;;;
358956240968;EUTQVMbplQY_000063_000073;test;This news report is doing some type of investigation about gas pumps.;;;;
237720728541;EVA1YIq3pvI_000020_000030;test;A person trying to climb and run up a mountain while falling down;;;;
201344291296;EZX06L1OsQU_000016_000026;test;A man standing on a balcony is holding and strikes a gong.;;;;
653638393607;EazcVcrMfok_000003_000013;test;In sped up motion, a woman and two children are decorating a Christmas tree in a home.;;;;
45899845160;Edr1wOLgUgI_000016_000026;test;Young kids and parents play a game with laser guns while in their yard.;;;;
211300660653;Ef40vujKnaU_000008_000018;test;Music is playing as a little boy pushes a vacuum back and forth.;;;;
130603615159;EiZvgwrHCMk_000000_000010;test;A women performs a cartwheel while walking through a water spout park.;;;;
483613994522;Eicloge6jFM_000012_000022;test;A bowl of gravel and grit is lowered into a bucket of water;;;;
550349657393;EiiYCgssDfQ_000030_000040;test;A group of teens shave each other's heads in a gym.;;;;
511471912303;EkT5y-2ie94_000238_000248;test;A man with an apron cutting wood that rotates in a machine.;;;;
752944488813;Eks62nEKfH8_000066_000076;test;A woman is getting her tongue pierced as the surgeon lifts the tongue with forceps and the woman looks on in discomfort.;;;;
273416181273;ElSBz64AIsE_000003_000013;test;A little boy is playing hopscotch on the sidewalk in front of the house.;;;;
729827493318;EmYMKuJ13J8_000003_000013;test;A person play a music with the help of some electronic device;;;;
432815200810;EtZA_L8iH8Y_000279_000289;test;a person pulls on a rope that is next to them;;;;
62001629904;EzVsl4ZXUl8_000146_000156;test;Two men in a boxing ring spar while wearing headgear;;;;
273228192840;F-JXEPnSvSI_000138_000148;test;Two guys are dancing while people are holding their phones up.;;;;
724139705207;F29GqCDFic8_000711_000721;test;A man in a red shirt is spreading wood glue on a something he is building, then places a large piece of wood where he spread the glue.;;;;
635465692598;F2AomQQRAqs_000047_000057;test;Two people parachuting are flying over a large lake together.;;;;
550106049613;F5JTPUwBDw4_000405_000415;test;A man is riding a horse and backs up the horse and turns the horse around.;;;;
661655785735;F6M8pFiD19E_000269_000279;test;Three people dressed in white costumes perform acrobatic tricks.;;;;
845567578456;F6ZLuarySKo_000136_000146;test;A man roasting peeps over an open flame while talking to another man.;;;;
278082820425;F7ewIlL2Ma4_000005_000015;test;A man is inside a living room and doing some work using some tools.;;;;
296733256963;FASqToLwytk_000129_000139;test;An older man rearranges the branches of shrubbery as a voice and birds are heard.;;;;
293528339137;FBGJAvbwKf0_000047_000057;test;A man spraying water into a flaming wheelbarrow, effectively distinguishing the fire.;;;;
789383664667;FCZQSGXsvw4_000091_000101;test;A man is using some heavy duty factory machinery as he slides out a panel which is wedged inside and commentates.;;;;
11722652592;FConSEQ-fdQ_000013_000023;test;Someone does a high pole jump in a competition on the field.;;;;
288683625020;FEJFDsPci1o_000135_000145;test;A man rides a water ski right behind a motor boat as people talk and he laughs.;;;;
562824261104;FFena_nFBjc_000008_000018;test;A man applies a cleaner to a sponge and uses it to start cleaning a pool.;;;;
892568343967;FHxv5n5CrsA_000000_000010;test;The main is riding around the arena trying to rope the steer.;;;;
700453634597;FJh6IxHTrqw_000031_000041;test;Two people are in a room ,and a the male is telling his dog to sit.;;;;
895067397792;FKjRMG8tnU0_000061_000071;test;Someone walks past and a loud machine hums in the background.;;;;
194495394144;FMKSzVoKUqg_000009_000019;test;A man with his feet on an exercise ball bends his knees and draws the ball closer and returns to his original position.;;;;
244512280083;FMfkibqFapo_000077_000087;test;People ride water vehicles on a body of water, and another person stands on the shore of the water.;;;;
834648102263;FTOgHjhqlhU_000054_000064;test;Men in various costumes are being cheered on as they drink water, and one of them stands up on the table in victory.;;;;
319820648315;FTxa5j8T03k_000009_000019;test;A little girl with a band aid on her forehead blows out her birthday candles as people sing to her.;;;;
237247833177;F_WeSA5gy2Q_000041_000051;test;Polo players were sitting on their horses with their  club while roaming on the dirt;;;;
533694489154;F_Wso9Xapqw_000220_000230;test;A little boy and an adult proceed to unwrap a gift.;;;;
659472576243;FcbL8yPAzZo_000155_000165;test;A woman showing how to clean a piece of glass in a decorative wooden frame.;;;;
516458886365;FcrKaBX8WG8_000030_000040;test;In a living room, a young girl is unwrapping a present.;;;;
972491403754;FiIPtpzJ6hY_000037_000047;test;A person is inside and trying to ride a fake bull back and forth.;;;;
441793701757;FinRO8rSgAY_000000_000010;test;A guy is doing an exercise with his legs and arms.;;;;
984320087744;FsrD9In_oBM_000002_000012;test;Man walks to doorway, looks at girl, girl runs, does twisting flip and back flip.;;;;
824453137403;Fux8UQlirtk_000214_000224;test;Someone uses a sewing machine with white thread to stitch two pieces of fabric together.;;;;
192709866658;FxzBN629MGw_000003_000013;test;A boy stands in front of an open sandwich and matches jars of ingredients to spreads on breads.;;;;
415403574424;FzhvYfqduCU_000009_000019;test;Young boy and young girl playing with a fidget spinner in the backseat of a car.;;;;
418615674050;G-L0hmjWScI_000000_000010;test;A woman shows how to knit a six stitch right cross.;;;;
963691572307;G4DepGkcNL8_000003_000013;test;A little girl is pushing another girl in a push car.;;;;
63885366700;G80xZq-1Uvg_000005_000015;test;a man in an apron looks at the camera and talks to it while others work behind him;;;;
655289734917;G88xmYArd8o_000001_000011;test;A man with skies on goes down a ramp and into the air and a parachute opens up since there is no snow.;;;;
992648369595;G91ngyXp6S0_000010_000020;test;A person in a street market is using various dyes to dye pieces of fabric different colors.;;;;
520496664398;G9zN5TTuGO4_000179_000189;test;a man repelling down a side of a mountain covered in snow;;;;
848865713644;GCtPDRrBBc0_000000_000010;test;A man at the counter in a hardware store is showing off a tool.;;;;
10672428460;GFDeZ1M-j2E_000001_000011;test;A woman lick another woman and then drinks a shot of alcohol;;;;
642745324140;GJmfSgkvH7o_000019_000029;test;A woman carefully adjusts a bow tie collar on her shirt.;;;;
533154881389;GMPCgz48NOc_000022_000032;test;A person demonstrates proper swimming technique as a man narrates.;;;;
565924105538;GMS4Wh88nZI_000064_000074;test;Large groups of people in traditional costume are milling around on a bright sunny day as some sing, and some row.;;;;
593047756660;GNUDkrXspaQ_000069_000079;test;Two young boys dance to the music and one mouths the words with his mouth.;;;;
17332401371;GOILXkwvgpg_000000_000010;test;In a gym a man is doing some stretches with his whole body;;;;
375429396708;GRWpczd858Q_000203_000213;test;A close up of a chef in the kitchen explaining his technique.;;;;
835538375788;GTr3wXCclpM_000040_000050;test;a man dancing in the center of a crowd overlooking him;;;;
262826455877;GWOHr1RViOo_000441_000451;test;A GIRL IS CLEANING A RAZOR BY RUNNING IT ON TOILET PAPER;;;;
320723496131;GXO1eYu4kr8_000000_000010;test;a man sitting on a gym floor throwing a black ball;;;;
991922034276;GYwQ5dGKznY_000037_000047;test;Various people are doing very difficult tricks balancing on a slack line.;;;;
947435237531;GfMigQqZADw_000037_000047;test;Lots of people are on the ocean on a sunny day kite boarding and kite sailing.;;;;
217071405453;GhhjqW9vBZk_000322_000332;test;A man holds the top of a woman's head, and pulls his hand through her hair as he massages her scalp.;;;;
268363313369;Gie7oyrZH90_000000_000010;test;A woman grabs a person's foot and starts talking to the camera.;;;;
591620157464;GkdE5FD-cSI_000004_000014;test;A boy throws a football as hard as he can at his friend.;;;;
431877229234;GkkWbdydkPk_000014_000024;test;A man explains how to make balloon art by twisting a long purple balloon into shapes.;;;;
97453325715;GpI8DSsvwXI_000044_000054;test;A person is on a board and riding on the lake while tied to a jet ski or boat.;;;;
17732775967;GqCUEAigBWw_000012_000022;test;Two people are sledding and sliding down a snowy slope.;;;;
729825902067;GqnNJywvDy4_000053_000063;test;A couple of people force horses to carry them around on their backs.;;;;
980823788673;GuebaLV2o7A_000000_000010;test;A girl blowing bubble gum suddenly has it pop on her mouth and nose.;;;;
920478234418;GyB_uay2KAw_000003_000013;test;A lady is shown instructing a boy on how to use a sewing machine.;;;;
643185580198;GyRaX0VYQDQ_000078_000088;test;Man with guns are shooting out on a tire playing area and one man grabs a red flag and runs.;;;;
77799294866;GzlcYW2YF8o_000011_000021;test;Dominoes are displayed on end in a pattern and then knocked over as they fall in that pattern.;;;;
819735581956;H0_bZL1X1sk_000000_000010;test;A person walks into a kitchen, opens the refrigerator, looks in, and a hand reaches out with a can.;;;;
744220199279;H1rf96-Jm0o_000023_000033;test;A person goes through different gear shifts and turns on the car.;;;;
651598069400;H20kn210Ge4_000030_000040;test;A Policeman outside directing traffic on a busy street in a large city having a great time doing it, even showing off with his actions.;;;;
352618594460;H4yFkDFjPCQ_000027_000037;test;A person is shuffling a deck or cards with one hand.;;;;
633839151948;H5KcYdDzf9c_000176_000186;test;An auctioneer is working in front of a large crowd seated at tables.;;;;
471854792885;H6br3lzeFSA_000002_000012;test;A baby, holding a hot dog, and sitting in a highchair, is laughing, and then a male sounding voice laughs at the end.;;;;
685579824947;H8E0a2WVJHw_000010_000020;test;A young man does a long jump before an announcer calls out his result and spectators cheer.;;;;
681500308565;H8WWknTZUmA_000016_000026;test;Outside of building that has wood siding a man is working.;;;;
513432543939;H8rMDUDnqTE_000032_000042;test;a father is brushing his daughter's hair and she is fussing and ready to leave;;;;
428643423401;HAezZ-g5ntY_000123_000133;test;A person works on a piece of pottery spinning on a potter's wheel.;;;;
938220943621;HCKNmc0X0kQ_000001_000011;test;A man is in a gym climbing a ladder using only his arms with his legs stretched outward.;;;;
453681766197;HCvhz5HkpF4_000078_000088;test;A child and two adults are decorating a Christmas tree while music plays in the background.;;;;
415069071925;HFHdSUu1iJ4_000066_000076;test;Two people fighting in a snowy forest with small knives and then one kills the other by slicing their neck.;;;;
422628659204;HHVzBgnHyLA_000009_000019;test;A young man does the long jump at a track and field event.;;;;
467665629856;HM4tiCR6BGA_000003_000013;test;A man is on one knee proposing to a woman, puts a ring on her finger and jumps for joy when she says yes.;;;;
263881172852;HPzAQ1aZrJA_000120_000130;test;A man is trying to fix the inner lining of a bike tire.;;;;
710028915605;HR_w7PNiW9w_000038_000048;test;A man plays a guitar track while recording music in a studio.;;;;
155560595594;HRbJUauSMSc_000043_000053;test;A man in a workshop swirls a liquid around on material using a paintbrush, cuts another piece of material, then folds the piece of material in half;;;;
696711259533;HSi7Lbwh3Q8_000195_000205;test;A person is knocking over some plastic pieces that is on a table.;;;;
563643785977;HVwoW5681fM_000013_000023;test;People are up in the air parasailing and looking down at the water and land.;;;;
556450580536;He01a0PGo1g_000103_000113;test;Six women, in sailor costumes, are performing a dance routine.;;;;
640794706468;HeEsL9yTiKg_000033_000043;test;A boy stands in a playground swing and falls off as another boy laughs.;;;;
763142557147;HgNYP5WZhQw_000012_000022;test;A boy plays a single note on his saxophone and talks to the camera person.;;;;
178401190903;HgXFcLXtr_A_000005_000015;test;A small boy takes a tumble off of an object while playing at the gym.;;;;
546878827193;Hgo7xkutPno_000059_000069;test;A man who looks like welder is welding the tin box.;;;;
739458137686;HhTQwMgOjL0_000037_000047;test;A person is showing how they open a beer with a screw driver indoors.;;;;
621230715473;Hi_KCJa55sM_000165_000175;test;A woman draws a spider web on the face on a second person.;;;;
63628422985;HncTHpgDDoc_000105_000115;test;A young man gives a tutorial on forming an animal with a balloon.;;;;
573647036015;Hnex85IkEPg_000000_000010;test;One girls pushes another girl in a wheelbarrow but it tips over before long.;;;;
433443329472;HocYzrq68aM_000048_000058;test;The kids in uniform are practicing their dance in the gym.;;;;
816391447445;HpnuCO7skxc_000107_000117;test;A man is conveying a message using only sign language.;;;;
357320372701;Hv1r7rgekCw_000006_000016;test;A woman is playing a bag of pipes as a camera light flashes.;;;;
441341072057;HvnLVSTwOUE_000239_000249;test;A man sits in a room with a heavy curtain behind him, on a laptop.;;;;
568770223250;HxsXFx953aA_000027_000037;test;A young girl is stepping on a ladder while people tell her how to do it.;;;;
515536271714;HyLSN1N5Bdk_000183_000193;test;A woman is sitting, holding a cat in her arms as she runs her fingers over his head and he extends his arms out as if he is pleased.;;;;
102845489841;HyThLeZVMy8_000004_000014;test;A large group of people is seen carving pumpkins together.;;;;
19092272197;HzO-QXUsHb4_000083_000093;test;A group of people in helmets sit in a bobsled on a track.;;;;
279545091066;HzVJ3FqY7qA_000004_000014;test;A man describing how to use a remote control for your dashboard stereo;;;;
438732887652;I1IEygcEgEI_000000_000010;test;A karate student breaks a board with a punch that another person is holding.;;;;
303571613097;I2YlCISB8TY_000036_000046;test;A baby is looking around and spitting and drewling all over.;;;;
811668552888;I2lOecIlqFs_000055_000065;test;A person grooms a horse that is cross tied with a brush.;;;;
147128185866;I44HVnyEKVA_000016_000026;test;A group of bagpipe players are marching down a ball field.;;;;
782053427965;I4y5UwvqaqI_000011_000021;test;A man is dancing outside vigorously while music playing in the background.;;;;
276238229007;I5a1Xurftt8_000047_000057;test;A woman demonstrates the proper way to fold a small white towel.;;;;
799198994114;IB9tRqlvXqc_000016_000026;test;A boy is skateboarding and walking his dog at the same time.;;;;
975506487904;IDgQ4Oy-hrg_000053_000063;test;A person climbs up a rope course obstacle while other people off-camera talk about their taekwondo experience.;;;;
238046702285;IDh_IR5L3yk_000000_000010;test;A person uses several smaller containers to efficiently pack a suitcase while music plays.;;;;
880559443571;IFXyeVwqIoo_000000_000010;test;A young female child uses her asthma inhaler to make sounds while an unseen female speaks in the background.;;;;
421766013410;IH7SR20aCuU_000089_000099;test;A group of people are intently playing poker, we can see their hands projected on the screen.;;;;
25236089314;IJefZYtjVJk_000035_000045;test;A woman is doing a dance performance on a stage.;;;;
147410162964;INE91N7JbFw_000008_000018;test;A kid seated is laughing and rising her eyebrows while a woman is laughing in the background.;;;;
254978574587;IPRhqTiyK_U_000000_000010;test;A person demonstrates how to properly cut a carrot into equal portions;;;;
569884305199;IRlCDEI7R_Q_000157_000167;test;A stainless steel bowl of cut up fruit is twisted in time to music, a hand reaches for a bite of fruit which a face eats and the face's body appears holding the bowl of fruit.;;;;
327150560508;IZmQ1ndVmyc_000004_000014;test;Lots of baby ducks surround a large duck and one rushes towards a man as he throws bread.;;;;
932188027503;IbOMVIJACXs_000024_000034;test;Outside in the woods a large group of men participate in shooting of their weapon;;;;
173004253426;IcLztCtvhb8_000249_000259;test;A glass blower is using a tool to shape the heated glass into a shape.;;;;
213312781417;IdrRBAJVWjU_000110_000120;test;A person is using a strange wrench to turn a nut on an object.;;;;
128567003764;Ie1GRyaFpQc_000045_000055;test;A young man is sitting while he plays a musical instrument and beat on it with a pair of wooden sticks.;;;;
250032051183;IeDin6oB-IY_000003_000013;test;A young child hits a baseball off of a tee and runs to first base while another child runs to home.;;;;
73184998506;IfhxOy2uTeM_000009_000019;test;A kid is eating a snack by using a spoon and is smiling;;;;
776161554004;IgKFqseG-9c_000004_000014;test;People march and dance down the street while wearing colorful costumes.;;;;
13524192317;IhRi7odZ33s_000206_000216;test;A man is changing a car tire while another man is trying to put the old tire in the boot.;;;;
393382602582;IiATZMBx1eY_000032_000042;test;A man is playing a song on a wind instrument.;;;;
642052202498;Ij_3UvY3b8E_000000_000010;test;A man is curling his nose and opening his mouth very wide until he pretends to sneeze.;;;;
346443205115;IjaA8hal1xM_000034_000044;test;A man is yawning and making funny noises, someone is laughing at them.;;;;
42843294587;IkLW2Pox-nA_000000_000010;test;A young kid is shown doing a handstand against a door picking up one hand at a time.;;;;
860156411538;IkxOgDBCdug_000044_000054;test;A girl is trying to use a cork screw to open a bottle of wine and is having a hard time.;;;;
153593349983;Im7rGy0xCaM_000009_000019;test;A line of people on top of a cliff are jumping off one by one.;;;;
672469405617;ImvUwDdtn6Y_000021_000031;test;Close up of the parts of a grinder then footage of chunks of meets being ground up into mince.;;;;
223619715650;Ip0yJAkp7Pw_000119_000129;test;A dance team of women dance in traditional Latin American costumes to traditional music.;;;;
780431469475;IrbMK1MKgQA_000006_000016;test;A small baby eating vegetables as he sits in his chair being filmed by his mom;;;;
12049517842;IrrO4-aFvwg_000001_000011;test;Three women are preparing food on a kitchen counter while music is playing.;;;;
548362609854;Iv0XyMqrnw8_000115_000125;test;A woman is using the skill of embroidery to put a design onto a piece of fabric.;;;;
387638881369;Iz5nOXvBzWM_000009_000019;test;A little boy walks a very small do that takes off running.;;;;
937146136532;J-tsZtbvAxw_000041_000051;test;There is an infant chewing on their hands while being held by another person.;;;;
479761040018;J18Y0dxyENI_000010_000020;test;A person is welding a piece of pipe using a steel tool with flames.;;;;
704067592698;J227D53B8hA_000082_000092;test;A person is using two cans of spray paint to make a painting of space.;;;;
33877996676;J25zE5V3_tw_000048_000058;test;a group of people walking in the forest looking at trees with boxes;;;;
695292131941;J2MNJqVHPX8_000001_000011;test;A boy swims in a pool and a man gives instructions.;;;;
13310755890;J2kisiAZVs4_000000_000010;test;A person is jogging on a dirt trail while another person films them.;;;;
355775438772;J5pgXKJL4wg_000012_000022;test;A small boy is watering plants with water from a hose.;;;;
536187406770;J6GrUalx6Go_000097_000107;test;While a man is talking a woman is running down a set of stairs.;;;;
227854012208;J8ALRffvpoI_000002_000012;test;A young man is trying hard to bend a large piece of metal.;;;;
203968883787;J8bZhQNBjYY_000015_000025;test;Two woman are using hand puppets and are making the puppets talk.;;;;
273852444182;JB1EhW9z4Bg_000002_000012;test;A group of women are in an exercise studio participating in an aerobic exercise class.;;;;
901702392070;JBGTIJbfrPo_000077_000087;test;An announcer speaks as a group of polo players ride their horses down the field.;;;;
725628493373;JB_E1gg9_xE_000000_000010;test;Two young men throw a piece of wood furniture off a deck and it breaks on the ground.;;;;
168384730045;JBmRfj_N6EA_000000_000010;test;A guy is sleeping on the couch and all of a sudden his phone that is by his ear lights up;;;;
339608233026;JCH1E6SwtMM_000092_000102;test;A man is using a stick to put glass into a fire in a machine.;;;;
141088022362;JCVQcNTQS2M_000036_000046;test;A man is riding a very small tractor and then he stops.;;;;
959780708278;JD8rlHvYdhk_000022_000032;test;Someone is participating in a snowmobile jumping contest at a ski resort.;;;;
305381392182;JEp2k627zJQ_000303_000313;test;A group of dogs are pulling a sledge with a person on it, through the snow, in a race.;;;;
960469338425;JFTizydGoks_000109_000119;test;A man holds a small child as she drops fish food down to the koi pond below.;;;;
429363995823;JGluzZgbe2E_000048_000058;test;A man is eating chips  while making a sandwich and someone behind him is teasing him.;;;;
125785464477;JIdIqgo-fUM_000003_000013;test;A boys high school basketball game and one player scores a basket.;;;;
714516072709;JJOkXFxcw34_000167_000177;test;A person is shown ice skating in an ice rink with slow motion.;;;;
286265656549;JLaFmdOjW-I_000023_000033;test;Someone is sitting on a hospital bed, whilst someone else is putting tape on their legs.;;;;
356443415859;JMqqfArdsek_000008_000018;test;A person shows how to wrap a present using tissue paper.;;;;
514769402577;JNY_cXb-hTg_000013_000023;test;Three males are sitting at a table in an open food court eating when an older man walks up behind one of them and is talking.;;;;
614683431053;JQmorvpTnPA_000017_000027;test;Ski jets are operating down a waterway that is lined on both sides by buildings.;;;;
7050998892;JYLv4-E28Mc_000102_000112;test;a baby waking up dress in white and yellow put up both arms.;;;;
485831866572;JYdMmbtYKDQ_000004_000014;test;a girl is practicing putting using a special piece of equipment;;;;
141750705160;JaXi7sD4lxo_000149_000159;test;A worker is sitting on the stairs of a home and is cutting strips of carpet from the stairs in a bid to remove it completely.;;;;
8229778175;JeNGL6M9Bok_000013_000023;test;Workers are excavating a large multiple dig site looking for treasures.;;;;
175718876291;JfHumPks7LI_000054_000064;test;A kid performs a song with a bagpipe instrument while standing up.;;;;
828943305892;JfIz0f8WCNM_000010_000020;test;A baby lying on a towel grabs pieces of newspaper and raises them into the air.;;;;
203104030338;Jiwq0zk18P0_000082_000092;test;Two people are in an arcade playing and one person is walking by.;;;;
801603385217;JjowkR8jO4M_000001_000011;test;A person at a concert is being thrown in the air as they are crowd surfing.;;;;
290348313246;JlVJ2vA9vmU_000022_000032;test;A man attempts to ride a mechanical bull in a bar, while a singing group entertains the patrons.;;;;
850085634962;JlwpQhOj8Wo_000001_000011;test;A girl films another girl jumps on hurdles.;;;;
350013181077;JtS3f6xY9xc_000197_000207;test;A person in a parachute comes over other people and barely misses impact.;;;;
347495170997;K-Nokzt_Zqc_000284_000294;test;A cooking show in which one person dredges meat in flower, then cooks it in a pan;;;;
288579093770;K-r_Tj7uFGw_000007_000017;test;A man wearing gloves does a procedure on the feet of a girl sitting down.;;;;
528934402388;K0WTp63GLK0_000040_000050;test;A man jumps a contraption made of two skis and a bicycle off a steep hill.;;;;
341497194496;K0xgh53GRGg_000007_000017;test;a sail boat has turned over and there are other boats around it;;;;
602376266867;K1EIjRaLAS8_000034_000044;test;A person is standing on a roof blowing leaves off the roof with a leaf blower.;;;;
178445667555;K1KGwB0bjC0_000000_000010;test;A guy is setting in his room playing electric guitar.;;;;
185559661089;K2TDPZ3_N-g_000074_000084;test;a person is using a white piece of paper to make a paper plane;;;;
517620200143;K420tiUw2q8_000000_000010;test;Children take waterballoons from a wagon and have a waterballoon fight;;;;
23323972988;K63iaVijIic_000000_000010;test;The man is doing some hand and arm exercises as he lifts weights.;;;;
388312077434;K6VqY8mcmgg_000004_000014;test;An app is shown, then people talk on their phones in the city, followed by another view of an app.;;;;
276193175542;K8cI7YL8KCI_000104_000114;test;Three men on stage do funny dances for the audience below.;;;;
645834701366;KCSaZGVBHkU_000147_000157;test;A woman is talking and then is sitting down starting to do a yoga position.;;;;
847237862940;KCcgVHh1Uj4_000015_000025;test;A man walks on a tightrope while holding a hoop for balance.;;;;
37861418358;KE9NpeyzfmA_000257_000267;test;Older man with glasses plays a wooden flute in front of a microphone.;;;;
373457753613;KEmXl1GhSr4_000258_000268;test;Man and women pairs are dancing while a man calls out the moves.;;;;
927120438504;KGivCeN6t2w_000095_000105;test;A man puts together the a building utilizing a snap together kit.;;;;
722975420825;KHGbByOzErk_000207_000217;test;Four men and a women are dancing in front of others.;;;;
721601792879;KIHrBhfj2Z0_000004_000014;test;A half of a watermelon is placed in a glass bowl and cut into smaller pieces.;;;;
942499175383;KJp_SpYAvN0_000060_000070;test;In a room, a baby crawls on a checkered tile floor toward a couch.;;;;
267690017233;KK1DHZMNpng_000021_000031;test;A woman is playing the same three notes on a piano with her left hand.;;;;
996357120294;KKAIL49AzPY_000076_000086;test;People are bathing a dog outside with a water hose.;;;;
989981801484;KKFHlgwXljM_000011_000021;test;A woman opens up a box and shows the contents of the box to a young girl.;;;;
829574713526;KKOKdT8yUHA_000000_000010;test;A man pops a large red balloon while others watch and laugh.;;;;
928864570205;KMmuT7xNzWU_000036_000046;test;A man is cutting open an oyster that he has placed on a towel.;;;;
211231634077;KT-D6Y7WbZY_000066_000076;test;A man is working on a building site as he uses a machine to pour wet cement onto a wall.;;;;
19764478807;KUPwOAgtqOo_000004_000014;test;Two people playing tennis on a tennis court use their tennis rackets to volley the ball back and forth.;;;;
685529587244;KVMY7tr62EQ_000174_000184;test;A person was picking berries from a bush outside on a sunny day.;;;;
856950277880;KVZcUAAxNAA_000000_000010;test;Two little girls are holding snow balls and then they throw them on the ground.;;;;
758495747902;KViUY2HPXJI_000004_000014;test;A woman is scuba diving deep in the red sea with someone else.;;;;
224701540825;KX6X-0TVEsI_000015_000025;test;A fisherman wearing a gray hat is reeling in his fishing rod while he stands on the banks of a body of water;;;;
482779084305;KXilJKCpfWI_000016_000026;test;A person is moving a broom outside of a window.;;;;
230593576145;Ka6-D2OixxY_000003_000013;test;A guy standing on a mound and spinning  around for no reason.;;;;
544450778281;Kb9SUz1oITY_000000_000010;test;a person in a room waving their hand back and forth at a camera;;;;
755475306555;Kcz7K-1UVag_000000_000010;test;A man is doing exercises on a large ball at the gym;;;;
324947332939;KhFhdjjH14Y_000117_000127;test;A person moves on water with the aid of the ladder like object being held unto.;;;;
483375442405;Kmecc5UV8n4_000182_000192;test;A woman is demonstrating a hand and foot operated weaving machine with different kinds of twine.;;;;
48713021228;KmvY_uWJj1A_000062_000072;test;A boy was running and jumping on the small wall and jumps on the ground and running;;;;
724446428432;KoaXqJ2A1Gw_000037_000047;test;A girl is showing the cookies a plate and talking about them.;;;;
886475795289;KowpJ7QPIhw_000043_000053;test;A team of boys play soccer and kick a ball between road cones.;;;;
663043187481;KpfEBRa74j0_000028_000038;test;People standing around a fire throwing things in as a girl asks if she should stop recording.;;;;
992299075357;Kpnd15O9aYE_000013_000023;test;A few kids are outside playing in the snow as they lay on sleds but are not moving.;;;;
531636449728;KqDAM8_S0DU_000048_000058;test;A man on a Segway talks to the camera person, then rides away.;;;;
369044074414;Kr3sO1eqVEs_000069_000079;test;A person using a sewing machine to put a hem in a piece of grey material.;;;;
872004668136;KvVRY61JS7A_000023_000033;test;a man is walking his two dogs and little boy who falls down;;;;
533157107106;KwCBcXCqOy8_000074_000084;test;A man shows a family different pieces of the loom machine process.;;;;
171077971327;KxI6pdJ5poc_000008_000018;test;A boy looking at manuals and batman comic books.;;;;
73107987457;Ky49iSd6zDs_000014_000024;test;A man is moving very fastly arranging his garden as a woman sits on the steps and looks on.;;;;
18175667185;L89FX34lmsI_000053_000063;test;Football player runs with ball, is followed by opposing player, throws ball down, is met by teammates and bodyslams them.;;;;
801603691254;L91CNH1RgvI_000002_000012;test;Woman leans forward in bare feet, as she stands on the back of a man lying on the floor.;;;;
754741884889;L9BJsQyrJbo_000089_000099;test;A woman is demonstrating how to do a split stitch for embroidery.;;;;
482479826043;L9LIpKSD3OI_000049_000059;test;Someone bungee jumps off a bridge and hangs out over the water.;;;;
434099894811;L9xSjSgDamc_000000_000010;test;A toddler stands in the living room and kicks a soccer ball.;;;;
684028450960;LAH48I8WTbU_000008_000018;test;A group of individuals are playing a competitive game of dodgeball.;;;;
913659195054;LCGFsUHuyEM_000001_000011;test;A person on a vehicle is sliding across a snowy outdoor environment.;;;;
573402438130;LCdm6pFrmtw_000015_000025;test;A cyclist rides down a hill and up and over another small hill.;;;;
493044330699;LCfiJypzzSg_000011_000021;test;A person is using a small knife to sculpt an object that looks like a set of human teeth;;;;
585431793343;LDun0fTcT4w_000087_000097;test;A man pours oil into an engine then puts the cap on, and closes the trunk.;;;;
319124285833;LEm35D_Eo7w_000616_000626;test;A woman is demonstrating how to work with a piece of fabric.;;;;
439901108028;LFJmAbFVRvs_000303_000313;test;A person is making a salad and adding tomatoes and peppers.;;;;
249825291301;LKLt4dfGMbs_000054_000064;test;A person uses a long pole to touch the roof of a building.;;;;
683474506242;LLGQJhkSyCY_000441_000451;test;A man reviews some information in a notebook and begins to measure a wall of stones in front of him.;;;;
990440313969;LO0HKBkTsFA_000037_000047;test;A woman is brushing her teeth and then rubs her chest.;;;;
784393763696;LOSVSKLw_h8_000001_000011;test;A man is at a gym and he is doing some exercises with dumb bells.;;;;
491747477746;LPq0b8YnP5g_000000_000010;test;A woman in a red beanie and coat throws a huge snowball at the camera.;;;;
676093273724;LSLzeVlyYAU_000029_000039;test;A young man lays on a procedure table while a woman applies something to him with a stick.;;;;
148551260571;LTotRp7uWIs_000042_000052;test;People who are very good at putting carpet in for other people.;;;;
289367645465;LYOtGZQa7NM_000036_000046;test;A person wakeboarding in the ocean and along the beach.;;;;
423873302209;L_Ic4sz4u-w_000322_000332;test;A lady is making a pretty flower arrangement and talking.;;;;
3387727544;LaGwOQvYY0s_000179_000189;test;Several people are around a scaffolding that is used for bungee jumping, while one young man is still in the harness.;;;;
956282540826;LaaPuezxneg_000078_000088;test;A golfer at a driving range demonstrating how to use a driver.;;;;
469453777035;LbB936Mhr8M_000002_000012;test;A vehicle is shown trailing another vehicle as they both travel through deep waters.;;;;
36236184381;LbPSxbLnusE_000071_000081;test;A person is demonstrating how to place stone over plaster on a wall.;;;;
830954098081;LcQ3cShXEWE_000011_000021;test;Two children are having a water balloon fight in the yard of a apartment complex.;;;;
222801568497;LdWlQFqqits_000171_000181;test;In a studio a man plays the banjo while reading the notes;;;;
130733133919;Ldtod-UNzgQ_000022_000032;test;Children play some sort of game with a ball that looks sort of like basketball.;;;;
540808574645;LeZT20MukGM_000003_000013;test;Someone has a sewing needle and thread and is making a knot in the thread.;;;;
495828791651;LfJbzm56XJI_000025_000035;test;A kid is eating and is trying to be fed by the parent.;;;;
467259928871;LgHB-PEWODk_000002_000012;test;A man sitting at a table blows out the candles on his birthday cake.;;;;
758715137018;LgZt6EpY4G4_000015_000025;test;A woman is demonstrating how to tie a shoe in slow motion.;;;;
603640805141;Lgtqpb-9rpY_000001_000011;test;A boy in physical fitness attire is holding something as bystanders clap before he runs and throws it with a yell.;;;;
434461929248;LhzSXvr_Yec_000007_000017;test;A baby girl jumps on multiple sand castles while at the beach.;;;;
254180467987;Lj3ch5PRzxs_000113_000123;test;Two young boys play with darts in the front yard of a house with cardboard and then aimlessly throw them up in the air.;;;;
789024499098;LjE79EEmvjo_000025_000035;test;Someone indoors holding a rubix cube and spinning it around;;;;
134523291934;LkEqi8YCvm8_000007_000017;test;Someone is tracing a drawing of a lady by using a brown coloured pen;;;;
114025109473;LkjbmuyqaL8_000083_000093;test;A group of young girls enjoy a game of basketball sans a basketball goal.;;;;
851992664457;LmP6Y6rEptg_000021_000031;test;A man standing shirtless and having his hair shaved into a bucket he's holding.;;;;
336405062640;LtKnLVqr8i8_000217_000227;test;A man is giving a dog a bath outdoors while the dog is chain up.;;;;
392742528948;LuQE44jD60c_000001_000011;test;A sheep is lying on the ground while a person is harvesting wool from the sheep;;;;
379967521562;LvD57lc6WnU_000016_000026;test;Person with knife is cutting up chicken on a cutting board.;;;;
205490010197;Lvg6fb0DXSY_000035_000045;test;Finger points to triangular diagram, pen points to same diagram and to assigned values below.;;;;
243258858649;M-B6nIEF3KM_000111_000121;test;A man sharpens a small knife on a sharpening block, and then feels the edge.;;;;
272684863033;M278Lmciqw0_000078_000088;test;The man is shaking a batter in a bucket that has some kind of food in it.;;;;
877416004301;M29qNwCV8Sk_000069_000079;test;People play a game while a crowd cheer and a man clutches his eye outside.;;;;
936453828158;M2DXKEp_u9U_000023_000033;test;A boy is playing basketball all by himself but he shoots the ball properly.;;;;
347366200186;M2JvulLtG40_000012_000022;test;A man crouched beside a pot in the coal and a collection of pots of vegetables and soup on the table;;;;
685136821999;M2xmSwkoTQE_000136_000146;test;A group of men and woman line dance to music while someone instructs.;;;;
880036419290;M4WxnBb8dww_000000_000010;test;A little girl shows that she can walk while curling her toes for her mother.;;;;
132048002712;M4jq4TZm8R4_000044_000054;test;In barn a man is showing a girl how to take care of a horse hooves.;;;;
533878782900;M5aBsf_IGvc_000067_000077;test;A man plays on a large pinball machine with dazzling lights.;;;;
786733333979;M5ziDlnEe2I_000001_000011;test;At a field a young man is spinning around and throwing a discus.;;;;
723367564022;M8bk7ZWgQP0_000011_000021;test;There is an adult woman who is playing pattycake with a group of young children outside.;;;;
623305766546;MB38Nepx5Gs_000006_000016;test;A person with a big belly sticking there finger in their belly and then slapping it.;;;;
677269708800;MFU49FAFvAU_000310_000320;test;A man laying down while a woman gives his back a massage;;;;
843425005430;MHQSH4QlQoo_000277_000287;test;A man demonstrates how to throw a baseball by swinging his arm.;;;;
279007304734;MN8DHS_tg3A_000025_000035;test;Two young boys break dance on mat on all fours or upright by squatting, kneeling, jumping, kicking, and bouncing.;;;;
482372659470;MR3MIgaHo3A_000018_000028;test;In a field several people are on horses playing polo while an unseen male speaks in the background.;;;;
560743392862;MSzj5Rl1K5c_000020_000030;test;A finger pokes at meat that has come out of a grinder.;;;;
514312136416;MUg_F0sB9T0_000208_000218;test;An woman is rocking the bass drums and dancing.;;;;
714259770669;MVQkQGdk_6k_000044_000054;test;A man has a bike off of the ground replacing the tire.;;;;
251543962320;MVeOJmSOV6w_000102_000112;test;A woman is in a bathroom and is using a piece of cloth to wipe their face all over.;;;;
850942840727;MX1hcxfiltU_000032_000042;test;One guy is fishing on a river with a reel and another with bare hands.;;;;
203823191886;M_5appUfxL8_000014_000024;test;People are waxing someone's leg and laughing as they do it.;;;;
6013617983;MaIBMiNgPcA_000007_000017;test;A man is sitting on a motor vehicle on a snowy street.;;;;
834760798223;MaaKJZ6AvY8_000056_000066;test;An adult plays the guitar while a group of children lined up against the wall play recorders and sing songs;;;;
388180548798;McNooX_wwF0_000072_000082;test;A person is using a wooden spoon to stir a white substance that is being heated in a stainless steel tub.;;;;
608291564445;McuK1MiwbFo_000002_000012;test;A woman describes how to clean around a toilet with a vacuum cleaner.;;;;
211930565448;MdTaasql4ro_000000_000010;test;A baby boy stacks a large lego block unto a tower of blocks and then tries to stand up.;;;;
113605006120;Mf7NHE3AL0k_000004_000014;test;A group of swimmers are racing in a pool and finish at the end of the pool;;;;
373496080752;MgZTNN8jQbo_000013_000023;test;Two men playing scrabble while talking and making up funny words.;;;;
544641712594;MgwfP1yGWxY_000035_000045;test;A boy pushes two girls in a shopping cart and one girl drops her glasses;;;;
235457194237;Ml_6MBVgxX0_000044_000054;test;A person is sitting in a car and controlling the steering wheel.;;;;
339939775246;MqMdaQilEDE_000084_000094;test;A person is sitting at a spinning  circle and forming a pot from clay.;;;;
893578753675;MrI8XlHC4p0_000000_000010;test;a man just shot a bowing arrow and almost hit bullseye;;;;
610577825640;MrbYSJETFbA_000002_000012;test;A boy rides a scooter up a driveway doing various tricks then rides into the street;;;;
41807690456;Mrlqkm6wzW0_000023_000033;test;A young man destroys some kind of sand sculpture as another man records on a phone.;;;;
335534857826;MrzLrekK1Cc_000000_000010;test;In a small bedroom a father and child lay on a bed while the mother films and directs.;;;;
125029487597;Ms2iNKIsaXU_000050_000060;test;A man stands outside a glass enclosure where there is a fire.;;;;
987624153589;MsG96pPLUI8_000012_000022;test;A woman is doing a stretch and the screens says to hold the stretch for 20 seconds.;;;;
218661971306;Mxa3VKMcYbk_000628_000638;test;As a girl plays an arcade game, a man stands behind her and asks her questions.;;;;
254747672131;MyC4XeQrMXA_000186_000196;test;The person is beating their hands on the table to the beat of the music.;;;;
303652659091;N0jrPWhNhwU_000004_000014;test;The two boy are in the park showing their skills on hula hoop dancing.;;;;
795477005685;N1DRDrpALco_000108_000118;test;A person showing how to make a certain kind of food.;;;;
543965471093;N61iKKChLsw_000073_000083;test;Two girls have a pillow fight in a bedroom, one rolling onto the bed.;;;;
457095115289;N6z7pUTrTt0_000000_000010;test;A girl is repeatedly doing handstands against a padded wall.;;;;
432896094279;N75QvpFIO0Y_000040_000050;test;A group of kids consults a man in nature, then follows a path, looking at a GPS, probably.;;;;
50586756368;NAiHI-77OQk_000098_000108;test;A little girl examines her toes using a small flashlight.;;;;
182354484517;NDfVG35vYmw_000005_000015;test;A person is twisting a part of a bottle cap off in order to open the bottle in a swift motion.;;;;
322258616598;NFeh8RMi7H8_000043_000053;test;A group of little girls are doing a dance routine involving tambourines.;;;;
300651311877;NFytp8srWCg_000000_000010;test;A man outdoor in the dark drank a flammable drink and spat it on the fire;;;;
197639136797;NGFT0ydeM-Q_000048_000058;test;A female stands in a bar with a table with three wine glasses on it and she shows how to open a bottle of wine.;;;;
560125059575;NGYCZ0dk7Jo_000144_000154;test;A person is demonstrating how to line up the colored squares on a cube.;;;;
560593621650;NHgNxBPRXZ8_000148_000158;test;A still  shot of three friends dressed in costumes changes to a still shot of the three friends among a group of people in costumes.;;;;
805526156924;NHn-t_VarHg_000000_000010;test;A bunch of people swim in a coordinated fashion in a swimming pool.;;;;
193849172181;NIcGdP4XUkA_000002_000012;test;A helmeted woman and a man move across an expanse of ground in an unseen vehicle.;;;;
663066979247;NJu5gpi6W50_000325_000335;test;A person weaves some fibers on a loom device indoors.;;;;
322667005923;NLRxd6J8NFQ_000020_000030;test;Lots of people are watching the bull show as the guys run for their lives.;;;;
925912494144;NMd_TLbm9d8_000156_000166;test;A man is making a cup of tea in a mug with milk.;;;;
330341036404;NOdqAtCU4oI_000091_000101;test;a man has twisted his fingers to look weird and moves it around.;;;;
79932209542;NOhVk13afn4_000008_000018;test;A toddler slips and almost falls as he grabs onto a pair of handles.;;;;
147096171108;NRC5oMoNHn0_000003_000013;test;A man cuts a pineapple with a knife while explaining how to do it.;;;;
44278251622;NSj051OmAMc_000044_000054;test;A woman is using an electric machine to peel apples.;;;;
663997656123;Nb9tS5UreXk_000154_000164;test;A person holds up a shoe shine mixture then dips into it and rubs on the shoe.;;;;
406118733238;NbZITwhH46E_000079_000089;test;A man is talking to another man and a man is talking to a woman on the sidewalk.;;;;
156447288380;NbqZy7cyzHY_000036_000046;test;A kid sits at a table playing a musical toy by pressing the buttons.;;;;
39805662529;Nbrtd_o2D8g_000078_000088;test;In a house, a man is juggling three balls in the air.;;;;
104822315231;Nc1HmQ5fdqo_000240_000250;test;A little girl is using a mop to clean the outside of a window.;;;;
862811883604;NcmA-Oyvx1A_000078_000088;test;A woman is grooming a dog with nice music playing.;;;;
325536981340;NcuHH57heWE_000008_000018;test;A man gets tackled and drops a football, then two football teams begin a play.;;;;
401920502291;Ne6qcdkaBKA_000002_000012;test;A young man is getting set and then throws a Frisbee across an open field.;;;;
260353677950;NfAvGwYhhSw_000025_000035;test;A man is riding a unicycle with a woman on his shoulders.;;;;
693390163001;NfpBY0Xbfqc_000019_000029;test;In a foreign language, a man describes the work of people planting plants in a garden next to a body of water.;;;;
895849654581;NgH8gAAJ5Oo_000731_000741;test;A man is using a wire brush to clean the rust from a horse shoe;;;;
290668902769;NhGhlKiC-lk_000049_000059;test;A person drives a snowmobile up and down hills through the snow.;;;;
802446466132;NhRqdRjPuiI_000067_000077;test;A woman with the help of another person washes her head in the bathroom above the bathtub.;;;;
779786902798;NjMJsEHTnOE_000048_000058;test;A person demonstrates how to prepare a meal involving fried dough.;;;;
336285327150;Nkwq2Jp2WaA_000110_000120;test;A person is putting a knot with a wool wearing gloves in her hands;;;;
1948947705;Nn7ypmEaad0_000014_000024;test;A woman is walking on dirt and goes in the water with her dog.;;;;
10071428146;NoWK7VwCi2I_000409_000419;test;A handful of people are gathered around a table playing dominoes.;;;;
29757695608;Non2ilAY7_k_001000_001010;test;A person is going through strips of colored and decorated paper.;;;;
298297312520;NppnDUxU2G0_000001_000011;test;A girl is riding an object down a snow covered hill.;;;;
33730174194;NzBaF5kNChM_000017_000027;test;A man is holding something in his hand and then he blows smoke out of his mouth.;;;;
618992123807;O0ymrFvrgYY_000130_000140;test;People displaying emotions, man hugging an elder, and two women showing surprise at which they saw.;;;;
222604691495;O1PXECSNwr4_000034_000044;test;A crowd of people mosh together in a circle at a loud concert.;;;;
931719143701;O293sucZTDc_000009_000019;test;A young toddler tries a new food and makes a squinting face.;;;;
90030311229;O2QjdVG53O4_000068_000078;test;A group of women, some holding children, watch two man dance in front of them.;;;;
789157130130;O2atl6wQzDE_000171_000181;test;A group of drivers race cars on a dirt track in front of onlookers.;;;;
969267592527;O6cT7T7k5lw_000014_000024;test;A man is sitting in a room and begins to whistle.;;;;
706562535978;OBbboTWbUQo_000090_000100;test;A young girl holds an old flip phone to her head.;;;;
910887190947;OCJCwHZU31A_000009_000019;test;A group of people practicing their shot put on a sunny day.;;;;
203521650364;OCLMRUbRb6Q_000109_000119;test;a person walking on a tree branch while holding a camera and then falling off;;;;
69843716527;OD4-VUU3Ukw_000064_000074;test;A young man shows the inside and outside of his hat while talking about where he purchased it.;;;;
891673320710;ODMqQtHhBMc_000000_000010;test;a young man is walking up and down some steps & waving his arms;;;;
372751759951;OEcySIVd0kM_000075_000085;test;A man demonstrate exercises to help build muscles for a low basketball dribble.;;;;
491099177433;OF-OZUe4GJc_000018_000028;test;A person works to untangle different pieces of string that are tied together.;;;;
392899206573;OFqqZU0wIP0_000000_000010;test;A person breaks the seal on a liquid container and unscrews its cap.;;;;
47351916274;OH0FJZSwIeg_000103_000113;test;A person demonstrates stuffing rice onto a piece of seaweed.;;;;
883407360903;OHADotTOaFs_000017_000027;test;A man standing in a kitchen is demonstrating how to poor a beer.;;;;
591037948600;OHXFnXbTra0_000003_000013;test;A guy is about to play human ping pong ball or something.;;;;
892059605339;OMK0OJ4f_TI_000000_000010;test;A person rapels down the side of a church as other people comment.;;;;
401211323894;OPjonSK9blk_000018_000028;test;Group of boys practicing kick boxing running and kicking a pole as instructed;;;;
100243076359;OSfIV2aQd_I_000014_000024;test;Outside a young boy attempts to do a trick by swallowing a fake  sword.;;;;
58021486024;OU5dJpNHATk_000148_000158;test;Several couples in vintage costumes dance outdoors as a crowd of people watches.;;;;
102167982862;OZepG6XiLPU_000030_000040;test;In  a kitchen, a group of people are gathered together making some kind of food.;;;;
502658131907;ObYmv1FIGVU_001263_001273;test;Two men play a game of Frisbee golf while an announcer commentates on the shot.;;;;
112014603407;OdIWKot1JxU_000000_000010;test;A man in a gym does the mountain climber training exercise.;;;;
497674605333;OfDDeDByNKE_000489_000499;test;A woman has a partially made basket in her hands and then starts to cut with scissors.;;;;
10319321946;OjowI-z7-oo_000006_000016;test;A boy doing the ever popular fist bump while loud music plays.;;;;
715098373474;Okh_ChYHLUI_000015_000025;test;A person has uncorked a bottle of wine using common household items.;;;;
826824242290;Oks-7bEYZ5s_000129_000139;test;A couple people talking about different things going on in there country.;;;;
652874757053;OmoC3X888rg_000001_000011;test;A little boy wearing shorts and a t-shirt is doing the running man dance move on tile floor.;;;;
351021545873;OnIqmqa9mqc_001907_001917;test;Fried rice is made ona pan on the stove and then covered.;;;;
994217044945;OnfgY84e8DE_000111_000121;test;a person showing others how they knit and how to do it correctly using their fingers;;;;
579035440267;OopGmHDZI2M_000090_000100;test;A group of people are lowering a box into the ground while chanting.;;;;
962118709144;OrlKDcSjAq4_000000_000010;test;A woman is getting makeup applied to her face with a coloring.;;;;
223907252417;Ot8QUFw521s_000072_000082;test;A group of people play dodge ball in an indoor sports centre and throw balls at one another.;;;;
523431497628;OtyiGXrVnZc_000157_000167;test;Two men together outdoors practicing mountain climbing with ropes;;;;
984649694547;OxiWoQOzZaM_000376_000386;test;Some men are at the edge of a lake talking about where the middle is.;;;;
680986725258;P-eB9WXOESA_000001_000011;test;Someone flashes a bright white light in a completely dark place.;;;;
232283347950;P0khQxBYXFE_000040_000050;test;A kid shoots and misses a three point shot in an indoor basketball court.;;;;
664464501714;P1glCzYM8Nw_000013_000023;test;A man pushes curling stones down a curling board to the other end.;;;;
352298905830;P2abrZ-cbqk_000000_000010;test;A vehicle was clearing the snow from the road side and throw the cleared snow on other sides;;;;
384973971788;P7CgvqGhidw_000073_000083;test;a couple of people on stage playing music while in front of other people;;;;
566164806221;P7TDOO5paL8_000137_000147;test;A tool is being used to even out the ends of a metalic table.;;;;
539133150495;PAJ3uH0tVc4_000025_000035;test;A man swings outdoors on a trapeze before he does a flip and falls to the net below.;;;;
547561055041;PAhW6LUbgr8_000054_000064;test;A person uses a Rubik's cube and discusses strategy on solving it.;;;;
303406520327;PCQVd8rmprg_000020_000030;test;A person has a towel on there face and are laughing and smiling.;;;;
682611957435;PCmschRcWLQ_000049_000059;test;Two men who are belted together take part in skydiving as their parachute opens.;;;;
504166341735;PDTacXB_3nw_000089_000099;test;A man is trimming the branches from a tall palm tree.;;;;
41287054372;PHEyn4-rJSA_000011_000021;test;A person uses both hands to lightly play with a ball of dough.;;;;
632616260143;PKf2A3ve3F0_000000_000010;test;A man does a complex stretching yoga pose on a stage.;;;;
972927307501;PMX5td5osN4_000017_000027;test;A man is at the register at a convenience store, he flips a coin on the counter;;;;
557916052455;PMpVRRs6NzI_000016_000026;test;A man fixes a bike chain, then spins the pedals to make sure it works.;;;;
718314761189;PPXg-soRPmM_000985_000995;test;A crew of men, moving very quickly, demonstrating how to frame up a shed.;;;;
81553035811;PQSZLVqO7rU_000110_000120;test;Two guys are on a rope painting the side of a building.;;;;
3676257263;PVGg7j-f0Cs_000062_000072;test;A program was conducted where many celebrities and participants were took part;;;;
851567907684;PWWB3RDEVHc_000038_000048;test;A female holds a bottle of nail varnish then starts to paint a nail that color.;;;;
740829416147;PXOluGNqZcc_000120_000130;test;A man sits at a drum kit holding drumsticks and strikes drums and cymbals.;;;;
146198443969;PYZbDPuPEmg_000000_000010;test;A young man wakes up as two young men pull his seat out from under him.;;;;
910490135176;P_L4Tuvc3l0_000084_000094;test;People pole vaulting and clearing the bar at some sort of track meet.;;;;
993218099586;PbAstXAC1f0_000041_000051;test;A man ask for a high-five from a woman, they high-five and both start laughing.;;;;
273568751567;PcQ3hA5iOPM_000073_000083;test;A person is ironing a kids hair using and there is music playing in the background.;;;;
468644738242;Pg4VtQT5dAk_000004_000014;test;A boy gets up off the ground and runs to a friend and films the friend while he jumps through a swing at a playground.;;;;
136508365669;PgPpwbIUrcw_000069_000079;test;A strong man power lifting a large weight in the gym;;;;
768052197596;PgyV1sylw4o_000007_000017;test;A couple of little kids are petting a animal outside;;;;
407046323182;Ph1TS9_70EQ_000011_000021;test;A girl and her sister walk and run along a sidewalk.;;;;
76502728668;Pj8051a9yj4_000000_000010;test;A baby is on a carpeted area and throws a little ball.;;;;
983001922137;PmOCR_IwCsY_000004_000014;test;Two boys sitting on a bathtub as on boy shaves the other boys leg.;;;;
845882924052;PrgMAD18usY_000019_000029;test;An athletic woman stands on her foreams on a yoga mat.;;;;
868857764406;Pu9pT5_GkPg_000002_000012;test;Three people are sitting at a small table in a living room eating watermelon.;;;;
939344615306;Pxj9gmt4PnM_000000_000010;test;A man teaches kids the rules of the game in baseball on a field.;;;;
281078144859;PzD2BkZye2U_000013_000023;test;Two young men standing and facing each other suddenly head-butt one another.;;;;
327243374729;Pze8HkKkFZ4_000000_000010;test;A woman is having a competition to cut apples or use a tool.;;;;
429845314734;Q4fn-p5QFu4_000011_000021;test;A group of men hold up a man balancing on a 6 foot unicycle platform.;;;;
899388886387;Q5YXwZAe4i0_000140_000150;test;A woman is using a tool to shape some hot glass.;;;;
934453103014;Q80s-wLw6kA_000014_000024;test;A very young man sits in his room, executing three extreme burps;;;;
896907387624;Q8FlLIyZF50_000004_000014;test;Someone spray paints a graffiti outline on a city wall.;;;;
350797710034;QAX9AwQKORM_000084_000094;test;Multiple female students are dancing on a staircase in the hallway.;;;;
285876928802;QBeTdk88-4s_000204_000214;test;A woman adding ingredients to a bowl while in a kitchen.;;;;
694897901516;QDUZ4L9gpP8_000317_000327;test;A person is styling a person's hair using a blow dryer and brush.;;;;
230100849182;QEWH30i14hA_000001_000011;test;The striped cat, its eyes closed, reclines on the outdoor bench and enjoys being petted on the head;;;;
573091638510;QEzuXXYwOCU_000011_000021;test;A group of a friend on a basketball court playing. One of them is dunk the ball.;;;;
558827512640;QHuP1FJ3CYQ_000002_000012;test;A woman stands in front of a map backdrop and provides a weather forecast;;;;
288521978690;QJ5INsrj2ws_000023_000033;test;A woman is demonstrating how to fold a napkin for the camera.;;;;
586769701871;QLetV8C67GU_000006_000016;test;A couple of people are painting graffiti on some concrete near the railroad tracks.;;;;
78720957567;QMRD1xM-vZ0_000123_000133;test;The three kids are having a pillow fight with one another.;;;;
480671906104;QNnEXuY6N4A_000054_000064;test;A little boy demonstrates how to fold a paper plane using paper.;;;;
769778793456;QTOaEVeoCRE_000177_000187;test;A man puts a golf ball and then picks it up, then a car driving is shown first person in fast motion down the road.;;;;
172135950305;QVygizGIC3M_000004_000014;test;A woman is squating down on the ground and milking a spotted cow;;;;
333008649542;QXYDO_XHDpY_000016_000026;test;A man takes a shot on a beer pong table, then climbs on the table and falls down face first.;;;;
780923299877;Q_F8YU0vWOA_000052_000062;test;A young boy wearing googles is doing the breast stroke.;;;;
218347271699;QgFNh6Bx0Xs_000047_000057;test;A man wrangles an animal to the ground, tying rope around it, before walking back to his horse.;;;;
105631520655;QgZYEliZVEE_000054_000064;test;A girl is playing what looks like an ocarina in a room with the shades closed.;;;;
912463202849;QlheJahkSpA_000058_000068;test;A man is ironing out his shirt while his wife questions him.;;;;
24602717958;QqBS6yJuBog_000000_000010;test;A woman encouraging a toddler playing with a piano .;;;;
879487347407;QqgpVkEGNLs_000014_000024;test;A man tosses a coin into a wishing well as he and a lady discuss it.;;;;
224265238831;QqlTEhzK_Gw_000015_000025;test;A group of people are clapping during a sporting event.;;;;
983678127262;QtrShBu6bqA_000102_000112;test;A person smooths a metal surface using a spinning electric tool.;;;;
808914433900;QxXg5-gKH6I_000006_000016;test;A boy boogie boards in a wave all the way to the shoreline.;;;;
505456898621;QxtqFjvbeKM_000321_000331;test;A man is playing a brass instrument while also playing the piano.;;;;
722430358429;Qxx2JJE9Ev4_000000_000010;test;A fast forward video of people putting together a puzzle.;;;;
181052633541;R-icd8119D4_000026_000036;test;A boat is passing by with a lot of people in it.;;;;
367821449827;R2PvURMwrfU_000000_000010;test;"Two boys play a quick game of rock paper scissors; the boy on the right wins with scissors, while other individuals appear in the background.";;;;
639695297707;R4l6hWmfKqM_000006_000016;test;One young man walks on a treadmill while another young man runs to the front of the treadmill and slides onto it, right through his friends legs.;;;;
647795394156;R5Cxx6Mr4c4_000044_000054;test;Man is explaining how tiles are fitted by one or more companies shown on the screen.;;;;
654379311858;R7PXIX_YWJg_000131_000141;test;A group of people with American flags and horses are gathered together.;;;;
220842245465;R7bbf11KYd8_000274_000284;test;A person is removing an electrical fan component from an open computer.;;;;
427170669341;R8T2qwZt_Ng_000053_000063;test;A man passionately whistles with a clenched fist in front of a Christmas tree.;;;;
72979629317;R8WQSYYfLi4_000000_000010;test;A little girl yells at a little boy that she said yes, and the little boy yells back that he said no.;;;;
592778814110;R8iOSPLXR_4_000014_000024;test;A man rotates a tire, then removes the air nozzle cap, then pushes the air nozzle into the tire.;;;;
870478881125;RDGdxlqpNKk_000029_000039;test;Somebody is using a chili pepper that has ink on it to write on a piece of paper.;;;;
908276240267;REhRcS9YrzM_000019_000029;test;In a room a man is standing and lifting his arms while holding weights.;;;;
881289191598;RFX6UWeTTtU_000007_000017;test;A man is break dancing in an empty street kicking his feet back and forth on the ground;;;;
757974334561;RGNxTr2vZ8o_000170_000180;test;A young woman grabs something above the camera and blows bubbles in the camera before the young boy filming shows himself.;;;;
764204927674;RI1-69UIurQ_000035_000045;test;The young man at the computer listens to loud rock music, playing air drums, not hearing the room door open;;;;
334282350718;RM4HvsOOp88_000002_000012;test;A teenage boy does a flip against a rock wall and then smashes his head into a metal box.;;;;
727030940795;RNA_wIhYPp8_000047_000057;test;A woman talks to the cameraman then turns and jumps into the pool;;;;
299663934792;RQsiUIneI-I_000024_000034;test;A man lies on on a bed strumming a guitar and singing;;;;
491327761884;RR74FLsoKdQ_000008_000018;test;A group of boys and girls are jumping in a trampoline filled with balloons.;;;;
149826010687;RSQUOQGNgOI_000000_000010;test;A holding a fishing rod cast the bait into the river;;;;
305677430000;RTX4BtNnhB4_000033_000043;test;Several couples are on the dance floor dancing and twirling.;;;;
767336017197;RYZwTeMMboc_000079_000089;test;Two new anchors giving the news and laughing while moving papers.;;;;
367390129363;RYz48Rc385M_000151_000161;test;A little kid sits in a chair with a cellphone while talking with his mom.;;;;
608038682575;RaKzWVLJsqw_000002_000012;test;People hold up their hands and lit lighters at a night concert or gathering.;;;;
89664246742;RanVrk-mUsc_000142_000152;test;A woman demonstrates how to straighten her hair with a comb and a flat iron.;;;;
288932956374;Rb2TJ_gXWXI_000139_000149;test;A person is painting and brushing a kids face and Micky mouse song is heard in the background.;;;;
387356870414;RbpDta9EICM_000082_000092;test;A girl walking up to the side of the house then tries to do 3 handstands.;;;;
82464321840;RdMS6UcLIxo_000039_000049;test;A girl is sitting down and getting make up apllied to her face;;;;
669289750133;RobaLsTI7Qc_000001_000011;test;A woman pulls a cup out of a man's groin area using her mouth.;;;;
819935991118;RpBVmgm4OXo_000021_000031;test;A person sitting in bed playing percussion while an alert from an electronic device goes off in the background.;;;;
67529474149;Rs9T2YtS46Q_000100_000110;test;A person draws an animal on a piece of paper that appears to be exclaiming something.;;;;
553351450837;RuQNAL8WGAw_000037_000047;test;As music plays a woman waxes different sections of a man's back as he cries out.;;;;
344505040835;RudqvdVN77k_000001_000011;test;A young child tries to snap their fingers while a man watches on.;;;;
702734895461;RxO7IEU7_I8_000391_000401;test;A teenage boy tosses a football at another teenage boy who catches it then begins to throw it back.;;;;
629922275391;Ry_mhLjzBDw_000004_000014;test;A crew drives a small boat away from a dock quickly.;;;;
378034568173;Rz5umsLIZTA_000056_000066;test;A man is standing near a table on which is a birthday cake with many lit canldes and he blows on them.;;;;
680864429707;S0j2sci10qM_000001_000011;test;A woman applies a small dot of cream to the eye area of her face.;;;;
48771065684;S2Mkf6NTrM4_000022_000032;test;People in a race using small motorized carts in a small oval shaped race track.;;;;
44172658077;S7NEpkqr0Xc_000027_000037;test;Several people are sitting in a church, listening to a pastor speak.;;;;
589908955842;S7Yjt8FblzM_000030_000040;test;a person whistling calling their dogs and then going across a lake of ice with the dogs;;;;
98452957882;S8_ErlI3phA_000028_000038;test;Person sitting at a table making music with a pen on the table.;;;;
725852789374;S8iytsBKYks_000007_000017;test;Someone uses a smart phone to type a very long text with only one hand.;;;;
629258947239;S9nCwjMbbDk_000068_000078;test;A woman is spinning yarn on an old fashioned spinning wheel.;;;;
709461741173;SA080tXbV6I_000000_000010;test;A young man in a red uniform passes a soccer ball during some soccer drills.;;;;
669489529864;SBHh3bkii70_000014_000024;test;A group of girls jump on a diving board, flip in the air, and land in the water.;;;;
931113234998;SBnWW6zj4Rg_000031_000041;test;A boy runs and practices throwing a javelin in a field.;;;;
235704362029;SE5_JeN7g50_000109_000119;test;A young woman is applying lip gloss with a brush.;;;;
939055387404;SHpIilEOwpg_000014_000024;test;Two boys stand before an oven and then one of the boys flips a pancake in a pan.;;;;
658115008462;SIcXhKhurQc_000004_000014;test;A player threw a ball and the other fell over it and then passed it to one other player;;;;
77317331615;SKyw3enn_44_000001_000011;test;A young man is taking a selfie video of him playing with his black hair.;;;;
677785743940;SLHqXKWlQx4_000030_000040;test;Two boys are on a mat taking part in a competitive wrestling match.;;;;
215504363667;SMUyg52T0no_000147_000157;test;A dance class is advertised showing dancing classes and the instructors.;;;;
140921214766;SUhKIoo8Y7U_000011_000021;test;a person continuously hits a punching bag hanging from the ceiling.;;;;
349999695176;SeCwevKut3k_000183_000193;test;A man plays his trombone elegantly And enjoys it as he plays.;;;;
694675927408;SfBATx53wYk_000361_000371;test;A team of cheerleaders practices their routine while their coach shouts encouraging words.;;;;
540178518717;Shf6IS9tr-c_000186_000196;test;A man is bathing a dog while explaining the product he is using.;;;;
452141779533;ShgajdY_h9I_000000_000010;test;Giraffe approaches woman, gets fed and petted above nose, and sticks out tongue for more food.;;;;
132533119353;SkqvHnlsnVE_000023_000033;test;A man in a gym is doing squats while using a weight;;;;
11242429492;Ss-LZsjZRH8_000005_000015;test;A man is talking about an event on the radio and telling the driver of the car to try and get it on the phone.;;;;
875708371791;SsdEbBhu6Dg_000070_000080;test;a young girl is holding a menu and talking to her mother.;;;;
648651416608;SvuscI1XA-I_000055_000065;test;two girls making funny expressions in a video with different visual effects.;;;;
651979166459;SwdKVfwtSQw_000000_000010;test;A young boy splashes in a puddle as the cameraman talks to him.;;;;
691151436300;T-Dcl3xTr2E_000007_000017;test;A small child is sucking on her hand while getting her hair fixed.;;;;
774795050827;T-VUucsteHE_000114_000124;test;A man is making beepbox music with his mouth while holding a microphone, and a crowd of people are cheering.;;;;
466064002848;T05qWt3oxxc_000050_000060;test;Two boys playing table tennis inside of a small room.;;;;
804683358034;T4CauW_YVlA_000019_000029;test;A person holds an outstretched hand with some food in it, and birds land on the hand to get the food.;;;;
509740688389;T51WQxBBgic_000000_000010;test;A woman in a gym is lifting hand-held weights, working her right side.;;;;
682918130349;T6bx9H6gL2I_000000_000010;test;A group of players throwing a ball among themselves as people cheer in the background;;;;
318186798414;T7ZSUqfTguc_000002_000012;test;A man is spinning a ball attached to a string and releases.;;;;
430486755351;TAD6AKGDSr8_000013_000023;test;The man in a gree sweater checks and trims the toenails of a small animal.;;;;
987740882955;TBwziTxmm8o_000000_000010;test;A child is sitting on the floor next to a good-size pile of legos.;;;;
333699264184;TDkiHCThggI_000044_000054;test;A person calmly allows a snake to crawl up their arm.;;;;
372979087677;TEKN8M2clbk_000348_000358;test;A man is scrapping something on a card engine, and then prepares to pour fluid.;;;;
667205779934;TEj_A_BC-aU_000184_000194;test;"Two people winsurf past outside while a caption reads ""The End"".";;;;
429548282913;TFxN_vrUEHM_000024_000034;test;A room full of male and female couples dancing to music.;;;;
18437546669;TG7dCEc9PHA_000028_000038;test;A teenage boy smiles and hides a metal box beneath a log.;;;;
925915047950;TIIMHjK9GU4_000041_000051;test;A man rides a hoverboard as a girl slaps hit buttox.;;;;
137652555575;TJZy6dUHBuc_000073_000083;test;a couple of people sitting inside of a room sitting down together playing instruments;;;;
652146809129;TMmdYBamtP0_000038_000048;test;A man using a roasting machine to roast coffee beans.;;;;
812638098921;TNkot064mgY_000007_000017;test;A boy is dribbling a basketball in the street while another boy tries to stop him.;;;;
946649103007;TR-JsNOeXOE_000255_000265;test;A woman standing by a recycling bin hands two long fluorescent lights to a man who carries them away, then she rummages in the bin and the man returns to assist her;;;;
521909467429;TWrqyBZN5Tg_000001_000011;test;There is a man walking into a store and hitting a dummy used for training;;;;
817210793817;TYTWS2PZLQg_000032_000042;test;A baby looking at an orange cat while someone pets it.;;;;
811040888478;TZ0l4CSYI0Y_000419_000429;test;In a house a woman is sitting in a chair and laughing with her hands between her legs.;;;;
236609253770;T_DXCWsRAss_000084_000094;test;A lady was giving some weather report about the Africa and gives report on some channel.;;;;
334992618909;TaOqyX1yYDM_000177_000187;test;A man prepares sushi in a resturant and puts it on a serving plate ready to go.;;;;
774182774662;TbleNWZsI4g_000024_000034;test;A woman demonstrates wearing a long rectangular piece of fabric.;;;;
919396031270;Td-Vy2vCMSQ_000000_000010;test;A baby girl wearing pink smiles and sticks her tongue out;;;;
768472958667;Td1A-OQM3fU_000002_000012;test;A boy rides a bike and takes a header, then he and others laugh.;;;;
541949582222;Td5C8t3IjYk_000000_000010;test;A group of young children perform pirouettes in a dance studio.;;;;
79155444428;TdczmqIGjvc_000000_000010;test;A girl sits in a chair as a beautician brushes her hair.;;;;
208433014551;Tdz2yMXJcZI_000003_000013;test;A man is sitting next to another man at a table eating something with a spoon;;;;
545492366932;Th5WqxdXDb0_000007_000017;test;A man is playing a pinball game and then gets off of the game.;;;;
321281763264;TjDyZ_vxz_s_001167_001177;test;A large parade of musicians marching down the street while playing in front of a crowd.;;;;
562316409417;Tka7TzOO3EE_000086_000096;test;In a bathroom a woman is tending to a child's eye care;;;;
278479985718;Tl7oe1Zgej0_000104_000114;test;A person uses material to thread through and make a basket.;;;;
591679648104;TlzsQ9er_vU_000003_000013;test;A guy shows a dart and then throws it at the dart board.;;;;
186031974838;Tm6IZIFxl8Q_000046_000056;test;A group of men are holding a cow while another person gets milk during a rodeo.;;;;
740553644632;TmzivRetelE_000179_000189;test;Athletes play a game of lacrosse and run down the field with their sticks, making passes and plays.;;;;
929323074804;TpaHKH6UkDs_000304_000314;test;a man preparing dough on a wood board with flour;;;;
989903839046;Tpv49Chfjks_000077_000087;test;A person pulls both of his legs behind his head while laying down.;;;;
6782218882;TvURKUx1eSQ_000177_000187;test;Two kids walking together on a bunch of deep snow;;;;
679375043843;Ty63fNlVsrU_000005_000015;test;A woman shuffles cards while her and a guy make funny voices;;;;
454409194621;TyNWBUEU7b4_000000_000010;test;A person is riding a bike outside in the snow.;;;;
346828157375;TzfkS-SPp30_000013_000023;test;Bottles run through a bottling machine having the caps put on then back up at the end of the machine.;;;;
447671661931;U-qhm2myHNo_000000_000010;test;A girl is crossing her eyes and then sticking out her tongue and smiling.;;;;
644236351906;U0bYM2bPTKM_000006_000016;test;Dancer is held upright by crowd, claps, swings arm, leans forward to hold extended hands and regains balance.;;;;
831087788955;U3-QfUJWdno_000165_000175;test;A chef is putting tomato sauce on scallops in a frying pan.;;;;
299219117166;U4lBS3FWvC0_000111_000121;test;A man is shown tying a bow tie while talking about how to do it.;;;;
466224368871;U5wQ8PwwXFg_000009_000019;test;A small child sits in a toy car as a woman cuts their hair.;;;;
635249616244;U9QFI8-Q2sA_000024_000034;test;A man trying to cut the hair of a young boy while he is crying.;;;;
669040182543;U9n6IkNodZw_000009_000019;test;A little boy skips a rock across the river as other kids are heard playing beside him.;;;;
785566074525;U9u4nFJvVLI_000017_000027;test;A man is eating food at a table with his friends and smiling.;;;;
364886863776;UAHoOHpQWlA_000053_000063;test;A person is in a gym holding a weight , then drops the weight on the floor.;;;;
359010433042;UBjwOghFbvY_000012_000022;test;A group of people and their dogs are waiting to go through a door.;;;;
988882443911;UE9J5oBICGo_000061_000071;test;Two people racing atv around a curvy track.;;;;
796311903643;UEmJRByMG6s_000071_000081;test;What appears to be a door peep is used to show people from an older era skiing on sleds while music plays.;;;;
244040058685;UHxFMtrRbrE_000333_000343;test;A woman is curling her hair in the mirror with a curling iron.;;;;
701985986456;UJ_d37kGlac_000061_000071;test;A woman is massaging someone's foot, specifically the bottom of the foot.;;;;
585683889982;UKGWaUaRXi4_000095_000105;test;Two hockey teams skate on the ice rink trying to make a score.;;;;
530516702376;UKf3QMXSOSs_000000_000010;test;On a road, a girl is pushing another girl sitting on a three-wheel wheelbarrow.;;;;
401989777385;UPeTYuxFLr0_000464_000474;test;A person drawing with a black marker on a white piece of paper.;;;;
132922753811;UPoWxo4Fogw_000002_000012;test;In a makeshift boxing ring outside a group of men pretend to fight each other.;;;;
827730020946;UPujViBOznY_000062_000072;test;A group of people are sitting and man is standing on a stage listening while an audience member asks a question.;;;;
170206885561;UQP8kz5kAKg_000021_000031;test;A man is kneeling on the ground, in front of a group of men, singing and making noises with his armpit.;;;;
955003587424;URLxWfi96Os_000029_000039;test;Man rides jet ski in wet-suit on rolling sea until he falls off as sun sets.;;;;
359868696925;URpJfPMoX_Y_000428_000438;test;A youth band plays a musical piece in a performance as a conductor conducts.;;;;
859080976262;UY9HKmdXMvQ_000000_000010;test;A couple of people in hoodies do a joint dance routine.;;;;
785771810031;UZLSnJ2OBYA_000010_000020;test;A man races his team of dogs while being cheered on by bystanders.;;;;
581811655004;U_g_GOWOs0g_000009_000019;test;Someone is standing on the back of a young girl while the both of them laugh.;;;;
452549114863;U_pQUaz1oaU_000000_000010;test;A man filling up with gas which is joking around with his friend;;;;
295398436730;Uc3dOM6B1z0_000003_000013;test;A woman is feeding her baby carrots with a spoon.;;;;
898786370720;Ug5jVJ-9YS4_000002_000012;test;A military woman shows how to properly roll her socks.;;;;
677853874301;UgiK-i0EDWo_000470_000480;test;A woman talks about a beautiful scrapbook that she made that has many embelishments.;;;;
497199924205;UmLG8pI25DI_000210_000220;test;A little girl listens to rap music and begins to cry.;;;;
612780393556;Uw_Gdhab96s_000000_000010;test;A young man waves and then makes faces at the camera.;;;;
195221845104;Uws0FYxwS90_000158_000168;test;On a sunny day in an urban park, a man skateboards up and down a ramp while other people watch from the sidelines.;;;;
628426381201;V-q5TEOeB2M_000100_000110;test;A man kneels down to polish the wheel of a vehicle.;;;;
782956418957;V0g0Ppf2ZDk_000000_000010;test;A girl running with a plastic sword chops her brother as he falls from the couch to the floor.;;;;
855114519377;V1Q_OqnloNk_000001_000011;test;A little girl walks on ice skates at an ice rink.;;;;
123485779918;V3Wp5siliwc_000090_000100;test;A video details the capability of an elephant and their personality;;;;
226899725080;V7AouKJL7ZA_000051_000061;test;A man is singing and playing the accordian at the same time.;;;;
834983743706;V8-rdFVhU6U_000096_000106;test;A puppy after having a bath and is about to be groomed.;;;;
196430771225;V8eZCnt23Co_000182_000192;test;A group of kids are looking a giraffes at the zoo.;;;;
992979146022;V8hKBxXccWI_000042_000052;test;A person is standing on stage playing their keyboard for an audience.;;;;
448709920285;V9cb2wLeU6c_000000_000010;test;A boy in a classroom pulls the chair out from under another student, who chases him around the room.;;;;
151228385635;V9dbX7pxhNY_000006_000016;test;A young man standing in the yard throwing a stick.;;;;
246426577924;VCOx5pHG3Ho_000267_000277;test;A high school or college band is on the field playing their instruments and lining up with one another.;;;;
817166246125;VCdsrK2qNeA_000134_000144;test;Someone is pushing buttons on a remote to play something on a camera.;;;;
553877078595;VEKFBUXZgBY_000011_000021;test;a lot of older women and men are holding hands and dancing in a circle;;;;
757524193171;VFp8GkLwi50_000095_000105;test;A girl in a turkish costume does a belly dance on stage.;;;;
508798005346;VGMx_RsSBn4_000085_000095;test;A band with several large cellos are playing on a stage.;;;;
821176751193;VHFuW1yFqXY_000120_000130;test;A person is explaining how to send a text message on an Iphone.;;;;
444869339613;VHKS2AZEgro_000139_000149;test;A man talks about how to become a better business and get the god.;;;;
697617905088;VHVZ22Sv_fY_000013_000023;test;Man shouting encouraging words to woman as she clubs up a rope and reaches the top.;;;;
381078746213;VItOEgmBM3k_000052_000062;test;A boy swings a golf club and knocks a golf ball across the field before pointing at the camera.;;;;
764797677538;VJerDDhVzEA_000000_000010;test;a lady in a green shirt cracks her knuckles in front of the camera;;;;
375226299136;VLbQ2mlzL_Q_000037_000047;test;A woman is in front of a banner as she rubs her neck with both hands.;;;;
293504995483;VNUjTJNGUa8_000029_000039;test;A guy is walking around kicking balls of snow.;;;;
208307238745;VNXpHy5Tb_U_000064_000074;test;A boy using an electric leaf blower on debris outdoors suddenly stops working and walks away.;;;;
637626843827;VNulfciEozA_000020_000030;test;A person ice fishing shows the hole in the ice and the fish that was caught.;;;;
277377897966;VPV_NoRxn9Y_000018_000028;test;Pairs take turns making a bed as quick as they can.;;;;
339580347604;VXrzA3M1Erc_000068_000078;test;Two people stomping grapes as they rub feet with each other.;;;;
320106066136;VcjhqUR-nE8_000107_000117;test;Two young ladies are showing their ear piercings together.;;;;
209762506972;VgqbAvvnbdc_000040_000050;test;A mother demonstrates how to use a back sling, with a toddler in the sling.;;;;
465703229125;VhFxDPKteM4_000141_000151;test;The person is wearing safety equipment, and they are hitting the side of the ledge with a pick axe.;;;;
152101701364;VhrYiENr0Fk_000440_000450;test;A womaqn sits behind another woman as she gives her shoulders a massage.;;;;
82442770639;VihXKPrgTrE_000069_000079;test;A woman stands on tip toe on a wooden deck;;;;
737949236557;VkJHlcbwmIs_000129_000139;test;People on the dock watch as a boat backs itself into its spot.;;;;
352215380529;Vkf5LTosAGo_000030_000040;test;A man walks out of a bounce house while other people stay in it.;;;;
662026352485;VlTbwUyIm-k_000072_000082;test;A man wearing glasses discusses how glasses make your face look.;;;;
294538667650;Vli3ay79kJk_000000_000010;test;A man flips the camera sideways as his friend kicks a football through a field goal post;;;;
909568231643;Vn0FNH2XTx4_000002_000012;test;Text is shown about what the clip will be about and then three blocks of ice are shown and a man using a chainsaw the carve the ice.;;;;
693497671858;VnBZR-yBLXA_000034_000044;test;A woman peels a potato with an extra large peeler than can also be used on zucchini.;;;;
343363326059;VnDRckszp7c_000006_000016;test;A group of acrobats entering a stage as spectators are clapping to the music in the background.;;;;
94614753123;VpUVzgDEj9U_000005_000015;test;A small boy is standing on the floor playing a toy harmonica.;;;;
573933920284;Vpz3Xxj8ndU_000012_000022;test;A newborn baby cry's as someone is washing it's head in a sink.;;;;
619147830819;VqjUAzJh9vs_000110_000120;test;A man proposes to a woman holding red flowers outside.;;;;
894240593906;Vqzf8Gkq7OA_000129_000139;test;A woman sitting on the floor is putting a large piece of tape over her eyes and eyebrows;;;;
376727679918;Vt6hfbMUzWc_000044_000054;test;A girl shows how she curls hair extensions that aren't attached to her hair.;;;;
743554759761;Vx2RMyFUCrU_000037_000047;test;A time lapse shows a group of men using a ladder to do work on a house.;;;;
967251208580;VxDOiYNIfnA_000041_000051;test;Women are demonstrating a breast band used for carrying babies while a woman talks about it.;;;;
590040381661;VxyMj-ct9Go_000067_000077;test;An alligator's mouth is being held open by a man while standing in a small pond with people watching from behind a short wall.;;;;
41827539847;VzLuzfd15xY_000019_000029;test;A small baby was playing with toys and sitting with difficulty and seeing at back;;;;
562867146301;W2a23tVzanc_000018_000028;test;A man with a racket hits a ball against a wall and then another man hits the ball.;;;;
669124252105;W5KvNJu5JBk_000040_000050;test;A woman riding a horse along a dirt track and another rider follows.;;;;
75354570356;W6CY4iqLdSY_000000_000010;test;A man in a karate studio tries to break a block of wood with his foot while people watch.;;;;
561409835559;W8Fbjslydzs_000039_000049;test;A girl scooters by a little boy throwing a ball, then the girl takes the ball and shows how to throw it.;;;;
842763866806;W8sGcM-SRIw_000000_000010;test;A woman guides a little girl to roast a marshmallow over a fire.;;;;
505894128467;W9EInaaP3VQ_000480_000490;test;A garbage truck goes down a row of green garbage cans lifting some to deposit their contents.;;;;
435783922723;W9LR5Z9C33E_000104_000114;test;A person discusses the conditions of tire treads in a do it yourself instructional style.;;;;
742448671746;WAoaX7rXhFQ_000003_000013;test;A young woman is seated with a hot dog in a bun held in both her hands, she takes two bites of one end.;;;;
390937344161;WC0Dxo72kVI_000000_000010;test;A lady is showing off her lolly sucking skills to her viewers.;;;;
722921951081;WEQbqLqRvOY_000021_000031;test;A man and a woman dressed in nice clothes dance on stage;;;;
599674083898;WEcPPLZ3-JA_000114_000124;test;Music plays while a young woman shows her teeth, kisses another young woman and shows picture collages.;;;;
114390478558;WEtK-Ndd9XE_000140_000150;test;A group of people are yelling and playing beer pong.;;;;
482685707197;WFBA0RxdDqw_000027_000037;test;A person with sunglasses performs a robot dance with two others.;;;;
937038414159;WFG38qMr2Fk_000021_000031;test;A young woman in a Mickey Mouse shirt shows us how to die a rope to a harness.;;;;
852993592496;WFbgaU-7FcI_000006_000016;test;Two men hit a ball back and forth using paddles;;;;
796665628247;WFsMi09soZs_000002_000012;test;"Girl gets a little nervous before playing on the piano for her boyfriend that tells her ""its okay"".";;;;
635691464378;WHYTRcQF5wk_000068_000078;test;A person is demonstrating the features of the refrigerator;;;;
862678534894;WHgCLj6fgKM_000042_000052;test;A bunch of guys play dodgeball indoors at a trampoline place.;;;;
780729216606;WKNa4ZL3raA_000067_000077;test;A man demonstrates working on a desktop computer case with music playing.;;;;
489684823251;WMAR-K-68jI_000005_000015;test;An instructional video about how to make tea shows boiling water and a hand adding loose tea leaves to a pot.;;;;
486981921839;WONC-tU62RA_000009_000019;test;A man in a swimming pool as he swims back and forth then tries to get off of the pool;;;;
1073767895;WOtjzZC0JPI_000001_000011;test;A woman in a purple jacket and her child are sledding down a snowy hill.;;;;
881572065254;WQ0Y8NFuaVs_000010_000020;test;A baby stands leaning on a table and puts a piece of wood in her mouth.;;;;
397911715952;WU5KZsG_mQk_000483_000493;test;A man is pouring hot coffee beans onto a table from a roasting machine.;;;;
298088297168;WW4N7GToB5I_000313_000323;test;An group of dancers are holding an fiesta.;;;;
944219343636;WXM7t-6DOAU_000004_000014;test;A man lights a ball on fire, and then proceeds to juggle it without getting burned.;;;;
302932858992;WXt6Xqc9st0_000011_000021;test;"A man plays ""Jingle Bells"" on a violin inside a cafe, while two other men are seated at one of the cafe's tables.";;;;
35097226549;WY9TXZ2ODgw_000150_000160;test;A man is talking about his experiences while at a chess tournament.;;;;
883274593340;WYsNLLqP4Bs_000083_000093;test;A person guides a string around a sewing machine to set it up;;;;
824045434995;WZGUWWGgJGQ_000013_000023;test;a woman is sitting at a table showing how to peel a fruits;;;;
823039453816;WZpYP1zXHEM_000025_000035;test;In a park a man is performing martial arts movements.;;;;
901634640484;WeL8Ie7hCTo_000003_000013;test;A person has a wax strip on her thigh and then she pulls it.;;;;
71583452629;WebWqUD5FMA_000005_000015;test;A woman is in her laundry room talking about how many loads she does and a man asks her what she likes most about doing laundry.;;;;
43184410628;Wh4vYozBQ5k_000019_000029;test;A little girl in a highchair tries to blow her nose.;;;;
211699518576;WimPRlD68BE_000013_000023;test;A view of underneath the water with all different plants moving around.;;;;
110115635117;WipdvBKvJJA_000004_000014;test;People work on making balloons while at an office party.;;;;
588328090422;WoUDwyqgvpw_000046_000056;test;A person is moving buns around on a cooking surface.;;;;
135374597233;WsEfaI-2azs_000024_000034;test;A girl stands in a bus and twirls her hair around her finger while other people sit on the bus then she chews gum with her mouth open several times.;;;;
11905615934;WsuY_Lwj0pc_000090_000100;test;Two woman are standing at the kitchen sink washing dishes.;;;;
816586327094;WtJ6gY4OgKA_000004_000014;test;Two men are carrying a pig that has been skewered onto an open pit fire.;;;;
489935509622;WtnQKvOuukE_000081_000091;test;A small boy rides a lawnmower on the grass while a loud humming noise is heard;;;;
869335741085;X-hblwx33Ys_000006_000016;test;A man is walking by a trash can that is completely full then comes back and smashes the computer monitor sitting on top with a baseball bat.;;;;
529546972572;X24LSuVejXc_000036_000046;test;Michael Jackson is dancing and doing his crotch grab on stage for an audience.;;;;
780001008725;X2Eqh6yQMn0_000131_000141;test;A man in a kitchen shows how to prepare a dish, and adds ingredients into a frying pan.;;;;
422320645528;X4052giOzGA_000017_000027;test;A woman jumps and swings from extremely high bars while people yell in a foreign language.;;;;
562760748663;X4qH1JT0L0k_000000_000010;test;A man shucks some oysters then sprinkles juice from a lemon onto them.;;;;
583275928059;X6HK_ckx54Q_000008_000018;test;A person demonstrates how to make a napkin fold called the rosebud.;;;;
80741760028;X8Tzn9cdCiA_000043_000053;test;A woman brushes a baby's teeth, and tells the baby not to suck on the toothbrush.;;;;
534087427627;X9cfsb8w7oc_000002_000012;test;An operating television show is on the television screen on the wall of the room.;;;;
951618104987;XBlVVyhfQ2Y_000052_000062;test;A person is mopping the bathroom floor with a wetjet mop.;;;;
123074596415;XDCqmQdJuwk_000036_000046;test;A female is standing in the kitchen with a mop laughing while others talk and laugh around her.;;;;
617013016383;XJK56aFXndw_000004_000014;test;A young man carries a little girl through an orchard to pick some fruit.;;;;
415873624597;XKJbWSZLI6E_000027_000037;test;Two little boys are each wrapping Christmas presents on a coffee table.;;;;
91588508709;XKxKNnrLloM_000000_000010;test;A man sends a plank of wood through a metal machine which smooths out its sides.;;;;
763672724568;XLLmpC-gAds_000203_000213;test;A guy is getting his chest hairs waxed while others watch.;;;;
353188047572;XLV_Bf7rupM_000112_000122;test;On a tv show two guys are talking with a tv playing in the background.;;;;
554320994648;XLkuBgAq6Bc_000012_000022;test;A boy is scuba diving while playing the air drums, a music video flashes between scenes.;;;;
885763028789;XOUMPB-p1Bw_000138_000148;test;someone is giving a live spray paint demonstration.;;;;
348852449098;XR_Uj0oUl_0_000033_000043;test;A television commercial showing off the features of an LG refrigerator.;;;;
608386321432;XUsCdZErSu8_000113_000123;test;A young man performs parkour stunts over tables, at the beach, and on a playground.;;;;
743141667443;XaCg7OXyglk_000034_000044;test;A person puts a sheet into a machine then pushes the machine down to press the sheet.;;;;
936141293497;XbKnoNtqSEw_000000_000010;test;Three women sitting at a table together having a conversation.;;;;
675973157492;Xc6bUqxIcUw_000397_000407;test;A man is unloading a sousaphone case off the tail end of a box truck.;;;;
826833958022;Xhu3GgXNFLc_000089_000099;test;A group of kids that are practicing there soccer shooting.;;;;
652321250328;Xjgto6N-cZk_000087_000097;test;A cook is rolling out some dough with a wooden rolling pin.;;;;
104421909966;Xkxjo2RtO6k_000036_000046;test;There are four or five people decorating a Christmas tree.;;;;
806167264544;XlNCltb6q2g_000010_000020;test;A woman helps a young child learn how to milk a cow into a bucket.;;;;
957559627614;Xli6ZqwpZas_000003_000013;test;A woman dressed in a red outfit with a head covering speaks in a foreign language.;;;;
608097513841;XqkIJrR1loM_000013_000023;test;A man is seen doing sit-ups while his legs are held down by another person.;;;;
679812745253;Xqso_EmafEg_000003_000013;test;Two young girls are being really goofy with they're eyes crossed.;;;;
253173944816;Xr3Tle4trX8_000000_000010;test;A man occasionally raises his hand in front of his head.;;;;
759007978363;XstIYO9nBdY_000055_000065;test;A woman is describing how a coffee bean processing machine works and where the exhaust goes.;;;;
55153639070;Xu2bCI2X3Rk_000004_000014;test;A girl sitting down getting her hair curled and then an after picture of her hair.;;;;
817367425268;XuCefaELj_s_000020_000030;test;A person showing how to make a sandwich using a machine.;;;;
217690991302;Xw-WT0yUimg_000334_000344;test;A bunch of people are doing skateboard tricks inside a skate park.;;;;
561769012591;XxY0Z47n7pg_000080_000090;test;A man stands on a jetski and rides it along the water then waves his hand in the air and speeds up.;;;;
745724185763;Xyt9EJ5QLQc_000008_000018;test;"A left hand is pouring a bottle of beer into a glass, the beer froths up and overflows the glass.  A voice comments ""Oh Yeah""";;;;
736570464816;Y0_Mf54Ie0k_000201_000211;test;A young woman doing yoga poses on a yoga mat;;;;
811707880085;Y17Aq_TRhkk_000041_000051;test;A laughing woman runs her hands through her curly hair as someone in the background teases her.;;;;
61575462731;Y1NEWHZywDM_000008_000018;test;a person plays an instrument while wearing a pink shirt;;;;
299317392109;Y2uP9qimkmY_000000_000010;test;Two young girls are in a park showing dance moves.;;;;
584281227324;Y5tmFKGiFpo_000001_000011;test;A pit crew pushes a race car forward out of a pit.;;;;
314550128010;Y7CZDrJ6Jv4_000000_000010;test;A young man does a good job of setting up and kicking a footfall across a field.;;;;
677469013873;Y7fRiJkjnno_000000_000010;test;A women is holding a green plate in her hand and then flings it across the ground into a bush.;;;;
350402790672;Y9_AJlP0iUY_000373_000383;test;On an outdoor stage, a woman is playing a violin while others look on.;;;;
497326288298;YAFo78cf8q8_000048_000058;test;Boy unwraps foil from stick of gum, places gum in girl's mouth, girl pushes gum into mouth and chews.;;;;
704479639376;YAmbVR1n56c_000144_000154;test;One man is providing instructions for soccer movements, while another man performs movements.;;;;
924038146825;YEDn6gNbAEI_000010_000020;test;An athlete runs fast and attempts to jump as far as possible during a competition.;;;;
633892273798;YFVR5y_EtH8_000049_000059;test;a boy doing pedicure to a person by placing his feet in a tub of water and scrubbing;;;;
650872343355;YG-i0u-qeXQ_000012_000022;test;A man seated at a computer desk, draws and colors a crtoon, using colored pencils.;;;;
891837915121;YG8JiyFKQ9M_000094_000104;test;Two fingers are shown with small shoes while the hands does tricks and someone talks.;;;;
833743510457;YHVzRUhCFl0_000088_000098;test;Someone holds onto a kite and starts to kite snowboard by lifting in the air.;;;;
383141657496;YH_2tWoQKH4_000031_000041;test;A teenage male eating an icecream cone and wiping his mouth on his arm.;;;;
336460008081;YHlvveB3fhA_000051_000061;test;The woman is stating that the art work is done on the furnace as it was years ago.;;;;
395191767541;YIpfPcwKoQE_000092_000102;test;A woman is being interviewed by someone holding a microphone in front of a sound stage and a noisy audience.;;;;
94170917199;YJD5hSb3dJs_000008_000018;test;A man does a flip off of a diving board and then people fall backwards into a pool.;;;;
317335617464;YKUT4aVE0Tc_000121_000131;test;A person is driving a forklift carrying bales of garbage for recycling.;;;;
231954649642;YLHPbG4pe-g_000038_000048;test;A woman is standing and throws a water balloon at another girl.;;;;
199267488495;YLJaiKWGQys_000139_000149;test;A man is attaching a piece of equipment to a car tire.;;;;
66969322480;YLqQSpRH09o_000002_000012;test;A young child jumps into a pool and then swims into a person's arms.;;;;
325304753652;YMO199qZ6SA_000182_000192;test;A woman runs a comb down her very long hair multiple times.;;;;
6432607287;YMvyLtafd6Q_000115_000125;test;A healthcare worker is changing the sheets on a hospital bed while the patient is rolled on its side.;;;;
378622491856;YR9KVrvn5Yc_000009_000019;test;Music plays while a man in a jump suit throws something off of a cliff and then jumps off.;;;;
39027033320;YRRGV4_VVEI_000539_000549;test;Several men are outdoors a night attempting to climb over sand dune;;;;
399838977373;YTdjyKCu53M_000032_000042;test;two men playing tennis while showing cut scenes from the match and music playing.;;;;
887509221347;Y_dxesnBzg0_000020_000030;test;A person using a powered brush to clean the outside eaves of a house.;;;;
807112577537;Ya7JaHCbtQw_000065_000075;test;A woman is showing how long you should brush your hair.;;;;
773951414441;YbLmMm66uUk_000192_000202;test;A large group of people are gathered along the shore of a river;;;;
338888988417;YbMXDNuVbEI_000003_000013;test;Kids are together with adults and kids are doing an egg hunt in a cemetery.;;;;
505128438683;YbvRNLgJWh4_000002_000012;test;Two paintballers hide behind a wooden barrier in a paintball course.;;;;
488136945109;Yio9nO2UuuA_000052_000062;test;A kid is drinking some beverage on a cup infront of a birthday cake;;;;
435428411811;YkYoZyGVzCg_000000_000010;test;A toddler stands at a coffee table and pushes it from the hallway out to the living room.;;;;
336633128050;YnPNwzxXHX8_000024_000034;test;A man talks about how to throw a football, and demonstrates by throwing his football across the gym.;;;;
768745158526;Yqd0U012_Hw_000368_000378;test;Someone is playing chess possibly against a computer using a computerized board with electronic bleeps and blinking lights visible.;;;;
178036496210;Yv0BBK00Nig_000054_000064;test;A sanding wheel is being used on a block of wood.;;;;
249412527961;Yv0w8FvXQ-w_000000_000010;test;A person is driving a car smoking a cigarette and another man is talking.;;;;
460753893116;YyZgPnY6WRo_000012_000022;test;A man puts a rainbow colored drill bit on a electric drill and then uses it on a small item in his left hand.;;;;
161947161320;Z03StBdQzog_000017_000027;test;A person uses an electric saw to cut through a piece of wood.;;;;
368423667700;Z03ZQ_h59Pk_000015_000025;test;In a gym little kids run around and one of them plays the hoola hoop;;;;
177217853839;Z0Gm7WTyk-o_000051_000061;test;The woman was doing something to her face and then said tada when she finished.;;;;
861246818982;Z0bLsEcuINU_000055_000065;test;A person demonstrates how to hold a playing card before throwing it across a room.;;;;
190383228308;Z2nrv3qiSZQ_000152_000162;test;A man is using a scrubber to clean a training shoe as the scene proceeds in fast forward motion.;;;;
268114957543;Z3r5apR3C6Y_000011_000021;test;A woman has a book pressed face down on a printing machine.;;;;
180308987897;Z5Ky6hK-0Co_000000_000010;test;Three girls are blowing up balloons at a party or gathering.;;;;
82888912021;Z5OoVbnHQew_000001_000011;test;Wearing a fetish mask, a woman lights up a cigarette and takes a puff of it.;;;;
409855019530;Z5ywBikWPqU_000045_000055;test;A lady is doing a trick with fire at night.;;;;
710959546834;ZBKdKhwsT98_000014_000024;test;A child is playing with marbles on a red plastic top.;;;;
64257254486;ZD6grPzt6mw_000186_000196;test;a series of dogs observe their environment and look near the camera;;;;
405110122965;ZFX7oYdu_hI_000009_000019;test;Adults play a game of kickball inside a giant indoor recreation area.;;;;
685743059338;ZGi_1YXNkvw_000006_000016;test;An attractive lady applying lipstick and makeup with a brush.;;;;
473425085464;ZJD0IvXAmvo_000001_000011;test;A man using a machine to sand down a wooden floor.;;;;
12208227128;ZQFJQ_LYgE0_000041_000051;test;A man takes a sip out of beer, sniffs it, and then sips the beer again.;;;;
939160851480;ZQihxHyTeCU_000098_000108;test;a person on a stage playing a musical instrument alone as other people watch on;;;;
466085905447;ZQj3kEu6q1I_000383_000393;test;A women looks in a mirror and applies some eye makeup to her eyelid with her fineger, stands back and examines it, and applies it to the other eyelid;;;;
427823746537;ZSiSZX5UNqY_000015_000025;test;a young man as he starts to go up a ramp with a hover board as he goes up and down the ramp;;;;
623964831126;ZV6RfQC-pEk_000205_000215;test;A woman does a dance in front of a bunch of people in a room with tables.;;;;
980690601604;ZVDR2od1gn8_000037_000047;test;While in a gym, some women are using machines while three women are dancing.;;;;
830035737051;ZXvgHRz92h4_000056_000066;test;A group of people are playing with a ball while they are in a gymnasium.;;;;
945002029817;ZYH4ja41BQs_000003_000013;test;A man tightens nuts on a board using a ratcheting wrench.;;;;
819034024455;ZZ1m75L6Aaw_000035_000045;test;a man with a violin playing in front of a microphone;;;;
434579293207;ZZzFwO8yxOE_000000_000010;test;One man with eyeglasses annd one man in sunglasses ride in a car;;;;
385202533362;Z_cdeyDDTHs_000141_000151;test;A man gets his back waxed by some girls while lying down.;;;;
745927935778;Zajrgco48XM_000010_000020;test;A person is racing down a mountain in a ski competition.;;;;
210859590140;ZcI5Ht9e4QU_000005_000015;test;An middle-aged man rolls a ball to a younger man who kicks it while a small child jumps around behind the older man.;;;;
68831463977;Zdj9dPccQWQ_000000_000010;test;A girl is high in a tree sitting on a branch.;;;;
913619164150;Zj58slqEBAo_000276_000286;test;People are cheering a someone is skiing down a steep slope.;;;;
968670317923;Zjr3hHz4Q2M_000150_000160;test;A guy is singing karaoke while a few others look on.;;;;
189663471354;ZjzhQBpqqSg_000073_000083;test;A girl is holding a lollipop, takes a lick, and speaks a foreign language.;;;;
617660914879;ZkItRWigcqI_000008_000018;test;A man discusses the edibility of a mushroom and tells it's Latin name.;;;;
449090607056;ZlWcMe2ZJCA_000011_000021;test;A vehicle is backin up out of a busy intersection and another vehicle moves forward.;;;;
732042455469;ZmvFrZKCxt0_000106_000116;test;A woman is teaching a class using a whiteboard to explain a shown formula.;;;;
2983386654;ZnKbREYJ1C0_000002_000012;test;A person riding some vehicle on the snow with very difficult and with struggle.;;;;
238419556969;ZnOGjbmb0HQ_000043_000053;test;Adults and youths of male and female genders are seen mingling and dancing across the hall.;;;;
756356354419;ZoncDWHJQnQ_000775_000785;test;Two men in a break in a USA fencing match.;;;;
986776509635;ZqZyRVnu-Xk_000044_000054;test;Two men are taking small potted trees off of the bed of the truck and placing it on the ground.;;;;
464093183690;Zrhf5rNcLcA_000055_000065;test;A man is teaching people how to iron a shirt using an iron and an ironing board.;;;;
380730622695;ZupvPUGTifY_000000_000010;test;A heavily made up woman licks her lips at the camera seductively.;;;;
641521736362;_2zXAtOKXm0_000004_000014;test;A woman and a little girl are having a pillow fight, while another woman films and talks to them.;;;;
588304432656;_3DfEgSKpjM_000035_000045;test;A man rests on his stomach on a surf board as a wave begins to swell.;;;;
918678927827;_6LbEATZ-jM_000045_000055;test;A young man play acts wearing a makeshift helmet and holding a sword.;;;;
805834372720;_76AUSD3yuE_000015_000025;test;In a kitchen a woman presses pie dough into a pan.;;;;
422378891390;_CZuzcuFC8Q_000173_000183;test;A woman is shown braiding a piece of her hair while explaining the process.;;;;
603308724238;_G9ka7ghM1c_000049_000059;test;A woman has her toes spread apart, and her fingernails painted while getting wine.;;;;
162295703819;_HUQYqzmppk_000000_000010;test;Two young girls are demonstrating a dance between the two of them, outside in the snow.;;;;
858142193608;_HfaDD0LQfU_000035_000045;test;On a city street two people compete in a sanctions go cart race as others comment.;;;;
516839770208;_Htydb1BsKU_000001_000011;test;The camera points down at someone's feet riding a hover board.;;;;
49213338307;_Of0tEvZkQ4_000009_000019;test;In a workshop, a man welds an exhaust pipe creating large sparks.;;;;
278168988310;_PZtfoG-H1M_000166_000176;test;A man and a woman seated at a restaurant table with sandwiches, the man explains his sandwich.;;;;
199067273939;_PdB7OGolCo_000191_000201;test;A spool of thread is wrapped around a small hook several times.;;;;
626178654606;_QB3Wxlvgug_000349_000359;test;A tray with cookies are shown and a person says that wax paper is needed.;;;;
949963378748;_UoN-y6SzjI_000004_000014;test;A young girl is kicking a ball across a field of grass.;;;;
616183554362;_VV8Gs9SK2g_000084_000094;test;a man and a woman dance next to each other on a hardwood floor;;;;
661234496414;_WPR0Auk7ZM_000024_000034;test;Several teens are shown jumping from a rope swing into a lake.;;;;
384769365328;_Y3Y4wMv8EQ_000000_000010;test;A heavy machine backs up to a tractor trailer in position to lift it.;;;;
856747918624;_YWpv2_K8Pk_000054_000064;test;A person uses a table saw to saw some wood indoors.;;;;
968520437060;_ZIq66VAlJY_000064_000074;test;At church a group of females are dancing and having fun.;;;;
525124200555;_ZY_EfSlzGA_000045_000055;test;A woman is sitting and playing a melody on a harp.;;;;
292448450272;_cUwBX4u4e4_000000_000010;test;Ice hockey players celebrate while skating and embracing each other.;;;;
735322738755;_dWpzz8ng9U_000002_000012;test;a person has a paper with folds in it and using it like a accordion.;;;;
7868102306;_dajS-slpEY_000044_000054;test;The man is having fun riding his unicycle at the park.;;;;
616123231572;_dgXPUOaJAQ_000087_000097;test;A young woman slowly brushes her hair inside alone to the camera.;;;;
485877091368;_ekOIpM7Qds_000257_000267;test;A woman stands at a lectern and speaks,with several men in unform standing behind her, then cuts to a man sitting in front of some flags responding to her;;;;
191854501517;_gdT1bgS-68_000131_000141;test;Two kids riding a bicycle in circles in a closed area;;;;
293503117384;_gtC_avp2gU_000002_000012;test;A girl wearing blue, white, and pink pajamas practices hula hooping in her room.;;;;
814445582197;_i3-peaS8dk_000102_000112;test;A man showing how to lying the stone without any gap on the cement plaster;;;;
9271173788;_iyEqlFFrxU_000047_000057;test;A little girl wearing a dress is pushing a toy stroller with a toy inside it down the street.;;;;
518805156512;_jlYiGRdcjU_000014_000024;test;A woman in a stable carefully wraps a horse's leg.;;;;
606366293024;_lDzLPASjfg_000007_000017;test;A mail man puts letters into mailboxes in the lobby of an apartment building and one falls on the floor.;;;;
934621495936;_lR3PdrCkVU_000000_000010;test;A person is holding a colored bird as it eats from their hand.;;;;
994953418149;_mOLCx0ajag_000071_000081;test;A man holding a paper foldable fan is shown crossing a rope on one foot as he hops across.;;;;
820195833435;_mffV4nn_vY_000018_000028;test;A man wearing jeans grabs something with both hands from a very large pot.;;;;
372306244308;_nfO1B5aDLI_000036_000046;test;Two boys play rock paper scissor and run away laughing;;;;
238288021907;_oEyLqJ5tbY_000000_000010;test;A group of people are sitting around a table putting sparklers in a cake shaped like a bear.;;;;
224377580467;_oHTPzXp6B4_000007_000017;test;A woman on a yoga mat balances on her head using her arms.;;;;
55394654411;_vMrhrBmDhc_000042_000052;test;An open air gym shows a large group of women particpating in a dance or excercise class.;;;;
271042797899;_wMe9P5gsHE_000219_000229;test;A group of adults play the drums and sing while a child just watches.;;;;
459340978764;_wl44BmkpWo_000036_000046;test;A man juggles balls one-handed and then two-handed and tosses them to a person off-camera.;;;;
722031566907;_x-5Zach8QE_000154_000164;test;A man is seen skating through city streets before doing multiple tricks and jumps;;;;
836369154661;_xE_0yhuehs_000163_000173;test;A small child maneuvers a toy wheelbarrow backwards along a pathway while another child watches;;;;
802757303047;a0OxjWs1ljY_000017_000027;test;A person is indoors and doing some kind of work on the wall of the room;;;;
742075626100;a2EHaB5CrFQ_000006_000016;test;A man is tapping his hand on his leg and blowing into some bamboo.;;;;
975745972478;a4ROubm0cIc_000000_000010;test;A small orchestra in a church playing, a violin and keyboard;;;;
708800520133;a4i00Iu-eP8_000114_000124;test;A little girl is doing something with shoe laces and tying them through each other.;;;;
692346908313;a8HehnYjquw_000107_000117;test;A person is sitting next to a canal full of very dirty water.;;;;
447026519831;aBDUIoLRVXc_000004_000014;test;A young man is looking into the camera while speaking into a microphone.;;;;
906730905650;aCdGR9plu0w_000002_000012;test;A man sharpens a pencil above a pile of pencil shavings and paper.;;;;
473654694835;aDM9nmd-Cxk_000136_000146;test;A young girl demonstrates a handstand dismount in a bedroom;;;;
326239869197;aELK8yhURbU_000007_000017;test;A little girl shakes maracas while sitting on her living room floor.;;;;
157564597780;aEimCZBp0gM_000018_000028;test;A boy is drumming a red and blue pen on a countertop.;;;;
337947434355;aF3-ZOZ2loQ_000497_000507;test;A child is sitting on the floor playing with his toy train set.;;;;
920088867984;aGO1jGrMDno_000174_000184;test;A little baby is sleeping in his chair as his parent watches him.;;;;
406030633545;aJxa7KNArB4_000096_000106;test;Men place meat into a grinder, weigh the meat on a scale and place the meat into rectangular containers.;;;;
94433032957;aL6zh0oCzZE_000039_000049;test;A man standing in front of a microphone playing some kind of wind instrument.;;;;
375617669661;aLSu6a91bcY_000001_000011;test;Several words are shown and then a woman rides a sailboard on the water.;;;;
193928077585;aMTce4pTh00_000047_000057;test;A person has a ball, and then another person is shown catching the ball.;;;;
974359429433;aNN4j-njBes_000009_000019;test;A person is using a spatula to make a pancake and describing how he does it.;;;;
460198696409;aNr1Za9eHbs_000008_000018;test;A woman laying down massages another with her feet while the other asks her to continue.;;;;
989585710092;aOOqdPie8wQ_000129_000139;test;A man talking about both of his drills and tools that he has and which he likes better.;;;;
92283480448;aPVoS698VPs_000342_000352;test;A man holds a woman as she lifts her legs towards him.;;;;
520106532235;aVWB66MJ-uA_000010_000020;test;A child is using a body board ion a water park.;;;;
793716883473;aYRujsj9Z_Q_000060_000070;test;Randy Oitker setting a new Guinness World Record shooting an arrow into ballons in a field.;;;;
298943520184;a_1mjN2I7RI_001337_001347;test;A referee calls a foul in a womens field hockey game and the goalie picks up the ball.;;;;
745831295881;a_Dl1AxdSvQ_000003_000013;test;A man wraps his arms around a woman and they play an instrument together.;;;;
306325898429;a_KbmzIVAgY_000052_000062;test;A man in a large crowd of people is flying a kite using a reel as others mill around and a man gives commentary.;;;;
436226738155;a_a8ogcLGtY_000019_000029;test;A woman hugs a woman then continues to walk and a child yells to the camera.;;;;
170003855465;aaFrYWlMAoo_000001_000011;test;A man and a woman are racing to climb a rope and the woman wins.;;;;
399877756585;abVIgtfR9sY_000028_000038;test;two young men are smiling and laughing while arm wrestling each other;;;;
272060366766;abcm6SdJ43o_000000_000010;test;A little boy is playing a trumpet in his living room.;;;;
378009257434;ady69p6ykqE_000001_000011;test;A group of people stand around a field then one of them runs and jumps in the air;;;;
502539326347;aeFoaAyjp5E_000165_000175;test;A woman is tying the tennis shoe for a bride in a wedding gown.;;;;
541488320923;afnPuk1rl_M_000097_000107;test;A gym full of kids playing games with rackets and others watching.;;;;
64502081610;ag8KLqzMZnI_000092_000102;test;A sheep laid on the floor is seen having his fur being scrapped off.;;;;
44324500977;agtMmyQkyik_000028_000038;test;A vehicle is picking up the trash from the trash can;;;;
868994407060;aiZbw9z4Kcs_000014_000024;test;A woman flips a pancake in a pan with a spatula she is holding in her right hand.;;;;
467829923205;amvcZogOvvI_000007_000017;test;two people walking with fishing poles near a river bank;;;;
873196172467;anzQwjeBbYs_000009_000019;test;Man manipulating a clear glass ball over and under his hand with musical accompaniment.;;;;
547856826148;aqRD8TK9K1w_000005_000015;test;A boy walks on his tip toes on the backporch of his house outdoors.;;;;
219470564938;aw55asaJJ34_000010_000020;test;Two people have arm-wrestling match pressing against each other's wrists with hands in fists.;;;;
624317083501;ay4oamtb_Bo_000009_000019;test;A girl washes her hands well in a bathroom sink and a boy steps up and holds a colored picture up.;;;;
756073491422;b1VygfGIpYg_000163_000173;test;A closeup of a person doing a needle felting craft;;;;
628769192357;b1qE4GNZ9OA_000144_000154;test;A person is taking some sheets of paper-like material and inserting them into a machine;;;;
352637019172;b4FIQL0xioQ_000347_000357;test;A person is playing guitar and singing in a hallway as people walk past.;;;;
944550732337;b7-jU2adf_Q_000010_000020;test;A young boy is holding an object very high and another boy does a rotating kick and hits to object with his foot.;;;;
617845422941;b72mXcSFozc_000041_000051;test;An old man is outside hammering nails into a stone block.;;;;
119977710809;b8vAhQSYN-g_000000_000010;test;Two young girls in a park practice a dance or cheerleader routine.;;;;
89646734937;b8yf5J8knSk_000341_000351;test;A man at a table records his family playing a board game.;;;;
654665933290;b9TfeDnfemw_000047_000057;test;A man is inside of a church playing an electric piano.;;;;
241016492893;bAar9lhU3-U_000031_000041;test;A machine is packing a bag and then seals the bag and moves on to the next bag.;;;;
117046439382;bB0p-_ie8sg_000423_000433;test;Someone rides a mountain bike down a muddy wooded trail.;;;;
176190446542;bDlnrPoP2dY_000124_000134;test;Two men play racquetball on an indoor court, while one congratulates the other.;;;;
544598581242;bEKMpm2q4HI_000015_000025;test;A girl cooking bangers on the griddle turns them over with a pair of tongs.;;;;
968290225876;bEN-M8LaxN4_000051_000061;test;A cute baby is laughing hysterically while a woman is making funny noises in the background.;;;;
996208237973;bH9cE46eZJY_000028_000038;test;A boy dribbles and kicks a ball while walking down a path.;;;;
402363420285;bHdGTlzuwRQ_000002_000012;test;A male is throwing the discus at a sporting event.;;;;
348282133355;bI6t7z9IYVQ_000006_000016;test;A group of kids having a snowball fight in the snow while someone follows them along.;;;;
287789104230;bIiDiDUl2RU_000009_000019;test;Two people hug each other while other people walk around them then they break apart and walk away with arms around each other and one man puts his hand over the other's face.;;;;
977052687603;bInEaaZ2Vk8_000001_000011;test;A person was coloring a black and white coloring book using a marker;;;;
100467428142;bL3YnakZWHo_000006_000016;test;Bride and other persons at the wedding reception dance to the the Macarena;;;;
819617656289;bMCDoCW3GWY_000160_000170;test;A man in a red and white hat is being interviewed as well as a woman in a red shirt.;;;;
130969392465;bQ0vqeijA44_000316_000326;test;Person holding a light attached to a circuit square board.;;;;
183546365602;bTT-Lk4Hc88_000208_000218;test;A woman is cooking a food preparation on a show and another woman is helping her.;;;;
324332118993;bUHZAtuW-zU_000049_000059;test;A weather girl giving the weather forecast on television in a red top with skirt on;;;;
14305441089;bYq9JMbV4Vs_000036_000046;test;A guy climbing a rock wall then a guy climbing an ice wall and then another rock one.;;;;
786218457755;baENtPQwXcQ_000048_000058;test;A baby boy turns his head while sleeping then wakes up and looks at the camera.;;;;
629047213136;bbZMxUKuKms_000293_000303;test;A man uses one of those old fashioned cut throat razors to groom his moustache, beard and sideburns.;;;;
743129123475;bbu7lxDJ3_A_000001_000011;test;A person stands with a coin in their hands, they show the coin and turn it over several times then flip it into the air and catch it.;;;;
107492454505;bkU7KncK3e0_000077_000087;test;A large group of young people are involved in a a rather unorganized dance.;;;;
514025092793;blidPJ6mZ9o_000076_000086;test;A group of people dressed in 1920's era clothing dance together on a large wooden dance floor as band music plays.;;;;
554350825771;bm8etqEqbGk_000002_000012;test;A bunch of people are at a rock concert and a mosh pit starts to open up.;;;;
46225704517;bmbtEThyum0_000000_000010;test;At a concert a man is being carried by a group of people.;;;;
500236632547;bnSYqx_JBaI_000001_000011;test;A young girl is playing hopscotch on a sidewalk, the hopscotch is drawn on the ground in chalk.;;;;
335190188432;bpw7kP8IEJU_000008_000018;test;"A baseball cap with the logo ""OBEY"" in the inside tag";;;;
128843434998;bqmNi9nL9Bs_000051_000061;test;A person yells hi to a person as they ride their snowmobile past them on a circle track.;;;;
794441743035;br3E4ArDqPQ_000006_000016;test;A man is demonstrating how to cook waffles over a campfire.;;;;
958824079969;brJ2L7pbeA0_000108_000118;test;A man massaging another person's leg covered in a blanket and then uncover the leg after.;;;;
145579828595;bsY3obz3Nvw_000000_000010;test;A cook cuts the ends of an onion off as he prepares a dish.;;;;
598231574488;bxxK9LLquRs_000016_000026;test;a man is putting a alligator asleep by rubbing his belly at some kind of water park show.;;;;
755914262616;c-7aCvrVkoM_000002_000012;test;Woman wearing gloves holds curled snake which is extending its head away from woman.;;;;
448333352345;c-rx2sUfp50_000067_000077;test;an audience filled with kids watching a performance in a gym;;;;
176152149;c11YrmfQ14Q_000092_000102;test;A person is cross country skiing on a wide path in the woods;;;;
685696751093;c1Od_Nokv-s_000008_000018;test;People running and playing outdoors in a grassy area.;;;;
682975610548;c25IqRBGKlA_000004_000014;test;Three young people are standing in a rectangular tub stepping on a green, wet substance;;;;
207496768825;c54-0dOxrac_000016_000026;test;A young boy playing with a punching bag when the bag swings back and hits him.;;;;
560506463842;c68Z9cjgVsk_000267_000277;test;A boy bounces a soccer ball back and forth on his feet without letting it touch the ground.;;;;
504588327134;c6_Q9pIowVQ_000005_000015;test;A cute little black puppy is in the shower bathing with his owner.;;;;
482845278823;c8adrgYkcxM_000009_000019;test;A young girl in a living room performs a somersault.;;;;
812063787380;c9ZB1Eeq3j8_000016_000026;test;A female figure skater is displaying her ice-skating skills inside an empty arena.;;;;
536670489546;cEmW-d9dda8_000011_000021;test;Girl holding stuffed animal getting her ears pierced.;;;;
295884571186;cExTd4JuSrQ_000040_000050;test;A small boy is practicing riding his little blue bike without training wheels.;;;;
392213935748;cFqtKIrpPgk_000051_000061;test;A toddler in a living room is using a dusting mop.;;;;
631360785191;cGhYRs37fzo_000049_000059;test;A guy is given two glasses of wine then two guys turn and look.;;;;
391909533733;cHJJtEVn1os_000019_000029;test;A group of people in a driveway throwing water balloons at each other.;;;;
824346421097;cHYlrNsvQqw_000008_000018;test;A man wearing a clown nose and laying on a table has unwanted back hair removed.;;;;
689454329522;cHycKylBtlY_000022_000032;test;A man is instructing how to hit a baseball off a batting tee.;;;;
775804598168;cIwqVIFeioc_000165_000175;test;A person was checking through the garbage in the dumpster;;;;
72282677660;cJUQlgxzPms_000040_000050;test;A couple of men are shown removing the lug nuts from a tire.;;;;
775815039108;cMwJhIEqROM_000000_000010;test;a man is hanging around and throwing a rock in the water for his dog;;;;
303588516105;cOEx-q6eZPE_000130_000140;test;A person is showing how they drive manual stick in a car.;;;;
397588181552;cQGx9xulxkU_000017_000027;test;A man easily peels the skin off of a potato after he pulls it out of ice water.;;;;
351020646207;cQkcKw4Ew-k_000317_000327;test;A bartender is pouring five alcoholic beverages at a time during a competition.;;;;
365423255820;cXsQwIVDsKY_000004_000014;test;A baby in a seat and a young child play together using a separated newspaper.;;;;
601784101379;ca0muRN-gjM_000007_000017;test;Small ground of children sitting in a riding rack on top of an elephant walking around in a circle.;;;;
232604701594;cb3RvnukQVs_000159_000169;test;A woman cleans up hair of a man's belly after he was waxed.;;;;
174858067716;cfBtVPEwqIo_000005_000015;test;In a gym with someone spotting him, a man is lifting weights performing squats in a squat rack.;;;;
191400251475;ch8PWd0CUwc_000415_000425;test;A person was using the spoon to press the cookies in a oven baking pan;;;;
651635922551;ci8tJB3la_s_000000_000010;test;A man, a woman, and a boy dance in front of a playing band.;;;;
121708727100;cjT6ofsPoy4_000002_000012;test;A kid sledding down a steep snowy hill with made up obstacles to slide over along the way.;;;;
542707984017;cjv_8awzeyo_000000_000010;test;A young man wearing a windbreaker is talking and opening a bottle of soda.;;;;
660931990712;clJc6j_omBU_000004_000014;test;A mechanic squats down to check the air level of a tire while he talks.;;;;
661836763372;cm5LzJNfotw_000000_000010;test;Girls are playing soccer on a field with a coach or referee running along the side.;;;;
686169550366;cqLOmjM404E_000070_000080;test;A boy is standing stilts juggling balls in front of people when the start cheering and clapping.;;;;
462227956953;cqP989DmwyE_000614_000624;test;A woman demonstrates and explains an elaborate floral arrangement.;;;;
954140139515;cr7f5GBtVTI_000069_000079;test;A person picks a crab up out of a bucket of water.;;;;
5722713757;ctk0SJX19VQ_000066_000076;test;Someone walking through an apple orchard, passes a wooden sign and zooms in on the apple tree;;;;
514353906229;cxYfDw3qt1M_000195_000205;test;A man sitting in a car describes how to manuever the shift lever for a manual.;;;;
477187097363;d1VB1vA-UsI_000003_000013;test;a man kneeling down holding and playing a large instrument by them selves;;;;
440253106386;d1x2oWTC06Y_000140_000150;test;a group of men play some music together dressed in white;;;;
974351623330;d1xqBCytAok_000008_000018;test;On a cart race, one participant directly pushes the cart and another participant directly pushes the human pusher of the cart.;;;;
81775661236;d38G9PMkHiE_000012_000022;test;The lady with glasses is folding clothes while someone else is saying something in the background.;;;;
697475735231;d5FWcjUn1xU_000064_000074;test;A person places several scoops of cookie dough onto a baking sheet.;;;;
310194210923;d5TYy52mMHk_000006_000016;test;A baby is laying on the floor and is smiling and is laughing.;;;;
915300288913;d6Frh4Zv0oM_000002_000012;test;A boy plays ping-pong on a table that is set up against a wall.;;;;
935943654129;d6_XQqZIO98_000087_000097;test;A man shows how to peal the apple using the driller rotating and using the peeler  on the apple;;;;
643777946621;d6fdMPKYVK0_000285_000295;test;A woman cuts a grilled sandwich into smaller pieces.;;;;
78445632545;d87bGTzOOWk_000071_000081;test;Group of men holding their motorcycles at the coast of a river;;;;
906934501264;d8EKSo_1KPE_000079_000089;test;A wheel barrow race with 2 teams and a large group of people watching and having fun.;;;;
454262587625;dBAT_3nPgX8_000076_000086;test;A person is putting together a puzzle with faces on it.;;;;
167688096749;dC2Ih_JFoOM_000000_000010;test;Two men in their underwear walk out into a cold pond.;;;;
606135319271;dCVZadCffts_000012_000022;test;An elderly lady is tutoring a young girl on the proper way to ride a horse, another lady is commentating on the event.;;;;
253335108150;dGuo4mzuliQ_000021_000031;test;Person uses cutting tool to even a strip edge and places corner of a card over the strip corner.;;;;
502226513753;dGvMfhUqnz8_000003_000013;test;A young boy playing hop scotch on a tennis court;;;;
341065177182;dIB5JqWSFEY_000002_000012;test;A person is performing an art on a stage;;;;
15831377837;dMt_nuBNdeY_000036_000046;test;Two women are on a walking path and they are running together.;;;;
65170709187;dNTST0TG3N0_000123_000133;test;A man is holding his own arm across his shoulder and demonstrating a stretching technique.;;;;
160173307;dOc89368npY_000214_000224;test;Two men are boxing in a ring at the gym and one of them is in a wheelchair.;;;;
609499183487;dPtXWyi__m8_000021_000031;test;A man standing at a kitchen counter kneads dough and describes it.;;;;
538695847729;dQH784Wd-Dk_000001_000011;test;The girl in white and pink is brushing her teeth at the sink.;;;;
455010215900;dQOTyHhTLbY_000066_000076;test;A person is trying to ride their bike down a hill in the snow.;;;;
488495282773;daR79WG9-vA_000225_000235;test;A man in a gym does martial arts by breaking a wooden box and the other martial artists around him cheer.;;;;
74200751411;ddxql5Gohb4_000151_000161;test;A man walking on a slackline stops and jumps up in slow motion.;;;;
594492787066;de1rSoht9t4_000002_000012;test;At a track meet, a woman is attempting a pole jump and misses.;;;;
139636150441;df_11GuSM84_000029_000039;test;A little boy in a green shirt is making noises and laughing about it.;;;;
998387311826;dgAIVY5-5lw_000160_000170;test;A girl is doing a demonstration for some type of art work.;;;;
590409891975;dgQo1UGs0HA_000031_000041;test;A dog plays with a broom while a woman sweeps the floor.;;;;
977951985788;didXMMDbEHI_000001_000011;test;"Two people are kayaking through dangerous rapids; one kayak is continually capsizing.";;;;
587333243983;dinFGaxi9Rc_000023_000033;test;A person is demonstrating how to wrap a bandage around a manikin head.;;;;
194869406231;djydGQkk1Ck_000000_000010;test;a group of people hang out with each other and shoot guns;;;;
66723389057;dmtJGtDlOf8_000006_000016;test;A person swings around a ball on a rope in circles several times then launches the ball while a person stands in the distance.;;;;
666496959879;dqSzWHr81Mk_000012_000022;test;A man is pulling on a camel's harness to get him to walk so two children can get a ride.;;;;
904224101469;duhAEqT-Ttw_000017_000027;test;A man is swinging something around several times and throws it into a field.;;;;
112092271971;dzCGgQL7FIM_000597_000607;test;A polo team is practicing by riding their horses in a circle.;;;;
227695628835;e-bGb4oudBg_000096_000106;test;A boy swings across the water on a rope bridge and makes a splash when he lands in the water.;;;;
407018709498;e0A_h4wNUWc_000058_000068;test;a group of young men are gathered together to watch the guy perform a breakdance;;;;
585180088741;e0PcW76l8Ac_000117_000127;test;a man puts his finger on a bottle cap and moves it around;;;;
525880888498;e1DfuOIVBho_000000_000010;test;For the first time, a young girl demonstrates how to tie her shoe.;;;;
976951693212;e3zMGaHILL4_000002_000012;test;A person rides down on a bike and drives off into a body of water.;;;;
504104920597;e47kpEV6afo_000000_000010;test;Two girls kiss each other in front of a group of men.;;;;
439930806801;e4tW6VDoguY_000039_000049;test;A person crouches and exercises by pulling a large rope with weights attached.;;;;
14033931706;e6nb7rmG-1s_000000_000010;test;Adult teaching a toddler how to shake hands and what to say to the other person.;;;;
613006296698;e9WO9WHuP8s_000018_000028;test;A young boy who seems to be timing himself how fast he can eat a snack.;;;;
497143675853;eA1h7zbg9lM_000004_000014;test;A snippet of the game Mel is shown,  there is a woman exercising.;;;;
701146319279;eCno9JNYEkQ_000012_000022;test;A model shows the process of applying lipstick while the instructions are written on the screen.;;;;
945783749015;eJ_SjjpBYE4_000139_000149;test;A man in a green shirt is demonstrating how to tie his blue necktie.;;;;
204790887671;eKeqAaVOFxA_000024_000034;test;A girl is reading a book while sitting in a car seat and she is mumbling.;;;;
493338637042;eLsf1GDvuvg_000294_000304;test;A shirtless man finishes the craving he is working on and brushes the wood clippings off it.;;;;
529788746577;eMhRkRpOEZw_000197_000207;test;A man talks to another man as he places his bet at the gaming table.;;;;
456815251703;eP268o-sy-E_000019_000029;test;A girl is at a table eating baby food from a jar with a spoon.;;;;
826730548210;eS85W-c8zf0_000063_000073;test;a man playing a harmonica onstage with other people playing instruments;;;;
238342965359;eTUGCFPG9N4_000243_000253;test;A a large number of people in pairs in an outdoor pavillion dance to music.;;;;
652425096032;eWQWYDoLVXs_000195_000205;test;A girl gets a bottle of ketchup out of the fridge and takes it over to where she is cooking.;;;;
159530195270;eWgy8eG3stA_000164_000174;test;A group of  four boys standing outside and reshaping long tubes with their hands.;;;;
918086236841;e_czw-liH8g_000010_000020;test;A peron attempts to walk a tightrope between two buildings, but falls off.;;;;
947554634198;eanhmmKIolc_000044_000054;test;A guy outside is doing a fancy trick while pushing against a car.;;;;
494578248303;ecNLf37mews_000012_000022;test;A boy gives instructions on how to do a tie knot.;;;;
788415925483;ecnHGeTB4VY_000008_000018;test;A bare fly fishing hook with a bead on it is shown clamped while very fine black wire is wound around to hold the bead in place;;;;
424303130384;ee7IDIypJVk_000037_000047;test;one man trying to climb the tree and others where yelling and appreciating him.;;;;
295067454981;efPoCzQDvxw_000020_000030;test;A girl is seen eating the sandwich in hand while looking at something .;;;;
75658222312;el0mQy0d-oI_000086_000096;test;A man is seen in a stadium practicing soccer drills.;;;;
855769729948;elofIurd-eQ_000001_000011;test;A man is drinking beer and hard liquor, one after the other in a bar room.;;;;
261191725602;enEATg4tI6I_000116_000126;test;A man is wearing a hat and swimming in a hole in some ice;;;;
142702588733;eoGt3l3BZ7w_000163_000173;test;In a house, a young teen boy plays a guitar slowly while looking at notes.;;;;
223586704937;epTrdwLVzKg_000075_000085;test;A child is playing with marbles on a colorful blanket spread out on the floor.;;;;
456906607732;epfCEGpA8OY_000000_000010;test;A man in a gym lifts a large dumb bell off of the floor and over his head.;;;;
873381533767;eptncA3-gjY_000012_000022;test;A toddler stands and wipes his nose with a tissue.;;;;
930717648213;eqK9gnEV8Y8_000156_000166;test;A man and woman perform a latin american dance routine to music and strobe lights.;;;;
280442974859;etShLTcatJs_000121_000131;test;Someone is turning over slices of sausages on the grill.;;;;
725308298073;eu5seBCWFcw_000014_000024;test;A person is pulling tape off of a mans back in order to remove hair.;;;;
760237725516;eukQr3hdIRE_000009_000019;test;A couple men are checking out how far a saw would go down if they used it on a cut.;;;;
511785526060;evd1BOpj4YE_000002_000012;test;A man is standing in the middle of the room and attempts to hula hoop.;;;;
686277092866;f1i-OnHp-9o_000052_000062;test;A person  was doing the painting the on the paper by using some pen like instrument;;;;
897435108509;f23snLGzOjs_000000_000010;test;A group of people are playing a game where a ball is hit with a bat.;;;;
995039681402;f34xVa4ZxhM_000025_000035;test;A person with six fingers on one hand counts each finger out.;;;;
959182272301;f6PfnccDmsk_000000_000010;test;A very well built woman performs squats while holding a weighted barbell.;;;;
184820644068;f7M_qy6hHb0_000004_000014;test;a person is skiing on the snow and o lot people is watching him.;;;;
450149478382;f8KBEOWvFFE_000000_000010;test;An Asian male uses chopsticks to open a bottle of beer.;;;;
802928252900;f8Vo75Vz2k4_000002_000012;test;2 gilrs push a car, while another girl jumps up and down.;;;;
158392102012;f8bx31UO6dg_000177_000187;test;a couple of kids standing up trying to grab and item that is on a string;;;;
609217584333;f91suCG4nkc_000005_000015;test;Three children are watching a video when a boy falls backward with his chair.;;;;
202460844968;fBcKhmdWCvE_000012_000022;test;Kids are standing up on a cliff preparing to jump into the water below.;;;;
320446215238;fE0yN1CBMvA_000160_000170;test;A person is showing how to put the tube back into the bike tire.;;;;
753385714342;fGuGmBLkWKg_000034_000044;test;A brick layer is laying memorial bricks in a frame.;;;;
781210509381;fIXf9Iv_w9M_000004_000014;test;A sports team in blue and white jerseys huddle together in a circle on the field in an arena before they all walk off.;;;;
378957541271;fIgEP2K2FHs_000016_000026;test;A girl circles a table setting plates, cups, silverware, a bowl of oranges and candles.;;;;
929750256862;fJGdIH1Z2VE_000000_000010;test;A man is seen climbling on a rope while the audience watch and a voice is heard.;;;;
670028741626;fM3BD1kL_-g_000000_000010;test;A person is petting a small bird as it moves it head left and right while it gets pet.;;;;
431808921589;fNZLUKZnQ1k_000076_000086;test;a person using a machine to look thru a lens wearing gloves on their hands;;;;
567835177785;fNvsvkohgY4_000000_000010;test;A young boy is outside and is shooting a basketball in a hoop.;;;;
253857824471;fSFSMuhmb7E_000001_000011;test;A sports competition showing a man performing a circular routine before throwing out the shot-put.;;;;
910090861480;fV2RqP9ZlSc_000197_000207;test;A timelapse of an ad where a man plays street fighter in a portable console;;;;
19352958486;f_lSThX3i_A_000025_000035;test;A man is building a wall with brick and cement.;;;;
939849608494;faMKFPaUzn8_000094_000104;test;A man explaining how to use a basic photo copy machine.;;;;
102734352067;fcWWf5cAnWQ_000023_000033;test;A young girl is holding a fishing pole and they are fishing by the ocean by throwing their rod.;;;;
710605351265;fgfwqek-dQE_000046_000056;test;A little baby is laying on his stomach smiling looking at the camera.;;;;
483771750456;fhzt3XSO9Ho_000046_000056;test;A man stands over a crocodile while holding its jaw open and reaches behind him.;;;;
624183992485;fiiwq-oTifw_000007_000017;test;a man with a stick in a green shirt leading two men on an elephant;;;;
947790435564;fjXcyV-6o8w_000052_000062;test;A person is seen performing a back massage on an individual.;;;;
861839411693;flBrhLZdr98_000000_000010;test;A man sitting in a chair chews food in his mouth adds more food and repeats several times;;;;
708742164636;flCiy8akWyw_000051_000061;test;A group of four, dressed in all red, are dance skating on a indoor basketball court.;;;;
675663550921;fmjT_bdkzWo_000149_000159;test;A man is standing on crutches and he is painting a wall.;;;;
627396160994;fp8xB76kvCQ_000169_000179;test;A man is playing the guitar and singing country music.;;;;
753945066915;fq0kIJhthbA_000076_000086;test;A reporter speaks to people in a dining room, with food on the tables.;;;;
964422831897;fsOOYf2UeuE_000055_000065;test;Two toddlers play together on the floor as their mother talks to them.;;;;
743311042918;fubaMi0dJug_000001_000011;test;Two toddlers are being watched and encouraged in a bouncy house;;;;
969712655361;fzbmYrXWFQQ_000001_000011;test;a person in a golf cart walking a dog while a woman is talking to him.;;;;
308651427683;fzeIUdxSoIQ_000022_000032;test;A man is on a TV show and makes noises with his mouth.;;;;
390987008689;g18CUEgmMp4_000002_000012;test;A person recorded riding a motor bike up a small cliff;;;;
961532843533;g2pMXQNNRok_000085_000095;test;People on both skis and snowboarders get pulled by a parachute.;;;;
887302928069;g3X5vcy_rTk_000000_000010;test;A man ropes a calf and then ties him up while a woman eggs him on.;;;;
514239622008;g688nwyO2lY_000028_000038;test;A group of people are having a good time taking lessions on roping an artifical cow.;;;;
307037711969;g9MvxywJMrg_000000_000010;test;A woman blinking with both her eyes at the same time while people laugh in the background.;;;;
847306628305;gAI73_v9fAs_000124_000134;test;A man is talking and demonstrating how he is using a tool to shave something.;;;;
510794687292;gCGT2L5jJoo_000085_000095;test;A girl is making music using the instrument that is a Harp.;;;;
581270780483;gDdLDUBI998_000200_000210;test;a young girl is fixing her hair with a hot curling iron.;;;;
423208128518;gEHNXPfDHFk_000006_000016;test;In a gym, a man is bent over on the ground doing mountain climbers.;;;;
718671221867;gEWC75dITlc_000003_000013;test;A young boy loudly cracks his neck using both of his hands.;;;;
706718834288;gI043glCEms_000067_000077;test;A little baby stuck out his tongue and then smiled;;;;
601736414522;gPRS_-0KLfY_000025_000035;test;A little baby is walking around pushing a cart as he heads to mommy.;;;;
768763943894;gQhXAY6rS-s_000009_000019;test;a person is hitting a golf ball in a golf course and throwing it very far;;;;
689633943320;gSxbTg_EGz4_000046_000056;test;The man on the play is singing the drama on the stage.;;;;
17996615841;gW1r1UzURuY_000000_000010;test;Children playing in a water park as a man runs after a girl making her scream.;;;;
971355759633;gXePY8Lkiw4_000040_000050;test;A man is dancing and jumping in a garden and then a man is dancing in a place where the sea can be seen.;;;;
954370578017;gY5_XOy2cpQ_000003_000013;test;A girl is swinging and then shoots a shot put.;;;;
888949475198;gZxDhb0Dwd8_000140_000150;test;On a blackjack table, a person is giving examples of blackjack situations.;;;;
769145726683;gbk-gnhMi7I_000014_000024;test;A man is playing is getting ready to play his guitar and strums the strings.;;;;
327726011178;gcgMJ8fbEO0_000127_000137;test;a woman is demonstrating how to do an arts and crafts project involving  a magazine,aluminum foil,alphabet letters and a heat source;;;;
584817657644;gdOTaYjEomQ_000079_000089;test;A girl is shown carefully peeling an orange and showing it of to the audience.;;;;
881810894835;gf37sAjEfRc_000013_000023;test;Two young men are racing a course outside and going in slow motion as they pass a woman;;;;
419384510306;ghDBpS7RooU_000213_000223;test;A man wearing a blue shirt shows how to build a cabinet with a sliding drawer.;;;;
888377767408;ghvlnZcOSJs_000000_000010;test;In a living room a grandmother and grandson hug each other affectionately.;;;;
862401790599;glIq9KmXoYw_000004_000014;test;Two boys are playing on a sidewalk with a  shopping cart;;;;
815351888840;gs45ojguZXY_000000_000010;test;A young woman blows a bubble so large it obscures her face.;;;;
216592619513;gs8dM9A8oIg_000006_000016;test;A woman is talking to a child in a stroller and asking them to raise each of there eyebrows one at a time.;;;;
957752421200;guMN_OG4fwg_000073_000083;test;A guy squeezes an apple, then fruit appears on the ground.;;;;
741462153261;gw2PjMz-TJI_000028_000038;test;An older boy explains how to hold arms up and bend knees to jump on a trampoline.;;;;
680959244631;gxAPGH1IOj0_000104_000114;test;a woman is singing while there is music playing in the background;;;;
345054983142;gyUTZlLKyHg_000000_000010;test;A man drinks liquid from a bottle and spits it at a campfire.;;;;
564659758554;gzAmaRypLyI_000062_000072;test;Five people sitting in an elevated, round tub pump hard with their bodies as juice pours from tub into bucket.;;;;
460798820745;h-ekL4jR214_000000_000010;test;A toddler boy is sitting up against a piece of furniture and a piece of clothing slides onto him.;;;;
773026002522;h0rWRIF1Si4_000023_000033;test;A woman is showing a group of people how to properly use and breath in in a device;;;;
657688889652;h2iNEuO0JiM_000032_000042;test;A heavily muscled man demonstrates working out with two large barbells.;;;;
393568519552;h3wDKrgNzC8_000016_000026;test;A man in a field is hitting a golf ball while talking.;;;;
153823423188;h4U7QKd6i2M_000159_000169;test;a woman waxing a man's leg with wax strips while he is lying down;;;;
780560314299;h5jF0HR-J1g_000003_000013;test;A teen girl has a container of bubbles and repeatedly dips her wand in and blows bubbles.;;;;
581495023275;h5rdfasvdso_000002_000012;test;A young man opens a pop top beer bottle with his teeth and then takes a drink.;;;;
321361777558;h6Hf1d7hJ8M_000010_000020;test;A small child is lying in hospital with a tube up his nose as the scene cuts to children go karting at speed around a track suggesting that it was this that contributed to his current status.;;;;
174747659113;h6L6_CGk284_000007_000017;test;A man shows of his swimming ability in the pool using only one hand and both feet.;;;;
641778813410;h6_FiX5vO_U_000009_000019;test;Two young girls are standing on a trampoline practicing synchronized hand jive.;;;;
481656805102;hB2DZcypK0Y_000187_000197;test;A man is playing tennis in an indoor clay tennis court.;;;;
200461378244;hCRKb6R8Sd0_000139_000149;test;A black man with a hoodie on being interviewed by a woman that is off camera;;;;
135851631926;hDazv00yz64_000545_000555;test;A woman is demonstrating how to knit using a piece of cardboard with yarn attached to it.;;;;
824217041858;hEi8ty_0-JU_000132_000142;test;A woman sprinkles baking soda into a toilet, before using a spray bottle to spray inside.;;;;
957822498295;hIQDTjvgJ6E_000011_000021;test;A man is fishing with a pole and standing on a rock.;;;;
999711972170;hJ1HcHufgBI_000014_000024;test;Someone driving a bulldozer in to lots of small rocks.;;;;
72697877163;hJ2SPDIZH3U_000059_000069;test;The man and his partner arehaving a great time dancing in the ballroom.;;;;
797156803092;hJA9pbSKLyY_000046_000056;test;A boy sitting on a couch plays a tune on a lute.;;;;
255618646518;hMoO-1XY7oI_000000_000010;test;A mosh pit full of people go crazy dancing at a concert.;;;;
145737326486;hOL-vgb3wpc_000004_000014;test;A toddler boy is using a paper towel to blow his nose.;;;;
393041668689;hOsqleKwqGo_000065_000075;test;A man sings into a microphone in front of a crowd of people.;;;;
907737851745;hPIXQ9Fi9NQ_000191_000201;test;a group of cheerleaders do a dance with each other while they are in a stadium;;;;
303476647299;hREynPJ5mHE_000000_000010;test;A toddler roughly brushes a woman's hair, and the woman and another woman laugh.;;;;
301818686457;hRFs2Or0QoE_000072_000082;test;A woman wearing a fancy dress chops a pile of wood with an ax.;;;;
698915309141;hRQK0ToE90w_000375_000385;test;A woman is laughing and holding a tie-dyed t-shirt under a kitchen tap and then twists the t-shirt.;;;;
278219460132;hVrvXFrYU6I_000004_000014;test;A dark haired guy is playing some music with an instrument.;;;;
119942616224;hWb9AsV7NtE_000012_000022;test;A person power washes the roof of a house as they stand on it.;;;;
106529396498;hY49HLtaPfE_000076_000086;test;a little girl in a room using a hair tool to curl her hair;;;;
739153119958;hZ34EcXYuIU_000002_000012;test;In a street, a man in a wheelchair rolls down with a dog pulling him.;;;;
659098658022;hbPpPCe6ou8_000038_000048;test;A group of swimmers are racing through the lanes of a pool.;;;;
213192254121;hchY_oA4BYU_000008_000018;test;A woman is crossing her eyes while trying to hold her laugh;;;;
333217712570;hd408sIsIjI_000083_000093;test;In a building a guy is playing the drums and dancing while there are people standing on stage.;;;;
669780903850;hd7dxyjovCY_000031_000041;test;For best results in slam-dunking a basketball, lower the rim and make a grimace to the camera.;;;;
311764128224;hd_su1b_oIo_000111_000121;test;A person is planting trees into the ground and building an arch,;;;;
454824371303;heNARpg9oAg_000069_000079;test;There is a small infant pushing a wire chair across a room towards a window.;;;;
669158043263;hh07FAbHKdw_000072_000082;test;A man is shown doing a bench press exercise in a gym.;;;;
662568073704;hkLWjpndOoQ_000018_000028;test;A child is riding a horse in a fenced in area.;;;;
65918410384;hkoAdY1ZzDU_000004_000014;test;A man juggles with flaming sticks in the dark with rock music playing in the back ground.;;;;
994461342699;hlCu89BsXNE_000226_000236;test;Somebody is using a marker to write on a piece of paper, before picking up the paper and examining it.;;;;
808347822314;hy7xI8-xSOE_000031_000041;test;Several people engage in a competition to stomp something on a patio.;;;;
936157177502;i-MlHUUx_j0_000000_000010;test;A person is sitting there and then he is snapping his fingers.;;;;
704359152444;i-qeC0YDfDM_000080_000090;test;Two guys are jumping off building and other high structures to skydive.;;;;
483660073986;i0rGuyGApDg_000019_000029;test;A man is taking a piece on metal form a tire.;;;;
317726791092;i0v2cJ4yMQo_000000_000010;test;A huge-bodied man in a yellow striped shirt is interrupted from his sleep by a flap on the table.;;;;
428027455648;i2pGQ_cZGZs_000000_000010;test;A person is using a skill saw to cut through a piece of wood.;;;;
145614151528;i4K7rWrsgyI_000038_000048;test;A woman attached to a harness walks tip toed on a beam.;;;;
753370794114;i4go33PLX6A_000117_000127;test;A man in a mask welding pieces of metal together.;;;;
837790220706;i6bLvWT5n0A_000000_000010;test;A guy is by the stairs in the house doing the moonwalk in socks.;;;;
261430240995;i6inXsFbPYA_000128_000138;test;A man swims laps quickly in a large professional pool.;;;;
660834216712;i7cyRbpInLQ_000084_000094;test;Man opens up a dark box and also a smurf opens up an exploding box.;;;;
3176123872;i8BdqvdbqUw_000004_000014;test;Two young kids are at the kitchen table playing a game of scrabble.;;;;
231577531906;iA5cJnFeM74_000012_000022;test;The girl took some eyeliner and applied it to her eyelashes.;;;;
460350335699;iA8pcFGr63o_000000_000010;test;A person does a backwards dive off of a springboard into a pool.;;;;
686666551539;iAIs0WIVHaA_000000_000010;test;A boy in a white shirt and back pants pretends to smack his head against the wall.;;;;
829190098446;iAfm3_67_xc_000234_000244;test;Eagle ice sculpture is displayed outside after artist uses chainsaw edge for details.;;;;
316691116457;iBFE2AI4B38_000516_000526;test;A man in a room is sitting down and making a vase with his hands;;;;
885690191117;iBKnfBpxUII_000055_000065;test;The boys are having fun outdoors as a guy gets tickled and they all laugh.;;;;
399650594284;iC8LsUzmPbc_000134_000144;test;People in orange canoes ride through the water as music plays.;;;;
560801017719;iDLxOwx-ZpE_000002_000012;test;A guy bungee jumps off a very high bridge down towards the river.;;;;
351769084190;iEBq_VR_JSE_003800_003810;test;men play a sport on the grass and one man hits another with his equipment;;;;
169398540374;iFcUzlgCHcA_000000_000010;test;A person goes hang gliding off of the edge of a cliff terrain.;;;;
784459503128;iGn7dk9hxN8_000004_000014;test;A baby sonogram is being shown as the baby is moving around.;;;;
185105772568;iI2n0LbAfZE_000012_000022;test;A small child fell asleep with his arms crossed and his chin resting on top of his hands while watching a laptop.;;;;
172325507931;iR35vmsJ994_000063_000073;test;A cat is being dried off by someone holding a hair dryer.;;;;
108351845796;iTSs-4KVQVY_000027_000037;test;Young girl walks up to pet a small goat where there are other small children .;;;;
258665226496;iU3ByohkPaM_000000_000010;test;A young boy is sitting at a table with a spoon in his hand attempting to remove the insides of the pumpkin sitting on the table in front of him.;;;;
439227826259;iUANfGZ5dCY_000014_000024;test;A person picks up a set of very heavy weights and throws them over his /her head and immediately drops them to the floor.;;;;
560021311777;iVDz7RxK1yw_000003_000013;test;A person stretched his leg to the nose of a kid and the kid approached to smell it.;;;;
684683489650;iYH2ZfbMy-I_000142_000152;test;Some people are taste testing a food and asked if it tastes like liver.;;;;
911553292373;idjDqoXFppw_000120_000130;test;A person print letters on a white piece of paper.;;;;
481644405821;igA7TJcaxqo_000056_000066;test;a baby on their stomach moving their head and getting someone to change whats on their toy;;;;
180967303970;ihOTHLgvm8s_000031_000041;test;A man tries throw an orange ball at the wall after having his back turned to it.;;;;
947431276986;ik_mH-CoZdQ_000001_000011;test;A person with no shoes on dribbling a soccer ball.;;;;
156454073170;ilaWmMx7Ag0_000022_000032;test;Men help each other as they operate machine that is cutting trees.;;;;
548036482612;ill9sZOMQtE_000000_000010;test;A man and a woman are preparing and stretching, and then go riding unicycles and holding hands.;;;;
938485982920;inUAUksXqWo_000004_000014;test;A man in a gym lifts the dumbbells in both hands as he takes a step forward and bends the knee.;;;;
688494339115;iorp3zH2-Pw_000011_000021;test;Man uses forklift to remove a large item from the back of a trailer.;;;;
36955314000;isW9E-Zp90A_000002_000012;test;A man holds a ball and throws it far onto a field.;;;;
751445151792;iusGKMd54jw_000099_000109;test;Two guys are standing and talking in a mic doing something with playing cards;;;;
971912388585;iwIttka43nE_000037_000047;test;A calico cat sits part way on a router or similar device and is given pets.;;;;
942660956120;iwLFkmsQUHI_000021_000031;test;A young girl is sucking an egg yolk into a water bottle.;;;;
554269990924;j-AUhHY-9nE_000001_000011;test;A child is standing next to a door, playing a tune on a xylophone.;;;;
150063630954;j-uDx-np0Sk_000342_000352;test;A person swings two fireballs on ropes in a dark area.;;;;
759578788537;j0-SQa7igwI_000188_000198;test;A male is juggling with 3 and 2 balls then he throws one into the air and catches it at the back of his neck.;;;;
413791233135;j1oRoItcdHQ_000058_000068;test;"A little boy who has just eaten and has food on his face says ""bye bye.""";;;;
14345715676;j4POnrecrIc_000113_000123;test;a young man having a great time on a trampoline in the back yard of a house.;;;;
374238957925;j543erV9yZk_000009_000019;test;A woman is roasting a marshmallow on a stick on a campfire;;;;
14385106146;j59F32qbHEg_000088_000098;test;A small boy and older girl are standing in a horse stable. The girl is grooming the horse by brushing its mane as she converses with the boy.;;;;
85747836569;j5GuVIzDgrE_000047_000057;test;A woman demonstrating how to place a slide using a microscope.;;;;
332407533169;j5HZ03HEcmU_000074_000084;test;A still image of a wrecked car with shattered glass is followed by another still image of a person driving in a car while holding up a cellphone.;;;;
422112070002;jAWLRouZ6YA_000045_000055;test;The little girl and boy are trying to have fun sweeping the floor.;;;;
983308192845;jCXAo7o_l_A_000017_000027;test;A small pile of vegetation is actively burning in a paved area of a field.;;;;
216581249022;jD1_v1R2raw_000000_000010;test;A large group of people are wading through mud on an obstacle course.;;;;
682928714936;jE4OreT7B9I_000377_000387;test;A person applies mortar to a vertical surface attached to a brick wall.;;;;
962430800778;jEeV0LPXPxI_000015_000025;test;A young girl plays the accordion while seated on a chair.;;;;
781405973724;jGH_eRWyGVQ_000004_000014;test;A party in which 3 people participate in a beer drinking contest.;;;;
922550585972;jMo78oeASw0_000002_000012;test;A man is working on his rock climbing equipment and then begin to climb a rock.;;;;
537672963951;jN1u2FANVX8_000122_000132;test;An individual uses a spatula to scramble some eggs on the stove-top.;;;;
204122094251;jOA98aXnzL8_000050_000060;test;A man shows how to activate the remote of wi-fi by pressing the button;;;;
23369955024;jRvQ6MBC29I_000018_000028;test;A person is passing a machine over a wooden floor.;;;;
212221848731;jWbhG981nUI_000095_000105;test;A man shows how you hold a knife in this demonstration video.;;;;
398952317664;jYgbXPH18qs_000021_000031;test;A man uses a tool on a piece of wood as another man answers his phone.;;;;
318988332690;jZznXHyEG3Q_000189_000199;test;A person rides a bike down a road in a mountainous area.;;;;
175097462140;jablL-kz594_000010_000020;test;A little boy is sitting and eating a hamburger with his hands.;;;;
427165347695;jbyVJdDlo2Q_000059_000069;test;A woman with dreadlocks sits in the grass and moves her hand while she plays a didgeridoo.;;;;
486611462720;jeoHhPBPpZg_000006_000016;test;A basketball game is happening as both teams are playing each other.;;;;
491496599394;jiKZmCswPeE_000001_000011;test;a kid and a parent figure reach into some sand at the beach;;;;
964932383365;jiZgpSw9cKQ_000035_000045;test;Two girls are kissing one another then they just look at one another.;;;;
193833202034;jjcVjm790-s_000574_000584;test;A person is trying to clean out the inside of a toilet.;;;;
784558898851;jjsGyky51Sg_000017_000027;test;A dog with his owners watching tv while he barks at the screen;;;;
985817391712;jjwC-Y-97Hs_000215_000225;test;An elderly woman kneels on the floor speaking and others weave baskets.;;;;
364014405496;jlXioVR7Iuo_000001_000011;test;A woman holds a baby and poses with three other children, suddenly two more children appear and begin jumping up and down at which point everyone seems confused.;;;;
80357672683;jnTuUuETpSs_000002_000012;test;A boy shoots a basketball twice before another boy picks it up and throws it.;;;;
870107185235;jnnpnL0pxuY_000000_000010;test;A person is sitting in front of the camera and is blowing a large bubble gum;;;;
596378665673;jtr9bdvAmjI_000052_000062;test;Girls skating around on an ice skating rink while music plays.;;;;
885974688876;jxwVHzRc2z8_000024_000034;test;A young boy shows off his dance moves inside of a house.;;;;
51380521628;k-RSfEzn32M_000057_000067;test;A lady was decorating her nail with different color nail polish and draw a design on her nail.;;;;
99237931474;k4JhKErAIcU_000000_000010;test;A man in a suit is giving a scientific presentation using a projected image on a screen.;;;;
335805947505;k6icUmA7cM4_000071_000081;test;A man demonstrates how to set up a Christmas Tree.;;;;
358485113364;k8ahScpAUMc_000105_000115;test;A person wearing a hat is sitting and playing an accordion.;;;;
699997549071;k9-EFe0dAFo_000007_000017;test;A group of ladies stretching out on the floor while one talks to them.;;;;
907406133205;kCk-RVcoR7g_000059_000069;test;POV of someone riding a motorcycle through the countryside.;;;;
972055251505;kDNG-8C2Jrs_000000_000010;test;A child bangs on a toy and makes music with the stick.;;;;
169590689488;kD_KrhStkVo_000014_000024;test;A child, together with dad is having fun riding the swing at the playground.;;;;
679199763173;kGWKUPfsBuY_000088_000098;test;Two people are on surfboards that are connected to a small parachute in the ocean.;;;;
373269100178;kMQExt-TADw_000012_000022;test;A young man is doing hand tricks with his band instrument.;;;;
796410207932;kNoAzs8ADFo_000005_000015;test;After a short conversation, a boy rides his bike across a yard.;;;;
993157792699;kRQ3AINof7I_001252_001262;test;A man sitting at the computer talking about the news as a woman reads the newspaper.;;;;
185786525023;kRdxCmOsY2Y_000003_000013;test;A group of four people walk up to a podium to accept an award.;;;;
265272850089;kSmmIhj24cc_000004_000014;test;A person rides a motorcycle through a stream to get to the other side.;;;;
451988320556;kXJ8xHHxTn8_000035_000045;test;A man finishes brushing his teeth, then another man behind him begins to brush his teeth.;;;;
692664662948;kZIJIxxDLxc_000034_000044;test;A woman fills a bottle with homemade beer while cursing.;;;;
633231156890;kamRtGTha5Q_000057_000067;test;A woman is talking to a camera as a boy is climbing over a boundary.;;;;
671058156640;kcSZ4_OaEcA_000126_000136;test;A woman is holding a baby in a baby wrap that goes around her neck and shoulders.;;;;
380676348417;kccasy49Chg_000031_000041;test;Various teams compete in a high school aged volleyball tournament.;;;;
852836647003;kes8AY_tlgo_000016_000026;test;Several kids and toddlers are throwing balls at each other.;;;;
716532673031;kgQhFY-6q_g_000000_000010;test;A young girl climbs around the branches of a tree in a wooded area;;;;
823539214264;kh6KufiQW5A_000097_000107;test;A man is using a rake to pull long silver things out of the lake.;;;;
870504439223;khURP8O3k_k_000241_000251;test;a lady showing how to make a jewelry using a plier;;;;
146737204267;kjCtZfFL8Wk_000128_000138;test;Demonstration and narration on the proper way to use a large knife to cut a carrot.;;;;
800927816085;kloNHLZxFmU_000000_000010;test;A man is holding to babies while sitting in a chair.;;;;
438492875816;klwlOBswkN4_000096_000106;test;A man picks up a hat, among others and proceeds to talk about it.;;;;
387198884507;kmcKQn7Xbyg_000003_000013;test;A man discusses how important basketball techniques while two players are on the court.;;;;
131495894829;kmwYoFp51Ww_000153_000163;test;A women prepares plate settings on a table while making a tutorial on proper placement for a dining experience.;;;;
118176265425;kooIU1W1U30_000165_000175;test;A boy is polishing his black Doc Martins and describing what he does.;;;;
658682031334;kpcrsFCJMf4_000067_000077;test;A young girl with long hair doing gymnastics on her bed.;;;;
806340481511;ks5E1gF2gtc_000370_000380;test;Someone is water skiing on a ski board and does a jump with it.;;;;
106555320579;kuvCR43h0yU_000001_000011;test;Two young boys are fighting with play swords and then one boy kicks the other boy and the boy swears.;;;;
769586213358;kvhNRg4WFzA_000002_000012;test;A person peels back and then proceeds to fold away at several layers of fabric.;;;;
436382482802;kzXmdd6Z8U4_000004_000014;test;A person wearing a beekeeper's mask is tending to their beehives.;;;;
154382780298;kzwWyL8a22A_000000_000010;test;Hands are seen folding a napkin to look like a tuxedo.;;;;
719036632592;l-Sq7PUMnW4_000019_000029;test;a person sewing a rope into a circle with a sewing machine;;;;
77083770727;l17LtEO6z3o_000033_000043;test;A metal worker is baging a hot horseshoe with a hammer.;;;;
42244055241;l3BXqg2lP2k_000197_000207;test;A man is watching a sushi chef prepare sushi before handling a wooden box.;;;;
526676174853;l3ygHvjGOCg_000231_000241;test;Fans celebrate on the field as the Houston Cougars won a big college football game.;;;;
584281869857;l43cqc3KvUA_000010_000020;test;A group of people follow a dance lesson being led by a woman.;;;;
730007419365;l5RIYpoxCS0_000020_000030;test;young girl playing yellow puzzle in fast motion over a green backgroung;;;;
948374303241;l6CrXrj01GA_000102_000112;test;Old music plays while a group of men lift women onto a stage behind them from the floor.;;;;
967692259181;l6jMv1FfGhM_000001_000011;test;People walk through the park as a man on a unicycle plays the bagpipes.;;;;
251605175858;l8QnGBveplU_000025_000035;test;A man has his feet in a tub washes his leg then grabs shaving cream and a razor out of the water in the tub.;;;;
631218512563;l8qfU7Yokbo_000000_000010;test;Little girl has a ice cream cone in her hand that she is enjoying licking the cream from as it is all over mouth as she watches the camera and the crowd.;;;;
655291037576;lBkWzOXr3Y4_000012_000022;test;a group of people together as they ride on camals and elephants for a short trip;;;;
88721862280;lCVFKqQpTIg_000000_000010;test;Restaurant worker opens oysters with knife behind counter and places open oysters on tray.;;;;
980048786034;lGGYYuk5994_000119_000129;test;A person looks through a scrapbook decorated with handmade plastic butterflies and flowers;;;;
467331009488;lGTMPfMfXLY_000221_000231;test;A woman and a young child sat beside the pond while they brought out food from the bag;;;;
722683933046;lIsYTlfdQ6c_000218_000228;test;A man plays a slow song on the strings of his guitar using a finger style.;;;;
526239073655;lKNW0awiDzk_000049_000059;test;In a house a woman is filming a young boy and his Dad eathing and raising their eye brows.;;;;
249479387323;lP45_ktmS1w_000016_000026;test;two kids hang out in a room and play with each other and laugh;;;;
275776733574;lPFtN6pPsE4_000099_000109;test;A small child is watering plants and his mom wants him to come inside.;;;;
361477815368;lQcirD6UngU_000012_000022;test;A baby in a diaper is lying on a bed, and then gets up and asks for his mommy.;;;;
4103027150;lRp-y4ezD3A_000067_000077;test;A guy stands in a room and blows a tune through a tuba.;;;;
745381304068;lUeIoyXODec_000001_000011;test;A referee at t a game throws the coin before the game begins;;;;
667209396867;lV4r_8tHGAY_000034_000044;test;A man is shown climbing in a tree while a loud machine hums.;;;;
942071824878;lVoyp938QBs_000040_000050;test;A boy watched a statue and a man is described about the it.;;;;
680368661712;lVwFn9m8Q_Q_000053_000063;test;A young child receives an haircut from an adult.;;;;
70961253691;l_Kf-jpbF74_000118_000128;test;A person shows a string and shows how to make tight knot in to a string.;;;;
157265697659;laIZKonIJJ8_000135_000145;test;A person sitting with legs crossed is massaging their foot up and down.;;;;
62841844029;lbSUj_faLsA_000010_000020;test;A man gives instructions and shows how to fix the breaks of a bike.;;;;
959000782084;lcUJjVgqXp4_000000_000010;test;A man demonstrating how to open a deadbolt with a playing card.;;;;
942076431568;leOkzqNerfo_000000_000010;test;A man is bouncing on a trampoline. He tries to somersault off but lands on his face.;;;;
617142673216;leWjhZKaK7Q_000350_000360;test;A man in a helmet riding a motorcycle on a dirt road.;;;;
573611795145;liRO6wrun0o_000109_000119;test;A young boy and his parents as the young boy stares at a tv watching it;;;;
318925917809;lj4GXOHT-88_000028_000038;test;Woman wearing lab coat inserts and holds tube in girl's mouth, and counts before removing tube.;;;;
979480522472;ljLey6nc_Us_000017_000027;test;A person peeling a apple with a knife on a plate.;;;;
201674378524;lk6a74GdwR4_000003_000013;test;A person cuts a slice of watermelon in half then in quarters.;;;;
720605007740;lllqzohXPD8_000001_000011;test;Outside a little boy is driving a riding lawn mower.;;;;
550205055894;lm6ibanrGK8_000000_000010;test;A bunch of people standing ina gym watching a couple kids practice;;;;
760617788353;ln9NeisDnFU_000116_000126;test;A shirtless man is jumping rope really fast in a lush backyard.;;;;
433519250874;lonyZ_vTjho_000107_000117;test;Various people are on their knees competing in a watermelon eating contest.;;;;
813382540819;lpEa5Qd5utg_000100_000110;test;A person is putting a contact lens in their eye with their fingers.;;;;
50646582095;lrKPRZmyhX0_000154_000164;test;A woman talks about dog care with a couple of dogs in attendance.;;;;
200646743584;lrbO88eK9is_000005_000015;test;Someone uses a special pencil to successfully erase the writing on a piece of paper.;;;;
82590844713;ls1fXwwHW3E_000000_000010;test;One man runs faster and faster on a treadmill with assistance from a person on the ground.;;;;
955501690681;lsuyMZWr_Nw_000042_000052;test;Dressed in all of the gear, one fencer advances on their opponent as they compete.;;;;
942101367594;luSl6aGT1kw_000010_000020;test;A young child sits patiently while getting their hair cut.;;;;
758140557311;lwCnqd0E4HI_000003_000013;test;Two kids appear to be kicking a ball in the dark.;;;;
215929323130;m-9tsCHJ1XY_000018_000028;test;A person is popping thier knuckles on both hands.;;;;
812233526074;m0R5rkIi6VM_000077_000087;test;male person performing in the orchestra of jazz playing trumpet;;;;
428162988080;m0mo6zbBkGc_000001_000011;test;A man in red flannel runs and jumps on a piece of wood and breaks it.;;;;
869003384549;m0vizteNQNg_000000_000010;test;A man asks how a group of people play rock paper scissors.;;;;
456972030038;m1WVvAdE5ow_000136_000146;test;Some gift wrapping paper is unrolled and a box is placed on top of the gift wrapping paper.;;;;
4172436544;m1XBfBhMSK0_000076_000086;test;Some people playing cards together and it seems they are playing for money.;;;;
669946117847;m5D-kLzwNkg_000027_000037;test;A young woman uses a large snow shovel to scoop snow as a man laughs and talks to her.;;;;
214995341741;m6RF5r3I8dA_000033_000043;test;A child is opening a package and pulling out the various components of a gaming system.;;;;
143463980045;m6WFdNtKnfw_000163_000173;test;A person is changing the oil of her car from the bottom.;;;;
614218349802;m6a-CmUaz_0_000000_000010;test;a yellow road plow machine backing up on the snow.;;;;
104908638542;m8bbW5gbYVw_000178_000188;test;A group of girls in uniform are doing a dance routine on a gym floor.;;;;
548577416125;mDzcJdO9Wfg_000000_000010;test;A teenager is doing a magic trick with card with music playing.;;;;
30212029056;mF5qk0efJbo_000000_000010;test;A baby is listening to a lady's song as a soft melody;;;;
150933942559;mGu58sIxqj4_000023_000033;test;A person puts a page into the photocopier then goes to the touch screen to type in what they want.;;;;
434730079120;mHDdn4z-cjI_000076_000086;test;A little learns to ride a horse her first time.;;;;
220505157743;mL4jKEZDAFc_000015_000025;test;A woman slides down on one knee as she participates in a curling event.;;;;
727238244872;mM8A7RHUtlI_000064_000074;test;A man is talking while sitting in the driver's seat of a car that is driving itself.;;;;
350939254727;mN3VGDMYqT4_000052_000062;test;A person is using a specialized knife to carve away at a large block of wood.;;;;
881186062184;mNNVEQTG020_000399_000409;test;A young artist paints a swirl using copious amounts of paint.;;;;
616444210368;mO4tILSFeo8_000092_000102;test;Women with a loom creating cloth in a living room environment;;;;
720495630434;mQwjoRqpQro_000103_000113;test;Several people sitting and standing around, watching a man play the piano.;;;;
747119266196;mRFEvyaSrMA_000003_000013;test;Someone uses a plastic bottle to suck up yolks out of a bowl and transfer them to another bowl.;;;;
81897874788;mRuqhqx_4OQ_000069_000079;test;A person is testing and fumbling with the buttons of a game pad controller.;;;;
878825737815;mSvYTWkVBJA_000008_000018;test;a couple of people out in the open doing a routine together;;;;
125522511419;mX-UNI3_yao_000036_000046;test;Three men sit on a stage area and play musical instruments for a group of people;;;;
344935808000;mZGCStZvP18_000027_000037;test;A man with tape on his head asks for it to be pulled off and someone obliges.;;;;
346020876180;maVnj-BZ7JY_000000_000010;test;A man yells start in a foreign language and another person jumps into the pool and starts swimming.;;;;
554539695530;mdSe4Ma8Gvg_000022_000032;test;A woman and two young children are riding a camel through the city, while one child cries.;;;;
174300480850;mdp7ZPNkQ54_000089_000099;test;A woman is folding some pieces of leather to show how to avoid seams;;;;
482066126612;meoWZ1SQ0Xo_000003_000013;test;A woman in a track as she tries to run quickly and jump over the hurdle as people watch;;;;
349590063192;mf6nFQ_DIkc_000017_000027;test;A boy is watching something and then begins to laugh.;;;;
973105190688;mfJ0Ke3_ErM_000310_000320;test;A man was standing beside a pinball board and talking;;;;
460457319660;mhfVGeD6XxU_000051_000061;test;A man, outdoors at a gas station, is demonstrating step-by-step, how to pump gas.;;;;
681816499052;mhoCQxY-_8Y_000000_000010;test;many soccer player is on the field and they are singing and dancing.;;;;
785899848363;mhzWCdClkAI_000142_000152;test;A boy sitting on his bed playing a white electric guitar.;;;;
978383818038;mj4JGloJS4o_000031_000041;test;A man in a suit with equipment to chop up trees is leaning in front of a destroyed tree stump.;;;;
794875355536;mkoRSlkknhM_000070_000080;test;A man walking on a ice skate wanted to fall and another man ran to his aid;;;;
917303322007;mmfdQOtaD1A_000017_000027;test;A man stands at a table and flips a pancake a few times in a frying pan.;;;;
953511274458;mrA5RNyGXaU_000093_000103;test;A girl observes while trying to mimic the dance on the television.;;;;
90105714788;mv6Yq9xtLCE_000003_000013;test;A man uses a power tool to drill into a large rock outside.;;;;
879356530629;mwdx_T-wp58_000110_000120;test;A man plays the bagpipes while walking outside on a sunny day.;;;;
717593956896;mz4ruKFOHl0_000141_000151;test;A man is taking a woman on a elephant ride in the water.;;;;
248552113460;n15ydcfmZCQ_000090_000100;test;Successive men perform solo soft shoe dancing for groups of people.;;;;
156331800452;n1DUmdez1hA_000354_000364;test;A florist is preparing a bouquet with red roses and some babys breath.;;;;
592680285891;n1alYjnC-mk_000127_000137;test;A group of people are venturing in a closed, tight flooded with water.;;;;
237682282287;n2l5CBlbDkE_000087_000097;test;A man is describing a math formula on the chalkboard.;;;;
96538402838;n2zPcPtF78o_000009_000019;test;A group of tourist are playing around in a western like attraction.;;;;
639216410376;n57inpzy9P4_000133_000143;test;A person is dancing in a mirrored room as people look on.;;;;
576353196085;n5Fr76ZUlrM_000004_000014;test;Someone to showing some kind of machine that looks like an old printing device.;;;;
184982828381;n64kp3OZY6Q_000262_000272;test;A group of people are working in an automobile garage.;;;;
851445783934;n6DA_5ZIXYY_000008_000018;test;Two people play chess while people stand around and watch them.;;;;
353688178390;n6YvbVtN3yI_000019_000029;test;A young woman is sking down the snowy slopes of a mountain practicing for a future contest.;;;;
767128166910;n6lUXDwL4Y0_000022_000032;test;A person was doing trucking with a girl and getting down from top to down;;;;
5888044896;n753IrV58Gk_000013_000023;test;A  man is swinging from a trapezee before he lets go and is caught by another person.;;;;
501402231844;n7wyjDPtFtg_000003_000013;test;A man is demonstrating how to do the proper form on a weight machine;;;;
185053780634;n97--O-1Gao_000055_000065;test;A young girl takes a drink from a soda can and then she coughs very hard and laughs.;;;;
701504236081;n9il_C0dWbA_000000_000010;test;Two men inhale hookah, count down with their fingers, and then exhale smoke.;;;;
142352354788;nAD5PuUHVDM_000027_000037;test;A man and a woman are sitting at a table and are taking several liquor shots;;;;
671258689838;nD6aGWeuJbk_000000_000010;test;A small boy and a baby are sitting on the floor, parents are coaching the baby to hug the older boy and he does.;;;;
143965083021;nEV0pNS02G8_000059_000069;test;A person is trimming the claws of an animal using a pair of scissors.;;;;
188613992264;nEinWzcCaNc_000404_000414;test;A young man lying on a bed while getting a massage  and having the head rubbed.;;;;
566754231918;nEnK1l8WzBo_000290_000300;test;A child is in a kitchen, using some kitchen utensils while a raw egg sits in a frying pan;;;;
752865154714;nF64BTCr6P8_000001_000011;test;Boy helps his sister bowl by bringing out the device that rolls the ball;;;;
158282116465;nFHwp5VJTzs_000641_000651;test;A first person view of various people riding interesting go carts on a dirt track.;;;;
421044949651;nFqTpZAo3qY_000027_000037;test;The man is having a haircut done while in the backyard;;;;
970068551672;nG8A-M9tvtA_000100_000110;test;A young man is seen seated and talking as if in an interview, before the camera pans to a wet outdoor area, and the sound of water is heard as it splashes the surface.;;;;
294996006736;nI33OYVyWKQ_000049_000059;test;A young boy stacking in the cards in building block formation.;;;;
892113151937;nJVM_LYlZK8_000015_000025;test;A number of kids playing music using the recorder and guided by an instructor.;;;;
673699609200;nKhSp29wB8c_000035_000045;test;A person placed a chess piece at a spot and took their hand off it;;;;
180739860060;nM6O8E1RnT0_000291_000301;test;two women in a kitchen, with one woman pouring batter into a cake pan;;;;
144667895452;nM_ySHgMPW0_000000_000010;test;A man pretends that he is shooting fire out of his mouth.;;;;
495075267447;nOiHvfRvhG8_000002_000012;test;A person is fishing from a hole in a snow covered lake.;;;;
455907926047;nOnbELn114c_000180_000190;test;A person removes various items of clothing from a suitcase while speaking.;;;;
983664935633;nPIdoH_CJYE_000126_000136;test;a woman in the kitchen with a lot of dishes on the table;;;;
300904317659;nPKOfBLkLpw_000461_000471;test;A woman blacksmith heats up a horseshoe in her very hot oven.;;;;
32538034894;nQJAlymtQt0_000034_000044;test;Someone in a kitchen wearing a chefs uniform is using a rolling pin on some dough to flatten it out.;;;;
276935464043;nRbqBLBlLLs_000078_000088;test;A pair of hands showing an ATM withdrawal made by an attacker.;;;;
464326783357;nT6bAb_4HgY_000003_000013;test;A person's hands are shown slicing an orange with a knife.;;;;
698125489539;nba6dbLPKPY_000000_000010;test;"A girl is placing pieces of garbage onto a dustpan when a boy calls her ""Cinderella"" and tosses something at her.";;;;
56986251674;nc1ptYDp3zI_000033_000043;test;A man swims to the end of a lane, flips over and goes the other way.;;;;
915246509511;ncrg3mZmUnw_000066_000076;test;Young boys perform backstrokes in the lanes of a swimming pool, while their parents cheer them on.;;;;
788999551985;nfQMrPGeO7M_000047_000057;test;A group of people planting tree while a man narrate in the background.;;;;
574789613221;nflG2ce8VY8_000294_000304;test;A young kid washing his hands under running water while talking.;;;;
726530121992;ng8f7_uedZ4_000038_000048;test;A man holds a selfie stick while snowboarding down a hill.;;;;
21864847362;nj3KLfg5Kbg_000003_000013;test;A group of children bouncing in a bounce house where they scream and have fun;;;;
454230337120;nkxWGur82CM_000000_000010;test;A man and a woman are playing the children's game Patty Cake.;;;;
52737635864;nmefMgzgISw_000020_000030;test;A large group of woman are dancing together with the same moves.;;;;
64675641354;nnFJdubscu0_000000_000010;test;A man is throwing knives at a pumpkin and each time he throws he steps back to try from farther away.;;;;
328357257737;noCKr2pC5K0_000000_000010;test;A baby sits in a bouncy swing, starts to fall asleep, wakes up a bounces a little.;;;;
587672721963;nwDKOJHMHhs_000023_000033;test;A woman is crowd surfing while a band plays at a concert.;;;;
105051934123;nxDAt9SkPoA_000123_000133;test;A form of exercise that is enjoyed by many women is jumping rope.;;;;
426557831433;nxc1S6lgaDk_000005_000015;test;A young adult (male) does various things to fix a car.;;;;
317156865962;o07H9o-dxNE_000015_000025;test;A person is riding a snow back and forth board in a ramped area and jumping at each side.;;;;
797505886825;o08RX_saVBk_000025_000035;test;A person is pushing a large machine across a wooden floor.;;;;
204166971329;o3UBHD3_j20_000076_000086;test;An urban landscape covered in snow is first displayed before a working snow plough is shown in operation collecting and redistributing snow.;;;;
199045891866;o6NRDIu4qrI_000115_000125;test;a man is doing a breakdancing routine in an empty parking lot;;;;
851462765791;o6mYWsv6kM8_000004_000014;test;Person in a dirty car showing how to shit the transmission.;;;;
902928845549;o7irCXceNjg_000046_000056;test;A picture of a boat fades to welding and a man sanding while another man talks and then a woman talks.;;;;
504211033880;o7oG4LKLrdo_000390_000400;test;The man is showing some exhibitions as he caters to the people at the restaurant.;;;;
587710372932;o8BzuNJOoGk_000033_000043;test;A man is instructing a girl how to drive a tractor into a barn.;;;;
526503624822;o9JRf7E-i9w_000016_000026;test;A male is in front of a mirror and is trying a red tie around his neck.;;;;
776599471802;oCNdL39gLHY_000112_000122;test;A man is shaving off wood from a piece of wood to make it smooth.;;;;
175633429446;oCkPMmVif2k_000051_000061;test;A person is preparing a salad and pouring salad dressing on it.;;;;
745276776444;oGEVs4CkVaw_000003_000013;test;A man is shown performing a stylized dance on stage.;;;;
507876633549;oGpVHf4xooM_000160_000170;test;A group of people watch a civil war reenactment of a battle.;;;;
79515071071;oIosEbECUo8_000077_000087;test;A video of a man playing a drum solo for a crowd in a dark venue.;;;;
484805810073;oMyPguv43Ig_000013_000023;test;A man drops weight that he just clean and jerked.;;;;
649046665851;oUfAz5k4EQ0_000373_000383;test;A young woman in a hair salon uses a facial brush on her face.;;;;
537208224592;oVeHcRapPao_000429_000439;test;The marching band waves flag and plays music on the football field.;;;;
733889108271;oX7WkOAp3qM_000018_000028;test;A man was massaging the waist of a woman sitting on the chair in front of him;;;;
84085280614;oX90Q352-D0_000019_000029;test;A man sitting on a couch shaking a maraca while a little girl jumps around shaking a maraca;;;;
805214564650;oaH7gjaL8ZU_000058_000068;test;A large structure made out of cardboard with tracks for marbles.;;;;
193302306748;ogA3nkMl0Q4_000001_000011;test;A man waits for the ball then hits it in a game of cricket.;;;;
76715475611;ojsqjTFQS7E_000012_000022;test;A girl is making a funny face as there is some sounds in the back ground.;;;;
301681715593;olX9OOSDY1A_000129_000139;test;A child with a red nose helps his parent decorate the Christmas tree.;;;;
803829523494;omv7OtMt-BY_000030_000040;test;A little girl is shown laying on her belly in front of a small bonfire roasting a marshmallow.;;;;
1854390916;p-c1qlpVfpA_000019_000029;test;A man is sitting at the edge of the water with his panning plate in the edge of the water.;;;;
51334507938;p10cOxGv6H4_000000_000010;test;A person is driving in traffic, and a person is seen through the windshield dancing in the street.;;;;
515599450775;p2KvlR_tuhM_000000_000010;test;A boy with black short is jumping into the swimming pool from a height;;;;
653503037674;p2s5fet6Xu0_000068_000078;test;Outside at a farmer's market, a woman tastes a man's watermelon and shrieks in disgust.;;;;
380001755143;p3_wp0Cq6Lo_000406_000416;test;Three men are working on a documentary about honey harvesting;;;;
644877427854;p3rqYRRe-R4_000097_000107;test;A man demonstrates how to install a bicycle chain.;;;;
765057334029;p4QaEDippM4_000023_000033;test;A lady is giving instruction on how to create stuffed animals;;;;
180884245809;p7Yt39yhPvY_000075_000085;test;A child is drawing a car on a piece of paper and explaining how to do it.;;;;
843295184480;p7r-ajQtBZs_000031_000041;test;Two boys discuss going to a store while one of them sips from a straw.;;;;
772591887183;pA4Bh0qvO3w_000001_000011;test;A young baby kicks a greenish yellow colored ball while a woman filming the child praises her kick.;;;;
55266649917;pBy55jurdRw_000093_000103;test;A young girl holds a football while a man practices kicking it through a field goal.;;;;
70090273074;pCWdCVKE2qo_000000_000010;test;A woman does push ups on a hardwood floor with her hands crossed closely under her chest.;;;;
528348315431;pK7GKUlwllE_000023_000033;test;Two people stood hand the fence and fed the goat.;;;;
549029907160;pKEgGe8lWnA_000007_000017;test;Someone off camera brushes the hair of a severed doll head.;;;;
170096449665;pPSbxPxsX2M_000050_000060;test;A man reviews the parts that were in the box for a child's bike.;;;;
303587068856;pQW2gNEHG6U_000035_000045;test;in an area surrounded by wire to men or throwing access to the Target;;;;
716992162461;pRXZqHhCzwA_000045_000055;test;a person in a bed room putting down a sleeper top and then adjusting it;;;;
243223002243;pTgIYOnWrw0_000047_000057;test;A young man is playing the trombone and reading music from the sheet music on the stand.;;;;
908730688969;pVD1fx2Hb0c_000000_000010;test;A boy has a fishing rod in his hands and then casts out his line.;;;;
437908370865;pVtNYUM3FoY_000088_000098;test;A man off screen demonstrates how to put electronic pieces together.;;;;
665796498401;pYKexDBJAYA_000004_000014;test;A man is seen on a golf course performing a drive;;;;
911870598162;paxANprdjk0_000013_000023;test;A girl picked a chip out of the plastic bag and ate it;;;;
607562946183;pbneLOUYW68_000018_000028;test;A group of boys are playing bad-mitten inside of a gym.;;;;
452122006840;pcLn0TYJUAQ_000004_000014;test;A man is showing his ability to clap in between push-ups.;;;;
525864713795;pcZ682IvV5s_000116_000126;test;A butcher shows how to break down a piece of beef.;;;;
891838931792;ph0-_vFTPLc_000215_000225;test;A man proposes to a woman in a school gymnasium;;;;
368546202248;pkUgwuqXycE_000070_000080;test;An athlete runs down the track and performs a long jump.;;;;
739641043904;plVYb0kiH-I_000252_000262;test;Two young boys are playing ping pong on an outdoor patio table.;;;;
326091653595;pmH650EmzaI_000004_000014;test;A man in fast forward chops wood and stacks it into a neat pyramid-shaped pile.;;;;
18238918904;po5wMUhcWug_000050_000060;test;A young girl is on a stage tap dancing around the stage to music.;;;;
8999450277;puP8W1zcQx0_000194_000204;test;A calligrapher dabs his pen in ink and creates an arc and a dot.;;;;
297786115458;pwCguMjX_3A_000002_000012;test;A woman squats, hops forward a few times, squats, hops backwards a few times then squats again.;;;;
846091727765;pzf5Gqy1JxQ_000162_000172;test;A person loads and readies their own paint gun before use.;;;;
858522267476;q-QOU4kjUCQ_000001_000011;test;A young boy dressed in blue is riding a scooter around in circles.;;;;
774923152415;q2-YgfjojXw_000018_000028;test;Young girls on a race track running and jumping hurdles in a competition.;;;;
620510174315;q21qB87cnos_000111_000121;test;A little boy sits on a couch and turns the pages of a newspaper.;;;;
998958938293;q3Yrx7-5W9I_000016_000026;test;A woman sits on a yoga ball and rolls back and forth while swinging her arms side to side.;;;;
436442206055;q3cRM4TVVRI_000000_000010;test;A game being played while other people watch and cheer for them.;;;;
45503425636;q505qPj4T-Y_000012_000022;test;A man performs arm exercises with a sledge hammer inside a gym.;;;;
357145124445;q6dyWFq3-LE_000000_000010;test;A man kicks a field goal directly through the uprights on a football field.;;;;
241373358471;q8aCC3LSlgE_000027_000037;test;A man is in the ocean surfing on the waves and surfboard.;;;;
425659865493;qAY_lryy0j4_000013_000023;test;a dark recording of a group of people watching lights flicker and move away from each other;;;;
311946451415;qD_LCbdWnfY_000000_000010;test;A small boy in a high chair is eating a messy donut.;;;;
697611590835;qH2CC8SsVVI_000000_000010;test;A group of guys floating a concrete sidewalk with someone narrating what is happening.;;;;
936417211908;qHnjk_i0XA8_000004_000014;test;A man on a high unicycle juggling flaming bowling pins;;;;
349427013809;qIjztNOQpEg_000000_000010;test;Hands can be seen picking a door lock, there is a drill in the back ground.;;;;
752731973839;qJjYFagFYrM_000177_000187;test;A woman sings into the microphone to a large room full of people.;;;;
385785646355;qN7njQDP_bk_000015_000025;test;A person is showing how to properly apply a triangluar bandage.;;;;
543117987395;qUUxvovZvxw_000000_000010;test;A man sharpens a pencil in a vise with a large tool.;;;;
604763629161;qVdeSrFMvHM_000014_000024;test;A baby waves their hand and blinks a few times and then makes a noise.;;;;
783108956416;qVoiEgXxOTU_000001_000011;test;A person videotapes another person who is riding in another car.;;;;
530699266326;qWr7plHuEtE_000024_000034;test;A boy is climbing a ladder in to a closet with little light;;;;
309075211531;q_8hDVV_83I_000003_000013;test;Two guys have a heated discussion, one of them decides to headbutt the other guy;;;;
729419299446;q_zCR9ITIrE_000006_000016;test;Two snow skiiers start to slowly ski down the slope.;;;;
801678218485;qb85QcvWIV4_000033_000043;test;A man in a hat is using spray paint to graffiti a dark fence.;;;;
158089857516;qbTYNlpD5nM_000078_000088;test;A child walks down the front stairs of a house with a basket in his hands and then heads towards the grass.;;;;
571612699742;qdBQF41I0Ck_000014_000024;test;A group of little girls in pink tutus dancing in a circle on stage.;;;;
685619520763;qf8uVI5dcHo_000023_000033;test;A man lets out a yell as he throws a shot put ball at a track and field meet.;;;;
730356080164;qnNC8LJEPoU_000004_000014;test;A man is banging a gold gong several times back and forth.;;;;
813578091756;qobxMYRVOsg_000064_000074;test;A package is going along a conveyor belt in a factory and is sealed by the machinery.;;;;
706813896067;qrp0xdGe2JM_000093_000103;test;A man is showing a tool that is used on locks and talking about what it is made of and how it is shaped.;;;;
28743416523;qthN1ZVFtM8_000493_000503;test;A boy is patting his bald head and rubbing lotion into it.;;;;
150764846826;qvHzrD45wIM_000181_000191;test;A girl is blow drying her hair while also combing it at the same time.;;;;
267770013906;qwLeYfEOrnU_000000_000010;test;A man gathers snow up into a snowball and throws it at a woman.;;;;
943917481752;qx8eYKeDhmw_000187_000197;test;A person films the neck of a bass to give a tutorial on how to play a song.;;;;
722972692242;qzNaleBEn5M_000050_000060;test;A group of girls recite a ballet dance while other girls wait around.;;;;
184791289598;r4zSsivG2OU_000000_000010;test;Two girls are hitting each other with pillows before dancing.;;;;
735594178024;r5NqGSZsN0E_000009_000019;test;While washing a cloth, a lady picked some detergent and used it to rub the cloth;;;;
81524338653;r5OnbF_8hhk_000011_000021;test;A man is teaching how to stitch   the leather with needle and thread;;;;
475676400074;r5c12Eo__jY_000104_000114;test;On a field someone is standing at the base and hits the baseball with the bat.;;;;
775200581049;r917E_NCmgo_000027_000037;test;A person's hand is seen vacuuming a carpet in a small indoor space.;;;;
338384898555;r9WM1QZcBTM_000031_000041;test;A YOUNG MAN IS TALKING ON HIS PHONE WHILE SEATED ON A BENCH WITH A YOUNG WOMAN.;;;;
165299862491;rAnonbIcVuA_000009_000019;test;A puppet show is being put on as someone in the crowd records it on their phone.;;;;
951713347375;rBhe4_OsYAg_000070_000080;test;People are hanging from a boat and then falling off with the sail.;;;;
825071860473;rCCnF9hh0gg_000214_000224;test;a person is shown demonstrating how to iron a sweat shirt.;;;;
396035681435;rE2tmPlEbIA_000000_000010;test;A couple of girls making noses and laughing about the noises.;;;;
193953341804;rEJaqonTVVE_000000_000010;test;Someone rolls a marble down a home made track and into a dish on the floor.;;;;
135544743121;rFHugHoOTcc_000034_000044;test;A person approaches an automatic teller machine and places their hands on it.;;;;
849891663156;rFee2NCkWQE_000013_000023;test;A woman is demonstrating the proper way to apply a facial cream.;;;;
173532726881;rID27hu1n0s_002105_002115;test;A man is talking at a table as someone sits to his left and listens.;;;;
140562687588;rIJPGdtdaHg_000006_000016;test;Two men remove a tire from a card, a third person puts on a new tire, one of the first two attaches it.;;;;
460718877528;rJBwUrElbkA_000005_000015;test;A man pours a beer into a goblet, filling it halfway.;;;;
978997240384;rJokQsBf1as_000077_000087;test;A man fixes a tire while a woman explains what he is doing.;;;;
235620313632;rKJT46GugSM_000001_000011;test;A woman is shown using a manual threading machine with voices in the background.;;;;
184637029247;rLS3IgNROgo_000021_000031;test;Two little boys sword fight with wooden sticks and swords.;;;;
509745359367;rPI-N-nGhQw_000053_000063;test;A white and gray bunny rabbit has its nails clipped by a young lady.;;;;
480248959300;rPiuBOZRLME_000005_000015;test;An entire pig being roasted for a party, with music playing;;;;
794533667080;rR84msmiUx8_000104_000114;test;A group of kids are sitting in the floor playing a game of monopoly;;;;
917966311373;rRMXr5HRGYY_001576_001586;test;A person sharpens a pencil by hand and then crushes the lead onto a yellow sheet of paper.;;;;
246265834176;rS1NQ2dbuKk_000002_000012;test;A young women performs a back twist on a bed while music plays.;;;;
303548701522;rU26NkL_l5E_000355_000365;test;The camera holder speaks about controller cords in the context of computers.;;;;
644175370291;r_oia_3C3cg_000023_000033;test;A man is shown cooking something on the stove while narrating what he does.;;;;
704787876968;rbaoOjMKbio_000019_000029;test;Several people are around a table playing a game of dominoes.;;;;
28380397461;rc3aO3TyAzg_000000_000010;test;Woman in green tank top working out at gym using dumbbells.;;;;
277659453303;rcfxlQIk6aY_000008_000018;test;Young boy is on hopscotch pattern, turns around, alternately jumps with one or two feet, and bends down to pick up rock.;;;;
297474468326;rdmGiJgwi1c_000040_000050;test;A man with a beard is shaving off his moustache with an electric razor.;;;;
514362753031;reiXTy0tJxI_000116_000126;test;A young girl reaches into a laundry basket, retrieves a piece of clothing and places it in an open washing machine.;;;;
731091073460;rj1drR2Gxks_000007_000017;test;A little boy is fishing out of a boat and reels the fishing pole up with no fish.;;;;
951266346839;rjHCBP--jMo_000195_000205;test;A hockey player is sitting on bleachers on the side of the court and other hockey players are sking around the rink.;;;;
571586260816;rm8ir9fmwPs_000089_000099;test;A women opens an old book with blank pages and holds it up with both hands.;;;;
243737522432;rm_sxXQ4LEw_000009_000019;test;Two women play a hand clapping game while counting to a rhythm.;;;;
669778222875;roPDuB00CsM_000005_000015;test;A girl twirls fire sticks and dances to music at night.;;;;
902934400393;rpaTvmTPC0M_000002_000012;test;A kid is trying to do a back flip on a stone, but fails to land correctly and dives face first into the stone.;;;;
516071313368;rpqKHNZd2u4_000004_000014;test;The girl did several front flips and then landed on the mat.;;;;
398932630517;rqgJzs2gctA_000005_000015;test;A little girl applies lip stick to her lips while singing a song.;;;;
689940420105;rtOYBvQJhl4_000015_000025;test;Two woman are in a building and one of them is placing a piece of cloth on the other's shoulder.;;;;
715047440706;ruCj9eJfCc8_000085_000095;test;A man in a wheelchair performs wheelies for others on a quiet street.;;;;
77680254710;s1VemC8UQ9k_000090_000100;test;A woman is shown cracking her knuckles and speaking to the camera.;;;;
330037994552;s6uinCc6itc_000007_000017;test;A large group of individuals dance in a dusty field to heavy electronic music;;;;
445536753641;s8cxQ0a-KrE_000152_000162;test;A group of strung out teenage girls blame each other when a martian baby is birthed.;;;;
840066000251;sBJk5li0O5o_000003_000013;test;A team of young boys is practicing ice hockey.;;;;
121106578443;sC-ecZhBWgU_000000_000010;test;A kid running outside and jumping on a blow up toy;;;;
766063767708;sEkdz-0TxiM_000045_000055;test;a girl sitting down and playing a string musical instrument by herself;;;;
322918233973;sEw4ZBSbTzQ_000000_000010;test;"A girl said I hate discount then the video title show up stating, ""why people shop offline.""";;;;
767632250421;sFBmopep6NQ_000110_000120;test;A man demonstrates how to attache a seat to a bike.;;;;
572783804309;sFWnb5LJEbw_000000_000010;test;Two little girls, performing a dance routine in front of a bar.;;;;
382835566361;sFrRHqQ9AIw_000022_000032;test;A man with a bunch of money is counting one dollar bills;;;;
138868697851;sJWMp5R0M6A_000001_000011;test;A person is snowboarding down a steep snowy slope.;;;;
449597469546;sKUrb7gV9XE_000003_000013;test;A man loads his paint roller then paints a wall from top to bottom with it.;;;;
766847316571;sKgJFd0bMgg_000033_000043;test;Some people are putting on a puppet show by hiding behind a sheet and sticking their hands with puppets under the sheet.;;;;
143328721205;sLRwdRnwCWs_000051_000061;test;A little girl demonstrates a drawing on her paper before revealing it to the camera.;;;;
709192694073;sN11Lu6D6uc_000334_000344;test;Multiple men get their legs waxed at an event together.;;;;
18587761820;sNs8kKU5Ef4_000003_000013;test;a woman is stuffing letters in a series of mailboxes at a post office.;;;;
988052349737;sOoKeSF4Dxg_000098_000108;test;A male is holding mobile phone and talking about software.;;;;
19119084364;sOstj6Fd0YE_000003_000013;test;A baby is sipping a liquid out of a pink cup and holding it very close.;;;;
998995843869;sSX1KaKyrag_000007_000017;test;A guy uses a water bottle to suck up a yoke from a cracked egg and move it to another plate.;;;;
81048652637;sWBgxj_eN4s_000004_000014;test;A woman is being filmed inside of a factory as she sews a large blue fabric.;;;;
884063332629;sWEjy_ksmkE_000169_000179;test;two person one standing on head and the other doing a cock wheel.;;;;
393847506990;saXahlRV7s4_000022_000032;test;A baby drinks juice from a sippy cup and smiles while a person hold the bottom of the cup them pokes his belly.;;;;
847919980656;sccpaEgw6c8_000002_000012;test;A YOUNG CHILD IS DRINKING A BEVERAGE FROM A CUP IN A HOUSE.;;;;
33681253021;sf2PPeXQrUA_000000_000010;test;A boy kicks a soccer ball across a field and a girl runs after it.;;;;
428384469585;sh3K9P5UXL8_000006_000016;test;A kid with a flat top hopes that you will like his song on the flute.;;;;
994907539250;shktJpYmOOk_000011_000021;test;A brother hugged his sick brother while he was in a chair.;;;;
819512256825;sldlahvl3Tc_000008_000018;test;A man is demonstrating how to secure wire to a hook.;;;;
993165122868;sovJ_-BsO6s_000018_000028;test;A person with a green shirt picks a lock with a file.;;;;
130319574555;sp-JuMB3Qs0_000026_000036;test;A young child in a shopping cart is wheeled through a shopping area;;;;
418246856331;sqOojwuFaFU_000002_000012;test;A young man punching a boxing tool at the end the punching bag hits him in the face;;;;
922588471541;svVhMowxtT0_000000_000010;test;A large group of people in an auditorium, including several small children, applaud.;;;;
733791195384;swDObGd9wd4_000025_000035;test;A lot of people are enjoying the weather as they are paddling their way into the waters.;;;;
952338123059;swTrjCn5iPg_000000_000010;test;A girl lit a match and was surprised when it lit, and then placed it in a center bowl.;;;;
32423988286;sy9T57J6qEg_000002_000012;test;A small child has a toy dog on a leash and is walking it around the room.;;;;
416968116915;syI2EiICWOM_000001_000011;test;A cook in a cat costume cooks breakfast while jamming to music.;;;;
956967349689;syqGFVCbDWQ_000003_000013;test;A man demonstrates something using a woman who is laying on the ground.;;;;
729913853172;t-COcCPV-T4_000020_000030;test;A gir lis trying to stitching up the black and white knitting kit with a knitting needle;;;;
472678810361;t-YDm1WRdEY_000143_000153;test;A young woman is in a field playing a hockey type game;;;;
626562470550;t0DGQ3QZObo_000000_000010;test;Two boys jump on a trampoline together and one of them kicks the other.;;;;
660043681931;t61eKij6cNo_000019_000029;test;A man saws a rabbit ice sculpture using a saw while people watch.;;;;
275746486684;t7Fr1oO3Z0g_000019_000029;test;A person rides on a horse in a sandy pit under a roof.;;;;
880210468935;t8C7jWkyaWg_000094_000104;test;A large crowd of people raise their hands in a church worship service .;;;;
110509019845;t9sQHL2ypHs_000097_000107;test;A woman sits at a table as she eats a big helping of meat.;;;;
542464900984;tAffztlKpiI_000035_000045;test;A man shovels his snow covered drive way whilie chatting with a woman.;;;;
150226357745;tAn1JD4xFbc_000007_000017;test;A group of people are watching a female body builder lift some weights.;;;;
913327528944;tCCzoeyYHbY_000007_000017;test;A man is having a fun time playing an accordion and he turns around to pick up a wine glass and sips some wine.;;;;
835731710698;tDmfTtpDF6Q_000333_000343;test;A group of glass makers use specialized tools to form something out of molten glass.;;;;
122983183700;tEhoqyS5vVc_000234_000244;test;A man opens the scarf and shows the tag on the camera while speaking;;;;
27617804975;tEosgxP3KSI_000385_000395;test;A person is rotating several sides of a rubix cube.;;;;
964748793424;tFtVI4BP_Jg_000000_000010;test;Someone grabs a door handle and opens the door to a bathroom.;;;;
256945808369;tGiBJQ5RhZQ_000077_000087;test;A man is standing and using clippers to trim a bush.;;;;
98981305911;tIcwx3MH_kw_000017_000027;test;A woman describes how to set up a needle and thread for an electric sewing machine.;;;;
171341916363;tJiI2a5UpjQ_000202_000212;test;a kid riding a skateboard while a group of people are watching and music plays.;;;;
14191095868;tNaFZgjsnck_000046_000056;test;A car is on its side, a person is looking at it, another car, and a motor on blocks.;;;;
925705634804;tOgVE8ModME_000003_000013;test;A person sketches and then begins painting a vase of flowers.;;;;
531745979975;tPL_uVgo9so_000137_000147;test;a person holding two different shaped rocks in each of their hands;;;;
632126379893;tPvetT4bMy4_000015_000025;test;A group of people are playing music in a marching band while another people dance.;;;;
385905958158;tRDLInPlu50_000071_000081;test;A woman who uses a wheel chair discusses and demonstrates how she gets out of her minivan.;;;;
833858142572;tSFY2jfmdt8_000028_000038;test;A guy in a black shirt is sitting in a chair and playing an electric guitar.;;;;
154075481284;tSQqcJqGplA_000011_000021;test;People are setting a dinner table for a  formal dinner party.;;;;
627900957698;tSvENDgYfKk_000038_000048;test;A baby is laying in her bed sleeping very comfortable.;;;;
861982734478;tV8xpJII1LM_000086_000096;test;A toddler girl dressed in a green and top and white shorts excitedly meets a baby goat.;;;;
627332580250;tXBjXHtckDY_000032_000042;test;A family enjoy a lazy day in the living room at home.;;;;
519695498009;tXjOdvOPSc4_000005_000015;test;a couple of little girls riding their bicycles on the side walk and street around homes;;;;
494239559837;tXw9yni-OQo_000045_000055;test;A  young woman is stepping into a bucket filled with soap and water while talking in a foreign language.;;;;
271977794234;tXzVfxlx6yU_000019_000029;test;Green bubbles float upwards as a diver films himself underwater in deep green water.;;;;
60785109111;t_E8gEnLtdY_000079_000089;test;A man explaining to a woman how to harvest the meat out of her oyster with a knife.;;;;
522684659537;tbel0sZp5f0_000000_000010;test;The athlete speeds down past the spectators who cheer enthusiastically as they watch.;;;;
878711000692;td7ZHHY8eKw_000074_000084;test;A man and a woman perform for spectators by doing acrobatic routines while music plays in the background.;;;;
795508017750;tdHELvi9z7U_000006_000016;test;Two hands are doing things with a tool to an image of a frog.;;;;
756178618764;tec79sCOXyA_000012_000022;test;Meat is being placed into a meat grinder and ground out into a bowl.;;;;
273127757929;tfoXXE5Y6HA_000092_000102;test;Two men show off their powerful drill, drilling into wood and sticking a wood doweling rod into that hole.;;;;
133200329273;thn033gNKOA_000021_000031;test;A underwater view of woman swimmer in a pool swimming slow.;;;;
948204660462;tqyE7113p3w_000094_000104;test;A person cooks scrambled eggs in a pan while a person comments they like scrambled eggs.;;;;
702730410393;trnWFfUiVpY_000003_000013;test;a man in a green hat is guiding a couple across the street;;;;
129656236258;tuNL5SzUJQ8_000015_000025;test;Two gentlemen are standing together as one is talking while three are sitting in a separate area as one talks into a microphone.;;;;
784272256062;tv5sUDmBmqU_000023_000033;test;A small boy doing rock climbing while attached to a rope.;;;;
435187139738;tvkZCFum4lw_000008_000018;test;A man is sitting at a computer playing the air drums to music.;;;;
663937869066;tvl_Jr4ai3M_000193_000203;test;A man is crawling around in a cave while music is playing in the background.;;;;
976777293200;tx4wUC8oRJ0_000000_000010;test;A woman takes a contact from her hand and begins to put it in her eye.;;;;
718141517159;u2hqoZGgWow_000000_000010;test;A young man concentrates heavily as he shakily lifts weights.;;;;
970087803000;u40B4vhkPF0_000081_000091;test;A man is grinding meat in a meat grinder in a kitchen.;;;;
741463879573;u4FnCFS_sxY_000000_000010;test;A guy doing the moon walk on the side of the street while talking on his cell phone.;;;;
503856870698;u4_AHcoJWX8_000003_000013;test;A college graduate is getting their feet washed by a man.;;;;
424868898144;u4sITQgf03I_000009_000019;test;A woman is using a pair of nail clippers to cut her nails.;;;;
387089018650;u5SW9SFXBTQ_000032_000042;test;A man begins to tie a piece of material on a fish hook.;;;;
648631985674;u6t9rLMnVAk_000000_000010;test;Several players are running across the field playing ball using something similar to a cricket bat.;;;;
100072105264;u88lccgIpW8_000197_000207;test;Two men are in a room doing darts on a wall while one of them films it.;;;;
32342513171;u94z2C0J5Fo_000000_000010;test;a person works on a snowman as they are outside in the snow;;;;
909887694656;uAwY_6l7680_000000_000010;test;People burst water balloons with a knife multiple times and water falls.;;;;
932807106632;uE2aLF8xoXQ_000020_000030;test;A person shows the process of baking a tall chocolate cake.;;;;
817283573890;uGBeU98HV0Y_000156_000166;test;Hands constructing furry material onto a fishing hook attached to an instrument.;;;;
145538562986;uK854yI0J10_000026_000036;test;A group of people play beer pong and one throws the ball and misses the cup.;;;;
289671848138;uLzU42YMPLw_000005_000015;test;A baby is being fed baby food from a spoon, and then makes a face.;;;;
328356799273;uNLTuNK8skM_000054_000064;test;A man sitting in the snow at a campfire pushed food onto a stick and places the stick onto the fire to cook.;;;;
31156279303;uQRBFQp_i_U_000143_000153;test;A man demonstrates the use of workout equipment by doing boxing moves.;;;;
369752293282;uQk0V2_KliQ_000815_000825;test;A group of people are playing instruments, led by a conductor, on stage.;;;;
141018338214;uSf-fq6V5do_000001_000011;test;A man is surrounded by tons of birds while eating lunch.;;;;
964975456399;uX7jnVlWd0s_000026_000036;test;A on his knees man is working outside with a hammer.;;;;
869548648397;ucI2PxYGTmI_000000_000010;test;Different people pay for the gas at a gas station and pump gas into their car.;;;;
325912319076;udEsPNoiJR4_000012_000022;test;A man kicks a punching bag then falls and lands on his butt;;;;
966222143066;ueNk8_69WOE_000002_000012;test;a man is vigorously punching a boxing bag with his left and right hands.;;;;
831988036427;uhziJEu3Xmo_000026_000036;test;White thick liquid is poured over new looking tiles then it's moved around using a scraping tool.;;;;
339337298047;unwOqsfFAL8_000001_000011;test;Several people use sticks to push around a large disc on the ice.;;;;
237944969237;unyHZjX-Vq0_000032_000042;test;Someone putting ground meat into a meat grinder as it pours out the bottom.;;;;
808890900023;uoOEgOBo7Uw_000123_000133;test;A man is holding a baby in a swimming pool, holds the baby aloft, then drops the baby into the water.;;;;
148323450598;upQxczVmRRI_000042_000052;test;A person demonstrates how to use a phone as a remote on a computer monitor.;;;;
112030408077;uqibGSe0vNw_000051_000061;test;A man tries to break up a traffic jam on a city street.;;;;
821469307987;us_pXO_vwPc_000031_000041;test;a man hits a yellow ball at a kid and he hits it back;;;;
980922923419;uxPQEfYNFPk_000014_000024;test;a trash truck is putting down a trash can and moving up the street.;;;;
587146103487;uxVzNNdqJxc_000237_000247;test;A man explains how to install an inner tube into a bicycle tire.;;;;
292724672103;uxl6HFwuWEo_000358_000368;test;A woman is putting something together with the help of a clamp;;;;
832563573165;v-58SbMsKSM_000003_000013;test;A man in a gym is doing some sit up exercises and there is music in the background.;;;;
703287969849;v-TJuL61DbI_000056_000066;test;A woman irons a red shirt on an ironing board.;;;;
33822681905;v1Dtdc56Xz0_000012_000022;test;A man is having fun by mono skiing while making some sounds.;;;;
762407857187;v1onbz5rSDo_000000_000010;test;A man with two children is skipping a rock on a lake in slow motion.;;;;
145458554626;v3pXLPIjufk_000000_000010;test;The little man is showing mom some swimming exhibitions in the pool.;;;;
706829105300;v6T3vdM675A_000023_000033;test;A man is kneeling beside a wall and preparing the surface to be painted.;;;;
282052386353;v7yobVKtMi4_000052_000062;test;A woman is lying on her back on her mat doing pilates.;;;;
647247091302;v8P7a6ukH74_000088_000098;test;People listening to a man at an orchestra playing the chello;;;;
722773858670;vALzTXrF5xk_000022_000032;test;A boy dips carrots into hot sauce while setting in a lunch room.;;;;
228296867946;vAYnEXOn3_Y_000009_000019;test;Small boys and girls are learning how to drop kick from karate instructors.;;;;
158412765594;vF-nfOxhiCQ_000051_000061;test;A baby is brushing a woman's long hair and playing with it.;;;;
48269984879;vGRkF47_b-8_000164_000174;test;A child builds a rooster toy then put it on a green panel.;;;;
121054462573;vI8Vp2-gfiU_000014_000024;test;On a snow covered field, two boys are jumping and playing while music is playing.;;;;
594036587571;vPSgYqH37II_000937_000947;test;A woman is having her eyebrow drawn or tattooed by another person.;;;;
406793822903;vTSO26j_g3E_000006_000016;test;A man and a baby sled down a snow covered hill in the winter.;;;;
539662103826;vX9Jrww5LoU_000004_000014;test;5 firefighters holding onto a water hose battling a fire.;;;;
605432734901;vYUfJD176IU_000122_000132;test;A boy is doing a skilled dance and a  girl from the circle  joins whlie they use acrobatics as well.;;;;
170798643066;vbEoygIvPEU_000086_000096;test;A man is talking while filming two boats together in a harbor.;;;;
467939923295;vbJ2Z0ahHuM_000002_000012;test;A woman is helping a baby peel an apple with a machine.;;;;
751821889826;vbQ2x8_9giw_000095_000105;test;a person remote controlling a small robotic vehicle in a small track;;;;
576324645457;vcX_JOjjHGE_000003_000013;test;Two ballet dancers are doing turns in unison on point.;;;;
298810851688;vcsdCDEG3QE_000047_000057;test;Two women in tight mini-dresses hold microphones on a stage next to a band of men dressed in black, then they hand the microphones to the men and walk away while shouting.;;;;
735073343326;vdYCpIqykjA_000016_000026;test;Voices are heard conversing while a little kid lies on the floor on her stomach.;;;;
389819702221;vgia9zM-Tao_000033_000043;test;A woman is standing in the kitchen coring an apple with a knife.;;;;
317066928332;vgrr-N5x7kE_000035_000045;test;A man opens the fridge, and starts to take out various items.;;;;
600924729702;vhcliqlNBDw_000001_000011;test;A woman is riding a mechanical bull in a dark room with other people present.;;;;
639001038254;vhoawk6MPwM_000442_000452;test;A person holds a package of fish bait and talks about it, then puts it down and picks another bag out of a box.;;;;
16781888144;vj7eeYGfozs_000112_000122;test;A woman speaks giddily and then two wrestlers wrestle in a ring while a voiceover speaks.;;;;
675271322199;vk506HLk254_000000_000010;test;Several young children are playing laser tag in a dark room.;;;;
575352541508;vl6gzgbU21A_000089_000099;test;A young boy places his hands on his head and twists his neck.;;;;
964458528027;vl8Rfoga2ig_000019_000029;test;A group of performers beat on their drums on stage.;;;;
760076928420;vnSld6eV0M4_000000_000010;test;A large crowd of people watch as bobsledders speed past along a iced track.;;;;
399766150461;vqORGZC70AM_000050_000060;test;A person is standing in snow and he is trying to wear the skating rod in one of his leg;;;;
59473069956;vsM_Z7GJZwo_000000_000010;test;Three people are parasailing and the boat operator dips them in the open water.;;;;
304679715527;vuPuOn_Dkm0_000124_000134;test;A person performs a puppet show behind a hanging bed sheet.;;;;
377336189795;vuZswwfGT4I_000166_000176;test;A man is gracefully, twirling around and dancing to music, similar to a figure skater.;;;;
783491467611;vv1cVGVcelc_000007_000017;test;A little boy is sitting on a small tractor and an adult is asking him if he likes driving it.;;;;
711780969625;vv8LAxmG-2M_000032_000042;test;A man swallows a sword before removing it and letting out a deep breath.;;;;
940902705650;vxO5IDDewOE_000043_000053;test;Three kids playing in snow with one standing away, and of the two standing together, one of them is pushed by the other.;;;;
938379060037;vzQDG-vnzFs_000006_000016;test;A person is displaying a stopping technique while skating on roller skates.;;;;
187479254904;w0axq1_jyCs_000008_000018;test;A trapese artist swings across a rope then falls onto a large net;;;;
667596765042;w4KU248Q-J8_000000_000010;test;A large group of people outside observing someone perform a long jump;;;;
766441077490;w4zEea_xufs_000605_000615;test;A woman is taking blocks of cheese out of a waterbath and explaining the texture of them.;;;;
746762869074;w7ZRJ7JNJrQ_000009_000019;test;A man dunks a series of basketballs of the court.;;;;
633030826712;w7j-Dh9Gt9I_000078_000088;test;A young girl rides a camel led by a handler through a park area;;;;
293256150555;w8-DVGaU1Cg_000005_000015;test;A young man drinking beer then he vomits into his cup and takes another drink.;;;;
892355619601;w9sELish_Pw_000233_000243;test;People putting on a presentation with sea animlas asks the audience to make a hand signal.;;;;
751843401877;wAVx8xJAJxc_000007_000017;test;It is dark and the person is using their thumb to crack the joints by their fingers.;;;;
966708035268;wDV6b2lclRs_000002_000012;test;A young boy runs across a street and someone throws him a ball to catch, but he drops it.;;;;
787553243736;wFuL-cskQn4_000020_000030;test;A swimmer is performing the breaststroke in a swimming pool.;;;;
658425828209;wG1wBA9lyJE_000004_000014;test;A kid walks a lawnmower from the grass over to the driveway.;;;;
328916280269;wG8u7evqvhM_000014_000024;test;A man is driving down a busy street and using obscenities directed toward other drivers and people walking.;;;;
297477281016;wGqP29RH2uM_000024_000034;test;A kid playing darts is pulling darts from the dart board.;;;;
845456303767;wGvAohqmeeY_000072_000082;test;Two men sit and drum on several different buckets in the street.;;;;
746033082889;wH0GUySIQ_s_000004_000014;test;A kid with a large rash on his back laying on the floor while others look and laugh at him.;;;;
314217496989;wHQ5wF3oJoo_000057_000067;test;A girl starts at the other end of the track and runs as fast as she can, soaring over the pole vault but knocking the pole.;;;;
695699862467;wH_WyINKgnQ_000173_000183;test;A child rolls the dice on a monopoly board and moves 8 spaces.;;;;
220380357912;wHbw6koIJOg_000004_000014;test;Three young men are playing a game on a game board and talking, while others are looking on.;;;;
907660326785;wJmEmTnSB7o_000007_000017;test;Many onlookers cheer as a break dancer spins on their head outside while music plays.;;;;
880174393880;wJpLAsFm-tA_000000_000010;test;A young boy in rock climbing gear falls to floor face down.;;;;
373251162483;wKhO5-BMphQ_000000_000010;test;A cook is preparing food by rapidly cutting a green vegetable on a cutting board.;;;;
88578042868;wN4GxQ2566M_000003_000013;test;A man is playing with and performing with fire in front of an audience.;;;;
660791489577;wObc9HsS3Ls_000038_000048;test;A woman narrates and demonstrates viewing a slide under a microscope.;;;;
917661606622;wPeWVPrOl8A_000004_000014;test;Two guys in an audio studio working on some project;;;;
825891561236;wPv6ODnrLAE_000044_000054;test;A woman is having her hair dyed while explaining to the viewers the procedure.;;;;
973344328983;wR3cCcmP0SQ_000028_000038;test;A little boy is trying to drink water out of a hose and is smiling.;;;;
852254292770;wU4rnS6efFU_000081_000091;test;someone trying to show what they found and it looks like coupons.;;;;
524938121636;wUVxf6GUTHM_000019_000029;test;A young boy wearing a helmet rides a hover board indoors and waves at the camera.;;;;
188919421922;wVBuByGUn7s_000007_000017;test;A woman is drawing some designs which represent different examples of handmade jewelry.;;;;
315112842811;wWSB0aPvXJs_000024_000034;test;A man explains how to groom a dog by clipping the dog's nails.;;;;
578781129158;wW_7C1oqbLY_000029_000039;test;A person wearing white gloves works on piercing a stuck out tongue.;;;;
580864068330;wXJShRNmthQ_000018_000028;test;A young boy in a restaurant on a mobile phone to someone.;;;;
782216870381;wYJqvbUc9mw_000136_000146;test;A troupe of dancers are performing a dance routine while music is playing and a man is talking.;;;;
982810292865;waQfLAbP2TQ_000000_000010;test;A baby is laughing and crawling across a rug and standing.;;;;
145354103691;waacQBcGgVA_000026_000036;test;A group of people wearing headlamps wade through chest deep water in a stone tunnel.;;;;
199227612183;wbqtzX2Mmc4_000033_000043;test;A man is explaining an archaeological dig in a backyard.;;;;
912263943413;wfU8bVCvwus_000046_000056;test;A bartender does special tricks with his drinks and bottles.;;;;
97592750389;wfiRh2iBytg_000002_000012;test;a man using rocks and hitting each other with it to try to carve a sharper knife;;;;
267754538139;wgi2kzp1js8_000074_000084;test;A man is crouching down and putting air in his tyre.;;;;
47102107833;whax73x_rh4_000001_000011;test;A man and a young child is eating ice cream from a bowl.;;;;
667429975162;wiiYn1F6zC8_000065_000075;test;An office worker is going crazy beating and kicking a copy machine, while his co-workers stand up staring at him.;;;;
869720116795;wlzYPs8evA0_000000_000010;test;A toddler leans on an easy chair and slips its bare feet into children's sized shoes.;;;;
626192375093;wmZNWHT1Zqc_000013_000023;test;A young man listens to headphones and then breaks out clapping.;;;;
512960707680;wnQOc9Q5oC0_000002_000012;test;A young child sits on a toy tractor while a young boy drags it over some gravel.;;;;
234702076146;wnfbsZt7vRs_000009_000019;test;A gilr runs to the field and performs somersaults as a voice speaks in the background of the camera.;;;;
605365089413;wnroP2aJ7UM_000053_000063;test;A woman and a man are dancing salsa while someone is talking in the background.;;;;
853173947442;wo36qZoOOLU_000002_000012;test;a person takes the top off of a blue teapot and then touches another item;;;;
390159619785;wr6g0JdgqME_000095_000105;test;A man is covering a stone in the dirt using a small broom.;;;;
248363556816;wtzbe9PwDV4_000003_000013;test;A man in a karate outfit twirls around two red balls on his hands.;;;;
309444344232;wvHfex3XkB0_000049_000059;test;A person held the hand on a young kid while it rubbed the back of a goat;;;;
687484849750;wvho1p1E_nc_000010_000020;test;Women are in a kitchen and they are cooking with eggs.;;;;
142968844246;wvknnnicsJI_000069_000079;test;Man falls down from the sky while wearing a parachute.;;;;
66760648826;wvllHjzJn60_000004_000014;test;A man in a nice suit drinking his last beer falls to the ground as his friends try to help him up.;;;;
784167831484;ww-qxWwnN1Y_000011_000021;test;A woman is rotating to gather force for a hammer throw.;;;;
7033524046;wyhtidvCfwI_000012_000022;test;A man in a black cap and sunglasses is grabbing the jaw of a young man.;;;;
386173075143;x-uWz2-2WkI_000056_000066;test;A boy makes funny vocal noises into a handheld device while a cat next to him stares out a window.;;;;
95631207568;x0J0c8qcL1A_000000_000010;test;A young boy is practicing playing the trombone in his room.;;;;
64074267854;x2fEWmcJXjg_000008_000018;test;A baby holds a piece of wrapping paper as a present is being unwrapped.;;;;
783425694958;x32aT1LN_AM_000255_000265;test;A worker calmly operates heavy machinery in a loud room.;;;;
709993026894;x5jhu1V9Bb0_000018_000028;test;a man dances around in a train in front of some people;;;;
6725120569;x6IAyph6dMc_000032_000042;test;Four young men are playing a game that involves putting their hands together and being propelled across a room.;;;;
332076662954;x6T517yfG54_000038_000048;test;A female is interacting with a young male child while the time is being documented on video tape.;;;;
78860164445;x6wRCc5J5eY_000066_000076;test;Several people are working in a metal yard loading and unloading strips of metal.;;;;
261034170285;x70eTBUA1a0_000014_000024;test;A girl is playing hop scotch with another girl.;;;;
93966031381;x7EIJEzNGlQ_000004_000014;test;A female news anchor is doing a broadcast while two scenes of the town are shown.;;;;
761280708903;xAncVGMs9Mo_000428_000438;test;a person is doing ski in the mountain while having a camera on his head;;;;
693312284593;xBk-SYt817U_000000_000010;test;A person riding a skateboard zooms down a hill and around a corner.;;;;
93368078359;xEpGKAotkEE_000002_000012;test;A young man bends his elbow in a way he touches the end of it with his tongue.;;;;
698254404748;xEzld2jxP88_000100_000110;test;A person uses a heated pen to burn a design into a piece of wood.;;;;
736523277653;xFO0lEzQkQI_000036_000046;test;A man is using flour and making dough and a little kid is helping him;;;;
814709185821;xH_-PcTPGes_000034_000044;test;Man riding a yellow tractor to mow grass in a U shaped pattern.;;;;
896712706211;xNThuz-cw74_000002_000012;test;Two girls race and one runs into a small sapling and falls, and the second runs back jumps on the tree and bends it to the ground, then slips off.;;;;
281733210138;xO81JlPwed0_000100_000110;test;A person shows how to take a drain plug off of a car to change the oil.;;;;
183505648877;xPAhqvmiaWI_000100_000110;test;A man playing a guitar in a park holding other musical instruments;;;;
957208219545;xQCi12r6Lfg_000003_000013;test;A young man is competing in a hammer throw event in a track and field competition.;;;;
925705544250;xTDFrrMNrVk_000034_000044;test;A young woman inks the edges of countries on a map in fast motion.;;;;
717819035448;xUK01b0W4_I_000013_000023;test;A family is playing in the snow, making snowballs and throwing at each other.;;;;
728396994472;xaddtCnpkTI_000001_000011;test;A person outside riding a bike up a ramp and landing successfully.;;;;
513380948206;xanjeblTOyc_000013_000023;test;Community members participate in a free skate at the local rink.;;;;
36966652977;xc17jJnxGk0_000012_000022;test;A young child is sitting alone and playing with a book.;;;;
982281513033;xeZr-gqjBYY_000072_000082;test;A man sits in a chair and raises a sunbrella above him and a woman walks across a street and others stand at corner talking.;;;;
114725447709;xeoH1CgrGNo_000000_000010;test;A man places a log on a chopping block and uses an axe to try and split the log.;;;;
319537326361;xgeJ9BS46J4_000069_000079;test;Packages of paper are being wrapped in paper plastic and stacked on top of each other.;;;;
69346258874;xgriAnf645o_000072_000082;test;A man plays a pipe instrument and while sitting on a speaker.;;;;
94877248594;xjVN4_zxUB0_000112_000122;test;A little boy plays with a grouping of toys on a tile floor.;;;;
248925567726;xlBGQ8ytN2U_000010_000020;test;Two men are seated at a table, one is speaking french and dealing cards to the other.;;;;
191805366431;xn3RnUcBKAQ_000009_000019;test;A small girl, in a large flowered shirt,  is toe walking around a room.;;;;
243083313356;xnyOA58A07Q_000127_000137;test;A person in blue pants uses a rope to repell down a rocky ridge.;;;;
588200753528;xouUUwdORkQ_000213_000223;test;A young man and women are performing a ballet dance on stage.;;;;
876283435853;xr4wTn-GDT8_000085_000095;test;A young man with a beard and red shirt is sitting at a table of a public event as two other gentlemen are preparing a bucket of paint who are standing next to him and his table.;;;;
18216028778;xrOdt9rrdcM_000003_000013;test;A group of men work to lay and smooth out a cement foundation.;;;;
991811214719;xrWfU7q3eXM_000010_000020;test;"A small group of children are listening to awesome music; two of them vacuuming for some reason.";;;;
514132617078;xwKuZ811HRw_000558_000568;test;A soccer match with rapid commentary of a shot that was saved by the goalie.;;;;
182065275886;xwQmw_alBbU_000002_000012;test;A child climbs up a big blow up slide while other kids cheer and giggle.;;;;
402745949215;xxqkCP1oTis_000223_000233;test;Two men crouch behind inflatable barriers while shooting paint-balls at each other.;;;;
618822977384;xzUBy5TAo6c_000063_000073;test;A young boy doing tricks with a fidget spinning devise.;;;;
233652317831;y1we1RI5qmg_000000_000010;test;Two men take turns using sledgehammers to flatten a piece of metal held by a man on an anvil.;;;;
804691743486;y2DO3TMyLsE_000022_000032;test;A woman is riding a fake bull that's moving around on a padded area.;;;;
676833640284;y3BFU2DGiKg_000017_000027;test;Someone is using some sort of device on a wood floor to clean it.;;;;
9948714569;y5lr2k8kaiA_000053_000063;test;A person is coating chicken drumsticks in a bin of flour.;;;;
192150750902;y5xuvHpDPZQ_000005_000015;test;A soccer team walking off the field while the audience claps.;;;;
439117549666;y5y1k6eJXyA_000021_000031;test;Hands control pinball machine by pulling levers as metal ball moves at different angles across game.;;;;
520730681244;y7ZyI7aXTGs_000009_000019;test;Two young girls wearing pajamas playing hand clapping games while chanting;;;;
375972770831;y7hn2Ya16ug_000178_000188;test;A girl cuts off the top of an apple and slices it in half.;;;;
346697024724;y9sW-lXZKEo_000011_000021;test;a little baby sits in a high chair with a big cake in front of him;;;;
456091931324;yB8j94x9BYg_000000_000010;test;Carpeted stairs are shown and a cleaning machine moving over them noticeably cleans them.;;;;
230662150042;yCMBMuxp7hE_000063_000073;test;A lady is doing a performance of sucking on a lollipop;;;;
625573776169;yCt9X4RGgrA_000091_000101;test;A may lying on a mat was holding her thigh interchangeably;;;;
755084503376;yDa27vSKGYY_000036_000046;test;A man is showing off his trumpet playing skills to his viewers.;;;;
489379822688;yDjvtHR_VT0_000015_000025;test;A person lift weights with a spotter to help and a person claps for him.;;;;
741779490633;yETT9oq85hE_000064_000074;test;Two people are sitting down with a game of scrabble out and talking.;;;;
379006993102;yF34Pg30MiI_000308_000318;test;a person pours some salt into a pan that is near them;;;;
270529175646;yIB5yT49FvY_000008_000018;test;A boy moonwalks across the floor to the tunes of Michael Jackson.;;;;
594549282900;yIus7dY2BKU_000094_000104;test;A guy stands on a ladder against a tree as he cuts a branch hanging on a wire.;;;;
98824890795;yJW-DDaMZ-M_000024_000034;test;A person plays a ukulele at a table before a group of people;;;;
420434378171;yQx7iqHu4sI_000529_000539;test;People arise from kneeling in a church in front of other seated people.;;;;
556161359290;yUvBOFF9OPw_000000_000010;test;A girl is lying on a deck of cards and she picks up the deck.;;;;
935290235292;yWq6wh7QAEY_000004_000014;test;A man is  buffing a piece of metal so that will have a shine on its surface.;;;;
83671415191;yXJissThYQM_000070_000080;test;A man and woman is at the beach playing in the water waves.;;;;
834232516661;yZKv7yxmUVU_000206_000216;test;A man removes meats from a grill over a fire while bogans swear and grunt.;;;;
160042832903;yeG8vIrsBzw_000016_000026;test;A man outside on a road riding real fast down the road ona bike;;;;
456443208213;yfKm2hz9psg_000000_000010;test;A group of girl wave at and touch a man as he goes up an escalator.;;;;
164741729748;yhZCJEr4x1w_000050_000060;test;A person skiing down a mountain in a ski competition;;;;
776477868937;yimS7fmRQU8_000002_000012;test;A young boy is seen throwing out a javelin and then walking away.;;;;
662145283017;ylPPRGh9yiY_000012_000022;test;A man is skiing on a gentle slope outside on a beautiful sunny day.;;;;
965657928490;ym1Eu_YVj4s_000036_000046;test;a person that is outside playing the guitar in front of others;;;;
276533956030;ym2ehgmrqlg_000000_000010;test;Footage of a man in a basement doing front and back leg lunges.;;;;
457171946821;ymjpBYQkadk_000012_000022;test;Man and woman are getting ready to play rock, paper, scissors.;;;;
380775159571;ysIr-YTnCN8_000198_000208;test;A group of men are shearing sheep and putting the wool in a container.;;;;
698700758463;ysXgEIDm3nY_000045_000055;test;A man pours out blue paint and then proceeds to roll it with a paint brush.;;;;
176255932142;yszYp04CCwE_000012_000022;test;A boy and a girl make various funny faces while standing in line.;;;;
691645409150;yujJLRHVm-A_000005_000015;test;Several people lay on floaties and slide down a water slide into the pool below.;;;;
96013972655;z0Mf7ExD0Qc_000123_000133;test;A guy is practicing his card throwing skills by throwing them at the wall.;;;;
984505175720;z1-0SoyEDuw_000011_000021;test;A group of people crowd around a table as a man and woman play beer pong.;;;;
624890586500;z1DcfYXY8J0_000134_000144;test;A man rides a unicycle and uses the rock wall for balance.;;;;
805612999500;z5LygSAvodg_000064_000074;test;A girl is inside of her bedroom making her bed.;;;;
382903680663;z6-pJGerlv4_000072_000082;test;The baby had frosting on her face as she ate from her plate.;;;;
723995595366;z6NziPRbdNU_000322_000332;test;A bowl out of a sink of dirty dishes is being washed, a dirty coffee cup is seen and then the bowl being washed.;;;;
543604905328;z80wikaqluw_000051_000061;test;A hand with mallet hits a hanging gong several times;;;;
274545698859;z9s8IrLfcFE_000017_000027;test;A man and a boy express happiness as they ride a sleigh down a hill.;;;;
278479318994;zFSdiCg9Rjs_000079_000089;test;A baby tries to turn a straw cup upwards to drink and an adult pushes the cup back down, the baby sucks on the straw and gets a drink.;;;;
727724393989;zMvk0JxkoL4_000019_000029;test;Two girls are wrestling and laughing on the bed while another watches from across the room.;;;;
36970817598;zVdzvzhIucg_000020_000030;test;a road worker is using a spray cannon to wash away a yellow painted line;;;;
112544727054;zWCG4KqbeaU_000000_000010;test;A man appears to be sifting through rocks and water inside of a creek.;;;;
446444442837;z_Da-xvfkfk_000136_000146;test;A baby is being filmed making facial expressions.;;;;
837147401552;z_a9HummO8M_000058_000068;test;In snow, a man is kneeling, holding a mic and speaking and a woman is floating in a pool of water then walks up stairs to get out.;;;;
871068497546;zbZXK4Xiv4M_000000_000010;test;The chef in a white chef coat rolls bread dough into long strips.;;;;
312233177408;zcqnH8LO1Dg_000016_000026;test;A man is explaining the rules of dominoes and showing how to do it.;;;;
612873660722;zg_P56oZJEc_000000_000010;test;A man is spinning a pig on a stick to roast it outdoors with others watching.;;;;
668325825737;ziRHCx9gvFk_000007_000017;test;Alot of people are walking about in the snow at what appears to be a type of event.;;;;
805364703152;ziyNnkqbuYA_000002_000012;test;A young boy is laying on the ground screaming and pitching a fit;;;;
403599021900;zmDrZGRmHXM_000018_000028;test;A whole team is doing a jump rope exercise for a competition.;;;;
965843333592;zpQvAHoUD-4_000165_000175;test;A person is using a spoon to break open a poached egg.;;;;
294910573751;zpl0Tut2ZpA_000162_000172;test;A person spills a liquid on a board where he places the edge of a knife.;;;;
430404292335;zr7y21HASOs_000021_000031;test;In a room two men use a punching bag like a seesaw between them;;;;
