desc_id;desc;fragment;video_file;start;end;relevant
2060009;Michael peers through the blinds while talking on the phone, pulling them apart with his hand.;s07e23_037;office_s07e23.mp4;312.96;323.38;no
9140003;Pam, in a brown coat, carrying a folded blanket under her arm, walks through the warehouse, then stops and screams in shock.;s09e14_067;office_s09e14.mp4;524.01;538.72;no
5170016;Two men in suits shake hands laughing in an office with blinds, while a man sits looking on.;s07e14_099;office_s07e14.mp4;871.58;877.34;no
1050025;Dwight drinks from the bottle with his mask on his face and spits.;s03e19_138;office_s03e19.mp4;1016.14;1022.94;no
6090022;Andy looks at Erin, who is talking to other people, with a disgusted, forced smile.;s08e04_083;office_s08e04.mp4;660.33;674.92;no
2100023;Michael in a Santa hat buys a lot of drinks at the store.;s02e10_028;office_s02e10.mp4;277.67;286.91;no
7140002;Ryan, in a light shirt and striped tie, stands by Kelly, in a yellow cardigan over a floral top, who touches his arm while he covers his eyes and scratches his head, stressed.;s08e04_060;office_s08e04.mp4;484.73;491.24;no
1020020;Michael tears up the yellow paper in front of people.;s02e06_050;office_s02e06.mp4;408.24;414.08;no
1050025;Dwight drinks from the bottle with his mask on his face and spits.;s09e02_092;office_s09e02.mp4;630.36;643.52;no
2100006;Dwight vacuums up needles under the Christmas tree.;s02e10_044;office_s02e10.mp4;389.89;400.11;no
2060007;Michael sitting with his legs crossed taps his finger against a black mug.;s03e19_054;office_s03e19.mp4;370.83;379.09;no
8240006;Creed poses for a photo with two elderly people beside him as a woman photographs them in front of a blue backdrop.;s08e24_076;office_s08e24.mp4;556.76;567.48;no
2060031;Dwight stands up from his chair, makes a traditional martial arts salute and bows forward.;s06e09_019;office_s06e09.mp4;107.32;111.94;no
1020006;A shot of Kevin sitting at the desk, writing something in a giant book with a big red pencil.;s06e05_022;office_s06e05.mp4;178.18;186.10;no
6050021;Ryan sits in a meeting, staring at the phone in his hand, while others sit around him watching something.;s03e05_181;office_s03e05.mp4;1191.57;1195.99;no
1020020;Michael tears up the yellow paper in front of people.;s03e05_093;office_s03e05.mp4;642.73;651.73;no
3050014;Stanley stands in a long line laughing joyfully.;s09e02_127;office_s09e02.mp4;893.85;900.52;no
1020028;A man puts champagne on a desk with a black nameplate on it.;s09e14_151;office_s09e14.mp4;1239.53;1252.88;no
1020018;Michael laughs while holding a yellow paper in his hand.;s08e24_122;office_s08e24.mp4;953.16;960.50;no
6050021;Ryan sits in a meeting, staring at the phone in his hand, while others sit around him watching something.;s02e06_162;office_s02e06.mp4;1248.75;1256.51;no
9020035;A young man leans over the reception desk, holding a Newsweek magazine with a brain-map illustration of a head on the cover.;s09e04_119;office_s09e04.mp4;811.31;814.48;no
2060003;Dwight talks on the phone at his desk in the bathroom while a man holding a candle walks past him.;s07e14_123;office_s07e14.mp4;1020.14;1031.32;no
1020020;Michael tears up the yellow paper in front of people.;s01e02_006;office_s01e02.mp4;112.40;115.45;no
7140002;Ryan, in a light shirt and striped tie, stands by Kelly, in a yellow cardigan over a floral top, who touches his arm while he covers his eyes and scratches his head, stressed.;s09e02_137;office_s09e02.mp4;958.00;963.00;no
9040016;Dwight angrily drops the keys with a yellow keychain onto Jim's.;s03e05_108;office_s03e05.mp4;748.54;753.21;no
1020020;Michael tears up the yellow paper in front of people.;s09e02_094;office_s09e02.mp4;647.23;653.24;no
3190009;A woman yawns widely on a couch beside a man with crutches.;s04e09_030;office_s04e09.mp4;275.40;286.45;no
9140029;A man standing behind Oscar, hands on his shoulders, pats his cheek in front of everyone at a gathering.;s03e05_084;office_s03e05.mp4;583.33;589.21;no
9040029;Erin sticks red tape on the wall where Toby pointed, tapping his fingers.;s09e14_076;office_s09e14.mp4;635.47;642.27;no
9140034;Dwight peeks through binoculars, as Pam ends the call and exits through a door behind the boxes.;s02e06_084;office_s02e06.mp4;663.87;673.30;no
5030018;Pam talks on the phone in a laundromat while a woman on the left sits on a washing machine folding clothes.;s03e05_160;office_s03e05.mp4;1062.94;1067.23;no
1020008;Angela sitting in front of a whiteboard eats a banana.;s03e05_095;office_s03e05.mp4;655.49;658.66;no
1050017;Jim ties his shoes while sitting in the armchair and talking to Pam.;s01e02_096;office_s01e02.mp4;880.71;884.09;no
3050022;Ryan walks through tall grass as a red car slows alongside.;s08e24_131;office_s08e24.mp4;1017.14;1020.39;no
5030018;Pam talks on the phone in a laundromat while a woman on the left sits on a washing machine folding clothes.;s02e10_026;office_s02e10.mp4;263.01;268.44;no
8040028;Kelly rubs her arms, cold, while Ryan drinks beside her at a table with wine bottles, at the outdoor party.;s08e04_091;office_s08e04.mp4;732.77;740.66;no
3190025;Ryan stands up and kisses Kelly on the nose.;s01e02_110;office_s01e02.mp4;1049.23;1062.35;no
5030032;An old photo showing a baby sitting on a red toy car outside.;s08e24_118;office_s08e24.mp4;924.63;932.60;no
2060030;Michael takes off his helmet and lunges at Dwight, hitting him with it.;s05e17_115;office_s05e17.mp4;988.82;996.62;no
1020018;Michael laughs while holding a yellow paper in his hand.;s04e09_059;office_s04e09.mp4;470.97;474.97;no
9040016;Dwight angrily drops the keys with a yellow keychain onto Jim's.;s03e05_110;office_s03e05.mp4;758.55;763.26;no
3050017;Dwight throws his arms up shouting excitedly outside a wooden barn.;s09e14_099;office_s09e14.mp4;800.05;807.93;no
9040016;Dwight angrily drops the keys with a yellow keychain onto Jim's.;s01e02_129;office_s01e02.mp4;1186.68;1195.65;no
1020006;A shot of Kevin sitting at the desk, writing something in a giant book with a big red pencil.;s08e04_051;office_s08e04.mp4;419.71;427.18;no
8240034;Dwight tries to kiss Angela, who pushes him away, then kisses him hard, as they sit together in a waiting room.;s03e19_092;office_s03e19.mp4;689.23;698.62;no
1020028;A man puts champagne on a desk with a black nameplate on it.;s02e06_023;office_s02e06.mp4;195.99;205.25;no
1020020;Michael tears up the yellow paper in front of people.;s01e05_130;office_s01e05.mp4;1138.10;1149.07;no
1050025;Dwight drinks from the bottle with his mask on his face and spits.;s01e02_010;office_s01e02.mp4;142.43;148.52;no
2060003;Dwight talks on the phone at his desk in the bathroom while a man holding a candle walks past him.;s06e05_065;office_s06e05.mp4;579.12;585.34;no
2100006;Dwight vacuums up needles under the Christmas tree.;s02e10_047;office_s02e10.mp4;416.04;423.30;no
2100019;Ryan holds up a pink floral name plate.;s09e02_035;office_s09e02.mp4;259.05;270.31;no
3050014;Stanley stands in a long line laughing joyfully.;s02e10_150;office_s02e10.mp4;1168.17;1174.51;no
2060032;Dwight applies white-out with a small brush to a business card.;s02e10_011;office_s02e10.mp4;127.51;139.12;no
1050001;Darryl walks straight through the warehouse with the cupboard.;s01e05_092;office_s01e05.mp4;810.64;816.15;no
6090022;Andy looks at Erin, who is talking to other people, with a disgusted, forced smile.;s04e09_119;office_s04e09.mp4;900.69;912.91;no
6050021;Ryan sits in a meeting, staring at the phone in his hand, while others sit around him watching something.;s09e04_089;office_s09e04.mp4;618.03;622.83;no
6090022;Andy looks at Erin, who is talking to other people, with a disgusted, forced smile.;s05e03_138;office_s05e03.mp4;1106.75;1118.53;no
6050021;Ryan sits in a meeting, staring at the phone in his hand, while others sit around him watching something.;s06e09_077;office_s06e09.mp4;572.11;575.78;no
1020006;A shot of Kevin sitting at the desk, writing something in a giant book with a big red pencil.;s08e04_094;office_s08e04.mp4;748.54;752.96;no
5170016;Two men in suits shake hands laughing in an office with blinds, while a man sits looking on.;s08e24_122;office_s08e24.mp4;953.16;960.50;no
1020020;Michael tears up the yellow paper in front of people.;s03e05_037;office_s03e05.mp4;290.83;295.17;no
1020015;People in the room raise their hands in the air at the same time.;s09e04_019;office_s09e04.mp4;108.73;114.58;no
3190004;Darryl on crutches presses a button on a red industrial machine as its small panel door opens and lifts up.;s07e14_143;office_s07e14.mp4;1177.93;1188.27;no
5170020;Pam covers the phone receiver and speaks sternly to Michael, who stands at the reception desk.;s01e05_057;office_s01e05.mp4;544.63;553.09;no
9140025;Pam, in a grey hoodie, stands next to Dwight in the warehouse, pressing her hands to the sides of her face and ears, stressed.;s09e14_096;office_s09e14.mp4;771.44;781.80;no
9040029;Erin sticks red tape on the wall where Toby pointed, tapping his fingers.;s04e09_146;office_s04e09.mp4;1120.04;1129.59;no
2060001;Dwight finds his desk in a men's bathroom.;s07e23_104;office_s07e23.mp4;931.51;944.84;no
8240006;Creed poses for a photo with two elderly people beside him as a woman photographs them in front of a blue backdrop.;s08e24_009;office_s08e24.mp4;110.82;116.74;no
1020006;A shot of Kevin sitting at the desk, writing something in a giant book with a big red pencil.;s09e04_031;office_s09e04.mp4;232.11;245.91;no
8240034;Dwight tries to kiss Angela, who pushes him away, then kisses him hard, as they sit together in a waiting room.;s02e10_145;office_s02e10.mp4;1139.99;1148.73;no
2060030;Michael takes off his helmet and lunges at Dwight, hitting him with it.;s05e17_128;office_s05e17.mp4;1142.67;1157.41;no
2100023;Michael in a Santa hat buys a lot of drinks at the store.;s02e10_131;office_s02e10.mp4;1037.58;1044.42;no
9140034;Dwight peeks through binoculars, as Pam ends the call and exits through a door behind the boxes.;s09e14_009;office_s09e14.mp4;60.56;65.55;no
2060007;Michael sitting with his legs crossed taps his finger against a black mug.;s02e10_091;office_s02e10.mp4;731.67;739.24;no
2060003;Dwight talks on the phone at his desk in the bathroom while a man holding a candle walks past him.;s04e09_071;office_s04e09.mp4;556.47;569.28;no
8240026;The man in glasses hugs and then kisses Andy on the lips near the reception desk.;s03e05_056;office_s03e05.mp4;414.96;418.67;no
8240026;The man in glasses hugs and then kisses Andy on the lips near the reception desk.;s02e06_006;office_s02e06.mp4;41.04;49.26;no
3050014;Stanley stands in a long line laughing joyfully.;s03e19_032;office_s03e19.mp4;209.38;213.05;no
5170016;Two men in suits shake hands laughing in an office with blinds, while a man sits looking on.;s08e04_077;office_s08e04.mp4;607.48;618.30;no
2060014;Michael falls to his knees, sweeping his things off the desk.;s06e09_053;office_s06e09.mp4;395.71;406.49;no
1020015;People in the room raise their hands in the air at the same time.;s06e09_157;office_s06e09.mp4;1252.73;1264.60;no
1020020;Michael tears up the yellow paper in front of people.;s02e06_076;office_s02e06.mp4;593.01;607.44;no
9020028;Dwight stretches his interlocked hands out in front of the break room vending machines, stern and determined.;s08e24_051;office_s08e24.mp4;369.60;378.42;no
9140003;Pam, in a brown coat, carrying a folded blanket under her arm, walks through the warehouse, then stops and screams in shock.;s01e05_114;office_s01e05.mp4;978.14;984.57;no
8240019;Dwight with small scissors walks up to Angela, who is taking a photo with a man and a child.;s06e05_128;office_s06e05.mp4;1184.14;1188.56;no
1020018;Michael laughs while holding a yellow paper in his hand.;s09e02_042;office_s09e02.mp4;309.48;319.11;no
3190009;A woman yawns widely on a couch beside a man with crutches.;s09e02_088;office_s09e02.mp4;593.15;605.61;no
9040016;Dwight angrily drops the keys with a yellow keychain onto Jim's.;s09e04_127;office_s09e04.mp4;852.56;858.86;no
2060032;Dwight applies white-out with a small brush to a business card.;s06e09_095;office_s06e09.mp4;728.98;740.99;no
1020015;People in the room raise their hands in the air at the same time.;s09e14_029;office_s09e14.mp4;209.08;217.84;no
2060032;Dwight applies white-out with a small brush to a business card.;s09e14_029;office_s09e14.mp4;209.08;217.84;no
2060009;Michael peers through the blinds while talking on the phone, pulling them apart with his hand.;s03e05_132;office_s03e05.mp4;908.57;917.75;no
9020003;Kevin and Pam stand with a spinning wheel turning between them, as people clap.;s09e02_003;office_s09e02.mp4;10.09;16.81;no
9040016;Dwight angrily drops the keys with a yellow keychain onto Jim's.;s08e04_008;office_s08e04.mp4;56.10;66.17;no
1020015;People in the room raise their hands in the air at the same time.;s09e04_083;office_s09e04.mp4;571.95;580.46;no
7140034;A wide shot of a brown brick building with a silver car parked in front of it.;s03e19_086;office_s03e19.mp4;630.92;644.50;no
9020028;Dwight stretches his interlocked hands out in front of the break room vending machines, stern and determined.;s09e02_167;office_s09e02.mp4;1152.78;1164.62;no
2100025;Kevin stands in a small foot spa tub in the office.;s04e09_007;office_s04e09.mp4;42.96;55.05;no
1020017;A Black man with a brown briefcase exits Michael's room in a rush.;s08e24_025;office_s08e24.mp4;210.67;217.51;no
2060014;Michael falls to his knees, sweeping his things off the desk.;s05e17_070;office_s05e17.mp4;614.78;620.29;no
9020003;Kevin and Pam stand with a spinning wheel turning between them, as people clap.;s08e04_120;office_s08e04.mp4;945.82;949.91;no
2060007;Michael sitting with his legs crossed taps his finger against a black mug.;s02e06_065;office_s02e06.mp4;519.31;523.02;no
5170016;Two men in suits shake hands laughing in an office with blinds, while a man sits looking on.;s05e17_113;office_s05e17.mp4;973.81;981.86;no
2060031;Dwight stands up from his chair, makes a traditional martial arts salute and bows forward.;s08e24_006;office_s08e24.mp4;70.27;84.33;no
3050017;Dwight throws his arms up shouting excitedly outside a wooden barn.;s03e05_104;office_s03e05.mp4;712.27;726.71;no
2060003;Dwight talks on the phone at his desk in the bathroom while a man holding a candle walks past him.;s09e04_055;office_s09e04.mp4;403.01;412.00;no
7140002;Ryan, in a light shirt and striped tie, stands by Kelly, in a yellow cardigan over a floral top, who touches his arm while he covers his eyes and scratches his head, stressed.;s09e04_095;office_s09e04.mp4;664.66;678.47;no
3190025;Ryan stands up and kisses Kelly on the nose.;s07e14_146;office_s07e14.mp4;1205.08;1214.76;no
2060001;Dwight finds his desk in a men's bathroom.;s09e02_105;office_s09e02.mp4;749.71;756.38;no
2100025;Kevin stands in a small foot spa tub in the office.;s08e24_101;office_s08e24.mp4;782.45;795.42;no
2060007;Michael sitting with his legs crossed taps his finger against a black mug.;s08e24_110;office_s08e24.mp4;839.21;851.18;no
3050014;Stanley stands in a long line laughing joyfully.;s08e04_105;office_s08e04.mp4;812.02;816.73;no
8240034;Dwight tries to kiss Angela, who pushes him away, then kisses him hard, as they sit together in a waiting room.;s05e03_044;office_s05e03.mp4;345.80;350.77;no
9020003;Kevin and Pam stand with a spinning wheel turning between them, as people clap.;s09e02_006;office_s09e02.mp4;29.82;35.33;no
8240034;Dwight tries to kiss Angela, who pushes him away, then kisses him hard, as they sit together in a waiting room.;s05e03_143;office_s05e03.mp4;1144.43;1156.95;no
3050014;Stanley stands in a long line laughing joyfully.;s08e04_004;office_s08e04.mp4;22.73;30.70;no
8240006;Creed poses for a photo with two elderly people beside him as a woman photographs them in front of a blue backdrop.;s02e10_132;office_s02e10.mp4;1044.42;1048.96;no
3050017;Dwight throws his arms up shouting excitedly outside a wooden barn.;s03e05_090;office_s03e05.mp4;621.16;634.42;no
2060023;Jim in a blue shirt looks stunned in front of a whiteboard.;s05e17_017;office_s05e17.mp4;177.01;188.10;no
8240034;Dwight tries to kiss Angela, who pushes him away, then kisses him hard, as they sit together in a waiting room.;s07e23_131;office_s07e23.mp4;1187.19;1195.61;no
6090022;Andy looks at Erin, who is talking to other people, with a disgusted, forced smile.;s05e03_145;office_s05e03.mp4;1165.08;1173.21;no
3050014;Stanley stands in a long line laughing joyfully.;s02e10_161;office_s02e10.mp4;1234.86;1238.61;no
2060014;Michael falls to his knees, sweeping his things off the desk.;s06e09_132;office_s06e09.mp4;1025.15;1035.41;no
9020003;Kevin and Pam stand with a spinning wheel turning between them, as people clap.;s08e24_009;office_s08e24.mp4;110.82;116.74;no
3050014;Stanley stands in a long line laughing joyfully.;s01e02_020;office_s01e02.mp4;218.25;228.57;no
3190004;Darryl on crutches presses a button on a red industrial machine as its small panel door opens and lifts up.;s03e19_025;office_s03e19.mp4;161.12;164.71;no
2060030;Michael takes off his helmet and lunges at Dwight, hitting him with it.;s02e06_055;office_s02e06.mp4;442.82;448.49;no
1050025;Dwight drinks from the bottle with his mask on his face and spits.;s08e24_066;office_s08e24.mp4;480.15;494.16;no
7140034;A wide shot of a brown brick building with a silver car parked in front of it.;s06e09_090;office_s06e09.mp4;692.15;700.07;no
7140011;A shot of Michael in front of a gas station, gas pumps behind him and someone cleaning the window of his car.;s05e03_136;office_s05e03.mp4;1085.42;1094.97;no
1020028;A man puts champagne on a desk with a black nameplate on it.;s01e02_005;office_s01e02.mp4;102.02;112.40;no
9020028;Dwight stretches his interlocked hands out in front of the break room vending machines, stern and determined.;s04e09_013;office_s04e09.mp4;97.72;102.73;no
9140002;Erin, carrying a giant teddy bear, meets Darryl while walking up the stairs in the stairwell.;s04e09_113;office_s04e09.mp4;850.39;859.07;no
5170016;Two men in suits shake hands laughing in an office with blinds, while a man sits looking on.;s06e09_130;office_s06e09.mp4;1004.92;1018.39;no
9020006;Meredith and Pam stand with a shiny spinning wheel turning between them, as people clap.;s05e03_087;office_s05e03.mp4;712.21;719.80;no
8240016;Andy, in the bathroom, pours alcohol on himself from a bottle, standing in front of the mirror and sink.;s02e10_112;office_s02e10.mp4;883.01;895.44;no
2060003;Dwight talks on the phone at his desk in the bathroom while a man holding a candle walks past him.;s01e02_005;office_s01e02.mp4;102.02;112.40;no
9140002;Erin, carrying a giant teddy bear, meets Darryl while walking up the stairs in the stairwell.;s07e14_142;office_s07e14.mp4;1167.58;1177.93;no
9140025;Pam, in a grey hoodie, stands next to Dwight in the warehouse, pressing her hands to the sides of her face and ears, stressed.;s09e14_043;office_s09e14.mp4;341.42;354.35;no
1020028;A man puts champagne on a desk with a black nameplate on it.;s07e23_050;office_s07e23.mp4;446.20;454.33;no
1020020;Michael tears up the yellow paper in front of people.;s06e05_131;office_s06e05.mp4;1204.99;1214.67;no
2060031;Dwight stands up from his chair, makes a traditional martial arts salute and bows forward.;s06e09_003;office_s06e09.mp4;14.39;17.52;no
6050021;Ryan sits in a meeting, staring at the phone in his hand, while others sit around him watching something.;s09e14_123;office_s09e14.mp4;1009.84;1015.14;no
4090011;Andy hands a bouquet to one woman, then gives a single flower from it to Angela beside her.;s04e09_044;office_s04e09.mp4;372.75;378.30;no
1050001;Darryl walks straight through the warehouse with the cupboard.;s01e05_103;office_s01e05.mp4;890.35;899.77;no
2060007;Michael sitting with his legs crossed taps his finger against a black mug.;s05e03_113;office_s05e03.mp4;928.64;941.73;no
1020008;Angela sitting in front of a whiteboard eats a banana.;s08e04_038;office_s08e04.mp4;317.79;329.29;no
3050017;Dwight throws his arms up shouting excitedly outside a wooden barn.;s03e19_120;office_s03e19.mp4;905.90;908.91;no
2100019;Ryan holds up a pink floral name plate.;s01e02_106;office_s01e02.mp4;996.73;1009.86;no
9020023;Seen through a half-open door, Jim leans against the stair railing, resting his forehead on his hand.;s04e09_057;office_s04e09.mp4;455.25;464.13;no
2100019;Ryan holds up a pink floral name plate.;s05e03_003;office_s05e03.mp4;14.06;28.45;no
9140003;Pam, in a brown coat, carrying a folded blanket under her arm, walks through the warehouse, then stops and screams in shock.;s06e09_080;office_s06e09.mp4;593.58;607.96;no
2060023;Jim in a blue shirt looks stunned in front of a whiteboard.;s02e06_049;office_s02e06.mp4;396.73;408.24;no
9040016;Dwight angrily drops the keys with a yellow keychain onto Jim's.;s02e06_076;office_s02e06.mp4;593.01;607.44;no
8240006;Creed poses for a photo with two elderly people beside him as a woman photographs them in front of a blue backdrop.;s06e09_098;office_s06e09.mp4;761.12;771.19;no
3050017;Dwight throws his arms up shouting excitedly outside a wooden barn.;s06e09_014;office_s06e09.mp4;72.66;83.96;no
9020023;Seen through a half-open door, Jim leans against the stair railing, resting his forehead on his hand.;s03e19_082;office_s03e19.mp4;598.47;607.13;no
9020003;Kevin and Pam stand with a spinning wheel turning between them, as people clap.;s09e04_018;office_s09e04.mp4;104.86;108.73;no
9140003;Pam, in a brown coat, carrying a folded blanket under her arm, walks through the warehouse, then stops and screams in shock.;s09e14_012;office_s09e14.mp4;92.61;104.13;no
2060030;Michael takes off his helmet and lunges at Dwight, hitting him with it.;s05e03_015;office_s05e03.mp4;90.22;94.18;no
5170020;Pam covers the phone receiver and speaks sternly to Michael, who stands at the reception desk.;s03e05_155;office_s03e05.mp4;1031.91;1036.04;no
4090011;Andy hands a bouquet to one woman, then gives a single flower from it to Angela beside her.;s09e02_077;office_s09e02.mp4;518.10;523.19;no
9040016;Dwight angrily drops the keys with a yellow keychain onto Jim's.;s09e04_055;office_s09e04.mp4;403.01;412.00;no
5030018;Pam talks on the phone in a laundromat while a woman on the left sits on a washing machine folding clothes.;s05e03_147;office_s05e03.mp4;1178.34;1184.77;no
9140034;Dwight peeks through binoculars, as Pam ends the call and exits through a door behind the boxes.;s07e23_014;office_s07e23.mp4;100.45;109.73;no
7140002;Ryan, in a light shirt and striped tie, stands by Kelly, in a yellow cardigan over a floral top, who touches his arm while he covers his eyes and scratches his head, stressed.;s02e06_107;office_s02e06.mp4;830.62;836.25;no
3050022;Ryan walks through tall grass as a red car slows alongside.;s05e03_131;office_s05e03.mp4;1042.33;1047.55;no
2060001;Dwight finds his desk in a men's bathroom.;s01e02_010;office_s01e02.mp4;142.43;148.52;no
1020008;Angela sitting in front of a whiteboard eats a banana.;s05e03_003;office_s05e03.mp4;14.06;28.45;no
1020006;A shot of Kevin sitting at the desk, writing something in a giant book with a big red pencil.;s01e02_063;office_s01e02.mp4;606.98;616.66;no
9020028;Dwight stretches his interlocked hands out in front of the break room vending machines, stern and determined.;s06e09_012;office_s06e09.mp4;63.35;67.78;no
8240034;Dwight tries to kiss Angela, who pushes him away, then kisses him hard, as they sit together in a waiting room.;s09e14_095;office_s09e14.mp4;767.06;771.44;no
9020003;Kevin and Pam stand with a spinning wheel turning between them, as people clap.;s09e02_016;office_s09e02.mp4;94.68;100.31;no
7140002;Ryan, in a light shirt and striped tie, stands by Kelly, in a yellow cardigan over a floral top, who touches his arm while he covers his eyes and scratches his head, stressed.;s02e06_108;office_s02e06.mp4;836.25;843.80;no
7140011;A shot of Michael in front of a gas station, gas pumps behind him and someone cleaning the window of his car.;s02e06_125;office_s02e06.mp4;968.44;981.13;no
9020028;Dwight stretches his interlocked hands out in front of the break room vending machines, stern and determined.;s06e09_014;office_s06e09.mp4;72.66;83.96;no
2060003;Dwight talks on the phone at his desk in the bathroom while a man holding a candle walks past him.;s01e02_007;office_s01e02.mp4;115.45;124.54;no
2060030;Michael takes off his helmet and lunges at Dwight, hitting him with it.;s02e06_076;office_s02e06.mp4;593.01;607.44;no
5170020;Pam covers the phone receiver and speaks sternly to Michael, who stands at the reception desk.;s08e24_056;office_s08e24.mp4;407.41;412.75;no
2060003;Dwight talks on the phone at his desk in the bathroom while a man holding a candle walks past him.;s03e05_175;office_s03e05.mp4;1152.61;1157.95;no
1020006;A shot of Kevin sitting at the desk, writing something in a giant book with a big red pencil.;s05e17_070;office_s05e17.mp4;614.78;620.29;no
9140034;Dwight peeks through binoculars, as Pam ends the call and exits through a door behind the boxes.;s02e06_103;office_s02e06.mp4;801.47;811.98;no
9140025;Pam, in a grey hoodie, stands next to Dwight in the warehouse, pressing her hands to the sides of her face and ears, stressed.;s09e14_119;office_s09e14.mp4;992.99;998.12;no
3050014;Stanley stands in a long line laughing joyfully.;s09e02_057;office_s09e02.mp4;399.15;402.53;no
2100006;Dwight vacuums up needles under the Christmas tree.;s02e10_064;office_s02e10.mp4;546.46;557.68;no
7140002;Ryan, in a light shirt and striped tie, stands by Kelly, in a yellow cardigan over a floral top, who touches his arm while he covers his eyes and scratches his head, stressed.;s08e04_065;office_s08e04.mp4;521.69;529.07;no
8240019;Dwight with small scissors walks up to Angela, who is taking a photo with a man and a child.;s07e23_083;office_s07e23.mp4;718.65;730.10;no
9040016;Dwight angrily drops the keys with a yellow keychain onto Jim's.;s07e23_075;office_s07e23.mp4;639.70;652.69;no
6050021;Ryan sits in a meeting, staring at the phone in his hand, while others sit around him watching something.;s09e04_122;office_s09e04.mp4;823.11;832.79;no
3050014;Stanley stands in a long line laughing joyfully.;s09e02_157;office_s09e02.mp4;1103.60;1106.94;no
2100025;Kevin stands in a small foot spa tub in the office.;s09e14_152;office_s09e14.mp4;1252.88;1263.12;no
9020006;Meredith and Pam stand with a shiny spinning wheel turning between them, as people clap.;s04e09_099;office_s04e09.mp4;740.20;753.21;no
9140034;Dwight peeks through binoculars, as Pam ends the call and exits through a door behind the boxes.;s09e14_126;office_s09e14.mp4;1023.77;1027.48;no
6050021;Ryan sits in a meeting, staring at the phone in his hand, while others sit around him watching something.;s01e02_005;office_s01e02.mp4;102.02;112.40;no
5030018;Pam talks on the phone in a laundromat while a woman on the left sits on a washing machine folding clothes.;s03e05_181;office_s03e05.mp4;1191.57;1195.99;no
3190025;Ryan stands up and kisses Kelly on the nose.;s05e03_103;office_s05e03.mp4;819.53;826.70;no
9020023;Seen through a half-open door, Jim leans against the stair railing, resting his forehead on his hand.;s08e24_032;office_s08e24.mp4;258.26;264.06;no
2060030;Michael takes off his helmet and lunges at Dwight, hitting him with it.;s07e14_111;office_s07e14.mp4;942.86;950.66;no
5170020;Pam covers the phone receiver and speaks sternly to Michael, who stands at the reception desk.;s03e05_069;office_s03e05.mp4;514.72;520.77;no
1020018;Michael laughs while holding a yellow paper in his hand.;s09e02_057;office_s09e02.mp4;399.15;402.53;no
1050025;Dwight drinks from the bottle with his mask on his face and spits.;s07e23_125;office_s07e23.mp4;1118.13;1129.38;no
5170016;Two men in suits shake hands laughing in an office with blinds, while a man sits looking on.;s07e14_100;office_s07e14.mp4;877.34;881.80;no
1050005;A wide shot of the warehouse space with a basketball hoop.;s01e05_070;office_s01e05.mp4;650.84;659.78;no
1050025;Dwight drinks from the bottle with his mask on his face and spits.;s01e05_145;office_s01e05.mp4;1292.17;1301.13;no
7140011;A shot of Michael in front of a gas station, gas pumps behind him and someone cleaning the window of his car.;s08e04_126;office_s08e04.mp4;992.62;1000.17;no
2100025;Kevin stands in a small foot spa tub in the office.;s08e24_121;office_s08e24.mp4;947.45;953.16;no
1020006;A shot of Kevin sitting at the desk, writing something in a giant book with a big red pencil.;s09e02_050;office_s09e02.mp4;358.07;362.74;no
3190009;A woman yawns widely on a couch beside a man with crutches.;s04e09_054;office_s04e09.mp4;424.42;430.01;no
7140002;Ryan, in a light shirt and striped tie, stands by Kelly, in a yellow cardigan over a floral top, who touches his arm while he covers his eyes and scratches his head, stressed.;s06e09_003;office_s06e09.mp4;14.39;17.52;no
1050017;Jim ties his shoes while sitting in the armchair and talking to Pam.;s06e05_014;office_s06e05.mp4;108.03;120.05;no
3190009;A woman yawns widely on a couch beside a man with crutches.;s04e09_049;office_s04e09.mp4;400.44;403.99;no
1020020;Michael tears up the yellow paper in front of people.;s05e03_058;office_s05e03.mp4;462.71;472.81;no
3190009;A woman yawns widely on a couch beside a man with crutches.;s04e09_062;office_s04e09.mp4;486.24;493.87;no
9020028;Dwight stretches his interlocked hands out in front of the break room vending machines, stern and determined.;s08e24_072;office_s08e24.mp4;531.95;540.37;no
3050014;Stanley stands in a long line laughing joyfully.;s03e19_166;office_s03e19.mp4;1211.63;1219.01;no
3050017;Dwight throws his arms up shouting excitedly outside a wooden barn.;s03e05_061;office_s03e05.mp4;435.81;440.40;no
6050021;Ryan sits in a meeting, staring at the phone in his hand, while others sit around him watching something.;s07e23_080;office_s07e23.mp4;684.52;695.86;no
2060001;Dwight finds his desk in a men's bathroom.;s07e23_049;office_s07e23.mp4;438.06;446.20;no
6050021;Ryan sits in a meeting, staring at the phone in his hand, while others sit around him watching something.;s01e02_130;office_s01e02.mp4;1195.65;1201.66;no
4090011;Andy hands a bouquet to one woman, then gives a single flower from it to Angela beside her.;s08e04_057;office_s08e04.mp4;455.50;463.75;no
2060016;Dwight in a yellow shirt pulls his shirt aside and shows his stomach.;s02e06_097;office_s02e06.mp4;765.93;771.19;no
9040016;Dwight angrily drops the keys with a yellow keychain onto Jim's.;s02e06_061;office_s02e06.mp4;488.49;498.29;no
8040028;Kelly rubs her arms, cold, while Ryan drinks beside her at a table with wine bottles, at the outdoor party.;s09e02_159;office_s09e02.mp4;1110.48;1115.95;no
9140025;Pam, in a grey hoodie, stands next to Dwight in the warehouse, pressing her hands to the sides of her face and ears, stressed.;s06e09_007;office_s06e09.mp4;36.99;41.42;no
9020028;Dwight stretches his interlocked hands out in front of the break room vending machines, stern and determined.;s06e05_051;office_s06e05.mp4;458.92;465.84;no
9020028;Dwight stretches his interlocked hands out in front of the break room vending machines, stern and determined.;s09e02_102;office_s09e02.mp4;706.85;721.14;no
5170016;Two men in suits shake hands laughing in an office with blinds, while a man sits looking on.;s06e09_095;office_s06e09.mp4;728.98;740.99;no
2060003;Dwight talks on the phone at his desk in the bathroom while a man holding a candle walks past him.;s02e06_015;office_s02e06.mp4;137.09;150.61;no
8240019;Dwight with small scissors walks up to Angela, who is taking a photo with a man and a child.;s03e05_177;office_s03e05.mp4;1164.29;1170.13;no
8240016;Andy, in the bathroom, pours alcohol on himself from a bottle, standing in front of the mirror and sink.;s04e09_016;office_s04e09.mp4;159.31;174.02;no
6090022;Andy looks at Erin, who is talking to other people, with a disgusted, forced smile.;s08e04_086;office_s08e04.mp4;690.40;700.41;no
5170016;Two men in suits shake hands laughing in an office with blinds, while a man sits looking on.;s06e05_016;office_s06e05.mp4;132.08;144.10;no
7140011;A shot of Michael in front of a gas station, gas pumps behind him and someone cleaning the window of his car.;s02e06_126;office_s02e06.mp4;981.13;993.83;no
1020006;A shot of Kevin sitting at the desk, writing something in a giant book with a big red pencil.;s02e06_046;office_s02e06.mp4;375.62;385.30;no
1020020;Michael tears up the yellow paper in front of people.;s04e09_084;office_s04e09.mp4;638.10;644.31;no
8240026;The man in glasses hugs and then kisses Andy on the lips near the reception desk.;s06e05_110;office_s06e05.mp4;1046.25;1051.05;no
2060023;Jim in a blue shirt looks stunned in front of a whiteboard.;s06e05_001;office_s06e05.mp4;0.00;10.84;no
8240026;The man in glasses hugs and then kisses Andy on the lips near the reception desk.;s09e04_044;office_s09e04.mp4;325.41;329.66;no
2060031;Dwight stands up from his chair, makes a traditional martial arts salute and bows forward.;s07e23_001;office_s07e23.mp4;0.00;11.78;no
3050014;Stanley stands in a long line laughing joyfully.;s08e04_092;office_s08e04.mp4;740.66;743.70;no
1020028;A man puts champagne on a desk with a black nameplate on it.;s01e02_063;office_s01e02.mp4;606.98;616.66;no
8240034;Dwight tries to kiss Angela, who pushes him away, then kisses him hard, as they sit together in a waiting room.;s03e19_093;office_s03e19.mp4;698.62;705.58;no
1020017;A Black man with a brown briefcase exits Michael's room in a rush.;s08e04_036;office_s08e04.mp4;294.79;306.29;no
9140029;A man standing behind Oscar, hands on his shoulders, pats his cheek in front of everyone at a gathering.;s03e19_166;office_s03e19.mp4;1211.63;1219.01;no
2060030;Michael takes off his helmet and lunges at Dwight, hitting him with it.;s03e19_120;office_s03e19.mp4;905.90;908.91;no
1020020;Michael tears up the yellow paper in front of people.;s03e19_064;office_s03e19.mp4;445.36;455.33;no
3050022;Ryan walks through tall grass as a red car slows alongside.;s03e05_050;office_s03e05.mp4;368.41;379.42;no
9140034;Dwight peeks through binoculars, as Pam ends the call and exits through a door behind the boxes.;s07e23_047;office_s07e23.mp4;416.71;427.39;no
1020020;Michael tears up the yellow paper in front of people.;s02e06_164;office_s02e06.mp4;1260.93;1266.14;no
5170020;Pam covers the phone receiver and speaks sternly to Michael, who stands at the reception desk.;s05e17_010;office_s05e17.mp4;119.87;134.51;no
2100023;Michael in a Santa hat buys a lot of drinks at the store.;s02e10_045;office_s02e10.mp4;400.11;408.07;no
1050025;Dwight drinks from the bottle with his mask on his face and spits.;s08e04_033;office_s08e04.mp4;268.64;278.57;no
1050017;Jim ties his shoes while sitting in the armchair and talking to Pam.;s04e09_061;office_s04e09.mp4;478.60;486.24;no
3190004;Darryl on crutches presses a button on a red industrial machine as its small panel door opens and lifts up.;s01e02_019;office_s01e02.mp4;207.92;218.25;no
9020023;Seen through a half-open door, Jim leans against the stair railing, resting his forehead on his hand.;s02e06_042;office_s02e06.mp4;345.05;353.35;no
9020023;Seen through a half-open door, Jim leans against the stair railing, resting his forehead on his hand.;s08e24_044;office_s08e24.mp4;321.99;328.87;no
2060031;Dwight stands up from his chair, makes a traditional martial arts salute and bows forward.;s06e05_053;office_s06e05.mp4;471.51;478.39;no
2100025;Kevin stands in a small foot spa tub in the office.;s08e24_098;office_s08e24.mp4;747.08;761.34;no
5170016;Two men in suits shake hands laughing in an office with blinds, while a man sits looking on.;s02e10_148;office_s02e10.mp4;1160.95;1164.16;no
6090022;Andy looks at Erin, who is talking to other people, with a disgusted, forced smile.;s04e09_118;office_s04e09.mp4;890.97;900.69;no
9020006;Meredith and Pam stand with a shiny spinning wheel turning between them, as people clap.;s09e04_095;office_s09e04.mp4;664.66;678.47;no
1050005;A wide shot of the warehouse space with a basketball hoop.;s01e05_069;office_s01e05.mp4;641.89;650.84;no
6050021;Ryan sits in a meeting, staring at the phone in his hand, while others sit around him watching something.;s05e17_122;office_s05e17.mp4;1054.24;1068.97;no
1050025;Dwight drinks from the bottle with his mask on his face and spits.;s06e05_061;office_s06e05.mp4;539.78;551.15;no
2100023;Michael in a Santa hat buys a lot of drinks at the store.;s02e10_144;office_s02e10.mp4;1131.26;1139.99;no
2100023;Michael in a Santa hat buys a lot of drinks at the store.;s02e10_120;office_s02e10.mp4;958.67;966.84;no
1050017;Jim ties his shoes while sitting in the armchair and talking to Pam.;s04e09_081;office_s04e09.mp4;615.49;622.16;no
9140029;A man standing behind Oscar, hands on his shoulders, pats his cheek in front of everyone at a gathering.;s09e14_132;office_s09e14.mp4;1067.02;1081.33;no
5170016;Two men in suits shake hands laughing in an office with blinds, while a man sits looking on.;s01e02_001;office_s01e02.mp4;55.20;66.98;no
8240026;The man in glasses hugs and then kisses Andy on the lips near the reception desk.;s06e05_029;office_s06e05.mp4;238.66;251.84;no
2060030;Michael takes off his helmet and lunges at Dwight, hitting him with it.;s06e09_019;office_s06e09.mp4;107.32;111.94;no
3050017;Dwight throws his arms up shouting excitedly outside a wooden barn.;s03e05_091;office_s03e05.mp4;634.42;638.35;no
2100019;Ryan holds up a pink floral name plate.;s06e09_113;office_s06e09.mp4;880.46;889.39;no
3190004;Darryl on crutches presses a button on a red industrial machine as its small panel door opens and lifts up.;s07e23_104;office_s07e23.mp4;931.51;944.84;no
2100025;Kevin stands in a small foot spa tub in the office.;s01e05_035;office_s01e05.mp4;364.86;376.88;no
1020028;A man puts champagne on a desk with a black nameplate on it.;s06e05_102;office_s06e05.mp4;959.85;974.47;no
3190025;Ryan stands up and kisses Kelly on the nose.;s07e14_059;office_s07e14.mp4;547.42;555.93;no
7140011;A shot of Michael in front of a gas station, gas pumps behind him and someone cleaning the window of his car.;s07e14_082;office_s07e14.mp4;753.42;758.38;no
9020028;Dwight stretches his interlocked hands out in front of the break room vending machines, stern and determined.;s07e23_070;office_s07e23.mp4;588.92;594.72;no
7140002;Ryan, in a light shirt and striped tie, stands by Kelly, in a yellow cardigan over a floral top, who touches his arm while he covers his eyes and scratches his head, stressed.;s02e06_097;office_s02e06.mp4;765.93;771.19;no
8240034;Dwight tries to kiss Angela, who pushes him away, then kisses him hard, as they sit together in a waiting room.;s07e23_101;office_s07e23.mp4;891.50;904.84;no
2060014;Michael falls to his knees, sweeping his things off the desk.;s06e09_159;office_s06e09.mp4;1276.47;1288.34;no
2100025;Kevin stands in a small foot spa tub in the office.;s09e04_046;office_s09e04.mp4;335.33;339.71;no
1020017;A Black man with a brown briefcase exits Michael's room in a rush.;s09e14_149;office_s09e14.mp4;1212.84;1226.18;no
6090022;Andy looks at Erin, who is talking to other people, with a disgusted, forced smile.;s03e05_152;office_s03e05.mp4;1015.43;1019.85;no
3050017;Dwight throws his arms up shouting excitedly outside a wooden barn.;s03e19_148;office_s03e19.mp4;1081.91;1085.79;no
8240006;Creed poses for a photo with two elderly people beside him as a woman photographs them in front of a blue backdrop.;s08e24_109;office_s08e24.mp4;832.75;839.21;no
2060031;Dwight stands up from his chair, makes a traditional martial arts salute and bows forward.;s06e09_156;office_s06e09.mp4;1240.87;1252.73;no
2060031;Dwight stands up from his chair, makes a traditional martial arts salute and bows forward.;s02e06_162;office_s02e06.mp4;1248.75;1256.51;no
3190025;Ryan stands up and kisses Kelly on the nose.;s08e24_071;office_s08e24.mp4;525.23;531.95;no
2100025;Kevin stands in a small foot spa tub in the office.;s01e05_044;office_s01e05.mp4;429.26;437.48;no
1020018;Michael laughs while holding a yellow paper in his hand.;s05e03_001;office_s05e03.mp4;0.00;7.01;no
1020018;Michael laughs while holding a yellow paper in his hand.;s02e06_093;office_s02e06.mp4;741.49;744.62;no
2060031;Dwight stands up from his chair, makes a traditional martial arts salute and bows forward.;s07e23_089;office_s07e23.mp4;775.48;786.45;no
3050022;Ryan walks through tall grass as a red car slows alongside.;s08e04_048;office_s08e04.mp4;399.40;408.95;no
4090011;Andy hands a bouquet to one woman, then gives a single flower from it to Angela beside her.;s05e03_019;office_s05e03.mp4;147.15;150.90;no
1020015;People in the room raise their hands in the air at the same time.;s05e17_083;office_s05e17.mp4;692.19;705.16;no
8240026;The man in glasses hugs and then kisses Andy on the lips near the reception desk.;s08e24_005;office_s08e24.mp4;56.22;70.27;no
2060031;Dwight stands up from his chair, makes a traditional martial arts salute and bows forward.;s06e09_152;office_s06e09.mp4;1201.45;1213.32;no
3190025;Ryan stands up and kisses Kelly on the nose.;s08e04_154;office_s08e04.mp4;1230.92;1238.49;no
1050017;Jim ties his shoes while sitting in the armchair and talking to Pam.;s05e03_051;office_s05e03.mp4;396.27;408.99;no
1020017;A Black man with a brown briefcase exits Michael's room in a rush.;s09e14_109;office_s09e14.mp4;906.43;920.37;no
1020018;Michael laughs while holding a yellow paper in his hand.;s08e24_145;office_s08e24.mp4;1089.59;1096.97;no
1050025;Dwight drinks from the bottle with his mask on his face and spits.;s04e09_013;office_s04e09.mp4;97.72;102.73;no
1050025;Dwight drinks from the bottle with his mask on his face and spits.;s01e02_008;office_s01e02.mp4;124.54;133.63;no
1020018;Michael laughs while holding a yellow paper in his hand.;s05e17_114;office_s05e17.mp4;981.86;988.82;no
2100025;Kevin stands in a small foot spa tub in the office.;s02e06_007;office_s02e06.mp4;49.26;59.87;no
9020003;Kevin and Pam stand with a spinning wheel turning between them, as people clap.;s09e04_095;office_s09e04.mp4;664.66;678.47;no
2060003;Dwight talks on the phone at his desk in the bathroom while a man holding a candle walks past him.;s08e04_040;office_s08e04.mp4;337.30;346.62;no
5170016;Two men in suits shake hands laughing in an office with blinds, while a man sits looking on.;s01e02_045;office_s01e02.mp4;456.71;461.50;no
2100025;Kevin stands in a small foot spa tub in the office.;s02e10_108;office_s02e10.mp4;855.35;860.11;no
9020035;A young man leans over the reception desk, holding a Newsweek magazine with a brain-map illustration of a head on the cover.;s02e10_012;office_s02e10.mp4;139.12;150.72;no
1050005;A wide shot of the warehouse space with a basketball hoop.;s01e05_093;office_s01e05.mp4;816.15;820.32;no
2060003;Dwight talks on the phone at his desk in the bathroom while a man holding a candle walks past him.;s02e06_008;office_s02e06.mp4;59.87;70.49;no
1020008;Angela sitting in front of a whiteboard eats a banana.;s09e02_004;office_s09e02.mp4;16.81;24.82;no
1050001;Darryl walks straight through the warehouse with the cupboard.;s01e05_109;office_s01e05.mp4;925.47;936.10;no
2100019;Ryan holds up a pink floral name plate.;s04e09_081;office_s04e09.mp4;615.49;622.16;no
1020020;Michael tears up the yellow paper in front of people.;s01e02_055;office_s01e02.mp4;521.31;533.28;no
3050014;Stanley stands in a long line laughing joyfully.;s08e24_029;office_s08e24.mp4;247.12;250.50;no
7140002;Ryan, in a light shirt and striped tie, stands by Kelly, in a yellow cardigan over a floral top, who touches his arm while he covers his eyes and scratches his head, stressed.;s02e06_076;office_s02e06.mp4;593.01;607.44;no
1020020;Michael tears up the yellow paper in front of people.;s03e05_068;office_s03e05.mp4;508.22;514.72;no
9140034;Dwight peeks through binoculars, as Pam ends the call and exits through a door behind the boxes.;s04e09_111;office_s04e09.mp4;833.29;843.05;no
8240034;Dwight tries to kiss Angela, who pushes him away, then kisses him hard, as they sit together in a waiting room.;s09e04_088;office_s09e04.mp4;611.65;618.03;no
9040016;Dwight angrily drops the keys with a yellow keychain onto Jim's.;s08e04_010;office_s08e04.mp4;76.24;84.79;no
1020018;Michael laughs while holding a yellow paper in his hand.;s06e09_156;office_s06e09.mp4;1240.87;1252.73;no
3050014;Stanley stands in a long line laughing joyfully.;s08e04_063;office_s08e04.mp4;507.51;517.85;no
9140003;Pam, in a brown coat, carrying a folded blanket under her arm, walks through the warehouse, then stops and screams in shock.;s09e14_037;office_s09e14.mp4;285.64;298.38;no
2060003;Dwight talks on the phone at his desk in the bathroom while a man holding a candle walks past him.;s04e09_107;office_s04e09.mp4;795.00;806.60;no
5030018;Pam talks on the phone in a laundromat while a woman on the left sits on a washing machine folding clothes.;s05e03_089;office_s05e03.mp4;726.23;732.65;no
9020016;A man with a tray of drinks approaches Jim and Pam, and Pam takes a drink from his tray, handing him the banana peel.;s04e09_015;office_s04e09.mp4;144.60;159.31;no
9020035;A young man leans over the reception desk, holding a Newsweek magazine with a brain-map illustration of a head on the cover.;s01e02_063;office_s01e02.mp4;606.98;616.66;no
2060032;Dwight applies white-out with a small brush to a business card.;s05e03_001;office_s05e03.mp4;0.00;7.01;no
1020015;People in the room raise their hands in the air at the same time.;s08e24_064;office_s08e24.mp4;471.05;474.77;no
9020028;Dwight stretches his interlocked hands out in front of the break room vending machines, stern and determined.;s09e04_059;office_s09e04.mp4;421.92;427.01;no
1020017;A Black man with a brown briefcase exits Michael's room in a rush.;s06e05_014;office_s06e05.mp4;108.03;120.05;no
2060001;Dwight finds his desk in a men's bathroom.;s05e03_004;office_s05e03.mp4;28.45;31.95;no
5170016;Two men in suits shake hands laughing in an office with blinds, while a man sits looking on.;s07e14_124;office_s07e14.mp4;1031.32;1038.79;no
1020018;Michael laughs while holding a yellow paper in his hand.;s02e06_049;office_s02e06.mp4;396.73;408.24;no
9140025;Pam, in a grey hoodie, stands next to Dwight in the warehouse, pressing her hands to the sides of her face and ears, stressed.;s01e02_104;office_s01e02.mp4;970.51;983.61;no
3190004;Darryl on crutches presses a button on a red industrial machine as its small panel door opens and lifts up.;s03e19_006;office_s03e19.mp4;24.44;29.86;no
2100019;Ryan holds up a pink floral name plate.;s06e05_090;office_s06e05.mp4;824.99;838.67;no
1050017;Jim ties his shoes while sitting in the armchair and talking to Pam.;s09e04_132;office_s09e04.mp4;881.92;887.51;no
3050017;Dwight throws his arms up shouting excitedly outside a wooden barn.;s06e05_095;office_s06e05.mp4;893.39;900.65;no
1020018;Michael laughs while holding a yellow paper in his hand.;s05e03_058;office_s05e03.mp4;462.71;472.81;no
2060031;Dwight stands up from his chair, makes a traditional martial arts salute and bows forward.;s01e02_126;office_s01e02.mp4;1161.99;1166.62;no
7140011;A shot of Michael in front of a gas station, gas pumps behind him and someone cleaning the window of his car.;s06e05_058;office_s06e05.mp4;511.76;515.89;no
5170020;Pam covers the phone receiver and speaks sternly to Michael, who stands at the reception desk.;s03e05_169;office_s03e05.mp4;1115.03;1124.27;no
1020008;Angela sitting in front of a whiteboard eats a banana.;s08e24_060;office_s08e24.mp4;447.49;455.54;no
3190004;Darryl on crutches presses a button on a red industrial machine as its small panel door opens and lifts up.;s02e06_086;office_s02e06.mp4;684.35;695.40;no
9020035;A young man leans over the reception desk, holding a Newsweek magazine with a brain-map illustration of a head on the cover.;s03e05_172;office_s03e05.mp4;1136.55;1141.52;no
1050025;Dwight drinks from the bottle with his mask on his face and spits.;s08e24_074;office_s08e24.mp4;543.96;552.76;no
2060001;Dwight finds his desk in a men's bathroom.;s07e23_044;office_s07e23.mp4;378.59;390.47;no
2060031;Dwight stands up from his chair, makes a traditional martial arts salute and bows forward.;s09e14_109;office_s09e14.mp4;906.43;920.37;no
2100006;Dwight vacuums up needles under the Christmas tree.;s02e10_158;office_s02e10.mp4;1219.38;1223.35;no
9140025;Pam, in a grey hoodie, stands next to Dwight in the warehouse, pressing her hands to the sides of her face and ears, stressed.;s09e14_041;office_s09e14.mp4;326.03;334.50;no
9040029;Erin sticks red tape on the wall where Toby pointed, tapping his fingers.;s04e09_147;office_s04e09.mp4;1129.59;1134.34;no
4090029;Two police officers arrive outside a house at night, patrol lights flashing behind them.;s03e05_139;office_s03e05.mp4;949.99;955.83;no
1020006;A shot of Kevin sitting at the desk, writing something in a giant book with a big red pencil.;s01e05_068;office_s01e05.mp4;628.04;641.89;no
1050025;Dwight drinks from the bottle with his mask on his face and spits.;s09e02_089;office_s09e02.mp4;605.61;614.15;no
9020035;A young man leans over the reception desk, holding a Newsweek magazine with a brain-map illustration of a head on the cover.;s03e05_170;office_s03e05.mp4;1124.27;1133.51;no
1020006;A shot of Kevin sitting at the desk, writing something in a giant book with a big red pencil.;s02e06_011;office_s02e06.mp4;81.35;88.92;no
2060032;Dwight applies white-out with a small brush to a business card.;s09e14_134;office_s09e14.mp4;1085.58;1094.47;no
3050014;Stanley stands in a long line laughing joyfully.;s03e19_036;office_s03e19.mp4;226.69;233.19;no
5030032;An old photo showing a baby sitting on a red toy car outside.;s03e05_139;office_s03e05.mp4;949.99;955.83;no
8240006;Creed poses for a photo with two elderly people beside him as a woman photographs them in front of a blue backdrop.;s08e24_052;office_s08e24.mp4;378.42;392.73;no
2060007;Michael sitting with his legs crossed taps his finger against a black mug.;s07e23_136;office_s07e23.mp4;1242.29;1255.55;no
9040029;Erin sticks red tape on the wall where Toby pointed, tapping his fingers.;s09e02_100;office_s09e02.mp4;685.81;692.57;no
1050001;Darryl walks straight through the warehouse with the cupboard.;s03e19_022;office_s03e19.mp4;145.23;150.82;no
2060016;Dwight in a yellow shirt pulls his shirt aside and shows his stomach.;s02e06_155;office_s02e06.mp4;1195.65;1203.91;no
2060016;Dwight in a yellow shirt pulls his shirt aside and shows his stomach.;s09e14_055;office_s09e14.mp4;413.20;421.13;no
9020028;Dwight stretches his interlocked hands out in front of the break room vending machines, stern and determined.;s03e19_116;office_s03e19.mp4;876.29;886.99;no
3050017;Dwight throws his arms up shouting excitedly outside a wooden barn.;s01e05_048;office_s01e05.mp4;469.05;472.72;no
2060032;Dwight applies white-out with a small brush to a business card.;s09e02_141;office_s09e02.mp4;978.98;984.32;no
2060023;Jim in a blue shirt looks stunned in front of a whiteboard.;s09e04_126;office_s09e04.mp4;848.72;852.56;no
2100025;Kevin stands in a small foot spa tub in the office.;s08e24_029;office_s08e24.mp4;247.12;250.50;no
2060009;Michael peers through the blinds while talking on the phone, pulling them apart with his hand.;s01e02_001;office_s01e02.mp4;55.20;66.98;no
2060003;Dwight talks on the phone at his desk in the bathroom while a man holding a candle walks past him.;s03e19_081;office_s03e19.mp4;590.30;598.47;no
8240016;Andy, in the bathroom, pours alcohol on himself from a bottle, standing in front of the mirror and sink.;s04e09_106;office_s04e09.mp4;788.87;795.00;no
2060014;Michael falls to his knees, sweeping his things off the desk.;s08e04_042;office_s08e04.mp4;355.94;365.70;no
9020006;Meredith and Pam stand with a shiny spinning wheel turning between them, as people clap.;s09e04_094;office_s09e04.mp4;655.07;664.66;no
1050025;Dwight drinks from the bottle with his mask on his face and spits.;s09e04_188;office_s09e04.mp4;1230.23;1233.98;no
2060009;Michael peers through the blinds while talking on the phone, pulling them apart with his hand.;s06e05_102;office_s06e05.mp4;959.85;974.47;no
2060016;Dwight in a yellow shirt pulls his shirt aside and shows his stomach.;s07e23_077;office_s07e23.mp4;658.37;668.17;no
5170016;Two men in suits shake hands laughing in an office with blinds, while a man sits looking on.;s07e14_118;office_s07e14.mp4;986.07;996.29;no
9020028;Dwight stretches his interlocked hands out in front of the break room vending machines, stern and determined.;s09e02_141;office_s09e02.mp4;978.98;984.32;no
9020006;Meredith and Pam stand with a shiny spinning wheel turning between them, as people clap.;s09e04_177;office_s09e04.mp4;1147.61;1155.90;no
8040028;Kelly rubs her arms, cold, while Ryan drinks beside her at a table with wine bottles, at the outdoor party.;s04e09_128;office_s04e09.mp4;1004.02;1018.02;yes
6090022;Andy looks at Erin, who is talking to other people, with a disgusted, forced smile.;s07e14_147;office_s07e14.mp4;1214.76;1226.81;no
2060009;Michael peers through the blinds while talking on the phone, pulling them apart with his hand.;s02e06_042;office_s02e06.mp4;345.05;353.35;no
9040016;Dwight angrily drops the keys with a yellow keychain onto Jim's.;s02e06_093;office_s02e06.mp4;741.49;744.62;no
9140025;Pam, in a grey hoodie, stands next to Dwight in the warehouse, pressing her hands to the sides of her face and ears, stressed.;s09e14_121;office_s09e14.mp4;1002.21;1006.13;no
9140029;A man standing behind Oscar, hands on his shoulders, pats his cheek in front of everyone at a gathering.;s08e24_160;office_s08e24.mp4;1208.21;1215.17;no
2060023;Jim in a blue shirt looks stunned in front of a whiteboard.;s05e17_019;office_s05e17.mp4;194.11;198.49;no
1020006;A shot of Kevin sitting at the desk, writing something in a giant book with a big red pencil.;s02e10_026;office_s02e10.mp4;263.01;268.44;no
7140034;A wide shot of a brown brick building with a silver car parked in front of it.;s06e09_089;office_s06e09.mp4;686.60;692.15;no
7140034;A wide shot of a brown brick building with a silver car parked in front of it.;s07e14_031;office_s07e14.mp4;276.19;289.92;no
8240006;Creed poses for a photo with two elderly people beside him as a woman photographs them in front of a blue backdrop.;s08e24_053;office_s08e24.mp4;392.73;399.02;no
2060031;Dwight stands up from his chair, makes a traditional martial arts salute and bows forward.;s07e23_047;office_s07e23.mp4;416.71;427.39;no
9040029;Erin sticks red tape on the wall where Toby pointed, tapping his fingers.;s02e06_108;office_s02e06.mp4;836.25;843.80;no
9140003;Pam, in a brown coat, carrying a folded blanket under her arm, walks through the warehouse, then stops and screams in shock.;s09e14_151;office_s09e14.mp4;1239.53;1252.88;no
9020003;Kevin and Pam stand with a spinning wheel turning between them, as people clap.;s09e02_017;office_s09e02.mp4;100.31;107.36;no
1020017;A Black man with a brown briefcase exits Michael's room in a rush.;s07e14_055;office_s07e14.mp4;517.27;525.57;no
1050017;Jim ties his shoes while sitting in the armchair and talking to Pam.;s07e14_016;office_s07e14.mp4;155.56;166.21;no
9040016;Dwight angrily drops the keys with a yellow keychain onto Jim's.;s02e06_017;office_s02e06.mp4;162.33;168.63;no
9140034;Dwight peeks through binoculars, as Pam ends the call and exits through a door behind the boxes.;s09e02_123;office_s09e02.mp4;864.11;876.04;no
2060001;Dwight finds his desk in a men's bathroom.;s09e02_098;office_s09e02.mp4;670.17;677.99;no
9140034;Dwight peeks through binoculars, as Pam ends the call and exits through a door behind the boxes.;s03e19_138;office_s03e19.mp4;1016.14;1022.94;no
1020018;Michael laughs while holding a yellow paper in his hand.;s03e19_032;office_s03e19.mp4;209.38;213.05;no
1050025;Dwight drinks from the bottle with his mask on his face and spits.;s07e23_072;office_s07e23.mp4;600.73;613.72;no
2060007;Michael sitting with his legs crossed taps his finger against a black mug.;s09e14_114;office_s09e14.mp4;955.71;970.26;no
8040028;Kelly rubs her arms, cold, while Ryan drinks beside her at a table with wine bottles, at the outdoor party.;s04e09_054;office_s04e09.mp4;424.42;430.01;no
1050017;Jim ties his shoes while sitting in the armchair and talking to Pam.;s05e03_037;office_s05e03.mp4;270.27;283.74;no
6050021;Ryan sits in a meeting, staring at the phone in his hand, while others sit around him watching something.;s08e24_095;office_s08e24.mp4;717.72;724.93;no
9040016;Dwight angrily drops the keys with a yellow keychain onto Jim's.;s02e06_053;office_s02e06.mp4;431.85;438.44;no
9020028;Dwight stretches his interlocked hands out in front of the break room vending machines, stern and determined.;s06e09_003;office_s06e09.mp4;14.39;17.52;no
1020028;A man puts champagne on a desk with a black nameplate on it.;s02e06_013;office_s02e06.mp4;94.84;98.02;no
2060030;Michael takes off his helmet and lunges at Dwight, hitting him with it.;s02e06_116;office_s02e06.mp4;890.56;898.69;no
2060023;Jim in a blue shirt looks stunned in front of a whiteboard.;s02e06_157;office_s02e06.mp4;1208.62;1220.18;no
3050022;Ryan walks through tall grass as a red car slows alongside.;s08e04_074;office_s08e04.mp4;588.42;595.60;no
9020016;A man with a tray of drinks approaches Jim and Pam, and Pam takes a drink from his tray, handing him the banana peel.;s09e14_138;office_s09e14.mp4;1111.57;1117.20;no
8240034;Dwight tries to kiss Angela, who pushes him away, then kisses him hard, as they sit together in a waiting room.;s03e05_007;office_s03e05.mp4;88.00;94.18;no
2100019;Ryan holds up a pink floral name plate.;s05e03_102;office_s05e03.mp4;814.02;819.53;no
8240034;Dwight tries to kiss Angela, who pushes him away, then kisses him hard, as they sit together in a waiting room.;s09e14_047;office_s09e14.mp4;370.87;373.92;no
3050017;Dwight throws his arms up shouting excitedly outside a wooden barn.;s08e04_093;office_s08e04.mp4;743.70;748.54;no
1020015;People in the room raise their hands in the air at the same time.;s01e02_029;office_s01e02.mp4;305.56;319.56;no
5170020;Pam covers the phone receiver and speaks sternly to Michael, who stands at the reception desk.;s03e05_181;office_s03e05.mp4;1191.57;1195.99;no
3050014;Stanley stands in a long line laughing joyfully.;s08e04_001;office_s08e04.mp4;0.00;8.18;no
6050021;Ryan sits in a meeting, staring at the phone in his hand, while others sit around him watching something.;s01e02_007;office_s01e02.mp4;115.45;124.54;no
1020018;Michael laughs while holding a yellow paper in his hand.;s06e09_009;office_s06e09.mp4;48.05;54.30;no
1020020;Michael tears up the yellow paper in front of people.;s05e03_081;office_s05e03.mp4;653.44;662.64;no
2060031;Dwight stands up from his chair, makes a traditional martial arts salute and bows forward.;s06e09_014;office_s06e09.mp4;72.66;83.96;no
1020017;A Black man with a brown briefcase exits Michael's room in a rush.;s01e05_001;office_s01e05.mp4;55.09;69.48;no
8240034;Dwight tries to kiss Angela, who pushes him away, then kisses him hard, as they sit together in a waiting room.;s06e05_039;office_s06e05.mp4;351.48;359.23;no
7140011;A shot of Michael in front of a gas station, gas pumps behind him and someone cleaning the window of his car.;s03e19_097;office_s03e19.mp4;723.72;737.86;no
8240016;Andy, in the bathroom, pours alcohol on himself from a bottle, standing in front of the mirror and sink.;s04e09_017;office_s04e09.mp4;174.02;188.73;no
1020017;A Black man with a brown briefcase exits Michael's room in a rush.;s07e23_105;office_s07e23.mp4;944.84;958.18;no
1020020;Michael tears up the yellow paper in front of people.;s07e14_153;office_s07e14.mp4;1250.96;1255.25;no
1050005;A wide shot of the warehouse space with a basketball hoop.;s01e05_121;office_s01e05.mp4;1044.75;1053.01;no
1020006;A shot of Kevin sitting at the desk, writing something in a giant book with a big red pencil.;s03e05_170;office_s03e05.mp4;1124.27;1133.51;no
2100006;Dwight vacuums up needles under the Christmas tree.;s02e10_006;office_s02e10.mp4;77.40;87.96;no
2060023;Jim in a blue shirt looks stunned in front of a whiteboard.;s09e04_028;office_s09e04.mp4;189.52;204.50;no
2060001;Dwight finds his desk in a men's bathroom.;s05e03_005;office_s05e03.mp4;31.95;42.42;no
1020018;Michael laughs while holding a yellow paper in his hand.;s02e06_058;office_s02e06.mp4;466.13;480.23;no
1020017;A Black man with a brown briefcase exits Michael's room in a rush.;s02e06_007;office_s02e06.mp4;49.26;59.87;no
3050014;Stanley stands in a long line laughing joyfully.;s04e09_016;office_s04e09.mp4;159.31;174.02;no
8240026;The man in glasses hugs and then kisses Andy on the lips near the reception desk.;s07e23_086;office_s07e23.mp4;747.64;757.84;no
2100025;Kevin stands in a small foot spa tub in the office.;s05e17_017;office_s05e17.mp4;177.01;188.10;no
2060030;Michael takes off his helmet and lunges at Dwight, hitting him with it.;s06e05_110;office_s06e05.mp4;1046.25;1051.05;no
8240006;Creed poses for a photo with two elderly people beside him as a woman photographs them in front of a blue backdrop.;s08e24_008;office_s08e24.mp4;107.77;110.82;no
7140002;Ryan, in a light shirt and striped tie, stands by Kelly, in a yellow cardigan over a floral top, who touches his arm while he covers his eyes and scratches his head, stressed.;s07e14_060;office_s07e14.mp4;555.93;566.09;no
2060001;Dwight finds his desk in a men's bathroom.;s07e23_046;office_s07e23.mp4;402.36;416.71;no
8240006;Creed poses for a photo with two elderly people beside him as a woman photographs them in front of a blue backdrop.;s08e24_065;office_s08e24.mp4;474.77;480.15;no
2060014;Michael falls to his knees, sweeping his things off the desk.;s01e05_106;office_s01e05.mp4;907.82;913.75;no
8040028;Kelly rubs her arms, cold, while Ryan drinks beside her at a table with wine bottles, at the outdoor party.;s08e04_145;office_s08e04.mp4;1158.91;1163.91;no
1020006;A shot of Kevin sitting at the desk, writing something in a giant book with a big red pencil.;s02e06_023;office_s02e06.mp4;195.99;205.25;no
2060031;Dwight stands up from his chair, makes a traditional martial arts salute and bows forward.;s01e02_035;office_s01e02.mp4;377.27;389.93;no
5170020;Pam covers the phone receiver and speaks sternly to Michael, who stands at the reception desk.;s01e05_053;office_s01e05.mp4;507.39;519.60;no
9020006;Meredith and Pam stand with a shiny spinning wheel turning between them, as people clap.;s09e02_018;office_s09e02.mp4;107.36;114.45;no
1020020;Michael tears up the yellow paper in front of people.;s01e02_066;office_s01e02.mp4;634.57;648.52;no
2060001;Dwight finds his desk in a men's bathroom.;s05e03_049;office_s05e03.mp4;368.16;382.21;no
5170016;Two men in suits shake hands laughing in an office with blinds, while a man sits looking on.;s09e02_057;office_s09e02.mp4;399.15;402.53;no
5170016;Two men in suits shake hands laughing in an office with blinds, while a man sits looking on.;s09e14_103;office_s09e14.mp4;831.96;843.60;no
9020023;Seen through a half-open door, Jim leans against the stair railing, resting his forehead on his hand.;s07e23_038;office_s07e23.mp4;323.38;333.79;no
8240006;Creed poses for a photo with two elderly people beside him as a woman photographs them in front of a blue backdrop.;s08e24_132;office_s08e24.mp4;1020.39;1025.27;no
1020028;A man puts champagne on a desk with a black nameplate on it.;s02e10_010;office_s02e10.mp4;115.91;127.51;no
3050017;Dwight throws his arms up shouting excitedly outside a wooden barn.;s05e03_094;office_s05e03.mp4;768.98;772.77;no
1020018;Michael laughs while holding a yellow paper in his hand.;s02e10_076;office_s02e10.mp4;642.85;649.02;no
1020006;A shot of Kevin sitting at the desk, writing something in a giant book with a big red pencil.;s03e19_098;office_s03e19.mp4;737.86;748.86;no
9040016;Dwight angrily drops the keys with a yellow keychain onto Jim's.;s02e06_078;office_s02e06.mp4;612.70;620.79;no
9040029;Erin sticks red tape on the wall where Toby pointed, tapping his fingers.;s01e02_120;office_s01e02.mp4;1134.01;1137.30;no
1020018;Michael laughs while holding a yellow paper in his hand.;s02e10_092;office_s02e10.mp4;739.24;747.54;no
9140025;Pam, in a grey hoodie, stands next to Dwight in the warehouse, pressing her hands to the sides of her face and ears, stressed.;s07e14_136;office_s07e14.mp4;1123.71;1135.63;no
3190004;Darryl on crutches presses a button on a red industrial machine as its small panel door opens and lifts up.;s06e09_131;office_s06e09.mp4;1018.39;1025.15;no
8240026;The man in glasses hugs and then kisses Andy on the lips near the reception desk.;s02e06_012;office_s02e06.mp4;88.92;94.84;no
9040029;Erin sticks red tape on the wall where Toby pointed, tapping his fingers.;s04e09_119;office_s04e09.mp4;900.69;912.91;no
9020035;A young man leans over the reception desk, holding a Newsweek magazine with a brain-map illustration of a head on the cover.;s02e06_010;office_s02e06.mp4;73.78;81.35;no
1020028;A man puts champagne on a desk with a black nameplate on it.;s05e17_056;office_s05e17.mp4;517.60;530.40;no
2100006;Dwight vacuums up needles under the Christmas tree.;s03e05_106;office_s03e05.mp4;741.16;744.45;no
7140011;A shot of Michael in front of a gas station, gas pumps behind him and someone cleaning the window of his car.;s06e05_088;office_s06e05.mp4;808.35;815.23;no
3190009;A woman yawns widely on a couch beside a man with crutches.;s09e04_138;office_s09e04.mp4;913.12;918.33;no
8240019;Dwight with small scissors walks up to Angela, who is taking a photo with a man and a child.;s08e24_053;office_s08e24.mp4;392.73;399.02;no
8240019;Dwight with small scissors walks up to Angela, who is taking a photo with a man and a child.;s01e02_128;office_s01e02.mp4;1176.65;1186.68;no
5170016;Two men in suits shake hands laughing in an office with blinds, while a man sits looking on.;s03e19_053;office_s03e19.mp4;360.15;370.83;no
3190025;Ryan stands up and kisses Kelly on the nose.;s03e19_010;office_s03e19.mp4;48.92;55.93;no
9140034;Dwight peeks through binoculars, as Pam ends the call and exits through a door behind the boxes.;s02e06_089;office_s02e06.mp4;712.34;723.64;no
1050001;Darryl walks straight through the warehouse with the cupboard.;s01e05_101;office_s01e05.mp4;873.27;880.92;no
9020035;A young man leans over the reception desk, holding a Newsweek magazine with a brain-map illustration of a head on the cover.;s09e02_044;office_s09e02.mp4;323.91;334.21;no
1020017;A Black man with a brown briefcase exits Michael's room in a rush.;s05e03_056;office_s05e03.mp4;448.53;456.75;no
5170020;Pam covers the phone receiver and speaks sternly to Michael, who stands at the reception desk.;s02e06_001;office_s02e06.mp4;0.00;10.97;no
5170020;Pam covers the phone receiver and speaks sternly to Michael, who stands at the reception desk.;s03e19_077;office_s03e19.mp4;554.43;564.27;no
2060014;Michael falls to his knees, sweeping his things off the desk.;s02e06_066;office_s02e06.mp4;523.02;527.15;no
8040028;Kelly rubs her arms, cold, while Ryan drinks beside her at a table with wine bottles, at the outdoor party.;s09e02_089;office_s09e02.mp4;605.61;614.15;no
1020006;A shot of Kevin sitting at the desk, writing something in a giant book with a big red pencil.;s09e02_014;office_s09e02.mp4;84.96;89.42;no
1050017;Jim ties his shoes while sitting in the armchair and talking to Pam.;s04e09_060;office_s04e09.mp4;474.97;478.60;no
1050025;Dwight drinks from the bottle with his mask on his face and spits.;s06e05_024;office_s06e05.mp4;194.03;201.03;no
8040028;Kelly rubs her arms, cold, while Ryan drinks beside her at a table with wine bottles, at the outdoor party.;s04e09_125;office_s04e09.mp4;970.64;978.81;no
3190004;Darryl on crutches presses a button on a red industrial machine as its small panel door opens and lifts up.;s03e19_031;office_s03e19.mp4;201.03;209.38;no
2060003;Dwight talks on the phone at his desk in the bathroom while a man holding a candle walks past him.;s01e05_013;office_s01e05.mp4;178.18;191.53;no
7140011;A shot of Michael in front of a gas station, gas pumps behind him and someone cleaning the window of his car.;s07e14_088;office_s07e14.mp4;782.49;786.54;no
9140025;Pam, in a grey hoodie, stands next to Dwight in the warehouse, pressing her hands to the sides of her face and ears, stressed.;s07e14_134;office_s07e14.mp4;1099.85;1111.78;no
5170020;Pam covers the phone receiver and speaks sternly to Michael, who stands at the reception desk.;s05e17_044;office_s05e17.mp4;418.44;426.55;no
1020006;A shot of Kevin sitting at the desk, writing something in a giant book with a big red pencil.;s09e02_039;office_s09e02.mp4;293.38;296.38;no
5170020;Pam covers the phone receiver and speaks sternly to Michael, who stands at the reception desk.;s03e19_050;office_s03e19.mp4;334.67;347.18;no
9140029;A man standing behind Oscar, hands on his shoulders, pats his cheek in front of everyone at a gathering.;s09e02_032;office_s09e02.mp4;230.81;239.78;no
9020016;A man with a tray of drinks approaches Jim and Pam, and Pam takes a drink from his tray, handing him the banana peel.;s09e14_083;office_s09e14.mp4;670.67;676.51;no
3190004;Darryl on crutches presses a button on a red industrial machine as its small panel door opens and lifts up.;s03e19_022;office_s03e19.mp4;145.23;150.82;no
2060007;Michael sitting with his legs crossed taps his finger against a black mug.;s08e24_111;office_s08e24.mp4;851.18;863.15;no
2060032;Dwight applies white-out with a small brush to a business card.;s02e06_165;office_s02e06.mp4;1266.14;1271.60;no
1020017;A Black man with a brown briefcase exits Michael's room in a rush.;s07e14_097;office_s07e14.mp4;858.48;865.95;no
9140003;Pam, in a brown coat, carrying a folded blanket under her arm, walks through the warehouse, then stops and screams in shock.;s07e14_068;office_s07e14.mp4;629.32;643.23;no
3190009;A woman yawns widely on a couch beside a man with crutches.;s01e02_139;office_s01e02.mp4;1268.71;1279.83;no
7140011;A shot of Michael in front of a gas station, gas pumps behind him and someone cleaning the window of his car.;s03e19_006;office_s03e19.mp4;24.44;29.86;no
2060031;Dwight stands up from his chair, makes a traditional martial arts salute and bows forward.;s06e09_001;office_s06e09.mp4;0.00;10.89;no
9140034;Dwight peeks through binoculars, as Pam ends the call and exits through a door behind the boxes.;s07e23_104;office_s07e23.mp4;931.51;944.84;no
9020023;Seen through a half-open door, Jim leans against the stair railing, resting his forehead on his hand.;s01e05_077;office_s01e05.mp4;700.99;705.04;no
2060023;Jim in a blue shirt looks stunned in front of a whiteboard.;s02e06_050;office_s02e06.mp4;408.24;414.08;no
6050021;Ryan sits in a meeting, staring at the phone in his hand, while others sit around him watching something.;s09e04_017;office_s09e04.mp4;99.77;104.86;no
3190025;Ryan stands up and kisses Kelly on the nose.;s03e19_163;office_s03e19.mp4;1184.60;1196.99;no
2060003;Dwight talks on the phone at his desk in the bathroom while a man holding a candle walks past him.;s05e03_038;office_s05e03.mp4;283.74;297.21;no
3190025;Ryan stands up and kisses Kelly on the nose.;s04e09_119;office_s04e09.mp4;900.69;912.91;no
2060023;Jim in a blue shirt looks stunned in front of a whiteboard.;s06e05_005;office_s06e05.mp4;24.73;34.78;no
1020015;People in the room raise their hands in the air at the same time.;s02e10_053;office_s02e10.mp4;471.47;478.85;no
6090022;Andy looks at Erin, who is talking to other people, with a disgusted, forced smile.;s04e09_117;office_s04e09.mp4;879.50;890.97;no
5030032;An old photo showing a baby sitting on a red toy car outside.;s06e09_089;office_s06e09.mp4;686.60;692.15;no
9020028;Dwight stretches his interlocked hands out in front of the break room vending machines, stern and determined.;s09e14_129;office_s09e14.mp4;1034.49;1046.55;no
1020018;Michael laughs while holding a yellow paper in his hand.;s02e10_151;office_s02e10.mp4;1174.51;1179.72;no
1050001;Darryl walks straight through the warehouse with the cupboard.;s01e05_065;office_s01e05.mp4;606.77;617.58;no
9140002;Erin, carrying a giant teddy bear, meets Darryl while walking up the stairs in the stairwell.;s08e24_080;office_s08e24.mp4;600.70;614.74;no
9140003;Pam, in a brown coat, carrying a folded blanket under her arm, walks through the warehouse, then stops and screams in shock.;s09e14_072;office_s09e14.mp4;587.04;599.15;no
1020006;A shot of Kevin sitting at the desk, writing something in a giant book with a big red pencil.;s09e02_042;office_s09e02.mp4;309.48;319.11;no
5170020;Pam covers the phone receiver and speaks sternly to Michael, who stands at the reception desk.;s07e14_081;office_s07e14.mp4;749.04;753.42;no
3190025;Ryan stands up and kisses Kelly on the nose.;s03e19_093;office_s03e19.mp4;698.62;705.58;no
9140025;Pam, in a grey hoodie, stands next to Dwight in the warehouse, pressing her hands to the sides of her face and ears, stressed.;s09e14_071;office_s09e14.mp4;577.60;587.04;no
9140034;Dwight peeks through binoculars, as Pam ends the call and exits through a door behind the boxes.;s09e14_127;office_s09e14.mp4;1027.48;1031.45;no
1050025;Dwight drinks from the bottle with his mask on his face and spits.;s07e23_073;office_s07e23.mp4;613.72;626.71;no
2060023;Jim in a blue shirt looks stunned in front of a whiteboard.;s08e04_023;office_s08e04.mp4;183.77;193.92;no
2060023;Jim in a blue shirt looks stunned in front of a whiteboard.;s02e06_159;office_s02e06.mp4;1226.14;1231.56;no
9020006;Meredith and Pam stand with a shiny spinning wheel turning between them, as people clap.;s09e02_017;office_s09e02.mp4;100.31;107.36;no
1020020;Michael tears up the yellow paper in front of people.;s03e19_049;office_s03e19.mp4;322.15;334.67;no
9140029;A man standing behind Oscar, hands on his shoulders, pats his cheek in front of everyone at a gathering.;s08e04_081;office_s08e04.mp4;645.14;651.57;no
3050017;Dwight throws his arms up shouting excitedly outside a wooden barn.;s03e05_062;office_s03e05.mp4;440.40;452.20;no
5030032;An old photo showing a baby sitting on a red toy car outside.;s05e03_159;office_s05e03.mp4;1250.83;1255.00;no
1020017;A Black man with a brown briefcase exits Michael's room in a rush.;s02e06_123;office_s02e06.mp4;943.82;955.75;no
8240034;Dwight tries to kiss Angela, who pushes him away, then kisses him hard, as they sit together in a waiting room.;s06e09_095;office_s06e09.mp4;728.98;740.99;no
1050017;Jim ties his shoes while sitting in the armchair and talking to Pam.;s02e06_033;office_s02e06.mp4;275.02;281.11;no
1020020;Michael tears up the yellow paper in front of people.;s07e23_073;office_s07e23.mp4;613.72;626.71;no
2060009;Michael peers through the blinds while talking on the phone, pulling them apart with his hand.;s02e06_024;office_s02e06.mp4;205.25;214.51;no
8240034;Dwight tries to kiss Angela, who pushes him away, then kisses him hard, as they sit together in a waiting room.;s09e02_105;office_s09e02.mp4;749.71;756.38;no
9140003;Pam, in a brown coat, carrying a folded blanket under her arm, walks through the warehouse, then stops and screams in shock.;s08e04_011;office_s08e04.mp4;84.79;96.28;no
5030032;An old photo showing a baby sitting on a red toy car outside.;s05e03_097;office_s05e03.mp4;783.41;787.58;no
2100006;Dwight vacuums up needles under the Christmas tree.;s02e10_004;office_s02e10.mp4;30.91;39.41;no
6090022;Andy looks at Erin, who is talking to other people, with a disgusted, forced smile.;s09e02_032;office_s09e02.mp4;230.81;239.78;no
5170020;Pam covers the phone receiver and speaks sternly to Michael, who stands at the reception desk.;s03e05_159;office_s03e05.mp4;1057.01;1062.94;no
1020018;Michael laughs while holding a yellow paper in his hand.;s08e04_077;office_s08e04.mp4;607.48;618.30;no
8240034;Dwight tries to kiss Angela, who pushes him away, then kisses him hard, as they sit together in a waiting room.;s05e03_061;office_s05e03.mp4;483.57;489.41;no
1020006;A shot of Kevin sitting at the desk, writing something in a giant book with a big red pencil.;s08e24_011;office_s08e24.mp4;123.29;132.88;no
5170016;Two men in suits shake hands laughing in an office with blinds, while a man sits looking on.;s06e09_133;office_s06e09.mp4;1035.41;1050.13;no
1020006;A shot of Kevin sitting at the desk, writing something in a giant book with a big red pencil.;s01e02_052;office_s01e02.mp4;506.55;511.51;no
5170020;Pam covers the phone receiver and speaks sternly to Michael, who stands at the reception desk.;s05e03_149;office_s05e03.mp4;1191.27;1197.03;no
5170020;Pam covers the phone receiver and speaks sternly to Michael, who stands at the reception desk.;s09e02_044;office_s09e02.mp4;323.91;334.21;no
1050005;A wide shot of the warehouse space with a basketball hoop.;s01e05_120;office_s01e05.mp4;1031.82;1044.75;no
8240019;Dwight with small scissors walks up to Angela, who is taking a photo with a man and a child.;s06e05_044;office_s06e05.mp4;394.35;405.95;no
1020006;A shot of Kevin sitting at the desk, writing something in a giant book with a big red pencil.;s05e17_071;office_s05e17.mp4;620.29;623.96;no
1020020;Michael tears up the yellow paper in front of people.;s02e06_061;office_s02e06.mp4;488.49;498.29;no
2060003;Dwight talks on the phone at his desk in the bathroom while a man holding a candle walks past him.;s03e05_161;office_s03e05.mp4;1067.23;1074.37;no
9140003;Pam, in a brown coat, carrying a folded blanket under her arm, walks through the warehouse, then stops and screams in shock.;s08e24_051;office_s08e24.mp4;369.60;378.42;no
2060009;Michael peers through the blinds while talking on the phone, pulling them apart with his hand.;s02e06_125;office_s02e06.mp4;968.44;981.13;no
2060023;Jim in a blue shirt looks stunned in front of a whiteboard.;s02e10_024;office_s02e10.mp4;244.08;253.50;no
5170020;Pam covers the phone receiver and speaks sternly to Michael, who stands at the reception desk.;s01e05_025;office_s01e05.mp4;277.03;288.62;no
9040016;Dwight angrily drops the keys with a yellow keychain onto Jim's.;s05e17_004;office_s05e17.mp4;43.26;57.68;no
2060003;Dwight talks on the phone at his desk in the bathroom while a man holding a candle walks past him.;s06e09_137;office_s06e09.mp4;1087.88;1100.18;no
9140025;Pam, in a grey hoodie, stands next to Dwight in the warehouse, pressing her hands to the sides of her face and ears, stressed.;s02e06_107;office_s02e06.mp4;830.62;836.25;no
9140025;Pam, in a grey hoodie, stands next to Dwight in the warehouse, pressing her hands to the sides of her face and ears, stressed.;s09e14_066;office_s09e14.mp4;509.29;524.01;no
2060001;Dwight finds his desk in a men's bathroom.;s08e24_066;office_s08e24.mp4;480.15;494.16;no
2060009;Michael peers through the blinds while talking on the phone, pulling them apart with his hand.;s01e02_005;office_s01e02.mp4;102.02;112.40;no
1050025;Dwight drinks from the bottle with his mask on his face and spits.;s08e24_111;office_s08e24.mp4;851.18;863.15;no
2100023;Michael in a Santa hat buys a lot of drinks at the store.;s02e10_030;office_s02e10.mp4;290.29;299.17;no
1020015;People in the room raise their hands in the air at the same time.;s04e09_067;office_s04e09.mp4;526.48;538.96;no
8240016;Andy, in the bathroom, pours alcohol on himself from a bottle, standing in front of the mirror and sink.;s01e05_099;office_s01e05.mp4;859.48;865.62;no
4090029;Two police officers arrive outside a house at night, patrol lights flashing behind them.;s04e09_154;office_s04e09.mp4;1193.39;1206.08;no
5030018;Pam talks on the phone in a laundromat while a woman on the left sits on a washing machine folding clothes.;s03e05_174;office_s03e05.mp4;1145.85;1152.61;no
2060016;Dwight in a yellow shirt pulls his shirt aside and shows his stomach.;s09e04_168;office_s09e04.mp4;1091.55;1098.51;no
8240026;The man in glasses hugs and then kisses Andy on the lips near the reception desk.;s07e23_123;office_s07e23.mp4;1095.63;1106.88;no
9140029;A man standing behind Oscar, hands on his shoulders, pats his cheek in front of everyone at a gathering.;s08e04_083;office_s08e04.mp4;660.33;674.92;no
9140025;Pam, in a grey hoodie, stands next to Dwight in the warehouse, pressing her hands to the sides of her face and ears, stressed.;s01e02_103;office_s01e02.mp4;957.41;970.51;no
2060030;Michael takes off his helmet and lunges at Dwight, hitting him with it.;s02e06_113;office_s02e06.mp4;869.74;875.79;no
9020035;A young man leans over the reception desk, holding a Newsweek magazine with a brain-map illustration of a head on the cover.;s01e02_060;office_s01e02.mp4;575.53;590.05;no
8240019;Dwight with small scissors walks up to Angela, who is taking a photo with a man and a child.;s06e05_126;office_s06e05.mp4;1167.88;1175.63;no
9020035;A young man leans over the reception desk, holding a Newsweek magazine with a brain-map illustration of a head on the cover.;s08e04_051;office_s08e04.mp4;419.71;427.18;no
9140003;Pam, in a brown coat, carrying a folded blanket under her arm, walks through the warehouse, then stops and screams in shock.;s07e14_145;office_s07e14.mp4;1198.61;1205.08;no
7140011;A shot of Michael in front of a gas station, gas pumps behind him and someone cleaning the window of his car.;s06e09_089;office_s06e09.mp4;686.60;692.15;no
2060014;Michael falls to his knees, sweeping his things off the desk.;s06e05_121;office_s06e05.mp4;1125.50;1134.11;no
9020023;Seen through a half-open door, Jim leans against the stair railing, resting his forehead on his hand.;s06e09_136;office_s06e09.mp4;1074.47;1087.88;no
1020008;Angela sitting in front of a whiteboard eats a banana.;s03e05_096;office_s03e05.mp4;658.66;661.70;no
9140029;A man standing behind Oscar, hands on his shoulders, pats his cheek in front of everyone at a gathering.;s09e14_130;office_s09e14.mp4;1046.55;1056.78;no
1020015;People in the room raise their hands in the air at the same time.;s02e10_144;office_s02e10.mp4;1131.26;1139.99;no
3190004;Darryl on crutches presses a button on a red industrial machine as its small panel door opens and lifts up.;s08e24_044;office_s08e24.mp4;321.99;328.87;no
2100019;Ryan holds up a pink floral name plate.;s04e09_127;office_s04e09.mp4;990.03;1004.02;no
1020028;A man puts champagne on a desk with a black nameplate on it.;s08e24_135;office_s08e24.mp4;1037.79;1043.21;no
3050017;Dwight throws his arms up shouting excitedly outside a wooden barn.;s03e05_105;office_s03e05.mp4;726.71;741.16;no
2060023;Jim in a blue shirt looks stunned in front of a whiteboard.;s09e04_087;office_s09e04.mp4;603.19;611.65;no
1020008;Angela sitting in front of a whiteboard eats a banana.;s05e03_123;office_s05e03.mp4;1002.59;1006.71;no
1050017;Jim ties his shoes while sitting in the armchair and talking to Pam.;s08e24_049;office_s08e24.mp4;346.39;360.78;no
9140002;Erin, carrying a giant teddy bear, meets Darryl while walking up the stairs in the stairwell.;s08e24_058;office_s08e24.mp4;424.17;436.89;no
3190009;A woman yawns widely on a couch beside a man with crutches.;s05e03_114;office_s05e03.mp4;941.73;952.83;no
5030032;An old photo showing a baby sitting on a red toy car outside.;s05e03_048;office_s05e03.mp4;364.32;368.16;no
2100019;Ryan holds up a pink floral name plate.;s05e03_066;office_s05e03.mp4;539.08;548.72;no
3190025;Ryan stands up and kisses Kelly on the nose.;s01e05_080;office_s01e05.mp4;715.63;723.74;no
8240019;Dwight with small scissors walks up to Angela, who is taking a photo with a man and a child.;s07e23_080;office_s07e23.mp4;684.52;695.86;no
9020023;Seen through a half-open door, Jim leans against the stair railing, resting his forehead on his hand.;s06e09_133;office_s06e09.mp4;1035.41;1050.13;no
6090022;Andy looks at Erin, who is talking to other people, with a disgusted, forced smile.;s09e02_026;office_s09e02.mp4;195.78;199.07;no
9140003;Pam, in a brown coat, carrying a folded blanket under her arm, walks through the warehouse, then stops and screams in shock.;s07e14_091;office_s07e14.mp4;804.53;818.68;no
5170020;Pam covers the phone receiver and speaks sternly to Michael, who stands at the reception desk.;s01e05_051;office_s01e05.mp4;482.98;495.19;no
6050021;Ryan sits in a meeting, staring at the phone in his hand, while others sit around him watching something.;s06e09_067;office_s06e09.mp4;501.46;511.01;no
4090011;Andy hands a bouquet to one woman, then gives a single flower from it to Angela beside her.;s09e02_035;office_s09e02.mp4;259.05;270.31;no
9040029;Erin sticks red tape on the wall where Toby pointed, tapping his fingers.;s09e14_008;office_s09e14.mp4;55.64;60.56;no
1050017;Jim ties his shoes while sitting in the armchair and talking to Pam.;s02e06_037;office_s02e06.mp4;306.01;314.06;no
4090029;Two police officers arrive outside a house at night, patrol lights flashing behind them.;s04e09_152;office_s04e09.mp4;1168.02;1180.70;no
1020018;Michael laughs while holding a yellow paper in his hand.;s09e14_039;office_s09e14.mp4;304.43;312.19;no
9140003;Pam, in a brown coat, carrying a folded blanket under her arm, walks through the warehouse, then stops and screams in shock.;s09e14_010;office_s09e14.mp4;74.93;81.08;no
7140002;Ryan, in a light shirt and striped tie, stands by Kelly, in a yellow cardigan over a floral top, who touches his arm while he covers his eyes and scratches his head, stressed.;s08e04_091;office_s08e04.mp4;732.77;740.66;no
3190025;Ryan stands up and kisses Kelly on the nose.;s01e02_109;office_s01e02.mp4;1036.11;1049.23;no
3050022;Ryan walks through tall grass as a red car slows alongside.;s06e05_055;office_s06e05.mp4;487.61;497.04;no
3050017;Dwight throws his arms up shouting excitedly outside a wooden barn.;s08e04_151;office_s08e04.mp4;1199.32;1211.34;no
2060031;Dwight stands up from his chair, makes a traditional martial arts salute and bows forward.;s07e23_080;office_s07e23.mp4;684.52;695.86;no
7140034;A wide shot of a brown brick building with a silver car parked in front of it.;s07e14_034;office_s07e14.mp4;311.39;318.44;no
9020028;Dwight stretches his interlocked hands out in front of the break room vending machines, stern and determined.;s02e06_128;office_s02e06.mp4;1006.76;1014.68;no
1020028;A man puts champagne on a desk with a black nameplate on it.;s01e05_010;office_s01e05.mp4;138.14;151.49;no
2060001;Dwight finds his desk in a men's bathroom.;s09e04_043;office_s09e04.mp4;320.99;325.41;no
3050014;Stanley stands in a long line laughing joyfully.;s08e04_065;office_s08e04.mp4;521.69;529.07;no
3050014;Stanley stands in a long line laughing joyfully.;s09e14_132;office_s09e14.mp4;1067.02;1081.33;no
3050017;Dwight throws his arms up shouting excitedly outside a wooden barn.;s09e04_019;office_s09e04.mp4;108.73;114.58;no
8040028;Kelly rubs her arms, cold, while Ryan drinks beside her at a table with wine bottles, at the outdoor party.;s04e09_141;office_s04e09.mp4;1091.01;1095.34;no
2100006;Dwight vacuums up needles under the Christmas tree.;s02e10_089;office_s02e10.mp4;715.59;724.10;no
1020020;Michael tears up the yellow paper in front of people.;s01e02_050;office_s01e02.mp4;487.57;497.06;no
1020018;Michael laughs while holding a yellow paper in his hand.;s02e06_164;office_s02e06.mp4;1260.93;1266.14;no
1050005;A wide shot of the warehouse space with a basketball hoop.;s01e05_114;office_s01e05.mp4;978.14;984.57;no
9020023;Seen through a half-open door, Jim leans against the stair railing, resting his forehead on his hand.;s07e23_080;office_s07e23.mp4;684.52;695.86;no
1050025;Dwight drinks from the bottle with his mask on his face and spits.;s09e14_129;office_s09e14.mp4;1034.49;1046.55;no
9020006;Meredith and Pam stand with a shiny spinning wheel turning between them, as people clap.;s09e02_008;office_s09e02.mp4;41.38;50.72;no
7140002;Ryan, in a light shirt and striped tie, stands by Kelly, in a yellow cardigan over a floral top, who touches his arm while he covers his eyes and scratches his head, stressed.;s09e04_135;office_s09e04.mp4;896.77;902.78;no
9020023;Seen through a half-open door, Jim leans against the stair railing, resting his forehead on his hand.;s02e06_086;office_s02e06.mp4;684.35;695.40;no
9040016;Dwight angrily drops the keys with a yellow keychain onto Jim's.;s02e06_097;office_s02e06.mp4;765.93;771.19;no
1020017;A Black man with a brown briefcase exits Michael's room in a rush.;s03e05_052;office_s03e05.mp4;390.43;397.52;no
3050014;Stanley stands in a long line laughing joyfully.;s09e14_131;office_s09e14.mp4;1056.78;1067.02;no
1050025;Dwight drinks from the bottle with his mask on his face and spits.;s08e04_092;office_s08e04.mp4;740.66;743.70;no
3190009;A woman yawns widely on a couch beside a man with crutches.;s08e24_048;office_s08e24.mp4;341.84;346.39;no
9040029;Erin sticks red tape on the wall where Toby pointed, tapping his fingers.;s09e02_053;office_s09e02.mp4;377.54;380.92;no
8240026;The man in glasses hugs and then kisses Andy on the lips near the reception desk.;s06e05_061;office_s06e05.mp4;539.78;551.15;no
1020020;Michael tears up the yellow paper in front of people.;s02e06_093;office_s02e06.mp4;741.49;744.62;no
7140002;Ryan, in a light shirt and striped tie, stands by Kelly, in a yellow cardigan over a floral top, who touches his arm while he covers his eyes and scratches his head, stressed.;s02e06_091;office_s02e06.mp4;726.93;731.44;no
1050025;Dwight drinks from the bottle with his mask on his face and spits.;s09e04_133;office_s09e04.mp4;887.51;891.68;no
7140011;A shot of Michael in front of a gas station, gas pumps behind him and someone cleaning the window of his car.;s06e05_085;office_s06e05.mp4;779.74;792.33;no
9020023;Seen through a half-open door, Jim leans against the stair railing, resting his forehead on his hand.;s07e14_033;office_s07e14.mp4;300.65;311.39;no
9140002;Erin, carrying a giant teddy bear, meets Darryl while walking up the stairs in the stairwell.;s02e06_101;office_s02e06.mp4;789.83;795.34;no
3190025;Ryan stands up and kisses Kelly on the nose.;s04e09_117;office_s04e09.mp4;879.50;890.97;no
2060007;Michael sitting with his legs crossed taps his finger against a black mug.;s09e14_154;office_s09e14.mp4;1273.37;1283.61;no
2060032;Dwight applies white-out with a small brush to a business card.;s04e09_013;office_s04e09.mp4;97.72;102.73;no
9140025;Pam, in a grey hoodie, stands next to Dwight in the warehouse, pressing her hands to the sides of her face and ears, stressed.;s01e05_080;office_s01e05.mp4;715.63;723.74;no
8240034;Dwight tries to kiss Angela, who pushes him away, then kisses him hard, as they sit together in a waiting room.;s07e14_134;office_s07e14.mp4;1099.85;1111.78;no
3190025;Ryan stands up and kisses Kelly on the nose.;s03e05_068;office_s03e05.mp4;508.22;514.72;no
1020020;Michael tears up the yellow paper in front of people.;s08e24_097;office_s08e24.mp4;736.01;747.08;no
9140029;A man standing behind Oscar, hands on his shoulders, pats his cheek in front of everyone at a gathering.;s08e04_080;office_s08e04.mp4;638.97;645.14;no
1020006;A shot of Kevin sitting at the desk, writing something in a giant book with a big red pencil.;s02e10_031;office_s02e10.mp4;299.17;307.16;no
8240026;The man in glasses hugs and then kisses Andy on the lips near the reception desk.;s03e19_050;office_s03e19.mp4;334.67;347.18;no
6050021;Ryan sits in a meeting, staring at the phone in his hand, while others sit around him watching something.;s03e05_164;office_s03e05.mp4;1087.75;1094.51;no
1020017;A Black man with a brown briefcase exits Michael's room in a rush.;s03e05_084;office_s03e05.mp4;583.33;589.21;no
3050017;Dwight throws his arms up shouting excitedly outside a wooden barn.;s09e04_058;office_s09e04.mp4;418.63;421.92;no
3190009;A woman yawns widely on a couch beside a man with crutches.;s05e03_010;office_s05e03.mp4;64.44;72.86;no
9140034;Dwight peeks through binoculars, as Pam ends the call and exits through a door behind the boxes.;s03e19_157;office_s03e19.mp4;1132.34;1145.85;no
1050017;Jim ties his shoes while sitting in the armchair and talking to Pam.;s09e04_059;office_s09e04.mp4;421.92;427.01;no
1020020;Michael tears up the yellow paper in front of people.;s03e05_103;office_s03e05.mp4;697.82;712.27;no
1020028;A man puts champagne on a desk with a black nameplate on it.;s07e23_136;office_s07e23.mp4;1242.29;1255.55;no
1050017;Jim ties his shoes while sitting in the armchair and talking to Pam.;s07e23_001;office_s07e23.mp4;0.00;11.78;no
2060032;Dwight applies white-out with a small brush to a business card.;s08e24_022;office_s08e24.mp4;189.31;197.95;no
2060016;Dwight in a yellow shirt pulls his shirt aside and shows his stomach.;s09e14_046;office_s09e14.mp4;366.03;370.87;no
9040016;Dwight angrily drops the keys with a yellow keychain onto Jim's.;s01e02_009;office_s01e02.mp4;133.63;142.43;no
9040029;Erin sticks red tape on the wall where Toby pointed, tapping his fingers.;s09e04_033;office_s09e04.mp4;254.25;262.60;no
1020008;Angela sitting in front of a whiteboard eats a banana.;s08e04_036;office_s08e04.mp4;294.79;306.29;no
1020015;People in the room raise their hands in the air at the same time.;s09e04_178;office_s09e04.mp4;1155.90;1162.33;no
3190025;Ryan stands up and kisses Kelly on the nose.;s01e05_141;office_s01e05.mp4;1256.17;1267.47;no
1020015;People in the room raise their hands in the air at the same time.;s06e09_156;office_s06e09.mp4;1240.87;1252.73;no
9020016;A man with a tray of drinks approaches Jim and Pam, and Pam takes a drink from his tray, handing him the banana peel.;s04e09_061;office_s04e09.mp4;478.60;486.24;no
7140002;Ryan, in a light shirt and striped tie, stands by Kelly, in a yellow cardigan over a floral top, who touches his arm while he covers his eyes and scratches his head, stressed.;s03e05_063;office_s03e05.mp4;452.20;462.80;no
1050025;Dwight drinks from the bottle with his mask on his face and spits.;s09e04_054;office_s09e04.mp4;394.02;403.01;no
9040029;Erin sticks red tape on the wall where Toby pointed, tapping his fingers.;s04e09_145;office_s04e09.mp4;1112.99;1120.04;no
1020020;Michael tears up the yellow paper in front of people.;s02e10_092;office_s02e10.mp4;739.24;747.54;no
3190009;A woman yawns widely on a couch beside a man with crutches.;s08e24_050;office_s08e24.mp4;360.78;369.60;no
2060031;Dwight stands up from his chair, makes a traditional martial arts salute and bows forward.;s01e02_029;office_s01e02.mp4;305.56;319.56;no
6050021;Ryan sits in a meeting, staring at the phone in his hand, while others sit around him watching something.;s08e04_019;office_s08e04.mp4;165.62;169.34;no
4090029;Two police officers arrive outside a house at night, patrol lights flashing behind them.;s04e09_165;office_s04e09.mp4;1292.27;1300.13;no
2060023;Jim in a blue shirt looks stunned in front of a whiteboard.;s06e05_009;office_s06e05.mp4;55.85;63.40;no
8240016;Andy, in the bathroom, pours alcohol on himself from a bottle, standing in front of the mirror and sink.;s09e14_030;office_s09e14.mp4;217.84;226.52;no
3050014;Stanley stands in a long line laughing joyfully.;s09e02_155;office_s09e02.mp4;1094.22;1100.35;no
1020028;A man puts champagne on a desk with a black nameplate on it.;s09e02_116;office_s09e02.mp4;807.01;816.57;no
9020003;Kevin and Pam stand with a spinning wheel turning between them, as people clap.;s09e02_011;office_s09e02.mp4;67.11;72.91;no
8240026;The man in glasses hugs and then kisses Andy on the lips near the reception desk.;s05e17_009;office_s05e17.mp4;105.24;119.87;no
2100025;Kevin stands in a small foot spa tub in the office.;s08e04_023;office_s08e04.mp4;183.77;193.92;no
1020006;A shot of Kevin sitting at the desk, writing something in a giant book with a big red pencil.;s06e05_141;office_s06e05.mp4;1276.46;1287.71;no
2060032;Dwight applies white-out with a small brush to a business card.;s01e02_050;office_s01e02.mp4;487.57;497.06;no
1050025;Dwight drinks from the bottle with his mask on his face and spits.;s05e03_005;office_s05e03.mp4;31.95;42.42;no
1020008;Angela sitting in front of a whiteboard eats a banana.;s05e03_046;office_s05e03.mp4;355.86;360.24;no
2060023;Jim in a blue shirt looks stunned in front of a whiteboard.;s09e04_132;office_s09e04.mp4;881.92;887.51;no
1020028;A man puts champagne on a desk with a black nameplate on it.;s01e02_013;office_s01e02.mp4;168.42;172.67;no
1050017;Jim ties his shoes while sitting in the armchair and talking to Pam.;s08e24_048;office_s08e24.mp4;341.84;346.39;no
6090022;Andy looks at Erin, who is talking to other people, with a disgusted, forced smile.;s04e09_079;office_s04e09.mp4;604.94;609.07;no
9040029;Erin sticks red tape on the wall where Toby pointed, tapping his fingers.;s09e02_091;office_s09e02.mp4;617.20;630.36;no
7140002;Ryan, in a light shirt and striped tie, stands by Kelly, in a yellow cardigan over a floral top, who touches his arm while he covers his eyes and scratches his head, stressed.;s09e04_111;office_s09e04.mp4;761.30;769.69;no
9020023;Seen through a half-open door, Jim leans against the stair railing, resting his forehead on his hand.;s07e23_037;office_s07e23.mp4;312.96;323.38;no
9140025;Pam, in a grey hoodie, stands next to Dwight in the warehouse, pressing her hands to the sides of her face and ears, stressed.;s09e14_092;office_s09e14.mp4;733.98;746.33;no
5170020;Pam covers the phone receiver and speaks sternly to Michael, who stands at the reception desk.;s02e06_012;office_s02e06.mp4;88.92;94.84;no
9020028;Dwight stretches his interlocked hands out in front of the break room vending machines, stern and determined.;s01e05_091;office_s01e05.mp4;804.76;810.64;no
9020003;Kevin and Pam stand with a spinning wheel turning between them, as people clap.;s09e02_004;office_s09e02.mp4;16.81;24.82;no
9140003;Pam, in a brown coat, carrying a folded blanket under her arm, walks through the warehouse, then stops and screams in shock.;s09e14_126;office_s09e14.mp4;1023.77;1027.48;no
2060030;Michael takes off his helmet and lunges at Dwight, hitting him with it.;s02e06_114;office_s02e06.mp4;875.79;880.75;no
1020008;Angela sitting in front of a whiteboard eats a banana.;s05e03_101;office_s05e03.mp4;807.56;814.02;no
9040029;Erin sticks red tape on the wall where Toby pointed, tapping his fingers.;s01e05_056;office_s01e05.mp4;533.12;544.63;no
9140034;Dwight peeks through binoculars, as Pam ends the call and exits through a door behind the boxes.;s08e24_078;office_s08e24.mp4;572.61;586.66;no
2060003;Dwight talks on the phone at his desk in the bathroom while a man holding a candle walks past him.;s01e05_139;office_s01e05.mp4;1235.47;1250.04;no
9040029;Erin sticks red tape on the wall where Toby pointed, tapping his fingers.;s05e03_046;office_s05e03.mp4;355.86;360.24;no
5170016;Two men in suits shake hands laughing in an office with blinds, while a man sits looking on.;s07e14_098;office_s07e14.mp4;865.95;871.58;no
2060009;Michael peers through the blinds while talking on the phone, pulling them apart with his hand.;s07e14_032;office_s07e14.mp4;289.92;300.65;no
1050025;Dwight drinks from the bottle with his mask on his face and spits.;s07e23_079;office_s07e23.mp4;677.63;684.52;no
2060003;Dwight talks on the phone at his desk in the bathroom while a man holding a candle walks past him.;s07e23_014;office_s07e23.mp4;100.45;109.73;no
8240016;Andy, in the bathroom, pours alcohol on himself from a bottle, standing in front of the mirror and sink.;s02e06_008;office_s02e06.mp4;59.87;70.49;no
1020018;Michael laughs while holding a yellow paper in his hand.;s03e19_016;office_s03e19.mp4;95.26;100.89;no
8240019;Dwight with small scissors walks up to Angela, who is taking a photo with a man and a child.;s07e23_081;office_s07e23.mp4;695.86;707.21;no
5170016;Two men in suits shake hands laughing in an office with blinds, while a man sits looking on.;s08e24_151;office_s08e24.mp4;1125.54;1134.47;no
2060031;Dwight stands up from his chair, makes a traditional martial arts salute and bows forward.;s07e23_048;office_s07e23.mp4;427.39;438.06;no
1020018;Michael laughs while holding a yellow paper in his hand.;s05e17_010;office_s05e17.mp4;119.87;134.51;no
1020006;A shot of Kevin sitting at the desk, writing something in a giant book with a big red pencil.;s05e17_078;office_s05e17.mp4;653.99;657.57;no
8240019;Dwight with small scissors walks up to Angela, who is taking a photo with a man and a child.;s05e03_069;office_s05e03.mp4;556.89;561.73;no
1020006;A shot of Kevin sitting at the desk, writing something in a giant book with a big red pencil.;s07e23_045;office_s07e23.mp4;390.47;402.36;no
2060001;Dwight finds his desk in a men's bathroom.;s06e09_034;office_s06e09.mp4;254.13;261.97;no
5170020;Pam covers the phone receiver and speaks sternly to Michael, who stands at the reception desk.;s01e05_008;office_s01e05.mp4;116.03;124.79;no
2100025;Kevin stands in a small foot spa tub in the office.;s06e05_023;office_s06e05.mp4;186.10;194.03;no
2060001;Dwight finds his desk in a men's bathroom.;s09e14_030;office_s09e14.mp4;217.84;226.52;no
2060030;Michael takes off his helmet and lunges at Dwight, hitting him with it.;s05e03_016;office_s05e03.mp4;94.18;102.10;no
8240026;The man in glasses hugs and then kisses Andy on the lips near the reception desk.;s03e19_116;office_s03e19.mp4;876.29;886.99;no
1020020;Michael tears up the yellow paper in front of people.;s09e04_135;office_s09e04.mp4;896.77;902.78;no
8240019;Dwight with small scissors walks up to Angela, who is taking a photo with a man and a child.;s08e24_063;office_s08e24.mp4;467.51;471.05;no
9040016;Dwight angrily drops the keys with a yellow keychain onto Jim's.;s09e04_132;office_s09e04.mp4;881.92;887.51;no
9040016;Dwight angrily drops the keys with a yellow keychain onto Jim's.;s05e03_130;office_s05e03.mp4;1037.87;1042.33;no
9140034;Dwight peeks through binoculars, as Pam ends the call and exits through a door behind the boxes.;s09e14_069;office_s09e14.mp4;553.44;568.15;no
8040028;Kelly rubs her arms, cold, while Ryan drinks beside her at a table with wine bottles, at the outdoor party.;s08e04_087;office_s08e04.mp4;700.41;708.96;no
9140034;Dwight peeks through binoculars, as Pam ends the call and exits through a door behind the boxes.;s07e23_089;office_s07e23.mp4;775.48;786.45;no
9020006;Meredith and Pam stand with a shiny spinning wheel turning between them, as people clap.;s09e02_010;office_s09e02.mp4;54.80;67.11;no
8240034;Dwight tries to kiss Angela, who pushes him away, then kisses him hard, as they sit together in a waiting room.;s05e17_128;office_s05e17.mp4;1142.67;1157.41;no
2060023;Jim in a blue shirt looks stunned in front of a whiteboard.;s09e14_077;office_s09e14.mp4;642.27;646.44;no
2060031;Dwight stands up from his chair, makes a traditional martial arts salute and bows forward.;s04e09_013;office_s04e09.mp4;97.72;102.73;no
2100006;Dwight vacuums up needles under the Christmas tree.;s02e10_106;office_s02e10.mp4;836.00;845.89;no
9020028;Dwight stretches his interlocked hands out in front of the break room vending machines, stern and determined.;s09e04_135;office_s09e04.mp4;896.77;902.78;no
2100025;Kevin stands in a small foot spa tub in the office.;s06e09_035;office_s06e09.mp4;261.97;269.81;no
1050017;Jim ties his shoes while sitting in the armchair and talking to Pam.;s04e09_057;office_s04e09.mp4;455.25;464.13;no
2060032;Dwight applies white-out with a small brush to a business card.;s09e02_097;office_s09e02.mp4;663.58;670.17;no
8040028;Kelly rubs her arms, cold, while Ryan drinks beside her at a table with wine bottles, at the outdoor party.;s08e04_085;office_s08e04.mp4;683.31;690.40;no
9040016;Dwight angrily drops the keys with a yellow keychain onto Jim's.;s07e23_043;office_s07e23.mp4;367.44;378.59;no
5170020;Pam covers the phone receiver and speaks sternly to Michael, who stands at the reception desk.;s03e05_161;office_s03e05.mp4;1067.23;1074.37;no
2100019;Ryan holds up a pink floral name plate.;s08e04_100;office_s08e04.mp4;783.57;787.12;no
8240034;Dwight tries to kiss Angela, who pushes him away, then kisses him hard, as they sit together in a waiting room.;s02e10_101;office_s02e10.mp4;798.13;804.60;no
3190004;Darryl on crutches presses a button on a red industrial machine as its small panel door opens and lifts up.;s03e19_036;office_s03e19.mp4;226.69;233.19;no
1020006;A shot of Kevin sitting at the desk, writing something in a giant book with a big red pencil.;s09e04_195;office_s09e04.mp4;1278.99;1284.06;no
2060007;Michael sitting with his legs crossed taps his finger against a black mug.;s02e10_087;office_s02e10.mp4;705.79;710.38;no
1020015;People in the room raise their hands in the air at the same time.;s06e05_047;office_s06e05.mp4;427.53;437.52;no
2100019;Ryan holds up a pink floral name plate.;s06e05_091;office_s06e05.mp4;838.67;852.35;no
8240026;The man in glasses hugs and then kisses Andy on the lips near the reception desk.;s08e24_006;office_s08e24.mp4;70.27;84.33;no
5170020;Pam covers the phone receiver and speaks sternly to Michael, who stands at the reception desk.;s01e02_016;office_s01e02.mp4;186.31;195.49;no
2060031;Dwight stands up from his chair, makes a traditional martial arts salute and bows forward.;s01e02_078;office_s01e02.mp4;726.89;733.65;no
8240016;Andy, in the bathroom, pours alcohol on himself from a bottle, standing in front of the mirror and sink.;s01e05_139;office_s01e05.mp4;1235.47;1250.04;no
1020006;A shot of Kevin sitting at the desk, writing something in a giant book with a big red pencil.;s08e24_038;office_s08e24.mp4;290.62;298.30;no
2060007;Michael sitting with his legs crossed taps his finger against a black mug.;s05e03_112;office_s05e03.mp4;915.08;928.64;no
2100023;Michael in a Santa hat buys a lot of drinks at the store.;s02e10_124;office_s02e10.mp4;981.52;990.32;no
9020023;Seen through a half-open door, Jim leans against the stair railing, resting his forehead on his hand.;s06e09_002;office_s06e09.mp4;10.89;14.39;no
9020003;Kevin and Pam stand with a spinning wheel turning between them, as people clap.;s02e10_132;office_s02e10.mp4;1044.42;1048.96;no
1020020;Michael tears up the yellow paper in front of people.;s07e23_025;office_s07e23.mp4;212.53;227.06;no
1020020;Michael tears up the yellow paper in front of people.;s07e14_052;office_s07e14.mp4;492.35;500.33;no
2100025;Kevin stands in a small foot spa tub in the office.;s02e06_008;office_s02e06.mp4;59.87;70.49;no
5170020;Pam covers the phone receiver and speaks sternly to Michael, who stands at the reception desk.;s05e17_043;office_s05e17.mp4;410.33;418.44;no
2060003;Dwight talks on the phone at his desk in the bathroom while a man holding a candle walks past him.;s03e05_181;office_s03e05.mp4;1191.57;1195.99;no
9040016;Dwight angrily drops the keys with a yellow keychain onto Jim's.;s09e04_053;office_s09e04.mp4;382.01;394.02;no
9140003;Pam, in a brown coat, carrying a folded blanket under her arm, walks through the warehouse, then stops and screams in shock.;s09e14_152;office_s09e14.mp4;1252.88;1263.12;no
5170016;Two men in suits shake hands laughing in an office with blinds, while a man sits looking on.;s08e24_124;office_s08e24.mp4;966.13;969.18;no
7140002;Ryan, in a light shirt and striped tie, stands by Kelly, in a yellow cardigan over a floral top, who touches his arm while he covers his eyes and scratches his head, stressed.;s05e03_123;office_s05e03.mp4;1002.59;1006.71;no
1020015;People in the room raise their hands in the air at the same time.;s07e23_024;office_s07e23.mp4;197.99;212.53;no
3050014;Stanley stands in a long line laughing joyfully.;s09e02_032;office_s09e02.mp4;230.81;239.78;no
7140034;A wide shot of a brown brick building with a silver car parked in front of it.;s08e24_119;office_s08e24.mp4;932.60;940.57;no
3050022;Ryan walks through tall grass as a red car slows alongside.;s04e09_159;office_s04e09.mp4;1243.49;1248.75;no
5170016;Two men in suits shake hands laughing in an office with blinds, while a man sits looking on.;s07e14_125;office_s07e14.mp4;1038.79;1053.09;no
8240034;Dwight tries to kiss Angela, who pushes him away, then kisses him hard, as they sit together in a waiting room.;s07e23_097;office_s07e23.mp4;855.73;860.65;no
3050017;Dwight throws his arms up shouting excitedly outside a wooden barn.;s03e19_115;office_s03e19.mp4;864.45;876.29;no
9020016;A man with a tray of drinks approaches Jim and Pam, and Pam takes a drink from his tray, handing him the banana peel.;s09e14_026;office_s09e14.mp4;187.48;196.34;no
3050014;Stanley stands in a long line laughing joyfully.;s03e19_041;office_s03e19.mp4;262.10;269.56;no
8240016;Andy, in the bathroom, pours alcohol on himself from a bottle, standing in front of the mirror and sink.;s02e06_007;office_s02e06.mp4;49.26;59.87;no
1020015;People in the room raise their hands in the air at the same time.;s08e24_153;office_s08e24.mp4;1143.39;1147.73;no
5030018;Pam talks on the phone in a laundromat while a woman on the left sits on a washing machine folding clothes.;s05e03_156;office_s05e03.mp4;1229.77;1241.82;no
1020028;A man puts champagne on a desk with a black nameplate on it.;s02e06_010;office_s02e06.mp4;73.78;81.35;no
2060007;Michael sitting with his legs crossed taps his finger against a black mug.;s09e04_032;office_s09e04.mp4;245.91;254.25;no
2060023;Jim in a blue shirt looks stunned in front of a whiteboard.;s06e05_008;office_s06e05.mp4;48.30;55.85;no
1050001;Darryl walks straight through the warehouse with the cupboard.;s01e05_129;office_s01e05.mp4;1127.13;1138.10;no
5170016;Two men in suits shake hands laughing in an office with blinds, while a man sits looking on.;s03e19_084;office_s03e19.mp4;615.78;627.63;no
7140011;A shot of Michael in front of a gas station, gas pumps behind him and someone cleaning the window of his car.;s06e05_087;office_s06e05.mp4;795.38;808.35;no
7140034;A wide shot of a brown brick building with a silver car parked in front of it.;s06e09_086;office_s06e09.mp4;663.87;670.09;no
5170016;Two men in suits shake hands laughing in an office with blinds, while a man sits looking on.;s08e24_149;office_s08e24.mp4;1116.62;1121.16;no
9140034;Dwight peeks through binoculars, as Pam ends the call and exits through a door behind the boxes.;s09e14_124;office_s09e14.mp4;1015.14;1020.60;no
2060030;Michael takes off his helmet and lunges at Dwight, hitting him with it.;s03e05_091;office_s03e05.mp4;634.42;638.35;no
9140003;Pam, in a brown coat, carrying a folded blanket under her arm, walks through the warehouse, then stops and screams in shock.;s07e14_067;office_s07e14.mp4;615.41;629.32;no
9140003;Pam, in a brown coat, carrying a folded blanket under her arm, walks through the warehouse, then stops and screams in shock.;s01e05_118;office_s01e05.mp4;1006.05;1020.48;no
8240006;Creed poses for a photo with two elderly people beside him as a woman photographs them in front of a blue backdrop.;s08e24_108;office_s08e24.mp4;827.95;832.75;no
7140034;A wide shot of a brown brick building with a silver car parked in front of it.;s07e14_035;office_s07e14.mp4;318.44;322.40;no
1050025;Dwight drinks from the bottle with his mask on his face and spits.;s09e02_159;office_s09e02.mp4;1110.48;1115.95;no
1020018;Michael laughs while holding a yellow paper in his hand.;s09e04_117;office_s09e04.mp4;793.54;801.72;no
9020028;Dwight stretches his interlocked hands out in front of the break room vending machines, stern and determined.;s08e04_093;office_s08e04.mp4;743.70;748.54;no
9140029;A man standing behind Oscar, hands on his shoulders, pats his cheek in front of everyone at a gathering.;s01e05_131;office_s01e05.mp4;1149.07;1152.78;no
1050025;Dwight drinks from the bottle with his mask on his face and spits.;s02e10_109;office_s02e10.mp4;860.11;871.58;no
2060007;Michael sitting with his legs crossed taps his finger against a black mug.;s03e19_090;office_s03e19.mp4;676.01;679.85;no
6050021;Ryan sits in a meeting, staring at the phone in his hand, while others sit around him watching something.;s01e02_051;office_s01e02.mp4;497.06;506.55;no
9020003;Kevin and Pam stand with a spinning wheel turning between them, as people clap.;s09e02_007;office_s09e02.mp4;35.33;41.38;no
9140034;Dwight peeks through binoculars, as Pam ends the call and exits through a door behind the boxes.;s07e14_139;office_s07e14.mp4;1145.31;1151.44;no
1050005;A wide shot of the warehouse space with a basketball hoop.;s01e05_094;office_s01e05.mp4;820.32;825.70;no
2060009;Michael peers through the blinds while talking on the phone, pulling them apart with his hand.;s06e05_097;office_s06e05.mp4;904.70;914.73;no
5170016;Two men in suits shake hands laughing in an office with blinds, while a man sits looking on.;s05e17_004;office_s05e17.mp4;43.26;57.68;no
9020006;Meredith and Pam stand with a shiny spinning wheel turning between them, as people clap.;s09e02_003;office_s09e02.mp4;10.09;16.81;no
9020016;A man with a tray of drinks approaches Jim and Pam, and Pam takes a drink from his tray, handing him the banana peel.;s08e04_068;office_s08e04.mp4;545.21;553.07;no
9140003;Pam, in a brown coat, carrying a folded blanket under her arm, walks through the warehouse, then stops and screams in shock.;s09e14_141;office_s09e14.mp4;1127.84;1141.68;no
9140003;Pam, in a brown coat, carrying a folded blanket under her arm, walks through the warehouse, then stops and screams in shock.;s07e14_143;office_s07e14.mp4;1177.93;1188.27;no
8240019;Dwight with small scissors walks up to Angela, who is taking a photo with a man and a child.;s06e05_125;office_s06e05.mp4;1156.07;1167.88;no
1050017;Jim ties his shoes while sitting in the armchair and talking to Pam.;s09e04_032;office_s09e04.mp4;245.91;254.25;no
2060016;Dwight in a yellow shirt pulls his shirt aside and shows his stomach.;s03e05_091;office_s03e05.mp4;634.42;638.35;no
1050017;Jim ties his shoes while sitting in the armchair and talking to Pam.;s09e14_152;office_s09e14.mp4;1252.88;1263.12;no
1020018;Michael laughs while holding a yellow paper in his hand.;s06e09_095;office_s06e09.mp4;728.98;740.99;no
1020006;A shot of Kevin sitting at the desk, writing something in a giant book with a big red pencil.;s06e05_068;office_s06e05.mp4;605.44;615.62;no
1050025;Dwight drinks from the bottle with his mask on his face and spits.;s09e14_099;office_s09e14.mp4;800.05;807.93;no
3190025;Ryan stands up and kisses Kelly on the nose.;s03e05_069;office_s03e05.mp4;514.72;520.77;no
1020015;People in the room raise their hands in the air at the same time.;s02e06_043;office_s02e06.mp4;353.35;361.11;no
9020035;A young man leans over the reception desk, holding a Newsweek magazine with a brain-map illustration of a head on the cover.;s01e02_041;office_s01e02.mp4;428.26;437.19;no
9020023;Seen through a half-open door, Jim leans against the stair railing, resting his forehead on his hand.;s03e05_184;office_s03e05.mp4;1207.29;1210.92;no
1020015;People in the room raise their hands in the air at the same time.;s06e09_146;office_s06e09.mp4;1154.49;1157.49;no
8240034;Dwight tries to kiss Angela, who pushes him away, then kisses him hard, as they sit together in a waiting room.;s09e02_181;office_s09e02.mp4;1278.44;1284.12;no
1020015;People in the room raise their hands in the air at the same time.;s03e19_090;office_s03e19.mp4;676.01;679.85;no
8240019;Dwight with small scissors walks up to Angela, who is taking a photo with a man and a child.;s06e05_124;office_s06e05.mp4;1146.64;1156.07;no
1020017;A Black man with a brown briefcase exits Michael's room in a rush.;s05e03_004;office_s05e03.mp4;28.45;31.95;no
3050014;Stanley stands in a long line laughing joyfully.;s03e19_055;office_s03e19.mp4;379.09;390.43;no
1020018;Michael laughs while holding a yellow paper in his hand.;s05e03_043;office_s05e03.mp4;338.67;345.80;no
1020006;A shot of Kevin sitting at the desk, writing something in a giant book with a big red pencil.;s05e17_077;office_s05e17.mp4;650.19;653.99;no
2060007;Michael sitting with his legs crossed taps his finger against a black mug.;s05e03_014;office_s05e03.mp4;85.25;90.22;no
2060032;Dwight applies white-out with a small brush to a business card.;s08e04_033;office_s08e04.mp4;268.64;278.57;no
6050021;Ryan sits in a meeting, staring at the phone in his hand, while others sit around him watching something.;s06e09_137;office_s06e09.mp4;1087.88;1100.18;no
1050017;Jim ties his shoes while sitting in the armchair and talking to Pam.;s09e04_131;office_s09e04.mp4;878.09;881.92;no
7140002;Ryan, in a light shirt and striped tie, stands by Kelly, in a yellow cardigan over a floral top, who touches his arm while he covers his eyes and scratches his head, stressed.;s07e23_082;office_s07e23.mp4;707.21;718.65;no
2060016;Dwight in a yellow shirt pulls his shirt aside and shows his stomach.;s02e06_051;office_s02e06.mp4;414.08;418.50;no
1020018;Michael laughs while holding a yellow paper in his hand.;s07e23_026;office_s07e23.mp4;227.06;238.38;no
1020006;A shot of Kevin sitting at the desk, writing something in a giant book with a big red pencil.;s02e06_010;office_s02e06.mp4;73.78;81.35;no
9040016;Dwight angrily drops the keys with a yellow keychain onto Jim's.;s07e23_062;office_s07e23.mp4;528.65;536.03;no
8040028;Kelly rubs her arms, cold, while Ryan drinks beside her at a table with wine bottles, at the outdoor party.;s08e04_126;office_s08e04.mp4;992.62;1000.17;no
3050017;Dwight throws his arms up shouting excitedly outside a wooden barn.;s06e09_157;office_s06e09.mp4;1252.73;1264.60;no
9020035;A young man leans over the reception desk, holding a Newsweek magazine with a brain-map illustration of a head on the cover.;s02e06_040;office_s02e06.mp4;329.45;337.25;no
1020006;A shot of Kevin sitting at the desk, writing something in a giant book with a big red pencil.;s07e14_117;office_s07e14.mp4;981.19;986.07;no
2060009;Michael peers through the blinds while talking on the phone, pulling them apart with his hand.;s02e10_166;office_s02e10.mp4;1269.39;1279.00;no
1020020;Michael tears up the yellow paper in front of people.;s02e06_058;office_s02e06.mp4;466.13;480.23;no
9020035;A young man leans over the reception desk, holding a Newsweek magazine with a brain-map illustration of a head on the cover.;s02e06_064;office_s02e06.mp4;516.14;519.31;no
9140003;Pam, in a brown coat, carrying a folded blanket under her arm, walks through the warehouse, then stops and screams in shock.;s01e05_126;office_s01e05.mp4;1090.71;1103.44;no
1020018;Michael laughs while holding a yellow paper in his hand.;s01e02_065;office_s01e02.mp4;620.62;634.57;no
1050025;Dwight drinks from the bottle with his mask on his face and spits.;s06e05_112;office_s06e05.mp4;1056.81;1063.56;no
9020023;Seen through a half-open door, Jim leans against the stair railing, resting his forehead on his hand.;s04e09_075;office_s04e09.mp4;586.34;590.92;no
9020006;Meredith and Pam stand with a shiny spinning wheel turning between them, as people clap.;s09e02_011;office_s09e02.mp4;67.11;72.91;no
2060009;Michael peers through the blinds while talking on the phone, pulling them apart with his hand.;s06e09_138;office_s06e09.mp4;1100.18;1112.49;no
9020028;Dwight stretches his interlocked hands out in front of the break room vending machines, stern and determined.;s02e06_043;office_s02e06.mp4;353.35;361.11;no
9040016;Dwight angrily drops the keys with a yellow keychain onto Jim's.;s08e04_045;office_s08e04.mp4;379.42;383.59;no
1020006;A shot of Kevin sitting at the desk, writing something in a giant book with a big red pencil.;s03e05_037;office_s03e05.mp4;290.83;295.17;no
2060030;Michael takes off his helmet and lunges at Dwight, hitting him with it.;s06e09_003;office_s06e09.mp4;14.39;17.52;no
1050025;Dwight drinks from the bottle with his mask on his face and spits.;s08e04_085;office_s08e04.mp4;683.31;690.40;no
2100023;Michael in a Santa hat buys a lot of drinks at the store.;s02e10_042;office_s02e10.mp4;372.75;384.88;no
1020006;A shot of Kevin sitting at the desk, writing something in a giant book with a big red pencil.;s02e06_001;office_s02e06.mp4;0.00;10.97;no
8240026;The man in glasses hugs and then kisses Andy on the lips near the reception desk.;s07e23_096;office_s07e23.mp4;841.17;855.73;no
1020006;A shot of Kevin sitting at the desk, writing something in a giant book with a big red pencil.;s06e05_066;office_s06e05.mp4;585.34;595.39;no
2060016;Dwight in a yellow shirt pulls his shirt aside and shows his stomach.;s02e06_099;office_s02e06.mp4;780.61;784.28;no
2060007;Michael sitting with his legs crossed taps his finger against a black mug.;s01e05_009;office_s01e05.mp4;124.79;138.14;no
7140002;Ryan, in a light shirt and striped tie, stands by Kelly, in a yellow cardigan over a floral top, who touches his arm while he covers his eyes and scratches his head, stressed.;s07e14_009;office_s07e14.mp4;73.57;84.21;no
2060016;Dwight in a yellow shirt pulls his shirt aside and shows his stomach.;s09e04_127;office_s09e04.mp4;852.56;858.86;no
1020006;A shot of Kevin sitting at the desk, writing something in a giant book with a big red pencil.;s02e10_012;office_s02e10.mp4;139.12;150.72;no
1020020;Michael tears up the yellow paper in front of people.;s07e23_026;office_s07e23.mp4;227.06;238.38;no
2060031;Dwight stands up from his chair, makes a traditional martial arts salute and bows forward.;s09e02_160;office_s09e02.mp4;1115.95;1121.79;no
8040028;Kelly rubs her arms, cold, while Ryan drinks beside her at a table with wine bottles, at the outdoor party.;s04e09_143;office_s04e09.mp4;1101.89;1108.32;no
6090022;Andy looks at Erin, who is talking to other people, with a disgusted, forced smile.;s04e09_061;office_s04e09.mp4;478.60;486.24;no
1020018;Michael laughs while holding a yellow paper in his hand.;s07e14_156;office_s07e14.mp4;1267.10;1276.82;no
1020018;Michael laughs while holding a yellow paper in his hand.;s08e04_001;office_s08e04.mp4;0.00;8.18;no
9040016;Dwight angrily drops the keys with a yellow keychain onto Jim's.;s02e06_058;office_s02e06.mp4;466.13;480.23;no
3050022;Ryan walks through tall grass as a red car slows alongside.;s06e09_086;office_s06e09.mp4;663.87;670.09;no
1050001;Darryl walks straight through the warehouse with the cupboard.;s01e05_128;office_s01e05.mp4;1116.16;1127.13;no
2060007;Michael sitting with his legs crossed taps his finger against a black mug.;s02e10_090;office_s02e10.mp4;724.10;731.67;no
1050025;Dwight drinks from the bottle with his mask on his face and spits.;s04e09_121;office_s04e09.mp4;925.13;939.61;no
2060001;Dwight finds his desk in a men's bathroom.;s02e06_008;office_s02e06.mp4;59.87;70.49;no
1020006;A shot of Kevin sitting at the desk, writing something in a giant book with a big red pencil.;s07e14_114;office_s07e14.mp4;961.92;967.59;no
9020035;A young man leans over the reception desk, holding a Newsweek magazine with a brain-map illustration of a head on the cover.;s09e14_110;office_s09e14.mp4;920.37;934.31;no
9020023;Seen through a half-open door, Jim leans against the stair railing, resting his forehead on his hand.;s04e09_154;office_s04e09.mp4;1193.39;1206.08;no
6090022;Andy looks at Erin, who is talking to other people, with a disgusted, forced smile.;s07e14_133;office_s07e14.mp4;1093.13;1099.85;no
6090022;Andy looks at Erin, who is talking to other people, with a disgusted, forced smile.;s08e24_071;office_s08e24.mp4;525.23;531.95;no
9140003;Pam, in a brown coat, carrying a folded blanket under her arm, walks through the warehouse, then stops and screams in shock.;s03e05_154;office_s03e05.mp4;1022.86;1031.91;no
7140002;Ryan, in a light shirt and striped tie, stands by Kelly, in a yellow cardigan over a floral top, who touches his arm while he covers his eyes and scratches his head, stressed.;s02e06_155;office_s02e06.mp4;1195.65;1203.91;no
7140034;A wide shot of a brown brick building with a silver car parked in front of it.;s08e24_118;office_s08e24.mp4;924.63;932.60;no
9020003;Kevin and Pam stand with a spinning wheel turning between them, as people clap.;s09e04_177;office_s09e04.mp4;1147.61;1155.90;no
2060014;Michael falls to his knees, sweeping his things off the desk.;s05e03_013;office_s05e03.mp4;81.25;85.25;no
2060030;Michael takes off his helmet and lunges at Dwight, hitting him with it.;s08e24_006;office_s08e24.mp4;70.27;84.33;no
5170016;Two men in suits shake hands laughing in an office with blinds, while a man sits looking on.;s06e05_062;office_s06e05.mp4;551.15;562.53;no
9020023;Seen through a half-open door, Jim leans against the stair railing, resting his forehead on his hand.;s03e19_006;office_s03e19.mp4;24.44;29.86;no
5170016;Two men in suits shake hands laughing in an office with blinds, while a man sits looking on.;s03e05_136;office_s03e05.mp4;932.85;937.60;no
9140002;Erin, carrying a giant teddy bear, meets Darryl while walking up the stairs in the stairwell.;s07e14_143;office_s07e14.mp4;1177.93;1188.27;no
2060016;Dwight in a yellow shirt pulls his shirt aside and shows his stomach.;s09e14_054;office_s09e14.mp4;407.03;413.20;no
1020028;A man puts champagne on a desk with a black nameplate on it.;s05e17_062;office_s05e17.mp4;573.45;576.78;no
1020020;Michael tears up the yellow paper in front of people.;s03e19_100;office_s03e19.mp4;759.86;770.85;no
1020020;Michael tears up the yellow paper in front of people.;s01e05_128;office_s01e05.mp4;1116.16;1127.13;no
8040028;Kelly rubs her arms, cold, while Ryan drinks beside her at a table with wine bottles, at the outdoor party.;s08e04_086;office_s08e04.mp4;690.40;700.41;no
9040029;Erin sticks red tape on the wall where Toby pointed, tapping his fingers.;s09e04_031;office_s09e04.mp4;232.11;245.91;no
2060003;Dwight talks on the phone at his desk in the bathroom while a man holding a candle walks past him.;s04e09_106;office_s04e09.mp4;788.87;795.00;no
9040016;Dwight angrily drops the keys with a yellow keychain onto Jim's.;s07e23_073;office_s07e23.mp4;613.72;626.71;no
1050017;Jim ties his shoes while sitting in the armchair and talking to Pam.;s06e09_130;office_s06e09.mp4;1004.92;1018.39;no
9040016;Dwight angrily drops the keys with a yellow keychain onto Jim's.;s09e04_054;office_s09e04.mp4;394.02;403.01;no
3050014;Stanley stands in a long line laughing joyfully.;s07e14_073;office_s07e14.mp4;671.80;677.34;no
3190009;A woman yawns widely on a couch beside a man with crutches.;s04e09_145;office_s04e09.mp4;1112.99;1120.04;no
9020035;A young man leans over the reception desk, holding a Newsweek magazine with a brain-map illustration of a head on the cover.;s02e06_013;office_s02e06.mp4;94.84;98.02;no
3190025;Ryan stands up and kisses Kelly on the nose.;s08e24_166;office_s08e24.mp4;1247.54;1258.97;no
1020018;Michael laughs while holding a yellow paper in his hand.;s09e02_050;office_s09e02.mp4;358.07;362.74;no
2060023;Jim in a blue shirt looks stunned in front of a whiteboard.;s02e06_155;office_s02e06.mp4;1195.65;1203.91;no
5170020;Pam covers the phone receiver and speaks sternly to Michael, who stands at the reception desk.;s05e17_002;office_s05e17.mp4;14.42;28.84;no
2060014;Michael falls to his knees, sweeping his things off the desk.;s06e09_149;office_s06e09.mp4;1174.55;1181.26;no
8240034;Dwight tries to kiss Angela, who pushes him away, then kisses him hard, as they sit together in a waiting room.;s09e14_057;office_s09e14.mp4;425.47;432.97;no
8240019;Dwight with small scissors walks up to Angela, who is taking a photo with a man and a child.;s02e06_056;office_s02e06.mp4;448.49;457.31;no
9140025;Pam, in a grey hoodie, stands next to Dwight in the warehouse, pressing her hands to the sides of her face and ears, stressed.;s06e05_051;office_s06e05.mp4;458.92;465.84;no
1020006;A shot of Kevin sitting at the desk, writing something in a giant book with a big red pencil.;s01e02_018;office_s01e02.mp4;204.66;207.92;no
9020028;Dwight stretches his interlocked hands out in front of the break room vending machines, stern and determined.;s03e19_053;office_s03e19.mp4;360.15;370.83;no
9040016;Dwight angrily drops the keys with a yellow keychain onto Jim's.;s02e06_050;office_s02e06.mp4;408.24;414.08;no
8240034;Dwight tries to kiss Angela, who pushes him away, then kisses him hard, as they sit together in a waiting room.;s02e10_119;office_s02e10.mp4;943.94;958.67;no
6050021;Ryan sits in a meeting, staring at the phone in his hand, while others sit around him watching something.;s02e06_015;office_s02e06.mp4;137.09;150.61;no
9020003;Kevin and Pam stand with a spinning wheel turning between them, as people clap.;s03e19_148;office_s03e19.mp4;1081.91;1085.79;no
2060030;Michael takes off his helmet and lunges at Dwight, hitting him with it.;s02e06_122;office_s02e06.mp4;935.04;943.82;no
1050017;Jim ties his shoes while sitting in the armchair and talking to Pam.;s03e05_173;office_s03e05.mp4;1141.52;1145.85;no
1050017;Jim ties his shoes while sitting in the armchair and talking to Pam.;s04e09_073;office_s04e09.mp4;573.78;579.75;no
3050014;Stanley stands in a long line laughing joyfully.;s05e03_008;office_s05e03.mp4;54.22;59.73;no
4090011;Andy hands a bouquet to one woman, then gives a single flower from it to Angela beside her.;s09e02_082;office_s09e02.mp4;542.29;551.63;no
3050022;Ryan walks through tall grass as a red car slows alongside.;s06e05_087;office_s06e05.mp4;795.38;808.35;no
8240034;Dwight tries to kiss Angela, who pushes him away, then kisses him hard, as they sit together in a waiting room.;s09e02_084;office_s09e02.mp4;555.93;562.39;no
7140011;A shot of Michael in front of a gas station, gas pumps behind him and someone cleaning the window of his car.;s07e14_096;office_s07e14.mp4;851.73;858.48;no
6050021;Ryan sits in a meeting, staring at the phone in his hand, while others sit around him watching something.;s01e02_025;office_s01e02.mp4;268.94;273.81;no
2060007;Michael sitting with his legs crossed taps his finger against a black mug.;s05e17_093;office_s05e17.mp4;794.96;798.13;no
9040016;Dwight angrily drops the keys with a yellow keychain onto Jim's.;s09e02_086;office_s09e02.mp4;571.55;580.71;no
2060007;Michael sitting with his legs crossed taps his finger against a black mug.;s01e02_044;office_s01e02.mp4;444.65;456.71;no
2060016;Dwight in a yellow shirt pulls his shirt aside and shows his stomach.;s07e23_074;office_s07e23.mp4;626.71;639.70;no
9140025;Pam, in a grey hoodie, stands next to Dwight in the warehouse, pressing her hands to the sides of her face and ears, stressed.;s09e14_054;office_s09e14.mp4;407.03;413.20;no
1020018;Michael laughs while holding a yellow paper in his hand.;s09e02_155;office_s09e02.mp4;1094.22;1100.35;no
9020016;A man with a tray of drinks approaches Jim and Pam, and Pam takes a drink from his tray, handing him the banana peel.;s06e09_156;office_s06e09.mp4;1240.87;1252.73;no
1020006;A shot of Kevin sitting at the desk, writing something in a giant book with a big red pencil.;s05e17_079;office_s05e17.mp4;657.57;661.62;no
3190009;A woman yawns widely on a couch beside a man with crutches.;s04e09_085;office_s04e09.mp4;644.31;653.70;no
9040016;Dwight angrily drops the keys with a yellow keychain onto Jim's.;s09e04_086;office_s09e04.mp4;594.01;603.19;no
8240019;Dwight with small scissors walks up to Angela, who is taking a photo with a man and a child.;s08e24_059;office_s08e24.mp4;436.89;447.49;no
8240006;Creed poses for a photo with two elderly people beside him as a woman photographs them in front of a blue backdrop.;s08e24_063;office_s08e24.mp4;467.51;471.05;no
5030032;An old photo showing a baby sitting on a red toy car outside.;s05e03_132;office_s05e03.mp4;1047.55;1055.35;no
2060001;Dwight finds his desk in a men's bathroom.;s09e04_053;office_s09e04.mp4;382.01;394.02;no
1020020;Michael tears up the yellow paper in front of people.;s06e09_066;office_s06e09.mp4;490.74;501.46;no
9140002;Erin, carrying a giant teddy bear, meets Darryl while walking up the stairs in the stairwell.;s08e24_064;office_s08e24.mp4;471.05;474.77;no
2100025;Kevin stands in a small foot spa tub in the office.;s08e24_157;office_s08e24.mp4;1177.54;1190.73;no
5030018;Pam talks on the phone in a laundromat while a woman on the left sits on a washing machine folding clothes.;s05e03_114;office_s05e03.mp4;941.73;952.83;no
1050001;Darryl walks straight through the warehouse with the cupboard.;s01e05_120;office_s01e05.mp4;1031.82;1044.75;no
4090029;Two police officers arrive outside a house at night, patrol lights flashing behind them.;s08e04_060;office_s08e04.mp4;484.73;491.24;no
1020015;People in the room raise their hands in the air at the same time.;s07e23_002;office_s07e23.mp4;11.78;23.57;no
2060032;Dwight applies white-out with a small brush to a business card.;s09e14_136;office_s09e14.mp4;1097.93;1106.52;no
3190025;Ryan stands up and kisses Kelly on the nose.;s07e14_068;office_s07e14.mp4;629.32;643.23;no
9020016;A man with a tray of drinks approaches Jim and Pam, and Pam takes a drink from his tray, handing him the banana peel.;s08e04_087;office_s08e04.mp4;700.41;708.96;no
2060016;Dwight in a yellow shirt pulls his shirt aside and shows his stomach.;s01e05_089;office_s01e05.mp4;774.82;789.79;no
3050017;Dwight throws his arms up shouting excitedly outside a wooden barn.;s03e19_128;office_s03e19.mp4;942.61;953.08;no
9020023;Seen through a half-open door, Jim leans against the stair railing, resting his forehead on his hand.;s07e14_142;office_s07e14.mp4;1167.58;1177.93;no
9020016;A man with a tray of drinks approaches Jim and Pam, and Pam takes a drink from his tray, handing him the banana peel.;s04e09_024;office_s04e09.mp4;234.65;237.65;no
9140025;Pam, in a grey hoodie, stands next to Dwight in the warehouse, pressing her hands to the sides of her face and ears, stressed.;s09e14_072;office_s09e14.mp4;587.04;599.15;no
9020028;Dwight stretches his interlocked hands out in front of the break room vending machines, stern and determined.;s09e14_066;office_s09e14.mp4;509.29;524.01;no
1020017;A Black man with a brown briefcase exits Michael's room in a rush.;s01e02_038;office_s01e02.mp4;405.53;414.77;no
9020028;Dwight stretches his interlocked hands out in front of the break room vending machines, stern and determined.;s05e03_005;office_s05e03.mp4;31.95;42.42;no
2060001;Dwight finds his desk in a men's bathroom.;s01e02_129;office_s01e02.mp4;1186.68;1195.65;no
7140002;Ryan, in a light shirt and striped tie, stands by Kelly, in a yellow cardigan over a floral top, who touches his arm while he covers his eyes and scratches his head, stressed.;s07e14_005;office_s07e14.mp4;43.59;51.84;no
5030018;Pam talks on the phone in a laundromat while a woman on the left sits on a washing machine folding clothes.;s05e03_088;office_s05e03.mp4;719.80;726.23;no
3190009;A woman yawns widely on a couch beside a man with crutches.;s08e04_011;office_s08e04.mp4;84.79;96.28;no
2060003;Dwight talks on the phone at his desk in the bathroom while a man holding a candle walks past him.;s05e17_138;office_s05e17.mp4;1248.34;1260.48;no
3190009;A woman yawns widely on a couch beside a man with crutches.;s04e09_082;office_s04e09.mp4;622.16;632.47;no
1050005;A wide shot of the warehouse space with a basketball hoop.;s01e05_111;office_s01e05.mp4;945.07;957.75;no
5170016;Two men in suits shake hands laughing in an office with blinds, while a man sits looking on.;s06e05_023;office_s06e05.mp4;186.10;194.03;no
1020006;A shot of Kevin sitting at the desk, writing something in a giant book with a big red pencil.;s07e14_128;office_s07e14.mp4;1065.61;1069.57;no
8240026;The man in glasses hugs and then kisses Andy on the lips near the reception desk.;s09e02_084;office_s09e02.mp4;555.93;562.39;no
5170016;Two men in suits shake hands laughing in an office with blinds, while a man sits looking on.;s06e09_083;office_s06e09.mp4;636.72;646.46;no
4090011;Andy hands a bouquet to one woman, then gives a single flower from it to Angela beside her.;s09e02_084;office_s09e02.mp4;555.93;562.39;no
1020018;Michael laughs while holding a yellow paper in his hand.;s04e09_082;office_s04e09.mp4;622.16;632.47;no
1020018;Michael laughs while holding a yellow paper in his hand.;s01e02_034;office_s01e02.mp4;364.60;377.27;yes
8240019;Dwight with small scissors walks up to Angela, who is taking a photo with a man and a child.;s06e05_122;office_s06e05.mp4;1134.11;1142.72;no
2060032;Dwight applies white-out with a small brush to a business card.;s09e02_098;office_s09e02.mp4;670.17;677.99;no
3050014;Stanley stands in a long line laughing joyfully.;s08e04_084;office_s08e04.mp4;674.92;683.31;no
8240006;Creed poses for a photo with two elderly people beside him as a woman photographs them in front of a blue backdrop.;s08e24_054;office_s08e24.mp4;399.02;404.19;no
9140025;Pam, in a grey hoodie, stands next to Dwight in the warehouse, pressing her hands to the sides of her face and ears, stressed.;s09e14_117;office_s09e14.mp4;983.52;986.65;no
8040028;Kelly rubs her arms, cold, while Ryan drinks beside her at a table with wine bottles, at the outdoor party.;s04e09_149;office_s04e09.mp4;1137.89;1142.64;no
9020028;Dwight stretches his interlocked hands out in front of the break room vending machines, stern and determined.;s01e05_144;office_s01e05.mp4;1284.07;1292.17;no
2060003;Dwight talks on the phone at his desk in the bathroom while a man holding a candle walks past him.;s02e06_007;office_s02e06.mp4;49.26;59.87;no
2060003;Dwight talks on the phone at his desk in the bathroom while a man holding a candle walks past him.;s09e04_043;office_s09e04.mp4;320.99;325.41;no
2060023;Jim in a blue shirt looks stunned in front of a whiteboard.;s01e05_079;office_s01e05.mp4;711.34;715.63;no
1050017;Jim ties his shoes while sitting in the armchair and talking to Pam.;s04e09_088;office_s04e09.mp4;662.29;674.95;no
8040028;Kelly rubs her arms, cold, while Ryan drinks beside her at a table with wine bottles, at the outdoor party.;s08e04_081;office_s08e04.mp4;645.14;651.57;no
3190009;A woman yawns widely on a couch beside a man with crutches.;s04e09_058;office_s04e09.mp4;464.13;470.97;no
2060030;Michael takes off his helmet and lunges at Dwight, hitting him with it.;s07e23_120;office_s07e23.mp4;1065.04;1075.32;no
3190009;A woman yawns widely on a couch beside a man with crutches.;s05e03_048;office_s05e03.mp4;364.32;368.16;no
1020028;A man puts champagne on a desk with a black nameplate on it.;s06e09_092;office_s06e09.mp4;708.64;717.22;no
2060023;Jim in a blue shirt looks stunned in front of a whiteboard.;s08e04_013;office_s08e04.mp4;125.58;130.46;no
1020018;Michael laughs while holding a yellow paper in his hand.;s07e14_073;office_s07e14.mp4;671.80;677.34;no
7140002;Ryan, in a light shirt and striped tie, stands by Kelly, in a yellow cardigan over a floral top, who touches his arm while he covers his eyes and scratches his head, stressed.;s09e14_120;office_s09e14.mp4;998.12;1002.21;no
9020028;Dwight stretches his interlocked hands out in front of the break room vending machines, stern and determined.;s07e23_074;office_s07e23.mp4;626.71;639.70;no
1020008;Angela sitting in front of a whiteboard eats a banana.;s02e06_159;office_s02e06.mp4;1226.14;1231.56;no
3050017;Dwight throws his arms up shouting excitedly outside a wooden barn.;s09e04_072;office_s09e04.mp4;490.12;497.41;no
1050025;Dwight drinks from the bottle with his mask on his face and spits.;s09e04_086;office_s09e04.mp4;594.01;603.19;no
1050017;Jim ties his shoes while sitting in the armchair and talking to Pam.;s02e06_142;office_s02e06.mp4;1109.03;1114.07;no
9040029;Erin sticks red tape on the wall where Toby pointed, tapping his fingers.;s09e14_006;office_s09e14.mp4;35.08;47.42;no
1020028;A man puts champagne on a desk with a black nameplate on it.;s04e09_132;office_s04e09.mp4;1042.54;1048.84;no
2060032;Dwight applies white-out with a small brush to a business card.;s05e03_003;office_s05e03.mp4;14.06;28.45;no
9140034;Dwight peeks through binoculars, as Pam ends the call and exits through a door behind the boxes.;s02e06_123;office_s02e06.mp4;943.82;955.75;no
2060023;Jim in a blue shirt looks stunned in front of a whiteboard.;s06e05_003;office_s06e05.mp4;15.39;19.35;no
9020016;A man with a tray of drinks approaches Jim and Pam, and Pam takes a drink from his tray, handing him the banana peel.;s06e05_073;office_s06e05.mp4;664.02;677.29;no
3190009;A woman yawns widely on a couch beside a man with crutches.;s04e09_089;office_s04e09.mp4;674.95;687.60;no
2100025;Kevin stands in a small foot spa tub in the office.;s05e03_125;office_s05e03.mp4;1009.80;1014.68;no
9020023;Seen through a half-open door, Jim leans against the stair railing, resting his forehead on his hand.;s06e09_019;office_s06e09.mp4;107.32;111.94;no
1020020;Michael tears up the yellow paper in front of people.;s04e09_002;office_s04e09.mp4;12.24;24.48;no
2060031;Dwight stands up from his chair, makes a traditional martial arts salute and bows forward.;s05e03_012;office_s05e03.mp4;77.91;81.25;no
8040028;Kelly rubs her arms, cold, while Ryan drinks beside her at a table with wine bottles, at the outdoor party.;s02e10_133;office_s02e10.mp4;1048.96;1054.60;no
1020020;Michael tears up the yellow paper in front of people.;s07e14_121;office_s07e14.mp4;1007.67;1016.85;no
1050025;Dwight drinks from the bottle with his mask on his face and spits.;s03e05_091;office_s03e05.mp4;634.42;638.35;no
1020017;A Black man with a brown briefcase exits Michael's room in a rush.;s09e14_148;office_s09e14.mp4;1199.49;1212.84;no
1020006;A shot of Kevin sitting at the desk, writing something in a giant book with a big red pencil.;s07e23_091;office_s07e23.mp4;797.42;808.39;no
1020018;Michael laughs while holding a yellow paper in his hand.;s07e23_027;office_s07e23.mp4;238.38;249.71;no
2060030;Michael takes off his helmet and lunges at Dwight, hitting him with it.;s07e23_072;office_s07e23.mp4;600.73;613.72;no
9140025;Pam, in a grey hoodie, stands next to Dwight in the warehouse, pressing her hands to the sides of her face and ears, stressed.;s01e05_088;office_s01e05.mp4;766.35;774.82;no
1020020;Michael tears up the yellow paper in front of people.;s03e19_047;office_s03e19.mp4;300.05;309.64;no
1020020;Michael tears up the yellow paper in front of people.;s05e03_054;office_s05e03.mp4;431.10;438.56;no
7140011;A shot of Michael in front of a gas station, gas pumps behind him and someone cleaning the window of his car.;s07e14_035;office_s07e14.mp4;318.44;322.40;no
1020018;Michael laughs while holding a yellow paper in his hand.;s05e17_003;office_s05e17.mp4;28.84;43.26;no
1020020;Michael tears up the yellow paper in front of people.;s01e02_065;office_s01e02.mp4;620.62;634.57;no
1020015;People in the room raise their hands in the air at the same time.;s07e23_091;office_s07e23.mp4;797.42;808.39;no
1050001;Darryl walks straight through the warehouse with the cupboard.;s01e05_091;office_s01e05.mp4;804.76;810.64;no
1020018;Michael laughs while holding a yellow paper in his hand.;s05e03_081;office_s05e03.mp4;653.44;662.64;no
8240016;Andy, in the bathroom, pours alcohol on himself from a bottle, standing in front of the mirror and sink.;s06e05_105;office_s06e05.mp4;1003.69;1018.31;no
3050014;Stanley stands in a long line laughing joyfully.;s08e04_077;office_s08e04.mp4;607.48;618.30;no
8240034;Dwight tries to kiss Angela, who pushes him away, then kisses him hard, as they sit together in a waiting room.;s06e09_096;office_s06e09.mp4;740.99;751.06;no
8240034;Dwight tries to kiss Angela, who pushes him away, then kisses him hard, as they sit together in a waiting room.;s08e24_165;office_s08e24.mp4;1242.70;1247.54;no
8240016;Andy, in the bathroom, pours alcohol on himself from a bottle, standing in front of the mirror and sink.;s04e09_071;office_s04e09.mp4;556.47;569.28;no
2100023;Michael in a Santa hat buys a lot of drinks at the store.;s02e10_023;office_s02e10.mp4;233.07;244.08;no
1050017;Jim ties his shoes while sitting in the armchair and talking to Pam.;s03e05_089;office_s03e05.mp4;609.32;621.16;no
2060009;Michael peers through the blinds while talking on the phone, pulling them apart with his hand.;s03e05_120;office_s03e05.mp4;833.29;843.30;no
8240016;Andy, in the bathroom, pours alcohol on himself from a bottle, standing in front of the mirror and sink.;s09e14_029;office_s09e14.mp4;209.08;217.84;no
9020023;Seen through a half-open door, Jim leans against the stair railing, resting his forehead on his hand.;s07e23_039;office_s07e23.mp4;333.79;338.21;no
9140034;Dwight peeks through binoculars, as Pam ends the call and exits through a door behind the boxes.;s07e14_111;office_s07e14.mp4;942.86;950.66;no
1050017;Jim ties his shoes while sitting in the armchair and talking to Pam.;s05e17_026;office_s05e17.mp4;254.75;268.19;no
7140002;Ryan, in a light shirt and striped tie, stands by Kelly, in a yellow cardigan over a floral top, who touches his arm while he covers his eyes and scratches his head, stressed.;s09e04_126;office_s09e04.mp4;848.72;852.56;no
5170020;Pam covers the phone receiver and speaks sternly to Michael, who stands at the reception desk.;s03e05_160;office_s03e05.mp4;1062.94;1067.23;no
9020023;Seen through a half-open door, Jim leans against the stair railing, resting his forehead on his hand.;s08e24_028;office_s08e24.mp4;234.07;247.12;no
3190025;Ryan stands up and kisses Kelly on the nose.;s08e24_052;office_s08e24.mp4;378.42;392.73;no
1050025;Dwight drinks from the bottle with his mask on his face and spits.;s06e09_095;office_s06e09.mp4;728.98;740.99;no
2060009;Michael peers through the blinds while talking on the phone, pulling them apart with his hand.;s07e23_038;office_s07e23.mp4;323.38;333.79;no
1020015;People in the room raise their hands in the air at the same time.;s09e04_084;office_s09e04.mp4;580.46;588.96;no
9140002;Erin, carrying a giant teddy bear, meets Darryl while walking up the stairs in the stairwell.;s04e09_017;office_s04e09.mp4;174.02;188.73;no
9020028;Dwight stretches his interlocked hands out in front of the break room vending machines, stern and determined.;s09e14_061;office_s09e14.mp4;455.45;463.96;no
8240034;Dwight tries to kiss Angela, who pushes him away, then kisses him hard, as they sit together in a waiting room.;s05e17_106;office_s05e17.mp4;912.08;925.01;no
9020003;Kevin and Pam stand with a spinning wheel turning between them, as people clap.;s09e04_094;office_s09e04.mp4;655.07;664.66;no
1020018;Michael laughs while holding a yellow paper in his hand.;s03e19_062;office_s03e19.mp4;428.30;435.94;yes
5170016;Two men in suits shake hands laughing in an office with blinds, while a man sits looking on.;s02e06_033;office_s02e06.mp4;275.02;281.11;no
9020035;A young man leans over the reception desk, holding a Newsweek magazine with a brain-map illustration of a head on the cover.;s02e06_141;office_s02e06.mp4;1095.43;1109.03;no
8040028;Kelly rubs her arms, cold, while Ryan drinks beside her at a table with wine bottles, at the outdoor party.;s04e09_136;office_s04e09.mp4;1063.94;1069.36;no
2100025;Kevin stands in a small foot spa tub in the office.;s02e06_140;office_s02e06.mp4;1090.34;1095.43;no
9140002;Erin, carrying a giant teddy bear, meets Darryl while walking up the stairs in the stairwell.;s08e24_132;office_s08e24.mp4;1020.39;1025.27;no
8240019;Dwight with small scissors walks up to Angela, who is taking a photo with a man and a child.;s08e24_065;office_s08e24.mp4;474.77;480.15;no
2060003;Dwight talks on the phone at his desk in the bathroom while a man holding a candle walks past him.;s03e05_164;office_s03e05.mp4;1087.75;1094.51;no
9020023;Seen through a half-open door, Jim leans against the stair railing, resting his forehead on his hand.;s07e14_085;office_s07e14.mp4;767.60;773.52;no
9140003;Pam, in a brown coat, carrying a folded blanket under her arm, walks through the warehouse, then stops and screams in shock.;s09e14_066;office_s09e14.mp4;509.29;524.01;no
2060014;Michael falls to his knees, sweeping his things off the desk.;s08e24_041;office_s08e24.mp4;307.97;314.56;no
9140025;Pam, in a grey hoodie, stands next to Dwight in the warehouse, pressing her hands to the sides of her face and ears, stressed.;s09e14_124;office_s09e14.mp4;1015.14;1020.60;no
9040016;Dwight angrily drops the keys with a yellow keychain onto Jim's.;s02e06_016;office_s02e06.mp4;150.61;162.33;no
1050025;Dwight drinks from the bottle with his mask on his face and spits.;s09e04_055;office_s09e04.mp4;403.01;412.00;no
2060003;Dwight talks on the phone at his desk in the bathroom while a man holding a candle walks past him.;s05e03_011;office_s05e03.mp4;72.86;77.91;no
9040029;Erin sticks red tape on the wall where Toby pointed, tapping his fingers.;s07e14_111;office_s07e14.mp4;942.86;950.66;no
8240026;The man in glasses hugs and then kisses Andy on the lips near the reception desk.;s08e24_124;office_s08e24.mp4;966.13;969.18;no
9040016;Dwight angrily drops the keys with a yellow keychain onto Jim's.;s01e02_008;office_s01e02.mp4;124.54;133.63;no
7140034;A wide shot of a brown brick building with a silver car parked in front of it.;s08e24_084;office_s08e24.mp4;640.18;647.52;no
2060001;Dwight finds his desk in a men's bathroom.;s07e23_073;office_s07e23.mp4;613.72;626.71;no
8240034;Dwight tries to kiss Angela, who pushes him away, then kisses him hard, as they sit together in a waiting room.;s03e05_056;office_s03e05.mp4;414.96;418.67;no
9140034;Dwight peeks through binoculars, as Pam ends the call and exits through a door behind the boxes.;s02e06_086;office_s02e06.mp4;684.35;695.40;no
2060031;Dwight stands up from his chair, makes a traditional martial arts salute and bows forward.;s03e05_104;office_s03e05.mp4;712.27;726.71;no
1020017;A Black man with a brown briefcase exits Michael's room in a rush.;s01e02_082;office_s01e02.mp4;760.63;774.15;no
8240019;Dwight with small scissors walks up to Angela, who is taking a photo with a man and a child.;s08e24_075;office_s08e24.mp4;552.76;556.76;no
5170020;Pam covers the phone receiver and speaks sternly to Michael, who stands at the reception desk.;s03e05_183;office_s03e05.mp4;1200.95;1207.29;no
6090022;Andy looks at Erin, who is talking to other people, with a disgusted, forced smile.;s07e14_140;office_s07e14.mp4;1151.44;1160.83;no
2060030;Michael takes off his helmet and lunges at Dwight, hitting him with it.;s02e06_167;office_s02e06.mp4;1279.78;1284.66;no
2100025;Kevin stands in a small foot spa tub in the office.;s06e05_014;office_s06e05.mp4;108.03;120.05;no
1050005;A wide shot of the warehouse space with a basketball hoop.;s01e05_098;office_s01e05.mp4;851.60;859.48;no
3190009;A woman yawns widely on a couch beside a man with crutches.;s05e03_111;office_s05e03.mp4;900.52;915.08;no
2060007;Michael sitting with his legs crossed taps his finger against a black mug.;s09e02_111;office_s09e02.mp4;783.37;789.46;no
5170016;Two men in suits shake hands laughing in an office with blinds, while a man sits looking on.;s06e05_051;office_s06e05.mp4;458.92;465.84;no
2060031;Dwight stands up from his chair, makes a traditional martial arts salute and bows forward.;s07e23_072;office_s07e23.mp4;600.73;613.72;no
2060009;Michael peers through the blinds while talking on the phone, pulling them apart with his hand.;s06e09_135;office_s06e09.mp4;1061.06;1074.47;no
2100019;Ryan holds up a pink floral name plate.;s06e05_079;office_s06e05.mp4;718.05;731.90;no
2060030;Michael takes off his helmet and lunges at Dwight, hitting him with it.;s05e17_130;office_s05e17.mp4;1170.98;1184.56;no
2060030;Michael takes off his helmet and lunges at Dwight, hitting him with it.;s06e05_048;office_s06e05.mp4;437.52;449.07;no
2060032;Dwight applies white-out with a small brush to a business card.;s08e24_072;office_s08e24.mp4;531.95;540.37;no
4090029;Two police officers arrive outside a house at night, patrol lights flashing behind them.;s08e04_031;office_s08e04.mp4;253.19;263.60;no
7140011;A shot of Michael in front of a gas station, gas pumps behind him and someone cleaning the window of his car.;s06e05_089;office_s06e05.mp4;815.23;824.99;no
1050017;Jim ties his shoes while sitting in the armchair and talking to Pam.;s08e24_029;office_s08e24.mp4;247.12;250.50;no
9020016;A man with a tray of drinks approaches Jim and Pam, and Pam takes a drink from his tray, handing him the banana peel.;s09e02_091;office_s09e02.mp4;617.20;630.36;no
5170016;Two men in suits shake hands laughing in an office with blinds, while a man sits looking on.;s06e09_136;office_s06e09.mp4;1074.47;1087.88;no
1020015;People in the room raise their hands in the air at the same time.;s09e02_017;office_s09e02.mp4;100.31;107.36;no
9140003;Pam, in a brown coat, carrying a folded blanket under her arm, walks through the warehouse, then stops and screams in shock.;s07e14_090;office_s07e14.mp4;790.37;804.53;no
5170020;Pam covers the phone receiver and speaks sternly to Michael, who stands at the reception desk.;s01e05_052;office_s01e05.mp4;495.19;507.39;no
8240019;Dwight with small scissors walks up to Angela, who is taking a photo with a man and a child.;s09e14_121;office_s09e14.mp4;1002.21;1006.13;no
2100006;Dwight vacuums up needles under the Christmas tree.;s02e10_101;office_s02e10.mp4;798.13;804.60;no
2060031;Dwight stands up from his chair, makes a traditional martial arts salute and bows forward.;s06e09_153;office_s06e09.mp4;1213.32;1225.18;no
8240026;The man in glasses hugs and then kisses Andy on the lips near the reception desk.;s09e02_044;office_s09e02.mp4;323.91;334.21;no
9140025;Pam, in a grey hoodie, stands next to Dwight in the warehouse, pressing her hands to the sides of her face and ears, stressed.;s09e14_126;office_s09e14.mp4;1023.77;1027.48;no
2060031;Dwight stands up from his chair, makes a traditional martial arts salute and bows forward.;s07e23_065;office_s07e23.mp4;547.80;556.31;no
3190025;Ryan stands up and kisses Kelly on the nose.;s08e04_071;office_s08e04.mp4;567.44;575.03;no
1050017;Jim ties his shoes while sitting in the armchair and talking to Pam.;s05e17_083;office_s05e17.mp4;692.19;705.16;no
2060014;Michael falls to his knees, sweeping his things off the desk.;s05e03_082;office_s05e03.mp4;662.64;671.84;no
8040028;Kelly rubs her arms, cold, while Ryan drinks beside her at a table with wine bottles, at the outdoor party.;s08e04_149;office_s08e04.mp4;1183.12;1191.44;no
9140003;Pam, in a brown coat, carrying a folded blanket under her arm, walks through the warehouse, then stops and screams in shock.;s01e05_090;office_s01e05.mp4;789.79;804.76;no
3050017;Dwight throws his arms up shouting excitedly outside a wooden barn.;s09e14_028;office_s09e14.mp4;205.21;209.08;no
9140003;Pam, in a brown coat, carrying a folded blanket under her arm, walks through the warehouse, then stops and screams in shock.;s09e14_150;office_s09e14.mp4;1226.18;1239.53;no
9140034;Dwight peeks through binoculars, as Pam ends the call and exits through a door behind the boxes.;s02e06_024;office_s02e06.mp4;205.25;214.51;no
8240034;Dwight tries to kiss Angela, who pushes him away, then kisses him hard, as they sit together in a waiting room.;s01e02_053;office_s01e02.mp4;511.51;517.52;no
9140025;Pam, in a grey hoodie, stands next to Dwight in the warehouse, pressing her hands to the sides of her face and ears, stressed.;s01e05_079;office_s01e05.mp4;711.34;715.63;no
2100019;Ryan holds up a pink floral name plate.;s01e02_104;office_s01e02.mp4;970.51;983.61;no
9020016;A man with a tray of drinks approaches Jim and Pam, and Pam takes a drink from his tray, handing him the banana peel.;s03e19_116;office_s03e19.mp4;876.29;886.99;no
1020015;People in the room raise their hands in the air at the same time.;s09e04_098;office_s09e04.mp4;694.40;698.41;no
2100025;Kevin stands in a small foot spa tub in the office.;s06e05_024;office_s06e05.mp4;194.03;201.03;no
9020016;A man with a tray of drinks approaches Jim and Pam, and Pam takes a drink from his tray, handing him the banana peel.;s06e09_157;office_s06e09.mp4;1252.73;1264.60;no
8240034;Dwight tries to kiss Angela, who pushes him away, then kisses him hard, as they sit together in a waiting room.;s07e14_151;office_s07e14.mp4;1239.03;1246.04;no
2060009;Michael peers through the blinds while talking on the phone, pulling them apart with his hand.;s06e05_100;office_s06e05.mp4;934.81;945.24;no
9020035;A young man leans over the reception desk, holding a Newsweek magazine with a brain-map illustration of a head on the cover.;s02e06_006;office_s02e06.mp4;41.04;49.26;no
2060014;Michael falls to his knees, sweeping his things off the desk.;s07e23_080;office_s07e23.mp4;684.52;695.86;no
2060003;Dwight talks on the phone at his desk in the bathroom while a man holding a candle walks past him.;s07e23_063;office_s07e23.mp4;536.03;542.29;no
1020020;Michael tears up the yellow paper in front of people.;s05e03_092;office_s05e03.mp4;755.50;762.26;no
2060030;Michael takes off his helmet and lunges at Dwight, hitting him with it.;s02e06_119;office_s02e06.mp4;910.16;918.21;no
9020023;Seen through a half-open door, Jim leans against the stair railing, resting his forehead on his hand.;s07e23_036;office_s07e23.mp4;302.55;312.96;no
9140034;Dwight peeks through binoculars, as Pam ends the call and exits through a door behind the boxes.;s09e04_021;office_s09e04.mp4;133.08;142.18;no
2060007;Michael sitting with his legs crossed taps his finger against a black mug.;s05e17_063;office_s05e17.mp4;576.78;586.04;no
9020035;A young man leans over the reception desk, holding a Newsweek magazine with a brain-map illustration of a head on the cover.;s02e06_001;office_s02e06.mp4;0.00;10.97;no
2060031;Dwight stands up from his chair, makes a traditional martial arts salute and bows forward.;s06e09_157;office_s06e09.mp4;1252.73;1264.60;no
9020028;Dwight stretches his interlocked hands out in front of the break room vending machines, stern and determined.;s01e05_033;office_s01e05.mp4;344.59;354.73;no
9040029;Erin sticks red tape on the wall where Toby pointed, tapping his fingers.;s05e03_043;office_s05e03.mp4;338.67;345.80;no
2060031;Dwight stands up from his chair, makes a traditional martial arts salute and bows forward.;s05e03_013;office_s05e03.mp4;81.25;85.25;no
9020006;Meredith and Pam stand with a shiny spinning wheel turning between them, as people clap.;s04e09_122;office_s04e09.mp4;939.61;942.82;no
5170016;Two men in suits shake hands laughing in an office with blinds, while a man sits looking on.;s08e04_060;office_s08e04.mp4;484.73;491.24;no
2100019;Ryan holds up a pink floral name plate.;s08e24_109;office_s08e24.mp4;832.75;839.21;no
9040016;Dwight angrily drops the keys with a yellow keychain onto Jim's.;s05e03_039;office_s05e03.mp4;297.21;310.69;no
2100019;Ryan holds up a pink floral name plate.;s04e09_129;office_s04e09.mp4;1018.02;1031.36;no
2060001;Dwight finds his desk in a men's bathroom.;s04e09_013;office_s04e09.mp4;97.72;102.73;no
1050001;Darryl walks straight through the warehouse with the cupboard.;s05e17_013;office_s05e17.mp4;154.09;165.12;no
3190009;A woman yawns widely on a couch beside a man with crutches.;s08e24_047;office_s08e24.mp4;337.96;341.84;no
1050017;Jim ties his shoes while sitting in the armchair and talking to Pam.;s06e09_128;office_s06e09.mp4;985.32;995.12;no
2060014;Michael falls to his knees, sweeping his things off the desk.;s08e24_097;office_s08e24.mp4;736.01;747.08;no
2100019;Ryan holds up a pink floral name plate.;s01e02_115;office_s01e02.mp4;1100.06;1110.73;no
9140003;Pam, in a brown coat, carrying a folded blanket under her arm, walks through the warehouse, then stops and screams in shock.;s01e05_138;office_s01e05.mp4;1220.90;1235.47;no
2060030;Michael takes off his helmet and lunges at Dwight, hitting him with it.;s03e05_104;office_s03e05.mp4;712.27;726.71;no
7140011;A shot of Michael in front of a gas station, gas pumps behind him and someone cleaning the window of his car.;s07e14_046;office_s07e14.mp4;434.48;443.32;no
3050017;Dwight throws his arms up shouting excitedly outside a wooden barn.;s08e04_130;office_s08e04.mp4;1017.33;1025.57;no
1020017;A Black man with a brown briefcase exits Michael's room in a rush.;s09e14_151;office_s09e14.mp4;1239.53;1252.88;no
3050017;Dwight throws his arms up shouting excitedly outside a wooden barn.;s03e19_101;office_s03e19.mp4;770.85;778.95;no
6090022;Andy looks at Erin, who is talking to other people, with a disgusted, forced smile.;s07e14_136;office_s07e14.mp4;1123.71;1135.63;no
9020035;A young man leans over the reception desk, holding a Newsweek magazine with a brain-map illustration of a head on the cover.;s03e05_039;office_s03e05.mp4;300.01;304.80;no
9140034;Dwight peeks through binoculars, as Pam ends the call and exits through a door behind the boxes.;s08e04_010;office_s08e04.mp4;76.24;84.79;no
1050001;Darryl walks straight through the warehouse with the cupboard.;s01e05_089;office_s01e05.mp4;774.82;789.79;no
4090011;Andy hands a bouquet to one woman, then gives a single flower from it to Angela beside her.;s09e02_081;office_s09e02.mp4;536.12;542.29;no
2060007;Michael sitting with his legs crossed taps his finger against a black mug.;s01e05_089;office_s01e05.mp4;774.82;789.79;no
5170020;Pam covers the phone receiver and speaks sternly to Michael, who stands at the reception desk.;s01e05_056;office_s01e05.mp4;533.12;544.63;no
1020018;Michael laughs while holding a yellow paper in his hand.;s05e03_092;office_s05e03.mp4;755.50;762.26;no
1020020;Michael tears up the yellow paper in front of people.;s03e19_054;office_s03e19.mp4;370.83;379.09;no
2060030;Michael takes off his helmet and lunges at Dwight, hitting him with it.;s02e06_120;office_s02e06.mp4;918.21;926.26;no
2100025;Kevin stands in a small foot spa tub in the office.;s03e19_121;office_s03e19.mp4;908.91;913.37;no
7140002;Ryan, in a light shirt and striped tie, stands by Kelly, in a yellow cardigan over a floral top, who touches his arm while he covers his eyes and scratches his head, stressed.;s02e06_133;office_s02e06.mp4;1046.17;1052.76;no
9020003;Kevin and Pam stand with a spinning wheel turning between them, as people clap.;s09e02_008;office_s09e02.mp4;41.38;50.72;no
1020008;Angela sitting in front of a whiteboard eats a banana.;s02e06_157;office_s02e06.mp4;1208.62;1220.18;no
1020018;Michael laughs while holding a yellow paper in his hand.;s05e03_054;office_s05e03.mp4;431.10;438.56;no
9020016;A man with a tray of drinks approaches Jim and Pam, and Pam takes a drink from his tray, handing him the banana peel.;s04e09_128;office_s04e09.mp4;1004.02;1018.02;no
2060031;Dwight stands up from his chair, makes a traditional martial arts salute and bows forward.;s07e23_070;office_s07e23.mp4;588.92;594.72;no
5170016;Two men in suits shake hands laughing in an office with blinds, while a man sits looking on.;s01e02_058;office_s01e02.mp4;557.22;561.02;no
2060023;Jim in a blue shirt looks stunned in front of a whiteboard.;s02e06_082;office_s02e06.mp4;643.60;653.74;no
2060023;Jim in a blue shirt looks stunned in front of a whiteboard.;s08e04_030;office_s08e04.mp4;242.78;253.19;no
1020017;A Black man with a brown briefcase exits Michael's room in a rush.;s08e24_078;office_s08e24.mp4;572.61;586.66;no
6090022;Andy looks at Erin, who is talking to other people, with a disgusted, forced smile.;s07e14_146;office_s07e14.mp4;1205.08;1214.76;no
9020028;Dwight stretches his interlocked hands out in front of the break room vending machines, stern and determined.;s06e09_159;office_s06e09.mp4;1276.47;1288.34;no
2100025;Kevin stands in a small foot spa tub in the office.;s06e09_019;office_s06e09.mp4;107.32;111.94;no
2060031;Dwight stands up from his chair, makes a traditional martial arts salute and bows forward.;s08e24_007;office_s08e24.mp4;84.33;98.38;no
8240016;Andy, in the bathroom, pours alcohol on himself from a bottle, standing in front of the mirror and sink.;s09e14_026;office_s09e14.mp4;187.48;196.34;no
6050021;Ryan sits in a meeting, staring at the phone in his hand, while others sit around him watching something.;s01e02_033;office_s01e02.mp4;351.94;364.60;no
9140003;Pam, in a brown coat, carrying a folded blanket under her arm, walks through the warehouse, then stops and screams in shock.;s05e03_111;office_s05e03.mp4;900.52;915.08;no
3190025;Ryan stands up and kisses Kelly on the nose.;s07e14_150;office_s07e14.mp4;1235.36;1239.03;no
9020035;A young man leans over the reception desk, holding a Newsweek magazine with a brain-map illustration of a head on the cover.;s02e06_008;office_s02e06.mp4;59.87;70.49;no
9020028;Dwight stretches his interlocked hands out in front of the break room vending machines, stern and determined.;s06e05_047;office_s06e05.mp4;427.53;437.52;no
1020018;Michael laughs while holding a yellow paper in his hand.;s02e06_023;office_s02e06.mp4;195.99;205.25;no
9020006;Meredith and Pam stand with a shiny spinning wheel turning between them, as people clap.;s03e05_109;office_s03e05.mp4;753.21;758.55;no
6050021;Ryan sits in a meeting, staring at the phone in his hand, while others sit around him watching something.;s05e17_047;office_s05e17.mp4;442.52;454.41;no
2060009;Michael peers through the blinds while talking on the phone, pulling them apart with his hand.;s07e23_014;office_s07e23.mp4;100.45;109.73;no
1020018;Michael laughs while holding a yellow paper in his hand.;s05e17_109;office_s05e17.mp4;945.03;954.04;no
2060003;Dwight talks on the phone at his desk in the bathroom while a man holding a candle walks past him.;s01e02_041;office_s01e02.mp4;428.26;437.19;no
9020028;Dwight stretches his interlocked hands out in front of the break room vending machines, stern and determined.;s06e09_015;office_s06e09.mp4;83.96;90.97;no
9040016;Dwight angrily drops the keys with a yellow keychain onto Jim's.;s03e05_063;office_s03e05.mp4;452.20;462.80;no
1050025;Dwight drinks from the bottle with his mask on his face and spits.;s07e23_029;office_s07e23.mp4;253.13;261.30;no
9140029;A man standing behind Oscar, hands on his shoulders, pats his cheek in front of everyone at a gathering.;s09e14_105;office_s09e14.mp4;855.25;866.90;no
3190009;A woman yawns widely on a couch beside a man with crutches.;s08e24_049;office_s08e24.mp4;346.39;360.78;no
2060023;Jim in a blue shirt looks stunned in front of a whiteboard.;s02e06_158;office_s02e06.mp4;1220.18;1226.14;no
4090029;Two police officers arrive outside a house at night, patrol lights flashing behind them.;s04e09_159;office_s04e09.mp4;1243.49;1248.75;no
9040029;Erin sticks red tape on the wall where Toby pointed, tapping his fingers.;s09e14_122;office_s09e14.mp4;1006.13;1009.84;no
5030018;Pam talks on the phone in a laundromat while a woman on the left sits on a washing machine folding clothes.;s03e05_075;office_s03e05.mp4;541.42;544.92;no
2060014;Michael falls to his knees, sweeping his things off the desk.;s06e09_158;office_s06e09.mp4;1264.60;1276.47;no
9020035;A young man leans over the reception desk, holding a Newsweek magazine with a brain-map illustration of a head on the cover.;s03e05_169;office_s03e05.mp4;1115.03;1124.27;no
5030018;Pam talks on the phone in a laundromat while a woman on the left sits on a washing machine folding clothes.;s03e05_163;office_s03e05.mp4;1080.79;1087.75;no
3050017;Dwight throws his arms up shouting excitedly outside a wooden barn.;s08e04_070;office_s08e04.mp4;560.93;567.44;no
6090022;Andy looks at Erin, who is talking to other people, with a disgusted, forced smile.;s09e02_118;office_s09e02.mp4;820.32;832.96;no
9140025;Pam, in a grey hoodie, stands next to Dwight in the warehouse, pressing her hands to the sides of her face and ears, stressed.;s07e23_011;office_s07e23.mp4;74.62;82.89;no
4090029;Two police officers arrive outside a house at night, patrol lights flashing behind them.;s04e09_164;office_s04e09.mp4;1284.41;1292.27;no
1050017;Jim ties his shoes while sitting in the armchair and talking to Pam.;s02e06_035;office_s02e06.mp4;291.37;300.26;no
3190025;Ryan stands up and kisses Kelly on the nose.;s03e05_081;office_s03e05.mp4;567.02;571.32;no
2100023;Michael in a Santa hat buys a lot of drinks at the store.;s05e17_013;office_s05e17.mp4;154.09;165.12;no
9140034;Dwight peeks through binoculars, as Pam ends the call and exits through a door behind the boxes.;s07e23_128;office_s07e23.mp4;1155.53;1168.33;no
1050025;Dwight drinks from the bottle with his mask on his face and spits.;s08e04_038;office_s08e04.mp4;317.79;329.29;no
8040028;Kelly rubs her arms, cold, while Ryan drinks beside her at a table with wine bottles, at the outdoor party.;s04e09_055;office_s04e09.mp4;430.01;441.65;no
1020008;Angela sitting in front of a whiteboard eats a banana.;s05e03_021;office_s05e03.mp4;160.66;170.42;no
2060030;Michael takes off his helmet and lunges at Dwight, hitting him with it.;s01e05_138;office_s01e05.mp4;1220.90;1235.47;no
1020006;A shot of Kevin sitting at the desk, writing something in a giant book with a big red pencil.;s03e19_099;office_s03e19.mp4;748.86;759.86;no
2100025;Kevin stands in a small foot spa tub in the office.;s03e19_046;office_s03e19.mp4;291.92;300.05;no
1020017;A Black man with a brown briefcase exits Michael's room in a rush.;s01e05_046;office_s01e05.mp4;448.00;458.53;no
1020017;A Black man with a brown briefcase exits Michael's room in a rush.;s07e23_104;office_s07e23.mp4;931.51;944.84;no
2060003;Dwight talks on the phone at his desk in the bathroom while a man holding a candle walks past him.;s08e04_033;office_s08e04.mp4;268.64;278.57;no
3050014;Stanley stands in a long line laughing joyfully.;s08e24_122;office_s08e24.mp4;953.16;960.50;no
2060016;Dwight in a yellow shirt pulls his shirt aside and shows his stomach.;s09e14_072;office_s09e14.mp4;587.04;599.15;no
5170020;Pam covers the phone receiver and speaks sternly to Michael, who stands at the reception desk.;s07e23_051;office_s07e23.mp4;454.33;460.17;no
1020020;Michael tears up the yellow paper in front of people.;s03e19_051;office_s03e19.mp4;347.18;354.85;no
9140034;Dwight peeks through binoculars, as Pam ends the call and exits through a door behind the boxes.;s07e23_134;office_s07e23.mp4;1215.76;1229.02;no
2060016;Dwight in a yellow shirt pulls his shirt aside and shows his stomach.;s02e06_018;office_s02e06.mp4;168.63;175.84;no
1020018;Michael laughs while holding a yellow paper in his hand.;s03e05_037;office_s03e05.mp4;290.83;295.17;no
2060032;Dwight applies white-out with a small brush to a business card.;s01e02_129;office_s01e02.mp4;1186.68;1195.65;no
1020018;Michael laughs while holding a yellow paper in his hand.;s06e09_085;office_s06e09.mp4;656.20;663.87;no
5170020;Pam covers the phone receiver and speaks sternly to Michael, who stands at the reception desk.;s03e05_165;office_s03e05.mp4;1094.51;1099.27;no
1050017;Jim ties his shoes while sitting in the armchair and talking to Pam.;s05e17_085;office_s05e17.mp4;717.09;729.02;no
3190009;A woman yawns widely on a couch beside a man with crutches.;s04e09_083;office_s04e09.mp4;632.47;638.10;no
6050021;Ryan sits in a meeting, staring at the phone in his hand, while others sit around him watching something.;s08e04_028;office_s08e04.mp4;217.51;229.90;no
9020035;A young man leans over the reception desk, holding a Newsweek magazine with a brain-map illustration of a head on the cover.;s01e05_068;office_s01e05.mp4;628.04;641.89;no
9140002;Erin, carrying a giant teddy bear, meets Darryl while walking up the stairs in the stairwell.;s04e09_016;office_s04e09.mp4;159.31;174.02;no
3190004;Darryl on crutches presses a button on a red industrial machine as its small panel door opens and lifts up.;s01e05_065;office_s01e05.mp4;606.77;617.58;no
3190025;Ryan stands up and kisses Kelly on the nose.;s06e09_145;office_s06e09.mp4;1150.94;1154.49;no
1020018;Michael laughs while holding a yellow paper in his hand.;s08e04_057;office_s08e04.mp4;455.50;463.75;no
2060032;Dwight applies white-out with a small brush to a business card.;s09e04_154;office_s09e04.mp4;1005.21;1009.34;no
1050017;Jim ties his shoes while sitting in the armchair and talking to Pam.;s04e09_055;office_s04e09.mp4;430.01;441.65;no
3190004;Darryl on crutches presses a button on a red industrial machine as its small panel door opens and lifts up.;s04e09_108;office_s04e09.mp4;806.60;814.40;no
8240016;Andy, in the bathroom, pours alcohol on himself from a bottle, standing in front of the mirror and sink.;s07e23_004;office_s07e23.mp4;29.82;34.95;no
8240019;Dwight with small scissors walks up to Angela, who is taking a photo with a man and a child.;s08e24_052;office_s08e24.mp4;378.42;392.73;no
9140002;Erin, carrying a giant teddy bear, meets Darryl while walking up the stairs in the stairwell.;s01e05_078;office_s01e05.mp4;705.04;711.34;no
5170016;Two men in suits shake hands laughing in an office with blinds, while a man sits looking on.;s03e05_120;office_s03e05.mp4;833.29;843.30;no
7140002;Ryan, in a light shirt and striped tie, stands by Kelly, in a yellow cardigan over a floral top, who touches his arm while he covers his eyes and scratches his head, stressed.;s05e17_084;office_s05e17.mp4;705.16;717.09;no
8240006;Creed poses for a photo with two elderly people beside him as a woman photographs them in front of a blue backdrop.;s08e24_134;office_s08e24.mp4;1028.40;1037.79;no
4090029;Two police officers arrive outside a house at night, patrol lights flashing behind them.;s02e10_128;office_s02e10.mp4;1016.33;1028.44;no
6050021;Ryan sits in a meeting, staring at the phone in his hand, while others sit around him watching something.;s01e02_052;office_s01e02.mp4;506.55;511.51;no
8040028;Kelly rubs her arms, cold, while Ryan drinks beside her at a table with wine bottles, at the outdoor party.;s01e05_099;office_s01e05.mp4;859.48;865.62;no
1020017;A Black man with a brown briefcase exits Michael's room in a rush.;s09e14_027;office_s09e14.mp4;196.34;205.21;no
9140003;Pam, in a brown coat, carrying a folded blanket under her arm, walks through the warehouse, then stops and screams in shock.;s02e10_049;office_s02e10.mp4;435.69;442.90;no
2060009;Michael peers through the blinds while talking on the phone, pulling them apart with his hand.;s01e02_022;office_s01e02.mp4;238.91;253.17;no
2060023;Jim in a blue shirt looks stunned in front of a whiteboard.;s03e05_184;office_s03e05.mp4;1207.29;1210.92;no
2100019;Ryan holds up a pink floral name plate.;s09e14_083;office_s09e14.mp4;670.67;676.51;no
9020006;Meredith and Pam stand with a shiny spinning wheel turning between them, as people clap.;s09e02_004;office_s09e02.mp4;16.81;24.82;no
2100019;Ryan holds up a pink floral name plate.;s05e03_001;office_s05e03.mp4;0.00;7.01;no
5170020;Pam covers the phone receiver and speaks sternly to Michael, who stands at the reception desk.;s03e05_163;office_s03e05.mp4;1080.79;1087.75;no
9040016;Dwight angrily drops the keys with a yellow keychain onto Jim's.;s08e04_135;office_s08e04.mp4;1055.81;1068.51;no
5170016;Two men in suits shake hands laughing in an office with blinds, while a man sits looking on.;s05e03_141;office_s05e03.mp4;1127.59;1137.47;no
2060014;Michael falls to his knees, sweeping his things off the desk.;s05e17_130;office_s05e17.mp4;1170.98;1184.56;no
1020008;Angela sitting in front of a whiteboard eats a banana.;s02e10_024;office_s02e10.mp4;244.08;253.50;no
1050017;Jim ties his shoes while sitting in the armchair and talking to Pam.;s04e09_062;office_s04e09.mp4;486.24;493.87;no
9040029;Erin sticks red tape on the wall where Toby pointed, tapping his fingers.;s04e09_080;office_s04e09.mp4;609.07;615.49;no
9140025;Pam, in a grey hoodie, stands next to Dwight in the warehouse, pressing her hands to the sides of her face and ears, stressed.;s01e02_110;office_s01e02.mp4;1049.23;1062.35;no
2060016;Dwight in a yellow shirt pulls his shirt aside and shows his stomach.;s09e04_086;office_s09e04.mp4;594.01;603.19;no
9020028;Dwight stretches his interlocked hands out in front of the break room vending machines, stern and determined.;s05e17_010;office_s05e17.mp4;119.87;134.51;no
1020006;A shot of Kevin sitting at the desk, writing something in a giant book with a big red pencil.;s03e19_018;office_s03e19.mp4;127.38;131.21;no
6090022;Andy looks at Erin, who is talking to other people, with a disgusted, forced smile.;s07e14_135;office_s07e14.mp4;1111.78;1123.71;no
2060014;Michael falls to his knees, sweeping his things off the desk.;s07e23_123;office_s07e23.mp4;1095.63;1106.88;no
2100006;Dwight vacuums up needles under the Christmas tree.;s02e10_107;office_s02e10.mp4;845.89;855.35;no
1050001;Darryl walks straight through the warehouse with the cupboard.;s01e05_114;office_s01e05.mp4;978.14;984.57;no
2060003;Dwight talks on the phone at his desk in the bathroom while a man holding a candle walks past him.;s09e04_051;office_s09e04.mp4;373.37;378.75;no
1050005;A wide shot of the warehouse space with a basketball hoop.;s01e05_138;office_s01e05.mp4;1220.90;1235.47;no
2100025;Kevin stands in a small foot spa tub in the office.;s08e24_028;office_s08e24.mp4;234.07;247.12;no
2100023;Michael in a Santa hat buys a lot of drinks at the store.;s05e17_012;office_s05e17.mp4;143.06;154.09;no
9020003;Kevin and Pam stand with a spinning wheel turning between them, as people clap.;s09e04_102;office_s09e04.mp4;714.46;720.01;no
2060009;Michael peers through the blinds while talking on the phone, pulling them apart with his hand.;s06e05_098;office_s06e05.mp4;914.73;924.77;no
9140034;Dwight peeks through binoculars, as Pam ends the call and exits through a door behind the boxes.;s08e24_032;office_s08e24.mp4;258.26;264.06;no
4090029;Two police officers arrive outside a house at night, patrol lights flashing behind them.;s08e04_144;office_s08e04.mp4;1145.85;1158.91;no
3050017;Dwight throws his arms up shouting excitedly outside a wooden barn.;s03e05_078;office_s03e05.mp4;554.64;558.43;no
9140002;Erin, carrying a giant teddy bear, meets Darryl while walking up the stairs in the stairwell.;s01e05_017;office_s01e05.mp4;222.64;236.99;no
2060001;Dwight finds his desk in a men's bathroom.;s04e09_107;office_s04e09.mp4;795.00;806.60;no
9140034;Dwight peeks through binoculars, as Pam ends the call and exits through a door behind the boxes.;s07e23_049;office_s07e23.mp4;438.06;446.20;no
8240026;The man in glasses hugs and then kisses Andy on the lips near the reception desk.;s08e24_056;office_s08e24.mp4;407.41;412.75;no
1020008;Angela sitting in front of a whiteboard eats a banana.;s02e06_155;office_s02e06.mp4;1195.65;1203.91;no
9020028;Dwight stretches his interlocked hands out in front of the break room vending machines, stern and determined.;s09e02_101;office_s09e02.mp4;692.57;706.85;no
2100006;Dwight vacuums up needles under the Christmas tree.;s02e10_042;office_s02e10.mp4;372.75;384.88;no
8040028;Kelly rubs her arms, cold, while Ryan drinks beside her at a table with wine bottles, at the outdoor party.;s04e09_142;office_s04e09.mp4;1095.34;1101.89;no
8040028;Kelly rubs her arms, cold, while Ryan drinks beside her at a table with wine bottles, at the outdoor party.;s08e04_064;office_s08e04.mp4;517.85;521.69;no
3190004;Darryl on crutches presses a button on a red industrial machine as its small panel door opens and lifts up.;s01e05_066;office_s01e05.mp4;617.58;621.91;no
2060007;Michael sitting with his legs crossed taps his finger against a black mug.;s05e03_110;office_s05e03.mp4;885.97;900.52;no
1020017;A Black man with a brown briefcase exits Michael's room in a rush.;s01e02_001;office_s01e02.mp4;55.20;66.98;no
3050022;Ryan walks through tall grass as a red car slows alongside.;s03e05_051;office_s03e05.mp4;379.42;390.43;no
2060023;Jim in a blue shirt looks stunned in front of a whiteboard.;s07e23_042;office_s07e23.mp4;356.29;367.44;no
9020016;A man with a tray of drinks approaches Jim and Pam, and Pam takes a drink from his tray, handing him the banana peel.;s09e02_035;office_s09e02.mp4;259.05;270.31;no
8240019;Dwight with small scissors walks up to Angela, who is taking a photo with a man and a child.;s08e24_082;office_s08e24.mp4;618.74;627.42;no
2060007;Michael sitting with his legs crossed taps his finger against a black mug.;s02e06_142;office_s02e06.mp4;1109.03;1114.07;no
8240016;Andy, in the bathroom, pours alcohol on himself from a bottle, standing in front of the mirror and sink.;s05e03_126;office_s05e03.mp4;1014.68;1017.85;no
1020008;Angela sitting in front of a whiteboard eats a banana.;s02e10_049;office_s02e10.mp4;435.69;442.90;no
2060031;Dwight stands up from his chair, makes a traditional martial arts salute and bows forward.;s05e03_083;office_s05e03.mp4;671.84;684.06;no
3050022;Ryan walks through tall grass as a red car slows alongside.;s06e09_089;office_s06e09.mp4;686.60;692.15;no
7140002;Ryan, in a light shirt and striped tie, stands by Kelly, in a yellow cardigan over a floral top, who touches his arm while he covers his eyes and scratches his head, stressed.;s09e04_134;office_s09e04.mp4;891.68;896.77;no
9140025;Pam, in a grey hoodie, stands next to Dwight in the warehouse, pressing her hands to the sides of her face and ears, stressed.;s09e14_037;office_s09e14.mp4;285.64;298.38;no
1050005;A wide shot of the warehouse space with a basketball hoop.;s01e05_103;office_s01e05.mp4;890.35;899.77;no
2060030;Michael takes off his helmet and lunges at Dwight, hitting him with it.;s06e09_152;office_s06e09.mp4;1201.45;1213.32;no
9020023;Seen through a half-open door, Jim leans against the stair railing, resting his forehead on his hand.;s06e05_102;office_s06e05.mp4;959.85;974.47;no
7140034;A wide shot of a brown brick building with a silver car parked in front of it.;s05e03_133;office_s05e03.mp4;1055.35;1064.65;no
9020035;A young man leans over the reception desk, holding a Newsweek magazine with a brain-map illustration of a head on the cover.;s07e23_041;office_s07e23.mp4;345.14;356.29;no
9140034;Dwight peeks through binoculars, as Pam ends the call and exits through a door behind the boxes.;s03e19_159;office_s03e19.mp4;1159.37;1165.37;no
2100006;Dwight vacuums up needles under the Christmas tree.;s02e10_048;office_s02e10.mp4;423.30;435.69;no
1020018;Michael laughs while holding a yellow paper in his hand.;s09e02_157;office_s09e02.mp4;1103.60;1106.94;no
7140011;A shot of Michael in front of a gas station, gas pumps behind him and someone cleaning the window of his car.;s07e14_037;office_s07e14.mp4;329.08;335.96;no
2100019;Ryan holds up a pink floral name plate.;s08e04_097;office_s08e04.mp4;765.22;773.48;no
1020008;Angela sitting in front of a whiteboard eats a banana.;s08e04_037;office_s08e04.mp4;306.29;317.79;no
1050025;Dwight drinks from the bottle with his mask on his face and spits.;s04e09_142;office_s04e09.mp4;1095.34;1101.89;no
2100006;Dwight vacuums up needles under the Christmas tree.;s07e23_072;office_s07e23.mp4;600.73;613.72;no
9140002;Erin, carrying a giant teddy bear, meets Darryl while walking up the stairs in the stairwell.;s04e09_044;office_s04e09.mp4;372.75;378.30;no
2060003;Dwight talks on the phone at his desk in the bathroom while a man holding a candle walks past him.;s01e02_127;office_s01e02.mp4;1166.62;1176.65;no
4090029;Two police officers arrive outside a house at night, patrol lights flashing behind them.;s04e09_153;office_s04e09.mp4;1180.70;1193.39;no
2100025;Kevin stands in a small foot spa tub in the office.;s05e03_005;office_s05e03.mp4;31.95;42.42;no
1020020;Michael tears up the yellow paper in front of people.;s03e05_111;office_s03e05.mp4;763.26;771.10;no
4090011;Andy hands a bouquet to one woman, then gives a single flower from it to Angela beside her.;s09e02_032;office_s09e02.mp4;230.81;239.78;no
2060009;Michael peers through the blinds while talking on the phone, pulling them apart with his hand.;s03e05_148;office_s03e05.mp4;998.46;1002.13;no
1020006;A shot of Kevin sitting at the desk, writing something in a giant book with a big red pencil.;s07e23_025;office_s07e23.mp4;212.53;227.06;no
1020006;A shot of Kevin sitting at the desk, writing something in a giant book with a big red pencil.;s06e05_100;office_s06e05.mp4;934.81;945.24;no
5030032;An old photo showing a baby sitting on a red toy car outside.;s05e03_066;office_s05e03.mp4;539.08;548.72;no
3050014;Stanley stands in a long line laughing joyfully.;s03e19_135;office_s03e19.mp4;1002.63;1006.50;no
9040029;Erin sticks red tape on the wall where Toby pointed, tapping his fingers.;s09e04_034;office_s09e04.mp4;262.60;273.81;no
3050014;Stanley stands in a long line laughing joyfully.;s09e02_171;office_s09e02.mp4;1180.55;1192.27;no
4090011;Andy hands a bouquet to one woman, then gives a single flower from it to Angela beside her.;s04e09_048;office_s04e09.mp4;394.48;400.44;no
9140003;Pam, in a brown coat, carrying a folded blanket under her arm, walks through the warehouse, then stops and screams in shock.;s03e19_041;office_s03e19.mp4;262.10;269.56;no
5030018;Pam talks on the phone in a laundromat while a woman on the left sits on a washing machine folding clothes.;s05e17_053;office_s05e17.mp4;495.41;503.15;no
2060003;Dwight talks on the phone at his desk in the bathroom while a man holding a candle walks past him.;s03e05_001;office_s03e05.mp4;0.00;11.39;no
6090022;Andy looks at Erin, who is talking to other people, with a disgusted, forced smile.;s05e03_137;office_s05e03.mp4;1094.97;1106.75;no
9020023;Seen through a half-open door, Jim leans against the stair railing, resting his forehead on his hand.;s01e05_071;office_s01e05.mp4;659.78;674.47;no
6050021;Ryan sits in a meeting, staring at the phone in his hand, while others sit around him watching something.;s02e06_043;office_s02e06.mp4;353.35;361.11;no
9020023;Seen through a half-open door, Jim leans against the stair railing, resting his forehead on his hand.;s08e24_039;office_s08e24.mp4;298.30;304.05;no
2100019;Ryan holds up a pink floral name plate.;s01e02_125;office_s01e02.mp4;1157.32;1161.99;no
3050017;Dwight throws his arms up shouting excitedly outside a wooden barn.;s03e19_165;office_s03e19.mp4;1204.58;1211.63;no
9040016;Dwight angrily drops the keys with a yellow keychain onto Jim's.;s01e02_005;office_s01e02.mp4;102.02;112.40;no
2100006;Dwight vacuums up needles under the Christmas tree.;s02e10_086;office_s02e10.mp4;700.45;705.79;no
1020006;A shot of Kevin sitting at the desk, writing something in a giant book with a big red pencil.;s05e17_058;office_s05e17.mp4;539.41;550.34;no
2060001;Dwight finds his desk in a men's bathroom.;s07e23_072;office_s07e23.mp4;600.73;613.72;no
2100023;Michael in a Santa hat buys a lot of drinks at the store.;s02e10_056;office_s02e10.mp4;489.15;499.29;no
8240026;The man in glasses hugs and then kisses Andy on the lips near the reception desk.;s01e02_028;office_s01e02.mp4;291.57;305.56;no
8240034;Dwight tries to kiss Angela, who pushes him away, then kisses him hard, as they sit together in a waiting room.;s05e03_052;office_s05e03.mp4;408.99;419.17;no
1020006;A shot of Kevin sitting at the desk, writing something in a giant book with a big red pencil.;s06e05_071;office_s06e05.mp4;637.48;650.75;no
3190025;Ryan stands up and kisses Kelly on the nose.;s04e09_063;office_s04e09.mp4;493.87;500.08;no
1050025;Dwight drinks from the bottle with his mask on his face and spits.;s09e04_057;office_s09e04.mp4;415.29;418.63;no
5170020;Pam covers the phone receiver and speaks sternly to Michael, who stands at the reception desk.;s07e14_011;office_s07e14.mp4;109.27;118.61;no
1050017;Jim ties his shoes while sitting in the armchair and talking to Pam.;s06e05_072;office_s06e05.mp4;650.75;664.02;no
9020028;Dwight stretches his interlocked hands out in front of the break room vending machines, stern and determined.;s06e09_156;office_s06e09.mp4;1240.87;1252.73;no
7140002;Ryan, in a light shirt and striped tie, stands by Kelly, in a yellow cardigan over a floral top, who touches his arm while he covers his eyes and scratches his head, stressed.;s08e04_066;office_s08e04.mp4;529.07;536.75;no
9040016;Dwight angrily drops the keys with a yellow keychain onto Jim's.;s05e03_038;office_s05e03.mp4;283.74;297.21;no
2100006;Dwight vacuums up needles under the Christmas tree.;s02e10_058;office_s02e10.mp4;507.05;513.80;no
5170016;Two men in suits shake hands laughing in an office with blinds, while a man sits looking on.;s07e14_129;office_s07e14.mp4;1069.57;1076.41;no
2060023;Jim in a blue shirt looks stunned in front of a whiteboard.;s06e05_002;office_s06e05.mp4;10.84;15.39;no
8240034;Dwight tries to kiss Angela, who pushes him away, then kisses him hard, as they sit together in a waiting room.;s06e09_064;office_s06e09.mp4;465.13;477.48;no
1020028;A man puts champagne on a desk with a black nameplate on it.;s03e05_087;office_s03e05.mp4;599.89;604.65;no
8240006;Creed poses for a photo with two elderly people beside him as a woman photographs them in front of a blue backdrop.;s08e24_082;office_s08e24.mp4;618.74;627.42;no
3190025;Ryan stands up and kisses Kelly on the nose.;s08e24_160;office_s08e24.mp4;1208.21;1215.17;no
1050017;Jim ties his shoes while sitting in the armchair and talking to Pam.;s09e14_028;office_s09e14.mp4;205.21;209.08;no
1050025;Dwight drinks from the bottle with his mask on his face and spits.;s08e04_097;office_s08e04.mp4;765.22;773.48;no
2060032;Dwight applies white-out with a small brush to a business card.;s01e02_004;office_s01e02.mp4;91.63;102.02;no
9040016;Dwight angrily drops the keys with a yellow keychain onto Jim's.;s06e09_095;office_s06e09.mp4;728.98;740.99;no
9020035;A young man leans over the reception desk, holding a Newsweek magazine with a brain-map illustration of a head on the cover.;s02e06_011;office_s02e06.mp4;81.35;88.92;no
3190025;Ryan stands up and kisses Kelly on the nose.;s09e02_084;office_s09e02.mp4;555.93;562.39;no
5170020;Pam covers the phone receiver and speaks sternly to Michael, who stands at the reception desk.;s01e05_068;office_s01e05.mp4;628.04;641.89;no
7140034;A wide shot of a brown brick building with a silver car parked in front of it.;s04e09_155;office_s04e09.mp4;1206.08;1211.21;no
8240019;Dwight with small scissors walks up to Angela, who is taking a photo with a man and a child.;s07e14_061;office_s07e14.mp4;566.09;576.24;no
1020017;A Black man with a brown briefcase exits Michael's room in a rush.;s03e05_040;office_s03e05.mp4;304.80;311.44;no
2060003;Dwight talks on the phone at his desk in the bathroom while a man holding a candle walks past him.;s03e05_156;office_s03e05.mp4;1036.04;1044.46;no
2100023;Michael in a Santa hat buys a lot of drinks at the store.;s02e10_123;office_s02e10.mp4;975.18;981.52;no
2060001;Dwight finds his desk in a men's bathroom.;s04e09_106;office_s04e09.mp4;788.87;795.00;no
2100023;Michael in a Santa hat buys a lot of drinks at the store.;s02e10_046;office_s02e10.mp4;408.07;416.04;no
9040029;Erin sticks red tape on the wall where Toby pointed, tapping his fingers.;s09e04_030;office_s09e04.mp4;218.30;232.11;no
9140034;Dwight peeks through binoculars, as Pam ends the call and exits through a door behind the boxes.;s09e14_068;office_s09e14.mp4;538.72;553.44;no
2060014;Michael falls to his knees, sweeping his things off the desk.;s09e02_116;office_s09e02.mp4;807.01;816.57;no
2060007;Michael sitting with his legs crossed taps his finger against a black mug.;s07e14_057;office_s07e14.mp4;532.37;538.91;no
3050014;Stanley stands in a long line laughing joyfully.;s05e03_043;office_s05e03.mp4;338.67;345.80;no
2100019;Ryan holds up a pink floral name plate.;s08e04_087;office_s08e04.mp4;700.41;708.96;no
2060007;Michael sitting with his legs crossed taps his finger against a black mug.;s01e05_146;office_s01e05.mp4;1301.13;1315.07;no
1020020;Michael tears up the yellow paper in front of people.;s06e09_009;office_s06e09.mp4;48.05;54.30;no
5170016;Two men in suits shake hands laughing in an office with blinds, while a man sits looking on.;s03e05_043;office_s03e05.mp4;335.46;342.88;no
8040028;Kelly rubs her arms, cold, while Ryan drinks beside her at a table with wine bottles, at the outdoor party.;s08e04_119;office_s08e04.mp4;942.11;945.82;no
3190009;A woman yawns widely on a couch beside a man with crutches.;s06e05_138;office_s06e05.mp4;1245.99;1253.96;no
3050017;Dwight throws his arms up shouting excitedly outside a wooden barn.;s01e05_120;office_s01e05.mp4;1031.82;1044.75;no
1020018;Michael laughs while holding a yellow paper in his hand.;s05e03_008;office_s05e03.mp4;54.22;59.73;no
2060009;Michael peers through the blinds while talking on the phone, pulling them apart with his hand.;s07e23_039;office_s07e23.mp4;333.79;338.21;no
9020016;A man with a tray of drinks approaches Jim and Pam, and Pam takes a drink from his tray, handing him the banana peel.;s09e02_063;office_s09e02.mp4;425.59;433.70;no
3190004;Darryl on crutches presses a button on a red industrial machine as its small panel door opens and lifts up.;s08e24_032;office_s08e24.mp4;258.26;264.06;no
1050017;Jim ties his shoes while sitting in the armchair and talking to Pam.;s01e05_082;office_s01e05.mp4;731.86;736.32;no
2100019;Ryan holds up a pink floral name plate.;s06e05_092;office_s06e05.mp4;852.35;866.03;no
9020035;A young man leans over the reception desk, holding a Newsweek magazine with a brain-map illustration of a head on the cover.;s02e06_012;office_s02e06.mp4;88.92;94.84;no
1020028;A man puts champagne on a desk with a black nameplate on it.;s03e19_025;office_s03e19.mp4;161.12;164.71;no
1020028;A man puts champagne on a desk with a black nameplate on it.;s01e05_139;office_s01e05.mp4;1235.47;1250.04;no
1050017;Jim ties his shoes while sitting in the armchair and talking to Pam.;s02e10_076;office_s02e10.mp4;642.85;649.02;no
3050017;Dwight throws his arms up shouting excitedly outside a wooden barn.;s08e04_011;office_s08e04.mp4;84.79;96.28;no
1020006;A shot of Kevin sitting at the desk, writing something in a giant book with a big red pencil.;s09e02_106;office_s09e02.mp4;756.38;762.10;no
2060014;Michael falls to his knees, sweeping his things off the desk.;s01e05_010;office_s01e05.mp4;138.14;151.49;no
1020017;A Black man with a brown briefcase exits Michael's room in a rush.;s02e06_006;office_s02e06.mp4;41.04;49.26;no
7140002;Ryan, in a light shirt and striped tie, stands by Kelly, in a yellow cardigan over a floral top, who touches his arm while he covers his eyes and scratches his head, stressed.;s03e05_146;office_s03e05.mp4;992.07;995.33;no
6090022;Andy looks at Erin, who is talking to other people, with a disgusted, forced smile.;s03e05_054;office_s03e05.mp4;406.70;411.58;no
2100025;Kevin stands in a small foot spa tub in the office.;s05e03_004;office_s05e03.mp4;28.45;31.95;no
3190004;Darryl on crutches presses a button on a red industrial machine as its small panel door opens and lifts up.;s01e05_067;office_s01e05.mp4;621.91;628.04;no
9140003;Pam, in a brown coat, carrying a folded blanket under her arm, walks through the warehouse, then stops and screams in shock.;s09e14_148;office_s09e14.mp4;1199.49;1212.84;no
2060016;Dwight in a yellow shirt pulls his shirt aside and shows his stomach.;s09e04_144;office_s09e04.mp4;961.50;965.21;no
3050022;Ryan walks through tall grass as a red car slows alongside.;s08e04_043;office_s08e04.mp4;365.70;375.46;no
2060014;Michael falls to his knees, sweeping his things off the desk.;s01e02_030;office_s01e02.mp4;319.56;333.56;no
9140029;A man standing behind Oscar, hands on his shoulders, pats his cheek in front of everyone at a gathering.;s03e05_057;office_s03e05.mp4;418.67;424.72;no
2060001;Dwight finds his desk in a men's bathroom.;s07e23_074;office_s07e23.mp4;626.71;639.70;no
8240034;Dwight tries to kiss Angela, who pushes him away, then kisses him hard, as they sit together in a waiting room.;s09e02_136;office_s09e02.mp4;949.53;958.00;no
9020016;A man with a tray of drinks approaches Jim and Pam, and Pam takes a drink from his tray, handing him the banana peel.;s02e06_106;office_s02e06.mp4;824.16;830.62;no
9040016;Dwight angrily drops the keys with a yellow keychain onto Jim's.;s02e06_009;office_s02e06.mp4;70.49;73.78;no
6050021;Ryan sits in a meeting, staring at the phone in his hand, while others sit around him watching something.;s01e02_046;office_s01e02.mp4;461.50;471.89;no
2060003;Dwight talks on the phone at his desk in the bathroom while a man holding a candle walks past him.;s01e02_101;office_s01e02.mp4;932.27;944.32;no
8240006;Creed poses for a photo with two elderly people beside him as a woman photographs them in front of a blue backdrop.;s09e14_075;office_s09e14.mp4;623.36;635.47;no
1020017;A Black man with a brown briefcase exits Michael's room in a rush.;s01e05_002;office_s01e05.mp4;69.48;83.88;no
9040016;Dwight angrily drops the keys with a yellow keychain onto Jim's.;s06e05_110;office_s06e05.mp4;1046.25;1051.05;no
2060032;Dwight applies white-out with a small brush to a business card.;s09e02_114;office_s09e02.mp4;797.71;803.55;no
3190025;Ryan stands up and kisses Kelly on the nose.;s02e06_155;office_s02e06.mp4;1195.65;1203.91;no
1020006;A shot of Kevin sitting at the desk, writing something in a giant book with a big red pencil.;s09e02_029;office_s09e02.mp4;208.00;215.09;no
2100023;Michael in a Santa hat buys a lot of drinks at the store.;s02e10_143;office_s02e10.mp4;1123.37;1131.26;no
2100019;Ryan holds up a pink floral name plate.;s08e04_006;office_s08e04.mp4;42.63;49.88;no
9020028;Dwight stretches his interlocked hands out in front of the break room vending machines, stern and determined.;s06e09_146;office_s06e09.mp4;1154.49;1157.49;no
8240019;Dwight with small scissors walks up to Angela, who is taking a photo with a man and a child.;s08e24_054;office_s08e24.mp4;399.02;404.19;no
9020028;Dwight stretches his interlocked hands out in front of the break room vending machines, stern and determined.;s07e23_126;office_s07e23.mp4;1129.38;1142.45;no
8240019;Dwight with small scissors walks up to Angela, who is taking a photo with a man and a child.;s06e05_130;office_s06e05.mp4;1197.57;1204.99;no
3190009;A woman yawns widely on a couch beside a man with crutches.;s09e04_059;office_s09e04.mp4;421.92;427.01;no
4090029;Two police officers arrive outside a house at night, patrol lights flashing behind them.;s09e02_177;office_s09e02.mp4;1248.46;1257.38;no
9020028;Dwight stretches his interlocked hands out in front of the break room vending machines, stern and determined.;s09e14_126;office_s09e14.mp4;1023.77;1027.48;no
1020008;Angela sitting in front of a whiteboard eats a banana.;s03e19_052;office_s03e19.mp4;354.85;360.15;no
1050001;Darryl walks straight through the warehouse with the cupboard.;s01e05_070;office_s01e05.mp4;650.84;659.78;no
2100006;Dwight vacuums up needles under the Christmas tree.;s02e10_037;office_s02e10.mp4;344.59;352.29;no
1050001;Darryl walks straight through the warehouse with the cupboard.;s01e05_137;office_s01e05.mp4;1206.33;1220.90;no
8240019;Dwight with small scissors walks up to Angela, who is taking a photo with a man and a child.;s01e02_127;office_s01e02.mp4;1166.62;1176.65;no
9140002;Erin, carrying a giant teddy bear, meets Darryl while walking up the stairs in the stairwell.;s04e09_015;office_s04e09.mp4;144.60;159.31;no
2060003;Dwight talks on the phone at his desk in the bathroom while a man holding a candle walks past him.;s02e06_010;office_s02e06.mp4;73.78;81.35;no
2060014;Michael falls to his knees, sweeping his things off the desk.;s09e02_002;office_s09e02.mp4;5.88;10.09;no
3050017;Dwight throws his arms up shouting excitedly outside a wooden barn.;s03e19_086;office_s03e19.mp4;630.92;644.50;no
4090029;Two police officers arrive outside a house at night, patrol lights flashing behind them.;s07e14_103;office_s07e14.mp4;889.85;894.35;no
7140002;Ryan, in a light shirt and striped tie, stands by Kelly, in a yellow cardigan over a floral top, who touches his arm while he covers his eyes and scratches his head, stressed.;s06e09_092;office_s06e09.mp4;708.64;717.22;no
2060003;Dwight talks on the phone at his desk in the bathroom while a man holding a candle walks past him.;s07e23_004;office_s07e23.mp4;29.82;34.95;no
2060031;Dwight stands up from his chair, makes a traditional martial arts salute and bows forward.;s09e02_097;office_s09e02.mp4;663.58;670.17;no
2100023;Michael in a Santa hat buys a lot of drinks at the store.;s02e10_003;office_s02e10.mp4;18.48;30.91;no
2060007;Michael sitting with his legs crossed taps his finger against a black mug.;s02e06_143;office_s02e06.mp4;1114.07;1118.16;no
3190004;Darryl on crutches presses a button on a red industrial machine as its small panel door opens and lifts up.;s03e19_033;office_s03e19.mp4;213.05;218.30;no
2060023;Jim in a blue shirt looks stunned in front of a whiteboard.;s02e06_153;office_s02e06.mp4;1179.76;1187.69;no
8240034;Dwight tries to kiss Angela, who pushes him away, then kisses him hard, as they sit together in a waiting room.;s03e05_097;office_s03e05.mp4;661.70;666.00;no
2100006;Dwight vacuums up needles under the Christmas tree.;s02e10_147;office_s02e10.mp4;1154.94;1160.95;no
9040016;Dwight angrily drops the keys with a yellow keychain onto Jim's.;s02e06_139;office_s02e06.mp4;1083.62;1090.34;no
5170016;Two men in suits shake hands laughing in an office with blinds, while a man sits looking on.;s05e17_003;office_s05e17.mp4;28.84;43.26;no
2100025;Kevin stands in a small foot spa tub in the office.;s05e03_083;office_s05e03.mp4;671.84;684.06;no
9020003;Kevin and Pam stand with a spinning wheel turning between them, as people clap.;s08e24_099;office_s08e24.mp4;761.34;771.90;no
1050017;Jim ties his shoes while sitting in the armchair and talking to Pam.;s07e23_002;office_s07e23.mp4;11.78;23.57;no
1050001;Darryl walks straight through the warehouse with the cupboard.;s01e05_022;office_s01e05.mp4;264.89;268.73;no
2060003;Dwight talks on the phone at his desk in the bathroom while a man holding a candle walks past him.;s02e06_048;office_s02e06.mp4;390.31;396.73;no
5170016;Two men in suits shake hands laughing in an office with blinds, while a man sits looking on.;s06e05_027;office_s06e05.mp4;219.09;227.69;no
2060016;Dwight in a yellow shirt pulls his shirt aside and shows his stomach.;s01e05_073;office_s01e05.mp4;682.76;685.93;no
7140011;A shot of Michael in front of a gas station, gas pumps behind him and someone cleaning the window of his car.;s03e19_121;office_s03e19.mp4;908.91;913.37;no
2060007;Michael sitting with his legs crossed taps his finger against a black mug.;s09e14_115;office_s09e14.mp4;970.26;980.06;no
5030032;An old photo showing a baby sitting on a red toy car outside.;s08e04_130;office_s08e04.mp4;1017.33;1025.57;yes
5170016;Two men in suits shake hands laughing in an office with blinds, while a man sits looking on.;s01e02_019;office_s01e02.mp4;207.92;218.25;no
2060009;Michael peers through the blinds while talking on the phone, pulling them apart with his hand.;s02e06_043;office_s02e06.mp4;353.35;361.11;no
1020006;A shot of Kevin sitting at the desk, writing something in a giant book with a big red pencil.;s03e19_011;office_s03e19.mp4;55.93;66.12;no
9020016;A man with a tray of drinks approaches Jim and Pam, and Pam takes a drink from his tray, handing him the banana peel.;s09e02_033;office_s09e02.mp4;239.78;251.13;no
2060031;Dwight stands up from his chair, makes a traditional martial arts salute and bows forward.;s02e06_121;office_s02e06.mp4;926.26;935.04;no
1050005;A wide shot of the warehouse space with a basketball hoop.;s01e05_065;office_s01e05.mp4;606.77;617.58;no
7140002;Ryan, in a light shirt and striped tie, stands by Kelly, in a yellow cardigan over a floral top, who touches his arm while he covers his eyes and scratches his head, stressed.;s02e06_134;office_s02e06.mp4;1052.76;1061.10;no
5030018;Pam talks on the phone in a laundromat while a woman on the left sits on a washing machine folding clothes.;s01e05_025;office_s01e05.mp4;277.03;288.62;no
7140034;A wide shot of a brown brick building with a silver car parked in front of it.;s03e05_138;office_s03e05.mp4;944.69;949.99;no
2100019;Ryan holds up a pink floral name plate.;s09e02_078;office_s09e02.mp4;523.19;528.36;no
5030032;An old photo showing a baby sitting on a red toy car outside.;s05e03_133;office_s05e03.mp4;1055.35;1064.65;no
9020028;Dwight stretches his interlocked hands out in front of the break room vending machines, stern and determined.;s09e04_045;office_s09e04.mp4;329.66;335.33;no
9020028;Dwight stretches his interlocked hands out in front of the break room vending machines, stern and determined.;s06e09_008;office_s06e09.mp4;41.42;48.05;no
2060016;Dwight in a yellow shirt pulls his shirt aside and shows his stomach.;s03e05_106;office_s03e05.mp4;741.16;744.45;no
2100019;Ryan holds up a pink floral name plate.;s04e09_132;office_s04e09.mp4;1042.54;1048.84;no
9020035;A young man leans over the reception desk, holding a Newsweek magazine with a brain-map illustration of a head on the cover.;s07e23_021;office_s07e23.mp4;171.00;179.30;no
7140002;Ryan, in a light shirt and striped tie, stands by Kelly, in a yellow cardigan over a floral top, who touches his arm while he covers his eyes and scratches his head, stressed.;s02e06_109;office_s02e06.mp4;843.80;848.97;no
1020015;People in the room raise their hands in the air at the same time.;s09e02_009;office_s09e02.mp4;50.72;54.80;no
9140025;Pam, in a grey hoodie, stands next to Dwight in the warehouse, pressing her hands to the sides of her face and ears, stressed.;s02e06_108;office_s02e06.mp4;836.25;843.80;no
1020018;Michael laughs while holding a yellow paper in his hand.;s06e09_066;office_s06e09.mp4;490.74;501.46;no
9040029;Erin sticks red tape on the wall where Toby pointed, tapping his fingers.;s04e09_099;office_s04e09.mp4;740.20;753.21;no
2060014;Michael falls to his knees, sweeping his things off the desk.;s09e14_152;office_s09e14.mp4;1252.88;1263.12;no
6090022;Andy looks at Erin, who is talking to other people, with a disgusted, forced smile.;s04e09_073;office_s04e09.mp4;573.78;579.75;no
1050001;Darryl walks straight through the warehouse with the cupboard.;s01e05_085;office_s01e05.mp4;745.37;759.26;no
1020008;Angela sitting in front of a whiteboard eats a banana.;s02e06_107;office_s02e06.mp4;830.62;836.25;no
2060007;Michael sitting with his legs crossed taps his finger against a black mug.;s01e02_005;office_s01e02.mp4;102.02;112.40;no
1050017;Jim ties his shoes while sitting in the armchair and talking to Pam.;s09e04_128;office_s09e04.mp4;858.86;863.15;no
8240019;Dwight with small scissors walks up to Angela, who is taking a photo with a man and a child.;s08e24_076;office_s08e24.mp4;556.76;567.48;no
9140025;Pam, in a grey hoodie, stands next to Dwight in the warehouse, pressing her hands to the sides of her face and ears, stressed.;s09e14_068;office_s09e14.mp4;538.72;553.44;no
2060031;Dwight stands up from his chair, makes a traditional martial arts salute and bows forward.;s03e19_132;office_s03e19.mp4;975.18;981.11;no
1050005;A wide shot of the warehouse space with a basketball hoop.;s01e05_117;office_s01e05.mp4;997.50;1006.05;no
2060023;Jim in a blue shirt looks stunned in front of a whiteboard.;s02e06_115;office_s02e06.mp4;880.75;890.56;no
5170016;Two men in suits shake hands laughing in an office with blinds, while a man sits looking on.;s05e17_109;office_s05e17.mp4;945.03;954.04;no
1050017;Jim ties his shoes while sitting in the armchair and talking to Pam.;s01e02_098;office_s01e02.mp4;896.14;908.18;no
1050017;Jim ties his shoes while sitting in the armchair and talking to Pam.;s09e02_134;office_s09e02.mp4;935.14;944.94;no
1020017;A Black man with a brown briefcase exits Michael's room in a rush.;s07e14_104;office_s07e14.mp4;894.35;907.91;no
1020018;Michael laughs while holding a yellow paper in his hand.;s02e06_050;office_s02e06.mp4;408.24;414.08;no
2100025;Kevin stands in a small foot spa tub in the office.;s09e14_029;office_s09e14.mp4;209.08;217.84;no
9140034;Dwight peeks through binoculars, as Pam ends the call and exits through a door behind the boxes.;s03e19_152;office_s03e19.mp4;1102.66;1110.36;no
1020018;Michael laughs while holding a yellow paper in his hand.;s08e04_084;office_s08e04.mp4;674.92;683.31;no
3190004;Darryl on crutches presses a button on a red industrial machine as its small panel door opens and lifts up.;s06e09_019;office_s06e09.mp4;107.32;111.94;no
2100023;Michael in a Santa hat buys a lot of drinks at the store.;s02e10_121;office_s02e10.mp4;966.84;971.22;no
2060016;Dwight in a yellow shirt pulls his shirt aside and shows his stomach.;s02e06_091;office_s02e06.mp4;726.93;731.44;no
3050014;Stanley stands in a long line laughing joyfully.;s02e10_151;office_s02e10.mp4;1174.51;1179.72;no
9040016;Dwight angrily drops the keys with a yellow keychain onto Jim's.;s02e06_015;office_s02e06.mp4;137.09;150.61;no
9020006;Meredith and Pam stand with a shiny spinning wheel turning between them, as people clap.;s05e03_019;office_s05e03.mp4;147.15;150.90;no
3050014;Stanley stands in a long line laughing joyfully.;s05e17_114;office_s05e17.mp4;981.86;988.82;no
5170016;Two men in suits shake hands laughing in an office with blinds, while a man sits looking on.;s05e03_008;office_s05e03.mp4;54.22;59.73;no
1050017;Jim ties his shoes while sitting in the armchair and talking to Pam.;s05e03_039;office_s05e03.mp4;297.21;310.69;no
9020023;Seen through a half-open door, Jim leans against the stair railing, resting his forehead on his hand.;s01e02_019;office_s01e02.mp4;207.92;218.25;no
2060032;Dwight applies white-out with a small brush to a business card.;s09e04_055;office_s09e04.mp4;403.01;412.00;no
2060030;Michael takes off his helmet and lunges at Dwight, hitting him with it.;s02e06_111;office_s02e06.mp4;854.73;864.61;no
3190004;Darryl on crutches presses a button on a red industrial machine as its small panel door opens and lifts up.;s03e19_030;office_s03e19.mp4;192.69;201.03;no
7140011;A shot of Michael in front of a gas station, gas pumps behind him and someone cleaning the window of his car.;s07e14_083;office_s07e14.mp4;758.38;763.68;no
9020023;Seen through a half-open door, Jim leans against the stair railing, resting his forehead on his hand.;s07e14_087;office_s07e14.mp4;777.99;782.49;no
2060031;Dwight stands up from his chair, makes a traditional martial arts salute and bows forward.;s09e02_109;office_s09e02.mp4;774.98;778.86;no
2060023;Jim in a blue shirt looks stunned in front of a whiteboard.;s02e06_107;office_s02e06.mp4;830.62;836.25;no
8240034;Dwight tries to kiss Angela, who pushes him away, then kisses him hard, as they sit together in a waiting room.;s09e14_102;office_s09e14.mp4;824.99;831.96;no
7140002;Ryan, in a light shirt and striped tie, stands by Kelly, in a yellow cardigan over a floral top, who touches his arm while he covers his eyes and scratches his head, stressed.;s09e14_046;office_s09e14.mp4;366.03;370.87;no
8240019;Dwight with small scissors walks up to Angela, who is taking a photo with a man and a child.;s08e04_053;office_s08e04.mp4;432.18;439.73;no
2060003;Dwight talks on the phone at his desk in the bathroom while a man holding a candle walks past him.;s05e17_097;office_s05e17.mp4;839.92;845.30;no
1020020;Michael tears up the yellow paper in front of people.;s05e17_060;office_s05e17.mp4;557.60;566.90;no
3190025;Ryan stands up and kisses Kelly on the nose.;s07e14_151;office_s07e14.mp4;1239.03;1246.04;no
9040016;Dwight angrily drops the keys with a yellow keychain onto Jim's.;s05e17_138;office_s05e17.mp4;1248.34;1260.48;no
1020018;Michael laughs while holding a yellow paper in his hand.;s05e03_107;office_s05e03.mp4;856.21;869.33;no
3050017;Dwight throws his arms up shouting excitedly outside a wooden barn.;s01e05_109;office_s01e05.mp4;925.47;936.10;no
3050014;Stanley stands in a long line laughing joyfully.;s03e19_137;office_s03e19.mp4;1012.18;1016.14;no
1020018;Michael laughs while holding a yellow paper in his hand.;s08e04_034;office_s08e04.mp4;278.57;288.50;no
1020020;Michael tears up the yellow paper in front of people.;s03e19_066;office_s03e19.mp4;465.30;477.14;no
9020016;A man with a tray of drinks approaches Jim and Pam, and Pam takes a drink from his tray, handing him the banana peel.;s02e06_082;office_s02e06.mp4;643.60;653.74;no
2060032;Dwight applies white-out with a small brush to a business card.;s07e23_021;office_s07e23.mp4;171.00;179.30;no
3190009;A woman yawns widely on a couch beside a man with crutches.;s01e05_071;office_s01e05.mp4;659.78;674.47;no
7140002;Ryan, in a light shirt and striped tie, stands by Kelly, in a yellow cardigan over a floral top, who touches his arm while he covers his eyes and scratches his head, stressed.;s02e06_051;office_s02e06.mp4;414.08;418.50;no
9040016;Dwight angrily drops the keys with a yellow keychain onto Jim's.;s05e03_147;office_s05e03.mp4;1178.34;1184.77;no
1020018;Michael laughs while holding a yellow paper in his hand.;s07e14_124;office_s07e14.mp4;1031.32;1038.79;no
5170016;Two men in suits shake hands laughing in an office with blinds, while a man sits looking on.;s07e14_130;office_s07e14.mp4;1076.41;1083.87;no
2060030;Michael takes off his helmet and lunges at Dwight, hitting him with it.;s08e24_074;office_s08e24.mp4;543.96;552.76;no
8040028;Kelly rubs her arms, cold, while Ryan drinks beside her at a table with wine bottles, at the outdoor party.;s08e24_111;office_s08e24.mp4;851.18;863.15;no
8040028;Kelly rubs her arms, cold, while Ryan drinks beside her at a table with wine bottles, at the outdoor party.;s08e04_068;office_s08e04.mp4;545.21;553.07;no
8040028;Kelly rubs her arms, cold, while Ryan drinks beside her at a table with wine bottles, at the outdoor party.;s04e09_121;office_s04e09.mp4;925.13;939.61;no
2100023;Michael in a Santa hat buys a lot of drinks at the store.;s02e10_149;office_s02e10.mp4;1164.16;1168.17;no
3050022;Ryan walks through tall grass as a red car slows alongside.;s08e04_130;office_s08e04.mp4;1017.33;1025.57;no
9040029;Erin sticks red tape on the wall where Toby pointed, tapping his fingers.;s01e05_057;office_s01e05.mp4;544.63;553.09;no
3050014;Stanley stands in a long line laughing joyfully.;s08e24_077;office_s08e24.mp4;567.48;572.61;no
5030018;Pam talks on the phone in a laundromat while a woman on the left sits on a washing machine folding clothes.;s07e14_040;office_s07e14.mp4;361.67;374.50;no
5170016;Two men in suits shake hands laughing in an office with blinds, while a man sits looking on.;s02e06_035;office_s02e06.mp4;291.37;300.26;no
9020003;Kevin and Pam stand with a spinning wheel turning between them, as people clap.;s09e02_018;office_s09e02.mp4;107.36;114.45;no
8240034;Dwight tries to kiss Angela, who pushes him away, then kisses him hard, as they sit together in a waiting room.;s09e14_049;office_s09e14.mp4;378.59;386.26;no
9140003;Pam, in a brown coat, carrying a folded blanket under her arm, walks through the warehouse, then stops and screams in shock.;s09e02_094;office_s09e02.mp4;647.23;653.24;no
2100006;Dwight vacuums up needles under the Christmas tree.;s02e10_005;office_s02e10.mp4;39.41;45.34;no
5030018;Pam talks on the phone in a laundromat while a woman on the left sits on a washing machine folding clothes.;s05e03_158;office_s05e03.mp4;1246.16;1250.83;no
8240006;Creed poses for a photo with two elderly people beside him as a woman photographs them in front of a blue backdrop.;s08e24_055;office_s08e24.mp4;404.19;407.41;no
2060030;Michael takes off his helmet and lunges at Dwight, hitting him with it.;s02e06_067;office_s02e06.mp4;527.15;539.33;no
8240034;Dwight tries to kiss Angela, who pushes him away, then kisses him hard, as they sit together in a waiting room.;s05e03_064;office_s05e03.mp4;512.55;525.82;no
8040028;Kelly rubs her arms, cold, while Ryan drinks beside her at a table with wine bottles, at the outdoor party.;s04e09_138;office_s04e09.mp4;1072.57;1079.37;no
2060007;Michael sitting with his legs crossed taps his finger against a black mug.;s05e03_013;office_s05e03.mp4;81.25;85.25;no
2100023;Michael in a Santa hat buys a lot of drinks at the store.;s02e10_133;office_s02e10.mp4;1048.96;1054.60;no
9140003;Pam, in a brown coat, carrying a folded blanket under her arm, walks through the warehouse, then stops and screams in shock.;s05e03_114;office_s05e03.mp4;941.73;952.83;no
2060001;Dwight finds his desk in a men's bathroom.;s08e24_074;office_s08e24.mp4;543.96;552.76;no
9020003;Kevin and Pam stand with a spinning wheel turning between them, as people clap.;s03e05_109;office_s03e05.mp4;753.21;758.55;no
7140002;Ryan, in a light shirt and striped tie, stands by Kelly, in a yellow cardigan over a floral top, who touches his arm while he covers his eyes and scratches his head, stressed.;s09e04_110;office_s09e04.mp4;752.92;761.30;no
3190009;A woman yawns widely on a couch beside a man with crutches.;s08e24_166;office_s08e24.mp4;1247.54;1258.97;no
1020006;A shot of Kevin sitting at the desk, writing something in a giant book with a big red pencil.;s01e05_143;office_s01e05.mp4;1279.36;1284.07;no
9020028;Dwight stretches his interlocked hands out in front of the break room vending machines, stern and determined.;s06e09_021;office_s06e09.mp4;117.83;126.19;no
2100025;Kevin stands in a small foot spa tub in the office.;s07e23_025;office_s07e23.mp4;212.53;227.06;no
1050017;Jim ties his shoes while sitting in the armchair and talking to Pam.;s01e05_067;office_s01e05.mp4;621.91;628.04;no
5170020;Pam covers the phone receiver and speaks sternly to Michael, who stands at the reception desk.;s07e23_124;office_s07e23.mp4;1106.88;1118.13;no
7140002;Ryan, in a light shirt and striped tie, stands by Kelly, in a yellow cardigan over a floral top, who touches his arm while he covers his eyes and scratches his head, stressed.;s09e04_109;office_s09e04.mp4;742.87;752.92;no
7140011;A shot of Michael in front of a gas station, gas pumps behind him and someone cleaning the window of his car.;s07e14_087;office_s07e14.mp4;777.99;782.49;no
2060007;Michael sitting with his legs crossed taps his finger against a black mug.;s05e03_012;office_s05e03.mp4;77.91;81.25;no
2060030;Michael takes off his helmet and lunges at Dwight, hitting him with it.;s05e17_101;office_s05e17.mp4;863.20;872.62;no
2060009;Michael peers through the blinds while talking on the phone, pulling them apart with his hand.;s04e09_005;office_s04e09.mp4;34.91;38.75;no
2060016;Dwight in a yellow shirt pulls his shirt aside and shows his stomach.;s02e10_122;office_s02e10.mp4;971.22;975.18;no
1050017;Jim ties his shoes while sitting in the armchair and talking to Pam.;s04e09_058;office_s04e09.mp4;464.13;470.97;no
9040016;Dwight angrily drops the keys with a yellow keychain onto Jim's.;s01e02_101;office_s01e02.mp4;932.27;944.32;no
9020028;Dwight stretches his interlocked hands out in front of the break room vending machines, stern and determined.;s07e23_033;office_s07e23.mp4;276.61;284.41;no
5030032;An old photo showing a baby sitting on a red toy car outside.;s06e05_087;office_s06e05.mp4;795.38;808.35;no
4090029;Two police officers arrive outside a house at night, patrol lights flashing behind them.;s04e09_151;office_s04e09.mp4;1155.33;1168.02;no
9020023;Seen through a half-open door, Jim leans against the stair railing, resting his forehead on his hand.;s06e05_101;office_s06e05.mp4;945.24;959.85;no
1050025;Dwight drinks from the bottle with his mask on his face and spits.;s08e04_131;office_s08e04.mp4;1025.57;1031.66;no
1020008;Angela sitting in front of a whiteboard eats a banana.;s04e09_129;office_s04e09.mp4;1018.02;1031.36;no
8240026;The man in glasses hugs and then kisses Andy on the lips near the reception desk.;s09e14_130;office_s09e14.mp4;1046.55;1056.78;no
3190009;A woman yawns widely on a couch beside a man with crutches.;s09e02_085;office_s09e02.mp4;562.39;571.55;no
1020020;Michael tears up the yellow paper in front of people.;s02e10_019;office_s02e10.mp4;203.58;211.29;no
2060007;Michael sitting with his legs crossed taps his finger against a black mug.;s01e05_013;office_s01e05.mp4;178.18;191.53;no
9020023;Seen through a half-open door, Jim leans against the stair railing, resting his forehead on his hand.;s07e23_023;office_s07e23.mp4;187.56;197.99;no
2060014;Michael falls to his knees, sweeping his things off the desk.;s08e24_007;office_s08e24.mp4;84.33;98.38;no
1020006;A shot of Kevin sitting at the desk, writing something in a giant book with a big red pencil.;s03e05_179;office_s03e05.mp4;1179.20;1188.27;no
2060009;Michael peers through the blinds while talking on the phone, pulling them apart with his hand.;s01e02_004;office_s01e02.mp4;91.63;102.02;no
2060001;Dwight finds his desk in a men's bathroom.;s07e14_141;office_s07e14.mp4;1160.83;1167.58;no
2060030;Michael takes off his helmet and lunges at Dwight, hitting him with it.;s06e09_083;office_s06e09.mp4;636.72;646.46;no
8240026;The man in glasses hugs and then kisses Andy on the lips near the reception desk.;s05e17_010;office_s05e17.mp4;119.87;134.51;no
2100006;Dwight vacuums up needles under the Christmas tree.;s02e10_002;office_s02e10.mp4;9.24;18.48;no
9040029;Erin sticks red tape on the wall where Toby pointed, tapping his fingers.;s08e24_008;office_s08e24.mp4;107.77;110.82;no
9140029;A man standing behind Oscar, hands on his shoulders, pats his cheek in front of everyone at a gathering.;s03e05_086;office_s03e05.mp4;592.26;599.89;no
9020003;Kevin and Pam stand with a spinning wheel turning between them, as people clap.;s07e23_024;office_s07e23.mp4;197.99;212.53;no
8040028;Kelly rubs her arms, cold, while Ryan drinks beside her at a table with wine bottles, at the outdoor party.;s06e05_112;office_s06e05.mp4;1056.81;1063.56;no
5170016;Two men in suits shake hands laughing in an office with blinds, while a man sits looking on.;s02e06_027;office_s02e06.mp4;235.99;246.83;no
2060030;Michael takes off his helmet and lunges at Dwight, hitting him with it.;s05e03_011;office_s05e03.mp4;72.86;77.91;no
9040016;Dwight angrily drops the keys with a yellow keychain onto Jim's.;s01e05_088;office_s01e05.mp4;766.35;774.82;no
5170016;Two men in suits shake hands laughing in an office with blinds, while a man sits looking on.;s02e06_154;office_s02e06.mp4;1187.69;1195.65;no
1020015;People in the room raise their hands in the air at the same time.;s05e17_010;office_s05e17.mp4;119.87;134.51;no
8240006;Creed poses for a photo with two elderly people beside him as a woman photographs them in front of a blue backdrop.;s08e24_072;office_s08e24.mp4;531.95;540.37;no
6050021;Ryan sits in a meeting, staring at the phone in his hand, while others sit around him watching something.;s05e17_020;office_s05e17.mp4;198.49;208.58;no
2060003;Dwight talks on the phone at his desk in the bathroom while a man holding a candle walks past him.;s05e03_036;office_s05e03.mp4;266.81;270.27;no
6090022;Andy looks at Erin, who is talking to other people, with a disgusted, forced smile.;s09e14_074;office_s09e14.mp4;611.26;623.36;no
1020020;Michael tears up the yellow paper in front of people.;s05e17_129;office_s05e17.mp4;1157.41;1170.98;no
3050017;Dwight throws his arms up shouting excitedly outside a wooden barn.;s08e04_063;office_s08e04.mp4;507.51;517.85;no
9140029;A man standing behind Oscar, hands on his shoulders, pats his cheek in front of everyone at a gathering.;s09e14_131;office_s09e14.mp4;1056.78;1067.02;no
8040028;Kelly rubs her arms, cold, while Ryan drinks beside her at a table with wine bottles, at the outdoor party.;s08e04_080;office_s08e04.mp4;638.97;645.14;no
3190025;Ryan stands up and kisses Kelly on the nose.;s01e02_134;office_s01e02.mp4;1219.09;1230.06;no
5170016;Two men in suits shake hands laughing in an office with blinds, while a man sits looking on.;s08e04_116;office_s08e04.mp4;922.38;925.88;no
5170016;Two men in suits shake hands laughing in an office with blinds, while a man sits looking on.;s03e19_166;office_s03e19.mp4;1211.63;1219.01;no
1050017;Jim ties his shoes while sitting in the armchair and talking to Pam.;s08e24_110;office_s08e24.mp4;839.21;851.18;no
8240026;The man in glasses hugs and then kisses Andy on the lips near the reception desk.;s02e06_067;office_s02e06.mp4;527.15;539.33;no
1050025;Dwight drinks from the bottle with his mask on his face and spits.;s07e14_111;office_s07e14.mp4;942.86;950.66;no
1020006;A shot of Kevin sitting at the desk, writing something in a giant book with a big red pencil.;s06e09_009;office_s06e09.mp4;48.05;54.30;no
5170020;Pam covers the phone receiver and speaks sternly to Michael, who stands at the reception desk.;s05e17_042;office_s05e17.mp4;406.32;410.33;no
1020017;A Black man with a brown briefcase exits Michael's room in a rush.;s06e09_053;office_s06e09.mp4;395.71;406.49;no
1050005;A wide shot of the warehouse space with a basketball hoop.;s01e05_123;office_s01e05.mp4;1061.73;1068.15;no
2100006;Dwight vacuums up needles under the Christmas tree.;s02e10_087;office_s02e10.mp4;705.79;710.38;no
2060030;Michael takes off his helmet and lunges at Dwight, hitting him with it.;s08e04_127;office_s08e04.mp4;1000.17;1004.04;no
9020028;Dwight stretches his interlocked hands out in front of the break room vending machines, stern and determined.;s07e23_049;office_s07e23.mp4;438.06;446.20;no
2060030;Michael takes off his helmet and lunges at Dwight, hitting him with it.;s02e06_115;office_s02e06.mp4;880.75;890.56;no
8040028;Kelly rubs her arms, cold, while Ryan drinks beside her at a table with wine bottles, at the outdoor party.;s09e02_092;office_s09e02.mp4;630.36;643.52;no
8240034;Dwight tries to kiss Angela, who pushes him away, then kisses him hard, as they sit together in a waiting room.;s08e24_164;office_s08e24.mp4;1235.44;1242.70;no
8240034;Dwight tries to kiss Angela, who pushes him away, then kisses him hard, as they sit together in a waiting room.;s05e03_051;office_s05e03.mp4;396.27;408.99;no
7140002;Ryan, in a light shirt and striped tie, stands by Kelly, in a yellow cardigan over a floral top, who touches his arm while he covers his eyes and scratches his head, stressed.;s08e24_008;office_s08e24.mp4;107.77;110.82;no
2060003;Dwight talks on the phone at his desk in the bathroom while a man holding a candle walks past him.;s01e02_004;office_s01e02.mp4;91.63;102.02;no
6050021;Ryan sits in a meeting, staring at the phone in his hand, while others sit around him watching something.;s03e05_182;office_s03e05.mp4;1195.99;1200.95;no
8240016;Andy, in the bathroom, pours alcohol on himself from a bottle, standing in front of the mirror and sink.;s09e04_043;office_s09e04.mp4;320.99;325.41;no
7140002;Ryan, in a light shirt and striped tie, stands by Kelly, in a yellow cardigan over a floral top, who touches his arm while he covers his eyes and scratches his head, stressed.;s02e06_089;office_s02e06.mp4;712.34;723.64;no
3050014;Stanley stands in a long line laughing joyfully.;s09e14_103;office_s09e14.mp4;831.96;843.60;no
1020028;A man puts champagne on a desk with a black nameplate on it.;s05e03_001;office_s05e03.mp4;0.00;7.01;no
2060023;Jim in a blue shirt looks stunned in front of a whiteboard.;s05e03_003;office_s05e03.mp4;14.06;28.45;no
9040029;Erin sticks red tape on the wall where Toby pointed, tapping his fingers.;s08e24_132;office_s08e24.mp4;1020.39;1025.27;no
2060009;Michael peers through the blinds while talking on the phone, pulling them apart with his hand.;s05e17_055;office_s05e17.mp4;510.88;517.60;no
1020017;A Black man with a brown briefcase exits Michael's room in a rush.;s09e14_108;office_s09e14.mp4;892.49;906.43;no
8240034;Dwight tries to kiss Angela, who pushes him away, then kisses him hard, as they sit together in a waiting room.;s08e24_160;office_s08e24.mp4;1208.21;1215.17;no
2100025;Kevin stands in a small foot spa tub in the office.;s01e05_139;office_s01e05.mp4;1235.47;1250.04;no
1020008;Angela sitting in front of a whiteboard eats a banana.;s02e06_153;office_s02e06.mp4;1179.76;1187.69;no
9020035;A young man leans over the reception desk, holding a Newsweek magazine with a brain-map illustration of a head on the cover.;s01e02_062;office_s01e02.mp4;598.51;606.98;no
3050017;Dwight throws his arms up shouting excitedly outside a wooden barn.;s03e05_106;office_s03e05.mp4;741.16;744.45;no
5030032;An old photo showing a baby sitting on a red toy car outside.;s05e03_045;office_s05e03.mp4;350.77;355.86;no
2060031;Dwight stands up from his chair, makes a traditional martial arts salute and bows forward.;s05e03_075;office_s05e03.mp4;602.06;607.82;no
9140003;Pam, in a brown coat, carrying a folded blanket under her arm, walks through the warehouse, then stops and screams in shock.;s09e04_178;office_s09e04.mp4;1155.90;1162.33;no
7140002;Ryan, in a light shirt and striped tie, stands by Kelly, in a yellow cardigan over a floral top, who touches his arm while he covers his eyes and scratches his head, stressed.;s07e23_095;office_s07e23.mp4;835.13;841.17;no
3190004;Darryl on crutches presses a button on a red industrial machine as its small panel door opens and lifts up.;s03e19_023;office_s03e19.mp4;150.82;157.82;no
2060023;Jim in a blue shirt looks stunned in front of a whiteboard.;s07e23_120;office_s07e23.mp4;1065.04;1075.32;no
1050017;Jim ties his shoes while sitting in the armchair and talking to Pam.;s09e04_013;office_s09e04.mp4;72.24;76.91;no
8240034;Dwight tries to kiss Angela, who pushes him away, then kisses him hard, as they sit together in a waiting room.;s07e23_001;office_s07e23.mp4;0.00;11.78;no
5170016;Two men in suits shake hands laughing in an office with blinds, while a man sits looking on.;s09e02_050;office_s09e02.mp4;358.07;362.74;no
2060001;Dwight finds his desk in a men's bathroom.;s01e05_139;office_s01e05.mp4;1235.47;1250.04;no
2060014;Michael falls to his knees, sweeping his things off the desk.;s08e24_096;office_s08e24.mp4;724.93;736.01;no
1020017;A Black man with a brown briefcase exits Michael's room in a rush.;s04e09_120;office_s04e09.mp4;912.91;925.13;no
5170016;Two men in suits shake hands laughing in an office with blinds, while a man sits looking on.;s06e05_131;office_s06e05.mp4;1204.99;1214.67;no
5170016;Two men in suits shake hands laughing in an office with blinds, while a man sits looking on.;s03e19_143;office_s03e19.mp4;1050.84;1055.05;no
1020008;Angela sitting in front of a whiteboard eats a banana.;s09e02_034;office_s09e02.mp4;251.13;259.05;no
2100006;Dwight vacuums up needles under the Christmas tree.;s02e10_003;office_s02e10.mp4;18.48;30.91;no
7140002;Ryan, in a light shirt and striped tie, stands by Kelly, in a yellow cardigan over a floral top, who touches his arm while he covers his eyes and scratches his head, stressed.;s02e06_058;office_s02e06.mp4;466.13;480.23;no
8240019;Dwight with small scissors walks up to Angela, who is taking a photo with a man and a child.;s06e05_127;office_s06e05.mp4;1175.63;1184.14;no
2060030;Michael takes off his helmet and lunges at Dwight, hitting him with it.;s06e09_158;office_s06e09.mp4;1264.60;1276.47;no
1020017;A Black man with a brown briefcase exits Michael's room in a rush.;s03e19_020;office_s03e19.mp4;134.43;138.85;no
9020016;A man with a tray of drinks approaches Jim and Pam, and Pam takes a drink from his tray, handing him the banana peel.;s09e02_089;office_s09e02.mp4;605.61;614.15;no
1020008;Angela sitting in front of a whiteboard eats a banana.;s07e23_120;office_s07e23.mp4;1065.04;1075.32;no
9140002;Erin, carrying a giant teddy bear, meets Darryl while walking up the stairs in the stairwell.;s08e24_053;office_s08e24.mp4;392.73;399.02;no
5170016;Two men in suits shake hands laughing in an office with blinds, while a man sits looking on.;s02e06_066;office_s02e06.mp4;523.02;527.15;no
5170016;Two men in suits shake hands laughing in an office with blinds, while a man sits looking on.;s06e05_028;office_s06e05.mp4;227.69;238.66;no
3190009;A woman yawns widely on a couch beside a man with crutches.;s04e09_068;office_s04e09.mp4;538.96;545.59;no
4090011;Andy hands a bouquet to one woman, then gives a single flower from it to Angela beside her.;s08e04_126;office_s08e04.mp4;992.62;1000.17;no
3190025;Ryan stands up and kisses Kelly on the nose.;s09e04_129;office_s09e04.mp4;863.15;874.00;no
7140011;A shot of Michael in front of a gas station, gas pumps behind him and someone cleaning the window of his car.;s07e14_033;office_s07e14.mp4;300.65;311.39;no
9140034;Dwight peeks through binoculars, as Pam ends the call and exits through a door behind the boxes.;s06e09_007;office_s06e09.mp4;36.99;41.42;no
2060016;Dwight in a yellow shirt pulls his shirt aside and shows his stomach.;s09e04_088;office_s09e04.mp4;611.65;618.03;no
2060031;Dwight stands up from his chair, makes a traditional martial arts salute and bows forward.;s09e02_161;office_s09e02.mp4;1121.79;1125.58;no
8240026;The man in glasses hugs and then kisses Andy on the lips near the reception desk.;s02e06_001;office_s02e06.mp4;0.00;10.97;no
7140002;Ryan, in a light shirt and striped tie, stands by Kelly, in a yellow cardigan over a floral top, who touches his arm while he covers his eyes and scratches his head, stressed.;s08e04_071;office_s08e04.mp4;567.44;575.03;no
3050017;Dwight throws his arms up shouting excitedly outside a wooden barn.;s09e04_056;office_s09e04.mp4;412.00;415.29;no
9140029;A man standing behind Oscar, hands on his shoulders, pats his cheek in front of everyone at a gathering.;s08e04_105;office_s08e04.mp4;812.02;816.73;no
9140002;Erin, carrying a giant teddy bear, meets Darryl while walking up the stairs in the stairwell.;s01e05_065;office_s01e05.mp4;606.77;617.58;no
1050001;Darryl walks straight through the warehouse with the cupboard.;s01e05_138;office_s01e05.mp4;1220.90;1235.47;no
9040029;Erin sticks red tape on the wall where Toby pointed, tapping his fingers.;s08e24_133;office_s08e24.mp4;1025.27;1028.40;no
2060003;Dwight talks on the phone at his desk in the bathroom while a man holding a candle walks past him.;s01e02_022;office_s01e02.mp4;238.91;253.17;no
3190009;A woman yawns widely on a couch beside a man with crutches.;s04e09_057;office_s04e09.mp4;455.25;464.13;no
1020028;A man puts champagne on a desk with a black nameplate on it.;s02e10_129;office_s02e10.mp4;1028.44;1031.78;no
1020017;A Black man with a brown briefcase exits Michael's room in a rush.;s03e05_123;office_s03e05.mp4;860.90;864.82;no
5170016;Two men in suits shake hands laughing in an office with blinds, while a man sits looking on.;s08e04_083;office_s08e04.mp4;660.33;674.92;no
5170016;Two men in suits shake hands laughing in an office with blinds, while a man sits looking on.;s09e02_009;office_s09e02.mp4;50.72;54.80;no
9040029;Erin sticks red tape on the wall where Toby pointed, tapping his fingers.;s09e14_034;office_s09e14.mp4;247.41;260.16;no
9020023;Seen through a half-open door, Jim leans against the stair railing, resting his forehead on his hand.;s08e24_045;office_s08e24.mp4;328.87;331.92;no
7140002;Ryan, in a light shirt and striped tie, stands by Kelly, in a yellow cardigan over a floral top, who touches his arm while he covers his eyes and scratches his head, stressed.;s02e06_053;office_s02e06.mp4;431.85;438.44;no
7140002;Ryan, in a light shirt and striped tie, stands by Kelly, in a yellow cardigan over a floral top, who touches his arm while he covers his eyes and scratches his head, stressed.;s06e09_069;office_s06e09.mp4;517.27;526.84;no
3050017;Dwight throws his arms up shouting excitedly outside a wooden barn.;s06e09_016;office_s06e09.mp4;90.97;96.64;no
9020028;Dwight stretches his interlocked hands out in front of the break room vending machines, stern and determined.;s07e23_077;office_s07e23.mp4;658.37;668.17;no
1050001;Darryl walks straight through the warehouse with the cupboard.;s01e05_127;office_s01e05.mp4;1103.44;1116.16;no
2060001;Dwight finds his desk in a men's bathroom.;s04e09_071;office_s04e09.mp4;556.47;569.28;no
4090011;Andy hands a bouquet to one woman, then gives a single flower from it to Angela beside her.;s04e09_061;office_s04e09.mp4;478.60;486.24;no
2060023;Jim in a blue shirt looks stunned in front of a whiteboard.;s01e02_083;office_s01e02.mp4;774.15;786.76;no
9040029;Erin sticks red tape on the wall where Toby pointed, tapping his fingers.;s09e02_169;office_s09e02.mp4;1169.67;1174.13;no
9040029;Erin sticks red tape on the wall where Toby pointed, tapping his fingers.;s06e09_008;office_s06e09.mp4;41.42;48.05;no
1020006;A shot of Kevin sitting at the desk, writing something in a giant book with a big red pencil.;s07e14_053;office_s07e14.mp4;500.33;508.80;no
8240034;Dwight tries to kiss Angela, who pushes him away, then kisses him hard, as they sit together in a waiting room.;s09e04_134;office_s09e04.mp4;891.68;896.77;no
6050021;Ryan sits in a meeting, staring at the phone in his hand, while others sit around him watching something.;s06e09_075;office_s06e09.mp4;560.68;568.44;no
1020018;Michael laughs while holding a yellow paper in his hand.;s01e02_009;office_s01e02.mp4;133.63;142.43;no
3050017;Dwight throws his arms up shouting excitedly outside a wooden barn.;s08e24_122;office_s08e24.mp4;953.16;960.50;no
2060023;Jim in a blue shirt looks stunned in front of a whiteboard.;s08e04_028;office_s08e04.mp4;217.51;229.90;no
9140025;Pam, in a grey hoodie, stands next to Dwight in the warehouse, pressing her hands to the sides of her face and ears, stressed.;s09e14_055;office_s09e14.mp4;413.20;421.13;no
5030018;Pam talks on the phone in a laundromat while a woman on the left sits on a washing machine folding clothes.;s03e05_167;office_s03e05.mp4;1104.06;1107.48;no
3050014;Stanley stands in a long line laughing joyfully.;s09e14_075;office_s09e14.mp4;623.36;635.47;no
7140002;Ryan, in a light shirt and striped tie, stands by Kelly, in a yellow cardigan over a floral top, who touches his arm while he covers his eyes and scratches his head, stressed.;s09e04_171;office_s09e04.mp4;1113.82;1122.62;no
2060003;Dwight talks on the phone at his desk in the bathroom while a man holding a candle walks past him.;s07e23_083;office_s07e23.mp4;718.65;730.10;no
2060014;Michael falls to his knees, sweeping his things off the desk.;s04e09_107;office_s04e09.mp4;795.00;806.60;no
9020023;Seen through a half-open door, Jim leans against the stair railing, resting his forehead on his hand.;s02e06_084;office_s02e06.mp4;663.87;673.30;no
1020017;A Black man with a brown briefcase exits Michael's room in a rush.;s03e19_062;office_s03e19.mp4;428.30;435.94;no
3050022;Ryan walks through tall grass as a red car slows alongside.;s08e24_119;office_s08e24.mp4;932.60;940.57;no
2100019;Ryan holds up a pink floral name plate.;s09e14_076;office_s09e14.mp4;635.47;642.27;no
2060030;Michael takes off his helmet and lunges at Dwight, hitting him with it.;s02e06_112;office_s02e06.mp4;864.61;869.74;no
3050022;Ryan walks through tall grass as a red car slows alongside.;s08e24_129;office_s08e24.mp4;999.33;1008.24;no
2060014;Michael falls to his knees, sweeping his things off the desk.;s08e24_028;office_s08e24.mp4;234.07;247.12;no
9140003;Pam, in a brown coat, carrying a folded blanket under her arm, walks through the warehouse, then stops and screams in shock.;s02e06_123;office_s02e06.mp4;943.82;955.75;no
6090022;Andy looks at Erin, who is talking to other people, with a disgusted, forced smile.;s06e09_091;office_s06e09.mp4;700.07;708.64;no
1050025;Dwight drinks from the bottle with his mask on his face and spits.;s04e09_129;office_s04e09.mp4;1018.02;1031.36;no
1020008;Angela sitting in front of a whiteboard eats a banana.;s09e02_033;office_s09e02.mp4;239.78;251.13;no
6090022;Andy looks at Erin, who is talking to other people, with a disgusted, forced smile.;s04e09_124;office_s04e09.mp4;956.73;970.64;no
1020008;Angela sitting in front of a whiteboard eats a banana.;s05e03_092;office_s05e03.mp4;755.50;762.26;no
9020028;Dwight stretches his interlocked hands out in front of the break room vending machines, stern and determined.;s09e02_105;office_s09e02.mp4;749.71;756.38;no
1020008;Angela sitting in front of a whiteboard eats a banana.;s01e02_099;office_s01e02.mp4;908.18;920.23;no
9140034;Dwight peeks through binoculars, as Pam ends the call and exits through a door behind the boxes.;s04e09_005;office_s04e09.mp4;34.91;38.75;no
2060030;Michael takes off his helmet and lunges at Dwight, hitting him with it.;s08e04_128;office_s08e04.mp4;1004.04;1009.09;no
2060003;Dwight talks on the phone at his desk in the bathroom while a man holding a candle walks past him.;s06e05_025;office_s06e05.mp4;201.03;210.50;no
2060003;Dwight talks on the phone at his desk in the bathroom while a man holding a candle walks past him.;s01e02_128;office_s01e02.mp4;1176.65;1186.68;no
9020003;Kevin and Pam stand with a spinning wheel turning between them, as people clap.;s09e02_015;office_s09e02.mp4;89.42;94.68;no
9140003;Pam, in a brown coat, carrying a folded blanket under her arm, walks through the warehouse, then stops and screams in shock.;s09e04_083;office_s09e04.mp4;571.95;580.46;no
3190025;Ryan stands up and kisses Kelly on the nose.;s01e05_075;office_s01e05.mp4;690.48;695.99;no
9140025;Pam, in a grey hoodie, stands next to Dwight in the warehouse, pressing her hands to the sides of her face and ears, stressed.;s05e17_010;office_s05e17.mp4;119.87;134.51;no
5030032;An old photo showing a baby sitting on a red toy car outside.;s04e09_165;office_s04e09.mp4;1292.27;1300.13;no
3190004;Darryl on crutches presses a button on a red industrial machine as its small panel door opens and lifts up.;s08e24_028;office_s08e24.mp4;234.07;247.12;no
8240019;Dwight with small scissors walks up to Angela, who is taking a photo with a man and a child.;s04e09_048;office_s04e09.mp4;394.48;400.44;no
1020018;Michael laughs while holding a yellow paper in his hand.;s02e06_043;office_s02e06.mp4;353.35;361.11;no
2060007;Michael sitting with his legs crossed taps his finger against a black mug.;s02e06_037;office_s02e06.mp4;306.01;314.06;no
2100025;Kevin stands in a small foot spa tub in the office.;s08e24_025;office_s08e24.mp4;210.67;217.51;no
2060016;Dwight in a yellow shirt pulls his shirt aside and shows his stomach.;s02e06_134;office_s02e06.mp4;1052.76;1061.10;no
9140029;A man standing behind Oscar, hands on his shoulders, pats his cheek in front of everyone at a gathering.;s08e04_097;office_s08e04.mp4;765.22;773.48;no
3050022;Ryan walks through tall grass as a red car slows alongside.;s05e03_132;office_s05e03.mp4;1047.55;1055.35;no
2060023;Jim in a blue shirt looks stunned in front of a whiteboard.;s03e19_065;office_s03e19.mp4;455.33;465.30;no
1050025;Dwight drinks from the bottle with his mask on his face and spits.;s01e05_081;office_s01e05.mp4;723.74;731.86;no
5170016;Two men in suits shake hands laughing in an office with blinds, while a man sits looking on.;s03e05_135;office_s03e05.mp4;928.89;932.85;no
7140002;Ryan, in a light shirt and striped tie, stands by Kelly, in a yellow cardigan over a floral top, who touches his arm while he covers his eyes and scratches his head, stressed.;s09e02_034;office_s09e02.mp4;251.13;259.05;no
3190009;A woman yawns widely on a couch beside a man with crutches.;s04e09_063;office_s04e09.mp4;493.87;500.08;no
1020017;A Black man with a brown briefcase exits Michael's room in a rush.;s05e03_109;office_s05e03.mp4;877.65;885.97;no
2060007;Michael sitting with his legs crossed taps his finger against a black mug.;s07e23_022;office_s07e23.mp4;179.30;187.56;no
8240016;Andy, in the bathroom, pours alcohol on himself from a bottle, standing in front of the mirror and sink.;s04e09_015;office_s04e09.mp4;144.60;159.31;no
8240034;Dwight tries to kiss Angela, who pushes him away, then kisses him hard, as they sit together in a waiting room.;s09e14_121;office_s09e14.mp4;1002.21;1006.13;no
3050022;Ryan walks through tall grass as a red car slows alongside.;s03e05_123;office_s03e05.mp4;860.90;864.82;no
9040029;Erin sticks red tape on the wall where Toby pointed, tapping his fingers.;s07e14_136;office_s07e14.mp4;1123.71;1135.63;no
9020023;Seen through a half-open door, Jim leans against the stair railing, resting his forehead on his hand.;s07e14_097;office_s07e14.mp4;858.48;865.95;no
2060009;Michael peers through the blinds while talking on the phone, pulling them apart with his hand.;s05e17_060;office_s05e17.mp4;557.60;566.90;no
4090011;Andy hands a bouquet to one woman, then gives a single flower from it to Angela beside her.;s04e09_045;office_s04e09.mp4;378.30;383.88;no
2060016;Dwight in a yellow shirt pulls his shirt aside and shows his stomach.;s09e14_097;office_s09e14.mp4;781.80;792.17;no
5030018;Pam talks on the phone in a laundromat while a woman on the left sits on a washing machine folding clothes.;s05e03_091;office_s05e03.mp4;740.53;755.50;no
7140002;Ryan, in a light shirt and striped tie, stands by Kelly, in a yellow cardigan over a floral top, who touches his arm while he covers his eyes and scratches his head, stressed.;s07e14_002;office_s07e14.mp4;7.92;21.83;no
7140002;Ryan, in a light shirt and striped tie, stands by Kelly, in a yellow cardigan over a floral top, who touches his arm while he covers his eyes and scratches his head, stressed.;s02e10_122;office_s02e10.mp4;971.22;975.18;no
9020028;Dwight stretches his interlocked hands out in front of the break room vending machines, stern and determined.;s09e02_103;office_s09e02.mp4;721.14;735.42;no
2060009;Michael peers through the blinds while talking on the phone, pulling them apart with his hand.;s02e06_046;office_s02e06.mp4;375.62;385.30;no
8240016;Andy, in the bathroom, pours alcohol on himself from a bottle, standing in front of the mirror and sink.;s06e09_034;office_s06e09.mp4;254.13;261.97;no
8240016;Andy, in the bathroom, pours alcohol on himself from a bottle, standing in front of the mirror and sink.;s06e09_035;office_s06e09.mp4;261.97;269.81;no
2060023;Jim in a blue shirt looks stunned in front of a whiteboard.;s08e24_039;office_s08e24.mp4;298.30;304.05;no
2060023;Jim in a blue shirt looks stunned in front of a whiteboard.;s01e02_099;office_s01e02.mp4;908.18;920.23;no
5030032;An old photo showing a baby sitting on a red toy car outside.;s03e05_136;office_s03e05.mp4;932.85;937.60;no
1020020;Michael tears up the yellow paper in front of people.;s09e14_039;office_s09e14.mp4;304.43;312.19;no
1020017;A Black man with a brown briefcase exits Michael's room in a rush.;s02e06_103;office_s02e06.mp4;801.47;811.98;no
9140025;Pam, in a grey hoodie, stands next to Dwight in the warehouse, pressing her hands to the sides of her face and ears, stressed.;s02e06_155;office_s02e06.mp4;1195.65;1203.91;no
8240034;Dwight tries to kiss Angela, who pushes him away, then kisses him hard, as they sit together in a waiting room.;s05e03_050;office_s05e03.mp4;382.21;396.27;no
2060030;Michael takes off his helmet and lunges at Dwight, hitting him with it.;s06e09_001;office_s06e09.mp4;0.00;10.89;no
1020006;A shot of Kevin sitting at the desk, writing something in a giant book with a big red pencil.;s09e04_054;office_s09e04.mp4;394.02;403.01;no
1020018;Michael laughs while holding a yellow paper in his hand.;s07e14_130;office_s07e14.mp4;1076.41;1083.87;no
8240034;Dwight tries to kiss Angela, who pushes him away, then kisses him hard, as they sit together in a waiting room.;s06e09_028;office_s06e09.mp4;200.19;211.52;no
6090022;Andy looks at Erin, who is talking to other people, with a disgusted, forced smile.;s03e19_069;office_s03e19.mp4;498.69;508.38;no
9140025;Pam, in a grey hoodie, stands next to Dwight in the warehouse, pressing her hands to the sides of her face and ears, stressed.;s02e10_022;office_s02e10.mp4;222.10;233.07;no
8040028;Kelly rubs her arms, cold, while Ryan drinks beside her at a table with wine bottles, at the outdoor party.;s04e09_127;office_s04e09.mp4;990.03;1004.02;no
8240034;Dwight tries to kiss Angela, who pushes him away, then kisses him hard, as they sit together in a waiting room.;s05e03_053;office_s05e03.mp4;419.17;431.10;no
8240034;Dwight tries to kiss Angela, who pushes him away, then kisses him hard, as they sit together in a waiting room.;s06e09_141;office_s06e09.mp4;1132.01;1138.14;no
1020006;A shot of Kevin sitting at the desk, writing something in a giant book with a big red pencil.;s09e14_065;office_s09e14.mp4;494.58;509.29;no
6090022;Andy looks at Erin, who is talking to other people, with a disgusted, forced smile.;s03e05_069;office_s03e05.mp4;514.72;520.77;no
3050014;Stanley stands in a long line laughing joyfully.;s07e14_130;office_s07e14.mp4;1076.41;1083.87;no
9040016;Dwight angrily drops the keys with a yellow keychain onto Jim's.;s03e19_015;office_s03e19.mp4;89.88;95.26;no
8240034;Dwight tries to kiss Angela, who pushes him away, then kisses him hard, as they sit together in a waiting room.;s07e23_091;office_s07e23.mp4;797.42;808.39;no
2100025;Kevin stands in a small foot spa tub in the office.;s07e23_044;office_s07e23.mp4;378.59;390.47;no
4090011;Andy hands a bouquet to one woman, then gives a single flower from it to Angela beside her.;s09e02_078;office_s09e02.mp4;523.19;528.36;no
3190004;Darryl on crutches presses a button on a red industrial machine as its small panel door opens and lifts up.;s01e05_070;office_s01e05.mp4;650.84;659.78;no
1050005;A wide shot of the warehouse space with a basketball hoop.;s01e05_096;office_s01e05.mp4;829.45;842.55;no
1050025;Dwight drinks from the bottle with his mask on his face and spits.;s03e05_144;office_s03e05.mp4;981.38;988.95;no
2060023;Jim in a blue shirt looks stunned in front of a whiteboard.;s07e23_121;office_s07e23.mp4;1075.32;1084.38;no
5170016;Two men in suits shake hands laughing in an office with blinds, while a man sits looking on.;s02e06_156;office_s02e06.mp4;1203.91;1208.62;no
6050021;Ryan sits in a meeting, staring at the phone in his hand, while others sit around him watching something.;s07e23_085;office_s07e23.mp4;737.45;747.64;no
2060030;Michael takes off his helmet and lunges at Dwight, hitting him with it.;s06e09_159;office_s06e09.mp4;1276.47;1288.34;no
5030032;An old photo showing a baby sitting on a red toy car outside.;s05e03_131;office_s05e03.mp4;1042.33;1047.55;no
2060007;Michael sitting with his legs crossed taps his finger against a black mug.;s08e24_114;office_s08e24.mp4;878.11;888.85;no
9140003;Pam, in a brown coat, carrying a folded blanket under her arm, walks through the warehouse, then stops and screams in shock.;s02e06_101;office_s02e06.mp4;789.83;795.34;no
3050014;Stanley stands in a long line laughing joyfully.;s08e04_083;office_s08e04.mp4;660.33;674.92;no
5170020;Pam covers the phone receiver and speaks sternly to Michael, who stands at the reception desk.;s01e05_055;office_s01e05.mp4;527.99;533.12;no
2060032;Dwight applies white-out with a small brush to a business card.;s05e17_012;office_s05e17.mp4;143.06;154.09;no
9140003;Pam, in a brown coat, carrying a folded blanket under her arm, walks through the warehouse, then stops and screams in shock.;s09e14_032;office_s09e14.mp4;232.73;241.82;no
3050014;Stanley stands in a long line laughing joyfully.;s08e04_116;office_s08e04.mp4;922.38;925.88;no
9020003;Kevin and Pam stand with a spinning wheel turning between them, as people clap.;s09e04_171;office_s09e04.mp4;1113.82;1122.62;no
7140002;Ryan, in a light shirt and striped tie, stands by Kelly, in a yellow cardigan over a floral top, who touches his arm while he covers his eyes and scratches his head, stressed.;s05e03_103;office_s05e03.mp4;819.53;826.70;no
9020016;A man with a tray of drinks approaches Jim and Pam, and Pam takes a drink from his tray, handing him the banana peel.;s04e09_016;office_s04e09.mp4;159.31;174.02;no
2100019;Ryan holds up a pink floral name plate.;s06e05_093;office_s06e05.mp4;866.03;879.71;no
2060009;Michael peers through the blinds while talking on the phone, pulling them apart with his hand.;s06e09_139;office_s06e09.mp4;1112.49;1124.79;no
2060032;Dwight applies white-out with a small brush to a business card.;s01e02_010;office_s01e02.mp4;142.43;148.52;no
3050014;Stanley stands in a long line laughing joyfully.;s08e24_016;office_s08e24.mp4;155.07;159.03;no
1020017;A Black man with a brown briefcase exits Michael's room in a rush.;s05e17_063;office_s05e17.mp4;576.78;586.04;no
1020006;A shot of Kevin sitting at the desk, writing something in a giant book with a big red pencil.;s01e05_093;office_s01e05.mp4;816.15;820.32;no
2060014;Michael falls to his knees, sweeping his things off the desk.;s06e05_102;office_s06e05.mp4;959.85;974.47;no
2060031;Dwight stands up from his chair, makes a traditional martial arts salute and bows forward.;s05e17_127;office_s05e17.mp4;1127.93;1142.67;no
9040016;Dwight angrily drops the keys with a yellow keychain onto Jim's.;s07e23_010;office_s07e23.mp4;66.05;74.62;no
3050017;Dwight throws his arms up shouting excitedly outside a wooden barn.;s03e05_080;office_s03e05.mp4;561.69;567.02;no
8240026;The man in glasses hugs and then kisses Andy on the lips near the reception desk.;s04e09_044;office_s04e09.mp4;372.75;378.30;no
2060001;Dwight finds his desk in a men's bathroom.;s05e17_137;office_s05e17.mp4;1236.19;1248.34;no
2100023;Michael in a Santa hat buys a lot of drinks at the store.;s02e10_061;office_s02e10.mp4;523.73;529.57;no
9020006;Meredith and Pam stand with a shiny spinning wheel turning between them, as people clap.;s09e02_009;office_s09e02.mp4;50.72;54.80;no
9020028;Dwight stretches his interlocked hands out in front of the break room vending machines, stern and determined.;s06e09_001;office_s06e09.mp4;0.00;10.89;no
9140025;Pam, in a grey hoodie, stands next to Dwight in the warehouse, pressing her hands to the sides of her face and ears, stressed.;s06e09_095;office_s06e09.mp4;728.98;740.99;no
1020015;People in the room raise their hands in the air at the same time.;s06e09_158;office_s06e09.mp4;1264.60;1276.47;no
2060032;Dwight applies white-out with a small brush to a business card.;s03e05_091;office_s03e05.mp4;634.42;638.35;no
5030018;Pam talks on the phone in a laundromat while a woman on the left sits on a washing machine folding clothes.;s09e14_151;office_s09e14.mp4;1239.53;1252.88;no
9020006;Meredith and Pam stand with a shiny spinning wheel turning between them, as people clap.;s09e04_018;office_s09e04.mp4;104.86;108.73;no
7140034;A wide shot of a brown brick building with a silver car parked in front of it.;s05e03_131;office_s05e03.mp4;1042.33;1047.55;no
2060009;Michael peers through the blinds while talking on the phone, pulling them apart with his hand.;s06e09_137;office_s06e09.mp4;1087.88;1100.18;no
9140002;Erin, carrying a giant teddy bear, meets Darryl while walking up the stairs in the stairwell.;s04e09_019;office_s04e09.mp4;199.99;211.25;no
2060007;Michael sitting with his legs crossed taps his finger against a black mug.;s05e03_070;office_s05e03.mp4;561.73;570.07;no
2060031;Dwight stands up from his chair, makes a traditional martial arts salute and bows forward.;s02e06_055;office_s02e06.mp4;442.82;448.49;no
7140011;A shot of Michael in front of a gas station, gas pumps behind him and someone cleaning the window of his car.;s03e05_133;office_s03e05.mp4;917.75;921.55;no
1020020;Michael tears up the yellow paper in front of people.;s01e02_009;office_s01e02.mp4;133.63;142.43;no
3190004;Darryl on crutches presses a button on a red industrial machine as its small panel door opens and lifts up.;s07e14_097;office_s07e14.mp4;858.48;865.95;no
9140025;Pam, in a grey hoodie, stands next to Dwight in the warehouse, pressing her hands to the sides of her face and ears, stressed.;s09e14_097;office_s09e14.mp4;781.80;792.17;no
4090011;Andy hands a bouquet to one woman, then gives a single flower from it to Angela beside her.;s06e05_060;office_s06e05.mp4;528.40;539.78;no
9020023;Seen through a half-open door, Jim leans against the stair railing, resting his forehead on his hand.;s04e09_072;office_s04e09.mp4;569.28;573.78;no
9140034;Dwight peeks through binoculars, as Pam ends the call and exits through a door behind the boxes.;s02e06_048;office_s02e06.mp4;390.31;396.73;no
2100006;Dwight vacuums up needles under the Christmas tree.;s02e10_030;office_s02e10.mp4;290.29;299.17;no
2060007;Michael sitting with his legs crossed taps his finger against a black mug.;s06e09_031;office_s06e09.mp4;234.19;242.62;no
2060003;Dwight talks on the phone at his desk in the bathroom while a man holding a candle walks past him.;s07e23_046;office_s07e23.mp4;402.36;416.71;no
9140025;Pam, in a grey hoodie, stands next to Dwight in the warehouse, pressing her hands to the sides of her face and ears, stressed.;s06e09_156;office_s06e09.mp4;1240.87;1252.73;no
1020018;Michael laughs while holding a yellow paper in his hand.;s04e09_084;office_s04e09.mp4;638.10;644.31;no
3190009;A woman yawns widely on a couch beside a man with crutches.;s04e09_060;office_s04e09.mp4;474.97;478.60;no
9020006;Meredith and Pam stand with a shiny spinning wheel turning between them, as people clap.;s09e04_102;office_s09e04.mp4;714.46;720.01;no
1020028;A man puts champagne on a desk with a black nameplate on it.;s07e23_062;office_s07e23.mp4;528.65;536.03;no
9020016;A man with a tray of drinks approaches Jim and Pam, and Pam takes a drink from his tray, handing him the banana peel.;s08e24_067;office_s08e24.mp4;494.16;503.90;no
5030018;Pam talks on the phone in a laundromat while a woman on the left sits on a washing machine folding clothes.;s02e10_069;office_s02e10.mp4;595.60;605.69;no
7140002;Ryan, in a light shirt and striped tie, stands by Kelly, in a yellow cardigan over a floral top, who touches his arm while he covers his eyes and scratches his head, stressed.;s06e09_091;office_s06e09.mp4;700.07;708.64;no
2060016;Dwight in a yellow shirt pulls his shirt aside and shows his stomach.;s02e06_052;office_s02e06.mp4;418.50;431.85;no
2100019;Ryan holds up a pink floral name plate.;s04e09_045;office_s04e09.mp4;378.30;383.88;no
2060014;Michael falls to his knees, sweeping his things off the desk.;s02e10_009;office_s02e10.mp4;109.53;115.91;no
5170020;Pam covers the phone receiver and speaks sternly to Michael, who stands at the reception desk.;s03e05_157;office_s03e05.mp4;1044.46;1050.09;no
3190009;A woman yawns widely on a couch beside a man with crutches.;s04e09_098;office_s04e09.mp4;735.36;740.20;no
2060007;Michael sitting with his legs crossed taps his finger against a black mug.;s08e24_097;office_s08e24.mp4;736.01;747.08;no
9020028;Dwight stretches his interlocked hands out in front of the break room vending machines, stern and determined.;s03e19_120;office_s03e19.mp4;905.90;908.91;no
2060031;Dwight stands up from his chair, makes a traditional martial arts salute and bows forward.;s06e05_047;office_s06e05.mp4;427.53;437.52;no
9040016;Dwight angrily drops the keys with a yellow keychain onto Jim's.;s03e05_116;office_s03e05.mp4;809.93;815.73;no
9020003;Kevin and Pam stand with a spinning wheel turning between them, as people clap.;s09e02_010;office_s09e02.mp4;54.80;67.11;no
1050025;Dwight drinks from the bottle with his mask on his face and spits.;s03e19_156;office_s03e19.mp4;1126.75;1132.34;no
2060016;Dwight in a yellow shirt pulls his shirt aside and shows his stomach.;s07e23_075;office_s07e23.mp4;639.70;652.69;no
8040028;Kelly rubs her arms, cold, while Ryan drinks beside her at a table with wine bottles, at the outdoor party.;s09e02_034;office_s09e02.mp4;251.13;259.05;no
2060031;Dwight stands up from his chair, makes a traditional martial arts salute and bows forward.;s09e02_049;office_s09e02.mp4;352.69;358.07;no
2100019;Ryan holds up a pink floral name plate.;s08e24_135;office_s08e24.mp4;1037.79;1043.21;no
1020008;Angela sitting in front of a whiteboard eats a banana.;s06e05_038;office_s06e05.mp4;343.72;351.48;no
1050025;Dwight drinks from the bottle with his mask on his face and spits.;s08e04_091;office_s08e04.mp4;732.77;740.66;no
9040016;Dwight angrily drops the keys with a yellow keychain onto Jim's.;s02e06_054;office_s02e06.mp4;438.44;442.82;no
1020028;A man puts champagne on a desk with a black nameplate on it.;s05e03_084;office_s05e03.mp4;684.06;694.24;no
8240034;Dwight tries to kiss Angela, who pushes him away, then kisses him hard, as they sit together in a waiting room.;s05e03_004;office_s05e03.mp4;28.45;31.95;no
8240019;Dwight with small scissors walks up to Angela, who is taking a photo with a man and a child.;s02e06_053;office_s02e06.mp4;431.85;438.44;no
9040029;Erin sticks red tape on the wall where Toby pointed, tapping his fingers.;s09e14_148;office_s09e14.mp4;1199.49;1212.84;no
5170020;Pam covers the phone receiver and speaks sternly to Michael, who stands at the reception desk.;s05e17_009;office_s05e17.mp4;105.24;119.87;no
1020017;A Black man with a brown briefcase exits Michael's room in a rush.;s01e02_034;office_s01e02.mp4;364.60;377.27;no
7140002;Ryan, in a light shirt and striped tie, stands by Kelly, in a yellow cardigan over a floral top, who touches his arm while he covers his eyes and scratches his head, stressed.;s02e06_017;office_s02e06.mp4;162.33;168.63;no
6090022;Andy looks at Erin, who is talking to other people, with a disgusted, forced smile.;s07e14_134;office_s07e14.mp4;1099.85;1111.78;no
1020006;A shot of Kevin sitting at the desk, writing something in a giant book with a big red pencil.;s01e05_010;office_s01e05.mp4;138.14;151.49;no
1050005;A wide shot of the warehouse space with a basketball hoop.;s01e05_109;office_s01e05.mp4;925.47;936.10;no
2060016;Dwight in a yellow shirt pulls his shirt aside and shows his stomach.;s07e23_092;office_s07e23.mp4;808.39;815.15;no
7140011;A shot of Michael in front of a gas station, gas pumps behind him and someone cleaning the window of his car.;s07e14_122;office_s07e14.mp4;1016.85;1020.14;no
1020017;A Black man with a brown briefcase exits Michael's room in a rush.;s03e19_063;office_s03e19.mp4;435.94;445.36;no
3190009;A woman yawns widely on a couch beside a man with crutches.;s09e14_093;office_s09e14.mp4;746.33;758.67;no
9020016;A man with a tray of drinks approaches Jim and Pam, and Pam takes a drink from his tray, handing him the banana peel.;s04e09_017;office_s04e09.mp4;174.02;188.73;no
1020028;A man puts champagne on a desk with a black nameplate on it.;s02e06_162;office_s02e06.mp4;1248.75;1256.51;no
9040016;Dwight angrily drops the keys with a yellow keychain onto Jim's.;s06e05_116;office_s06e05.mp4;1088.34;1094.51;no
1050001;Darryl walks straight through the warehouse with the cupboard.;s05e17_012;office_s05e17.mp4;143.06;154.09;no
5170016;Two men in suits shake hands laughing in an office with blinds, while a man sits looking on.;s09e14_075;office_s09e14.mp4;623.36;635.47;no
1020015;People in the room raise their hands in the air at the same time.;s03e05_042;office_s03e05.mp4;320.78;335.46;no
1020020;Michael tears up the yellow paper in front of people.;s05e03_082;office_s05e03.mp4;662.64;671.84;no
1020020;Michael tears up the yellow paper in front of people.;s09e04_117;office_s09e04.mp4;793.54;801.72;no
2060023;Jim in a blue shirt looks stunned in front of a whiteboard.;s02e06_064;office_s02e06.mp4;516.14;519.31;no
3050014;Stanley stands in a long line laughing joyfully.;s05e03_111;office_s05e03.mp4;900.52;915.08;no
3190025;Ryan stands up and kisses Kelly on the nose.;s01e05_081;office_s01e05.mp4;723.74;731.86;no
8240026;The man in glasses hugs and then kisses Andy on the lips near the reception desk.;s01e05_057;office_s01e05.mp4;544.63;553.09;no
9020035;A young man leans over the reception desk, holding a Newsweek magazine with a brain-map illustration of a head on the cover.;s08e04_094;office_s08e04.mp4;748.54;752.96;no
9140034;Dwight peeks through binoculars, as Pam ends the call and exits through a door behind the boxes.;s06e09_021;office_s06e09.mp4;117.83;126.19;no
1020028;A man puts champagne on a desk with a black nameplate on it.;s08e04_091;office_s08e04.mp4;732.77;740.66;no
3190009;A woman yawns widely on a couch beside a man with crutches.;s04e09_064;office_s04e09.mp4;500.08;505.34;no
2060030;Michael takes off his helmet and lunges at Dwight, hitting him with it.;s01e02_023;office_s01e02.mp4;253.17;263.01;no
8240034;Dwight tries to kiss Angela, who pushes him away, then kisses him hard, as they sit together in a waiting room.;s09e14_062;office_s09e14.mp4;463.96;474.17;no
1020017;A Black man with a brown briefcase exits Michael's room in a rush.;s01e02_019;office_s01e02.mp4;207.92;218.25;no
2060009;Michael peers through the blinds while talking on the phone, pulling them apart with his hand.;s09e14_009;office_s09e14.mp4;60.56;65.55;no
1050025;Dwight drinks from the bottle with his mask on his face and spits.;s01e02_129;office_s01e02.mp4;1186.68;1195.65;no
5030018;Pam talks on the phone in a laundromat while a woman on the left sits on a washing machine folding clothes.;s05e03_149;office_s05e03.mp4;1191.27;1197.03;no
1050005;A wide shot of the warehouse space with a basketball hoop.;s01e05_125;office_s01e05.mp4;1076.28;1090.71;no
2100019;Ryan holds up a pink floral name plate.;s01e02_123;office_s01e02.mp4;1148.65;1154.15;no
7140011;A shot of Michael in front of a gas station, gas pumps behind him and someone cleaning the window of his car.;s03e19_084;office_s03e19.mp4;615.78;627.63;no
9020028;Dwight stretches his interlocked hands out in front of the break room vending machines, stern and determined.;s09e02_108;office_s09e02.mp4;765.35;774.98;no
3050022;Ryan walks through tall grass as a red car slows alongside.;s08e24_106;office_s08e24.mp4;817.98;822.32;no
1050025;Dwight drinks from the bottle with his mask on his face and spits.;s02e10_133;office_s02e10.mp4;1048.96;1054.60;no
9020023;Seen through a half-open door, Jim leans against the stair railing, resting his forehead on his hand.;s04e09_078;office_s04e09.mp4;599.47;604.94;no
9040016;Dwight angrily drops the keys with a yellow keychain onto Jim's.;s08e04_046;office_s08e04.mp4;383.59;389.85;no
2060030;Michael takes off his helmet and lunges at Dwight, hitting him with it.;s05e03_005;office_s05e03.mp4;31.95;42.42;no
8240034;Dwight tries to kiss Angela, who pushes him away, then kisses him hard, as they sit together in a waiting room.;s05e17_105;office_s05e17.mp4;897.98;912.08;no
9020003;Kevin and Pam stand with a spinning wheel turning between them, as people clap.;s08e04_068;office_s08e04.mp4;545.21;553.07;no
2060001;Dwight finds his desk in a men's bathroom.;s07e23_070;office_s07e23.mp4;588.92;594.72;no
3050017;Dwight throws his arms up shouting excitedly outside a wooden barn.;s07e14_111;office_s07e14.mp4;942.86;950.66;no
2100025;Kevin stands in a small foot spa tub in the office.;s08e24_066;office_s08e24.mp4;480.15;494.16;no
9020028;Dwight stretches his interlocked hands out in front of the break room vending machines, stern and determined.;s08e24_074;office_s08e24.mp4;543.96;552.76;no
9020028;Dwight stretches his interlocked hands out in front of the break room vending machines, stern and determined.;s08e24_059;office_s08e24.mp4;436.89;447.49;no
7140011;A shot of Michael in front of a gas station, gas pumps behind him and someone cleaning the window of his car.;s06e05_056;office_s06e05.mp4;497.04;506.46;no
1050017;Jim ties his shoes while sitting in the armchair and talking to Pam.;s08e04_058;office_s08e04.mp4;463.75;474.25;no
2060032;Dwight applies white-out with a small brush to a business card.;s01e05_144;office_s01e05.mp4;1284.07;1292.17;no
1020018;Michael laughs while holding a yellow paper in his hand.;s06e09_146;office_s06e09.mp4;1154.49;1157.49;no
1050025;Dwight drinks from the bottle with his mask on his face and spits.;s01e02_007;office_s01e02.mp4;115.45;124.54;no
2100019;Ryan holds up a pink floral name plate.;s06e05_001;office_s06e05.mp4;0.00;10.84;no
7140002;Ryan, in a light shirt and striped tie, stands by Kelly, in a yellow cardigan over a floral top, who touches his arm while he covers his eyes and scratches his head, stressed.;s07e23_086;office_s07e23.mp4;747.64;757.84;no
1020017;A Black man with a brown briefcase exits Michael's room in a rush.;s05e17_038;office_s05e17.mp4;361.78;371.91;no
9020023;Seen through a half-open door, Jim leans against the stair railing, resting his forehead on his hand.;s04e09_017;office_s04e09.mp4;174.02;188.73;no
2060003;Dwight talks on the phone at his desk in the bathroom while a man holding a candle walks past him.;s06e05_038;office_s06e05.mp4;343.72;351.48;no
5030018;Pam talks on the phone in a laundromat while a woman on the left sits on a washing machine folding clothes.;s05e03_150;office_s05e03.mp4;1197.03;1204.49;no
1020017;A Black man with a brown briefcase exits Michael's room in a rush.;s03e05_039;office_s03e05.mp4;300.01;304.80;no
2100025;Kevin stands in a small foot spa tub in the office.;s08e24_099;office_s08e24.mp4;761.34;771.90;no
9040029;Erin sticks red tape on the wall where Toby pointed, tapping his fingers.;s08e24_058;office_s08e24.mp4;424.17;436.89;no
2060014;Michael falls to his knees, sweeping his things off the desk.;s05e03_004;office_s05e03.mp4;28.45;31.95;no
2060016;Dwight in a yellow shirt pulls his shirt aside and shows his stomach.;s01e05_081;office_s01e05.mp4;723.74;731.86;no
7140011;A shot of Michael in front of a gas station, gas pumps behind him and someone cleaning the window of his car.;s02e06_096;office_s02e06.mp4;758.76;765.93;no
9140003;Pam, in a brown coat, carrying a folded blanket under her arm, walks through the warehouse, then stops and screams in shock.;s09e04_021;office_s09e04.mp4;133.08;142.18;no
9140025;Pam, in a grey hoodie, stands next to Dwight in the warehouse, pressing her hands to the sides of her face and ears, stressed.;s01e05_090;office_s01e05.mp4;789.79;804.76;no
8240034;Dwight tries to kiss Angela, who pushes him away, then kisses him hard, as they sit together in a waiting room.;s05e03_041;office_s05e03.mp4;324.16;334.96;no
1020018;Michael laughs while holding a yellow paper in his hand.;s02e10_074;office_s02e10.mp4;631.42;637.55;no
9020006;Meredith and Pam stand with a shiny spinning wheel turning between them, as people clap.;s04e09_018;office_s04e09.mp4;188.73;199.99;no
3050017;Dwight throws his arms up shouting excitedly outside a wooden barn.;s09e14_004;office_s09e14.mp4;23.57;30.74;no
1050025;Dwight drinks from the bottle with his mask on his face and spits.;s08e24_072;office_s08e24.mp4;531.95;540.37;no
1020008;Angela sitting in front of a whiteboard eats a banana.;s05e03_098;office_s05e03.mp4;787.58;798.13;no
8240034;Dwight tries to kiss Angela, who pushes him away, then kisses him hard, as they sit together in a waiting room.;s07e23_083;office_s07e23.mp4;718.65;730.10;no
2060009;Michael peers through the blinds while talking on the phone, pulling them apart with his hand.;s01e02_007;office_s01e02.mp4;115.45;124.54;no
9020035;A young man leans over the reception desk, holding a Newsweek magazine with a brain-map illustration of a head on the cover.;s01e02_006;office_s01e02.mp4;112.40;115.45;no
1020015;People in the room raise their hands in the air at the same time.;s02e10_161;office_s02e10.mp4;1234.86;1238.61;no
1050025;Dwight drinks from the bottle with his mask on his face and spits.;s07e23_074;office_s07e23.mp4;626.71;639.70;no
2060032;Dwight applies white-out with a small brush to a business card.;s01e02_011;office_s01e02.mp4;148.52;155.82;no
1020017;A Black man with a brown briefcase exits Michael's room in a rush.;s08e24_056;office_s08e24.mp4;407.41;412.75;no
1020017;A Black man with a brown briefcase exits Michael's room in a rush.;s04e09_111;office_s04e09.mp4;833.29;843.05;no
7140034;A wide shot of a brown brick building with a silver car parked in front of it.;s07e23_015;office_s07e23.mp4;130.58;140.72;no
2100025;Kevin stands in a small foot spa tub in the office.;s01e02_019;office_s01e02.mp4;207.92;218.25;no
8240026;The man in glasses hugs and then kisses Andy on the lips near the reception desk.;s09e14_106;office_s09e14.mp4;866.90;878.54;no
8240034;Dwight tries to kiss Angela, who pushes him away, then kisses him hard, as they sit together in a waiting room.;s05e03_049;office_s05e03.mp4;368.16;382.21;no
2060016;Dwight in a yellow shirt pulls his shirt aside and shows his stomach.;s07e23_073;office_s07e23.mp4;613.72;626.71;no
7140034;A wide shot of a brown brick building with a silver car parked in front of it.;s07e14_089;office_s07e14.mp4;786.54;790.37;no
9140034;Dwight peeks through binoculars, as Pam ends the call and exits through a door behind the boxes.;s06e09_093;office_s06e09.mp4;717.22;724.22;no
9020016;A man with a tray of drinks approaches Jim and Pam, and Pam takes a drink from his tray, handing him the banana peel.;s09e02_032;office_s09e02.mp4;230.81;239.78;no
1020028;A man puts champagne on a desk with a black nameplate on it.;s09e04_042;office_s09e04.mp4;317.36;320.99;no
2060007;Michael sitting with his legs crossed taps his finger against a black mug.;s02e06_144;office_s02e06.mp4;1118.16;1123.75;no
9040029;Erin sticks red tape on the wall where Toby pointed, tapping his fingers.;s06e09_010;office_s06e09.mp4;54.30;58.27;no
9020035;A young man leans over the reception desk, holding a Newsweek magazine with a brain-map illustration of a head on the cover.;s09e02_098;office_s09e02.mp4;670.17;677.99;no
5030018;Pam talks on the phone in a laundromat while a woman on the left sits on a washing machine folding clothes.;s03e05_169;office_s03e05.mp4;1115.03;1124.27;no
1050001;Darryl walks straight through the warehouse with the cupboard.;s01e05_067;office_s01e05.mp4;621.91;628.04;no
9140003;Pam, in a brown coat, carrying a folded blanket under her arm, walks through the warehouse, then stops and screams in shock.;s01e05_097;office_s01e05.mp4;842.55;851.60;no
8240034;Dwight tries to kiss Angela, who pushes him away, then kisses him hard, as they sit together in a waiting room.;s09e04_086;office_s09e04.mp4;594.01;603.19;no
7140011;A shot of Michael in front of a gas station, gas pumps behind him and someone cleaning the window of his car.;s02e06_097;office_s02e06.mp4;765.93;771.19;no
7140011;A shot of Michael in front of a gas station, gas pumps behind him and someone cleaning the window of his car.;s03e19_088;office_s03e19.mp4;658.09;671.67;no
9140029;A man standing behind Oscar, hands on his shoulders, pats his cheek in front of everyone at a gathering.;s08e04_085;office_s08e04.mp4;683.31;690.40;no
2060023;Jim in a blue shirt looks stunned in front of a whiteboard.;s07e23_068;office_s07e23.mp4;570.07;583.12;no
1050017;Jim ties his shoes while sitting in the armchair and talking to Pam.;s06e09_067;office_s06e09.mp4;501.46;511.01;no
5170020;Pam covers the phone receiver and speaks sternly to Michael, who stands at the reception desk.;s05e17_053;office_s05e17.mp4;495.41;503.15;no
2060003;Dwight talks on the phone at his desk in the bathroom while a man holding a candle walks past him.;s05e03_049;office_s05e03.mp4;368.16;382.21;no
6050021;Ryan sits in a meeting, staring at the phone in his hand, while others sit around him watching something.;s08e24_088;office_s08e24.mp4;665.29;670.88;no
9140025;Pam, in a grey hoodie, stands next to Dwight in the warehouse, pressing her hands to the sides of her face and ears, stressed.;s03e05_009;office_s03e05.mp4;100.22;106.77;no
9020003;Kevin and Pam stand with a spinning wheel turning between them, as people clap.;s06e09_082;office_s06e09.mp4;622.34;636.72;no
2060031;Dwight stands up from his chair, makes a traditional martial arts salute and bows forward.;s03e05_063;office_s03e05.mp4;452.20;462.80;no
3050014;Stanley stands in a long line laughing joyfully.;s09e04_101;office_s09e04.mp4;709.17;714.46;no
9020016;A man with a tray of drinks approaches Jim and Pam, and Pam takes a drink from his tray, handing him the banana peel.;s02e10_031;office_s02e10.mp4;299.17;307.16;no
9020006;Meredith and Pam stand with a shiny spinning wheel turning between them, as people clap.;s03e19_148;office_s03e19.mp4;1081.91;1085.79;no
1020018;Michael laughs while holding a yellow paper in his hand.;s07e14_129;office_s07e14.mp4;1069.57;1076.41;no
3190009;A woman yawns widely on a couch beside a man with crutches.;s04e09_031;office_s04e09.mp4;286.45;297.50;no
9040029;Erin sticks red tape on the wall where Toby pointed, tapping his fingers.;s04e09_113;office_s04e09.mp4;850.39;859.07;no
1020020;Michael tears up the yellow paper in front of people.;s02e06_139;office_s02e06.mp4;1083.62;1090.34;no
8240019;Dwight with small scissors walks up to Angela, who is taking a photo with a man and a child.;s08e24_062;office_s08e24.mp4;463.59;467.51;no
2100023;Michael in a Santa hat buys a lot of drinks at the store.;s02e10_027;office_s02e10.mp4;268.44;277.67;no
2100006;Dwight vacuums up needles under the Christmas tree.;s02e10_103;office_s02e10.mp4;810.64;822.65;no
1050017;Jim ties his shoes while sitting in the armchair and talking to Pam.;s04e09_067;office_s04e09.mp4;526.48;538.96;no
8240026;The man in glasses hugs and then kisses Andy on the lips near the reception desk.;s05e03_143;office_s05e03.mp4;1144.43;1156.95;no
1020020;Michael tears up the yellow paper in front of people.;s03e19_023;office_s03e19.mp4;150.82;157.82;no
2060007;Michael sitting with his legs crossed taps his finger against a black mug.;s05e03_111;office_s05e03.mp4;900.52;915.08;no
2060009;Michael peers through the blinds while talking on the phone, pulling them apart with his hand.;s06e05_101;office_s06e05.mp4;945.24;959.85;no
2100023;Michael in a Santa hat buys a lot of drinks at the store.;s02e10_037;office_s02e10.mp4;344.59;352.29;no
9020003;Kevin and Pam stand with a spinning wheel turning between them, as people clap.;s02e06_108;office_s02e06.mp4;836.25;843.80;no
3190004;Darryl on crutches presses a button on a red industrial machine as its small panel door opens and lifts up.;s01e05_138;office_s01e05.mp4;1220.90;1235.47;no
8240026;The man in glasses hugs and then kisses Andy on the lips near the reception desk.;s07e14_111;office_s07e14.mp4;942.86;950.66;no
8040028;Kelly rubs her arms, cold, while Ryan drinks beside her at a table with wine bottles, at the outdoor party.;s08e04_092;office_s08e04.mp4;740.66;743.70;no
2100023;Michael in a Santa hat buys a lot of drinks at the store.;s02e10_047;office_s02e10.mp4;416.04;423.30;no
1050005;A wide shot of the warehouse space with a basketball hoop.;s01e05_100;office_s01e05.mp4;865.62;873.27;no
9140034;Dwight peeks through binoculars, as Pam ends the call and exits through a door behind the boxes.;s09e14_151;office_s09e14.mp4;1239.53;1252.88;no
5030032;An old photo showing a baby sitting on a red toy car outside.;s08e24_106;office_s08e24.mp4;817.98;822.32;no
9020003;Kevin and Pam stand with a spinning wheel turning between them, as people clap.;s04e09_026;office_s04e09.mp4;246.50;255.34;no
9020023;Seen through a half-open door, Jim leans against the stair railing, resting his forehead on his hand.;s09e14_108;office_s09e14.mp4;892.49;906.43;no
3050014;Stanley stands in a long line laughing joyfully.;s04e09_059;office_s04e09.mp4;470.97;474.97;no
9040016;Dwight angrily drops the keys with a yellow keychain onto Jim's.;s09e04_044;office_s09e04.mp4;325.41;329.66;no
8240026;The man in glasses hugs and then kisses Andy on the lips near the reception desk.;s07e23_124;office_s07e23.mp4;1106.88;1118.13;no
1020008;Angela sitting in front of a whiteboard eats a banana.;s09e02_122;office_s09e02.mp4;855.15;864.11;no
3050014;Stanley stands in a long line laughing joyfully.;s08e04_057;office_s08e04.mp4;455.50;463.75;no
3050014;Stanley stands in a long line laughing joyfully.;s03e19_053;office_s03e19.mp4;360.15;370.83;no
9020003;Kevin and Pam stand with a spinning wheel turning between them, as people clap.;s04e09_025;office_s04e09.mp4;237.65;246.50;no
5030018;Pam talks on the phone in a laundromat while a woman on the left sits on a washing machine folding clothes.;s05e03_090;office_s05e03.mp4;732.65;740.53;no
2060023;Jim in a blue shirt looks stunned in front of a whiteboard.;s05e17_036;office_s05e17.mp4;352.44;356.11;no
3050017;Dwight throws his arms up shouting excitedly outside a wooden barn.;s03e19_130;office_s03e19.mp4;960.88;967.92;no
2060023;Jim in a blue shirt looks stunned in front of a whiteboard.;s09e02_072;office_s09e02.mp4;481.48;487.90;no
8240019;Dwight with small scissors walks up to Angela, who is taking a photo with a man and a child.;s06e05_131;office_s06e05.mp4;1204.99;1214.67;no
2060031;Dwight stands up from his chair, makes a traditional martial arts salute and bows forward.;s06e09_158;office_s06e09.mp4;1264.60;1276.47;no
4090011;Andy hands a bouquet to one woman, then gives a single flower from it to Angela beside her.;s04e09_046;office_s04e09.mp4;383.88;389.64;no
1020008;Angela sitting in front of a whiteboard eats a banana.;s07e23_121;office_s07e23.mp4;1075.32;1084.38;no
3050014;Stanley stands in a long line laughing joyfully.;s01e05_059;office_s01e05.mp4;561.10;573.70;no
9020006;Meredith and Pam stand with a shiny spinning wheel turning between them, as people clap.;s09e02_006;office_s09e02.mp4;29.82;35.33;no
8240026;The man in glasses hugs and then kisses Andy on the lips near the reception desk.;s05e17_130;office_s05e17.mp4;1170.98;1184.56;no
9140025;Pam, in a grey hoodie, stands next to Dwight in the warehouse, pressing her hands to the sides of her face and ears, stressed.;s09e14_067;office_s09e14.mp4;524.01;538.72;no
9020016;A man with a tray of drinks approaches Jim and Pam, and Pam takes a drink from his tray, handing him the banana peel.;s08e24_101;office_s08e24.mp4;782.45;795.42;no
9140002;Erin, carrying a giant teddy bear, meets Darryl while walking up the stairs in the stairwell.;s01e05_067;office_s01e05.mp4;621.91;628.04;no
2060009;Michael peers through the blinds while talking on the phone, pulling them apart with his hand.;s07e23_036;office_s07e23.mp4;302.55;312.96;no
1020028;A man puts champagne on a desk with a black nameplate on it.;s09e04_033;office_s09e04.mp4;254.25;262.60;no
2060007;Michael sitting with his legs crossed taps his finger against a black mug.;s03e19_078;office_s03e19.mp4;564.27;577.20;no
1050017;Jim ties his shoes while sitting in the armchair and talking to Pam.;s01e05_101;office_s01e05.mp4;873.27;880.92;no
1020008;Angela sitting in front of a whiteboard eats a banana.;s06e09_006;office_s06e09.mp4;26.53;36.99;no
8240034;Dwight tries to kiss Angela, who pushes him away, then kisses him hard, as they sit together in a waiting room.;s08e24_163;office_s08e24.mp4;1222.30;1235.44;no
6090022;Andy looks at Erin, who is talking to other people, with a disgusted, forced smile.;s04e09_078;office_s04e09.mp4;599.47;604.94;no
2060007;Michael sitting with his legs crossed taps his finger against a black mug.;s05e17_056;office_s05e17.mp4;517.60;530.40;no
9020006;Meredith and Pam stand with a shiny spinning wheel turning between them, as people clap.;s08e04_120;office_s08e04.mp4;945.82;949.91;no
1020017;A Black man with a brown briefcase exits Michael's room in a rush.;s09e02_105;office_s09e02.mp4;749.71;756.38;no
9020035;A young man leans over the reception desk, holding a Newsweek magazine with a brain-map illustration of a head on the cover.;s09e02_116;office_s09e02.mp4;807.01;816.57;no
5170016;Two men in suits shake hands laughing in an office with blinds, while a man sits looking on.;s06e05_029;office_s06e05.mp4;238.66;251.84;no
2060007;Michael sitting with his legs crossed taps his finger against a black mug.;s09e02_160;office_s09e02.mp4;1115.95;1121.79;no
1050025;Dwight drinks from the bottle with his mask on his face and spits.;s09e02_143;office_s09e02.mp4;988.78;994.62;no
7140002;Ryan, in a light shirt and striped tie, stands by Kelly, in a yellow cardigan over a floral top, who touches his arm while he covers his eyes and scratches his head, stressed.;s08e24_007;office_s08e24.mp4;84.33;98.38;no
1020015;People in the room raise their hands in the air at the same time.;s07e23_126;office_s07e23.mp4;1129.38;1142.45;no
2060009;Michael peers through the blinds while talking on the phone, pulling them apart with his hand.;s02e06_041;office_s02e06.mp4;337.25;345.05;no
2100019;Ryan holds up a pink floral name plate.;s08e04_067;office_s08e04.mp4;536.75;545.21;no
1020028;A man puts champagne on a desk with a black nameplate on it.;s07e14_067;office_s07e14.mp4;615.41;629.32;no
2060016;Dwight in a yellow shirt pulls his shirt aside and shows his stomach.;s09e04_167;office_s09e04.mp4;1087.21;1091.55;no
9140025;Pam, in a grey hoodie, stands next to Dwight in the warehouse, pressing her hands to the sides of her face and ears, stressed.;s09e14_036;office_s09e14.mp4;272.90;285.64;no
1020028;A man puts champagne on a desk with a black nameplate on it.;s08e04_021;office_s08e04.mp4;172.71;180.56;no
1020018;Michael laughs while holding a yellow paper in his hand.;s08e04_092;office_s08e04.mp4;740.66;743.70;no
2060023;Jim in a blue shirt looks stunned in front of a whiteboard.;s02e06_074;office_s02e06.mp4;582.08;586.88;no
8240016;Andy, in the bathroom, pours alcohol on himself from a bottle, standing in front of the mirror and sink.;s09e04_042;office_s09e04.mp4;317.36;320.99;no
9040029;Erin sticks red tape on the wall where Toby pointed, tapping his fingers.;s08e24_062;office_s08e24.mp4;463.59;467.51;no
2060009;Michael peers through the blinds while talking on the phone, pulling them apart with his hand.;s01e02_128;office_s01e02.mp4;1176.65;1186.68;no
6090022;Andy looks at Erin, who is talking to other people, with a disgusted, forced smile.;s06e09_092;office_s06e09.mp4;708.64;717.22;no
1020006;A shot of Kevin sitting at the desk, writing something in a giant book with a big red pencil.;s05e17_068;office_s05e17.mp4;601.77;608.27;no
1020028;A man puts champagne on a desk with a black nameplate on it.;s01e02_050;office_s01e02.mp4;487.57;497.06;no
1020008;Angela sitting in front of a whiteboard eats a banana.;s05e03_120;office_s05e03.mp4;980.15;986.57;no
9020035;A young man leans over the reception desk, holding a Newsweek magazine with a brain-map illustration of a head on the cover.;s08e24_004;office_s08e24.mp4;42.16;56.22;no
2060032;Dwight applies white-out with a small brush to a business card.;s05e03_005;office_s05e03.mp4;31.95;42.42;no
3050017;Dwight throws his arms up shouting excitedly outside a wooden barn.;s06e09_007;office_s06e09.mp4;36.99;41.42;no
3190009;A woman yawns widely on a couch beside a man with crutches.;s04e09_061;office_s04e09.mp4;478.60;486.24;no
7140011;A shot of Michael in front of a gas station, gas pumps behind him and someone cleaning the window of his car.;s07e14_081;office_s07e14.mp4;749.04;753.42;no
9140002;Erin, carrying a giant teddy bear, meets Darryl while walking up the stairs in the stairwell.;s08e24_119;office_s08e24.mp4;932.60;940.57;no
5170016;Two men in suits shake hands laughing in an office with blinds, while a man sits looking on.;s03e19_151;office_s03e19.mp4;1094.97;1102.66;no
1020020;Michael tears up the yellow paper in front of people.;s03e19_062;office_s03e19.mp4;428.30;435.94;no
3190009;A woman yawns widely on a couch beside a man with crutches.;s05e03_060;office_s05e03.mp4;480.06;483.57;no
1020018;Michael laughs while holding a yellow paper in his hand.;s04e09_066;office_s04e09.mp4;514.01;526.48;no
1050017;Jim ties his shoes while sitting in the armchair and talking to Pam.;s01e05_129;office_s01e05.mp4;1127.13;1138.10;no
1020020;Michael tears up the yellow paper in front of people.;s07e23_027;office_s07e23.mp4;238.38;249.71;no
9040016;Dwight angrily drops the keys with a yellow keychain onto Jim's.;s08e04_136;office_s08e04.mp4;1068.51;1081.20;no
1020020;Michael tears up the yellow paper in front of people.;s05e03_001;office_s05e03.mp4;0.00;7.01;no
3050017;Dwight throws his arms up shouting excitedly outside a wooden barn.;s06e09_156;office_s06e09.mp4;1240.87;1252.73;no
9140003;Pam, in a brown coat, carrying a folded blanket under her arm, walks through the warehouse, then stops and screams in shock.;s07e23_077;office_s07e23.mp4;658.37;668.17;no
9140029;A man standing behind Oscar, hands on his shoulders, pats his cheek in front of everyone at a gathering.;s08e04_084;office_s08e04.mp4;674.92;683.31;no
1020008;Angela sitting in front of a whiteboard eats a banana.;s01e05_040;office_s01e05.mp4;399.82;404.15;no
2060001;Dwight finds his desk in a men's bathroom.;s03e19_013;office_s03e19.mp4;76.31;86.50;no
2060030;Michael takes off his helmet and lunges at Dwight, hitting him with it.;s06e05_118;office_s06e05.mp4;1099.52;1108.27;no
1050017;Jim ties his shoes while sitting in the armchair and talking to Pam.;s04e09_031;office_s04e09.mp4;286.45;297.50;no
2060009;Michael peers through the blinds while talking on the phone, pulling them apart with his hand.;s06e09_136;office_s06e09.mp4;1074.47;1087.88;no
9040016;Dwight angrily drops the keys with a yellow keychain onto Jim's.;s07e23_042;office_s07e23.mp4;356.29;367.44;no
9140003;Pam, in a brown coat, carrying a folded blanket under her arm, walks through the warehouse, then stops and screams in shock.;s05e03_091;office_s05e03.mp4;740.53;755.50;no
7140002;Ryan, in a light shirt and striped tie, stands by Kelly, in a yellow cardigan over a floral top, who touches his arm while he covers his eyes and scratches his head, stressed.;s08e24_002;office_s08e24.mp4;14.05;28.11;no
1020008;Angela sitting in front of a whiteboard eats a banana.;s02e06_158;office_s02e06.mp4;1220.18;1226.14;no
1020017;A Black man with a brown briefcase exits Michael's room in a rush.;s01e02_079;office_s01e02.mp4;733.65;747.08;no
1020008;Angela sitting in front of a whiteboard eats a banana.;s04e09_024;office_s04e09.mp4;234.65;237.65;no
3050014;Stanley stands in a long line laughing joyfully.;s06e09_098;office_s06e09.mp4;761.12;771.19;no
7140011;A shot of Michael in front of a gas station, gas pumps behind him and someone cleaning the window of his car.;s07e14_036;office_s07e14.mp4;322.40;329.08;no
1050017;Jim ties his shoes while sitting in the armchair and talking to Pam.;s08e24_111;office_s08e24.mp4;851.18;863.15;no
1050005;A wide shot of the warehouse space with a basketball hoop.;s01e05_087;office_s01e05.mp4;763.22;766.35;no
1020017;A Black man with a brown briefcase exits Michael's room in a rush.;s04e09_084;office_s04e09.mp4;638.10;644.31;no
1050017;Jim ties his shoes while sitting in the armchair and talking to Pam.;s03e05_123;office_s03e05.mp4;860.90;864.82;no
1020006;A shot of Kevin sitting at the desk, writing something in a giant book with a big red pencil.;s06e05_023;office_s06e05.mp4;186.10;194.03;no
2060001;Dwight finds his desk in a men's bathroom.;s07e14_123;office_s07e14.mp4;1020.14;1031.32;no
9020028;Dwight stretches his interlocked hands out in front of the break room vending machines, stern and determined.;s06e09_158;office_s06e09.mp4;1264.60;1276.47;no
