annotation_id;desc_id;episode;split;video_file;vid_name;ts_start;ts_end;source_start;source_end;start;end;start_mmss;end_mmss;duration;origin;status;reason;edited_duration;edited_desc;flags;tags;desc
tbbt_s01e15_d50300;50300;s01e15;dev;tbbt_s01e15.mp4;s01e15_seg01_clip_00;11.9;17.09;11.9;17.09;11.9;17.09;0:11.9;0:17.1;5.19;tvr;rejected;manual;no;no;;;Raj and Leonard are walking in the hallway and go to read the notice board.
tbbt_s01e15_d50303;50303;s01e15;dev;tbbt_s01e15.mp4;s01e15_seg01_clip_00;17.09;28.68;17.09;28.68;17.09;28.68;0:17.1;0:28.7;11.59;tvr;accepted;;no;yes;;;Leonard and Raj take a look at the bulletin at the hallway together.
tbbt_s01e15_d50301;50301;s01e15;dev;tbbt_s01e15.mp4;s01e15_seg01_clip_00;39.97;42.72;39.97;42.72;39.97;42.72;0:40.0;0:42.7;2.75;tvr;rejected;manual;no;no;;;Howard is standing outside of Sheldon's office looking inside.
tbbt_s01e15_d50304;50304;s01e15;dev;tbbt_s01e15.mp4;s01e15_seg01_clip_00;41.5;61.03;41.5;61.03;41.5;61.03;0:41.5;1:01.0;19.53;tvr;rejected;too_long;no;no;;;Sheldon is talking to a woman in his office.
tbbt_s01e15_d50302;50302;s01e15;dev;tbbt_s01e15.mp4;s01e15_seg01_clip_00;52.79;54.62;52.79;54.62;43.58;52.77;0:43.6;0:52.8;9.19;tvr;accepted;;yes;yes;;;Raj, Howard and Leonard notice Sheldon is seated in his office with Missy standing next to him.
tbbt_s01e15_d37765;37765;s01e15;dev;tbbt_s01e15.mp4;s01e15_seg01_clip_01;8.7;13.21;69.7;74.21;70.16;76.43;1:10.2;1:16.4;6.27;tvr;accepted;;yes;no;;;Leonard takes a drink from the water fountain.
tbbt_s01e15_d37768;37768;s01e15;dev;tbbt_s01e15.mp4;s01e15_seg01_clip_01;9.3;12.91;70.3;73.91;70.3;73.91;1:10.3;1:13.9;3.61;tvr;rejected;manual;no;no;;;Leonard drinks on the faucet when Sheldon and the girl went out.
tbbt_s01e15_d37769;37769;s01e15;dev;tbbt_s01e15.mp4;s01e15_seg01_clip_01;19.81;25.51;80.81;86.51;80.81;86.51;1:20.8;1:26.5;5.7;tvr;rejected;manual;no;no;;;Howard walks slowly to Sheldon while he is talking.
tbbt_s01e15_d37766;37766;s01e15;dev;tbbt_s01e15.mp4;s01e15_seg01_clip_01;33.31;38.12;94.31;99.12;95.13;100.36;1:35.1;1:40.4;5.23;tvr;accepted;;yes;yes;;;Howard, in a brown turtleneck, shakes the hand of the woman who stands next to Sheldon.
tbbt_s01e15_d37767;37767;s01e15;dev;tbbt_s01e15.mp4;s01e15_seg01_clip_01;53.12;56.73;114.12;117.73;115.27;118.86;1:55.3;1:58.9;3.59;tvr;accepted;;yes;yes;;;Missy puts her arm around Sheldon's shoulders.
tbbt_s01e15_d85003;85003;s01e15;dev;tbbt_s01e15.mp4;s01e15_seg02_clip_00;0.0;6.2;200.0;206.2;200.0;206.2;3:20.0;3:26.2;6.2;tvr;rejected;manual;no;no;;;Leonard steps closer to Sheldon's sister in the hallway.
tbbt_s01e15_d85000;85000;s01e15;dev;tbbt_s01e15.mp4;s01e15_seg02_clip_00;2.48;6.82;202.48;206.82;202.48;206.82;3:22.5;3:26.8;4.34;tvr;rejected;manual;no;no;;;Missy is standing in between Leonard and Howard.
tbbt_s01e15_d85001;85001;s01e15;dev;tbbt_s01e15.mp4;s01e15_seg02_clip_00;11.48;21.09;211.48;221.09;211.48;221.09;3:31.5;3:41.1;9.61;tvr;rejected;manual;no;no;;;Missy is holding a envelope folder as she speaks to Leonard and Howard.
tbbt_s01e15_d85002;85002;s01e15;dev;tbbt_s01e15.mp4;s01e15_seg02_clip_00;35.98;40.01;235.98;240.01;238.0;240.75;3:58.0;4:00.8;2.75;tvr;accepted;;yes;no;;;Leonard stops Sheldon with his arm as he was about to leave.
tbbt_s01e15_d85010;85010;s01e15;dev;tbbt_s01e15.mp4;s01e15_seg02_clip_02;6.0;8.1;328.0;330.1;328.0;330.1;5:28.0;5:30.1;2.1;tvr;rejected;manual;no;no;;;Penny walks into the apartment with a laundry basket.
tbbt_s01e15_d85013;85013;s01e15;dev;tbbt_s01e15.mp4;s01e15_seg02_clip_02;0.0;12.01;322.0;334.01;329.35;334.91;5:29.4;5:34.9;5.56;tvr;accepted;;yes;yes;;;Penny came in and shows Leonard's superman underwear.
tbbt_s01e15_d85011;85011;s01e15;dev;tbbt_s01e15.mp4;s01e15_seg02_clip_02;18.01;31.21;340.01;353.21;340.01;353.21;5:40.0;5:53.2;13.2;tvr;rejected;manual;no;no;;;Penny is holding up a pair of underwear and Leonard grabs it from her.
tbbt_s01e15_d85012;85012;s01e15;dev;tbbt_s01e15.mp4;s01e15_seg02_clip_02;58.53;60.03;380.53;382.03;380.53;382.03;6:20.5;6:22.0;1.5;tvr;rejected;manual;no;no;;;Raj runs through the front door behind Leonard.
tbbt_s01e15_d85005;85005;s01e15;dev;tbbt_s01e15.mp4;s01e15_seg02_clip_03;2.79;6.82;384.79;388.82;384.79;388.82;6:24.8;6:28.8;4.03;tvr;rejected;manual;no;no;;;Penny is holding a laundry basket as she speaks to Raj.
tbbt_s01e15_d85006;85006;s01e15;dev;tbbt_s01e15.mp4;s01e15_seg02_clip_03;9.3;16.44;391.3;398.44;391.84;405.84;6:31.8;6:45.8;14.0;tvr;accepted;;yes;no;;;Raj is waving his hand uncontrollably as he greets Missy.
tbbt_s01e15_d85007;85007;s01e15;dev;tbbt_s01e15.mp4;s01e15_seg02_clip_03;60.79;62.03;442.79;444.03;442.79;444.03;7:22.8;7:24.0;1.24;tvr;rejected;too_short;no;no;;;Penny goes beside Leonard when he is in the kitchen.
tbbt_s01e15_d85020;85020;s01e15;dev;tbbt_s01e15.mp4;s01e15_seg02_clip_04;4.85;7.98;448.85;451.98;448.74;457.28;7:28.7;7:37.3;8.54;tvr;accepted;;yes;yes;;;Penny, in yellow blouse, puts the lid on the jar she is holding.
tbbt_s01e15_d85022;85022;s01e15;dev;tbbt_s01e15.mp4;s01e15_seg02_clip_04;17.39;21.95;461.39;465.95;462.61;469.7;7:42.6;7:49.7;7.09;tvr;accepted;;yes;yes;;;Sheldon, in black shirt, turns from his computer and makes a note in the notebook next to him.
tbbt_s01e15_d85021;85021;s01e15;dev;tbbt_s01e15.mp4;s01e15_seg02_clip_04;36.78;38.21;480.78;482.21;480.78;482.21;8:00.8;8:02.2;1.43;tvr;rejected;manual;no;no;;;Leonard sets two dishes down on the coffee table.
tbbt_s01e15_d85015;85015;s01e15;dev;tbbt_s01e15.mp4;s01e15_seg02_clip_05;7.2;13.81;508.2;514.81;508.2;516.22;8:28.2;8:36.2;8.02;tvr;accepted;;yes;no;;;Missy leaves with Penny after getting up from the couch.
tbbt_s01e15_d85016;85016;s01e15;dev;tbbt_s01e15.mp4;s01e15_seg02_clip_05;33.92;40.82;534.92;541.82;534.92;541.82;8:54.9;9:01.8;6.9;tvr;rejected;manual;no;no;;;Sheldon is at his laptop while speaking with Leonard, Raj and Howard.
tbbt_s01e15_d85017;85017;s01e15;dev;tbbt_s01e15.mp4;s01e15_seg02_clip_05;48.32;52.52;549.32;553.52;549.32;553.52;9:09.3;9:13.5;4.2;tvr;rejected;manual;no;no;;;Sheldon gets up from his chair to go with Leonard to his bedroom.
tbbt_s01e15_d85030;85030;s01e15;dev;tbbt_s01e15.mp4;s01e15_seg02_clip_06;0.0;5.27;561.0;566.27;561.0;566.27;9:21.0;9:26.3;5.27;tvr;accepted;;no;yes;;;Raj, in purple sweater and blue shirt, is standing next to Howard while talking to him and making strange gestures with his hand.
tbbt_s01e15_d85033;85033;s01e15;dev;tbbt_s01e15.mp4;s01e15_seg02_clip_06;0.0;7.13;561.0;568.13;561.0;568.13;9:21.0;9:28.1;7.13;tvr;rejected;manual;no;no;;;A man wearing a blue jacket waves his hand rapidly.
tbbt_s01e15_d85031;85031;s01e15;dev;tbbt_s01e15.mp4;s01e15_seg02_clip_06;8.68;12.72;569.68;573.72;569.96;574.77;9:30.0;9:34.8;4.81;tvr;accepted;;yes;yes;;;Leonard and Sheldon, in black shirt, walk into Sheldon's room and Leonard closes the door.
tbbt_s01e15_d85032;85032;s01e15;dev;tbbt_s01e15.mp4;s01e15_seg02_clip_06;22.02;29.77;583.02;590.77;583.02;590.77;9:43.0;9:50.8;7.75;tvr;rejected;manual;no;no;;;Sheldon sits onto his bed while he is talking to Leonard.
tbbt_s01e15_d85034;85034;s01e15;dev;tbbt_s01e15.mp4;s01e15_seg02_clip_06;24.5;25.12;585.5;586.12;585.02;586.3;9:45.0;9:46.3;1.28;tvr;accepted;;yes;yes;;;Sheldon, in black shirt, flicks his head and points up his finger.
tbbt_s01e15_d85025;85025;s01e15;dev;tbbt_s01e15.mp4;s01e15_seg02_clip_07;0.0;7.25;623.0;630.25;623.0;630.25;10:23.0;10:30.2;7.25;tvr;rejected;manual;no;no;;;Leonard stands in the bedroom talking to Sheldon with his arms crossed tightly in front of him.
tbbt_s01e15_d85026;85026;s01e15;dev;tbbt_s01e15.mp4;s01e15_seg02_clip_07;21.43;25.53;644.43;648.53;646.04;650.38;10:46.0;10:50.4;4.34;tvr;accepted;;yes;yes;;;Leonard, in purple hoodie, reaches out and rests his hand on Sheldon's shoulder.
tbbt_s01e15_d85028;85028;s01e15;dev;tbbt_s01e15.mp4;s01e15_seg02_clip_07;21.43;26.47;644.43;649.47;647.16;651.07;10:47.2;10:51.1;3.91;tvr;accepted;;yes;yes;;;Leonard, in purple hoodie, takes his hand of Sheldon's left shoulder.
tbbt_s01e15_d85027;85027;s01e15;dev;tbbt_s01e15.mp4;s01e15_seg02_clip_07;57.36;59.88;680.36;682.88;681.29;683.94;11:21.3;11:23.9;2.65;tvr;accepted;;yes;yes;;;Sheldon, in black shirt, quickly spins around, opens the door and leaves the bedroom.
tbbt_s01e15_d84990;84990;s01e15;dev;tbbt_s01e15.mp4;s01e15_seg02_clip_08;2.61;13.35;688.61;699.35;689.35;702.57;11:29.4;11:42.6;13.22;tvr;accepted;;yes;yes;;;Raj and Howard are wrestling each other on the ground when Sheldon comes in.
tbbt_s01e15_d84991;84991;s01e15;dev;tbbt_s01e15.mp4;s01e15_seg02_clip_08;14.51;19.73;700.51;705.73;700.51;705.73;11:40.5;11:45.7;5.22;tvr;rejected;manual;no;no;;;Sheldon walks into the living room with Leonard and stand before Raj and Howard.
tbbt_s01e15_d84988;84988;s01e15;dev;tbbt_s01e15.mp4;s01e15_seg02_clip_09;0.0;8.7;744.0;752.7;744.0;752.7;12:24.0;12:32.7;8.7;tvr;rejected;manual;no;no;;;Howard holds a bag of frozen vegetables up to his neck while he looks in the fridge and then closes the refrigerator door.
tbbt_s01e15_d84985;84985;s01e15;dev;tbbt_s01e15.mp4;s01e15_seg02_clip_09;2.61;10.44;746.61;754.44;745.11;749.58;12:25.1;12:29.6;4.47;tvr;accepted;;yes;yes;;;Sheldon is putting mayo on a slice of bread while Raj drinks from a green can.
tbbt_s01e15_d84992;84992;s01e15;dev;tbbt_s01e15.mp4;s01e15_seg02_clip_08;57.44;58.03;743.44;744.03;745.11;748.91;12:25.1;12:28.9;3.8;tvr;accepted;;yes;yes;;;Raj, in purple sweater, is sitting at the kitchen island drinking from a green can.
tbbt_s01e15_d84986;84986;s01e15;dev;tbbt_s01e15.mp4;s01e15_seg02_clip_09;9.86;12.48;753.86;756.48;753.51;756.38;12:33.5;12:36.4;2.87;tvr;accepted;;yes;yes;;;Howard is holding a bag of frozen peas on his neck while Leonard is scratching his forehead.
tbbt_s01e15_d84989;84989;s01e15;dev;tbbt_s01e15.mp4;s01e15_seg02_clip_09;38.01;45.26;782.01;789.26;783.41;790.6;13:03.4;13:10.6;7.19;tvr;accepted;;yes;yes;;;Leonard moves Raj's hand down while he wags his hand.
tbbt_s01e15_d84987;84987;s01e15;dev;tbbt_s01e15.mp4;s01e15_seg02_clip_09;41.2;44.39;785.2;788.39;785.2;788.39;13:05.2;13:08.4;3.19;tvr;rejected;manual;no;no;;;Raj is shaking his finger uncontrollably and Leonard puts it down for him.
tbbt_s01e15_d39985;39985;s01e15;dev;tbbt_s01e15.mp4;s01e15_seg02_clip_10;11.1;17.11;813.1;819.11;814.48;826.81;13:34.5;13:46.8;12.33;tvr;accepted;;yes;no;;;Sheldon picks up a slice of cheese and holds it up in front of Leonard, Howard, and Raj.
tbbt_s01e15_d39986;39986;s01e15;dev;tbbt_s01e15.mp4;s01e15_seg02_clip_10;28.51;35.42;830.51;837.42;830.51;837.42;13:50.5;13:57.4;6.91;tvr;rejected;manual;no;no;;;Missy walks down the hall and Sheldon then follows her.
tbbt_s01e15_d39987;39987;s01e15;dev;tbbt_s01e15.mp4;s01e15_seg02_clip_10;42.62;46.52;844.62;848.52;846.06;849.48;14:06.1;14:09.5;3.42;tvr;accepted;;yes;no;;;Missy closes the door and turns to face Sheldon.
tbbt_s01e15_d39990;39990;s01e15;dev;tbbt_s01e15.mp4;s01e15_seg02_clip_11;1.18;2.66;863.18;864.66;863.26;866.01;14:23.3;14:26.0;2.75;tvr;accepted;;yes;no;;;Missy crosses her arms in front of her as she takes a step towards Sheldon.
tbbt_s01e15_d39991;39991;s01e15;dev;tbbt_s01e15.mp4;s01e15_seg02_clip_11;47.22;48.4;909.22;910.4;909.95;911.76;15:10.0;15:11.8;1.81;tvr;accepted;;yes;no;;;Missy puts her hand on Sheldon's shoulder and pushes him away form her.
tbbt_s01e15_d39992;39992;s01e15;dev;tbbt_s01e15.mp4;s01e15_seg02_clip_11;49.88;52.24;911.88;914.24;913.06;915.42;15:13.1;15:15.4;2.36;tvr;accepted;;no;no;;;Missy puts her knee onto the bed and sits down next to Sheldon.
tbbt_s01e15_d39975;39975;s01e15;dev;tbbt_s01e15.mp4;s01e15_seg02_clip_12;35.3;36.56;956.3;957.56;957.03;961.18;15:57.0;16:01.2;4.15;tvr;accepted;;yes;no;;;Sheldon covers his crotch with his hands as he crosses his legs.
tbbt_s01e15_d39978;39978;s01e15;dev;tbbt_s01e15.mp4;s01e15_seg02_clip_12;38.13;43.49;959.13;964.49;959.13;964.49;15:59.1;16:04.5;5.36;tvr;rejected;manual;no;no;;;Sheldon raises his finger to Missy while he is sitting on the bed.
tbbt_s01e15_d39976;39976;s01e15;dev;tbbt_s01e15.mp4;s01e15_seg02_clip_12;46.01;47.59;967.01;968.59;967.01;968.59;16:07.0;16:08.6;1.58;tvr;rejected;manual;no;no;;;Sheldon stands up from the bed as he talks to Missy.
tbbt_s01e15_d39979;39979;s01e15;dev;tbbt_s01e15.mp4;s01e15_seg02_clip_12;55.15;63.03;976.15;984.03;976.15;984.03;16:16.1;16:24.0;7.88;tvr;rejected;manual;no;no;;;Sheldon walks out of the bathroom holding himself.
tbbt_s01e15_d39977;39977;s01e15;dev;tbbt_s01e15.mp4;s01e15_seg02_clip_12;54.21;61.14;975.21;982.14;976.54;988.21;16:16.5;16:28.2;11.67;tvr;accepted;;yes;no;;;Sheldon slowly walks into the living room as he cups his crotch with both hands.
tbbt_s01e15_d96273;96273;s01e15;dev;tbbt_s01e15.mp4;s01e15_seg02_clip_13;7.54;9.57;991.54;993.57;991.54;993.57;16:31.5;16:33.6;2.03;tvr;rejected;manual;no;no;;;Howard sits down on the couch with a jar.
tbbt_s01e15_d96270;96270;s01e15;dev;tbbt_s01e15.mp4;s01e15_seg02_clip_13;8.12;13.93;992.12;997.93;993.41;999.6;16:33.4;16:39.6;6.19;tvr;accepted;;yes;no;;;Howard pours the contents of the jar he is holding into a bowl on the coffee table.
tbbt_s01e15_d96274;96274;s01e15;dev;tbbt_s01e15.mp4;s01e15_seg02_clip_13;31.04;37.43;1015.04;1021.43;1015.04;1021.43;16:55.0;17:01.4;6.39;tvr;rejected;manual;no;no;;;Sheldon walks out of the hallway while Raj, Howard and Leonard are playing a video game.
tbbt_s01e15_d96271;96271;s01e15;dev;tbbt_s01e15.mp4;s01e15_seg02_clip_13;35.4;38.88;1019.4;1022.88;1019.98;1021.86;16:60.0;17:01.9;1.88;tvr;accepted;;yes;no;;;Leonard makes boxing moves as he plays a video game with Howard.
tbbt_s01e15_d96272;96272;s01e15;dev;tbbt_s01e15.mp4;s01e15_seg02_clip_13;41.78;49.03;1025.78;1033.03;1027.14;1038.84;17:07.1;17:18.8;11.7;tvr;accepted;;yes;no;;;Leonard excitedly jumps up and down with the nintendo controllers over his head.
tbbt_s01e15_d39965;39965;s01e15;dev;tbbt_s01e15.mp4;s01e15_seg02_clip_14;0.63;7.56;1042.63;1049.56;1042.63;1049.56;17:22.6;17:29.6;6.93;tvr;rejected;manual;no;no;;;Confidently, Leonard walks over to Amy's apartment and knocks on the door.
tbbt_s01e15_d39966;39966;s01e15;dev;tbbt_s01e15.mp4;s01e15_seg02_clip_14;20.48;23.64;1062.48;1065.64;1062.63;1067.29;17:42.6;17:47.3;4.66;tvr;accepted;;yes;yes;;;Penny walks away from the doorway and Missy comes to the door to talk to Leonard.
tbbt_s01e15_d39967;39967;s01e15;dev;tbbt_s01e15.mp4;s01e15_seg02_clip_14;50.42;55.78;1092.42;1097.78;1092.42;1097.78;18:12.4;18:17.8;5.36;tvr;rejected;manual;no;no;;;Leonard slowly walks back into the apartment, dejectedly.
tbbt_s01e15_d39970;39970;s01e15;dev;tbbt_s01e15.mp4;s01e15_seg02_clip_15;0.0;5.8;1105.0;1110.8;1105.0;1110.8;18:25.0;18:30.8;5.8;tvr;rejected;manual;no;no;;;Howard is standing on the doorway of Penny's apartment.
tbbt_s01e15_d39971;39971;s01e15;dev;tbbt_s01e15.mp4;s01e15_seg02_clip_15;8.7;12.77;1113.7;1117.77;1113.7;1117.77;18:33.7;18:37.8;4.07;tvr;rejected;manual;no;no;;;Penny calls Miss out and she comes to the door to Howard.
tbbt_s01e15_d39973;39973;s01e15;dev;tbbt_s01e15.mp4;s01e15_seg02_clip_15;29.3;31.62;1134.3;1136.62;1135.99;1138.4;18:56.0;18:58.4;2.41;tvr;accepted;;yes;yes;;;Howard stands up holding a large yellow sign in front of himself at the doorway.
tbbt_s01e15_d39972;39972;s01e15;dev;tbbt_s01e15.mp4;s01e15_seg02_clip_15;29.3;32.49;1134.3;1137.49;1142.24;1144.7;19:02.2;19:04.7;2.46;tvr;accepted;;yes;yes;;;Howard folds the yellow sign and throws it behind him while standing in the doorway.
tbbt_s01e15_d39974;39974;s01e15;dev;tbbt_s01e15.mp4;s01e15_seg02_clip_15;47.58;50.48;1152.58;1155.48;1152.58;1155.48;19:12.6;19:15.5;2.9;tvr;rejected;manual;no;no;;;Missy closes the front door to the apartment.
tbbt_s01e15_d39955;39955;s01e15;dev;tbbt_s01e15.mp4;s01e15_seg02_clip_16;0.0;10.15;1163.0;1173.15;1163.0;1173.15;19:23.0;19:33.1;10.15;tvr;rejected;manual;no;no;;;Raj is at the door of Penny's apartment speaking with her.
tbbt_s01e15_d39956;39956;s01e15;dev;tbbt_s01e15.mp4;s01e15_seg02_clip_16;14.8;23.79;1177.8;1186.79;1177.8;1186.79;19:37.8;19:46.8;8.99;tvr;rejected;manual;no;no;;;Missy walks from behind Penny as she is speaking to Raj.
tbbt_s01e15_d39958;39958;s01e15;dev;tbbt_s01e15.mp4;s01e15_seg02_clip_16;36.27;47.0;1199.27;1210.0;1199.27;1210.0;19:59.3;20:10.0;10.73;tvr;accepted;;no;yes;;;Raj turns away from Penny and Missy standing at the doorway, then walks down the stairs.
tbbt_s01e15_d39957;39957;s01e15;dev;tbbt_s01e15.mp4;s01e15_seg02_clip_16;36.85;43.81;1199.85;1206.81;1199.85;1206.81;19:59.8;20:06.8;6.96;tvr;rejected;manual;no;no;;;Raj turns around in fear in front of Missy and Penny to go downstairs.
tbbt_s01e15_d55960;55960;s01e15;dev;tbbt_s01e15.mp4;s01e15_seg02_clip_17;0.0;7.44;1221.0;1228.44;1221.56;1229.09;20:21.6;20:29.1;7.53;tvr;accepted;;yes;no;;;Sheldon is going downstairs with Missy beside him.
tbbt_s01e15_d55961;55961;s01e15;dev;tbbt_s01e15.mp4;s01e15_seg02_clip_17;20.78;26.36;1241.78;1247.36;1242.83;1249.86;20:42.8;20:49.9;7.03;tvr;accepted;;yes;no;;;Missy hugs Sheldon and he pats her back awkwardly.
tbbt_s01e15_d55962;55962;s01e15;dev;tbbt_s01e15.mp4;s01e15_seg02_clip_17;51.48;53.03;1272.48;1274.03;1274.03;1278.57;21:14.0;21:18.6;4.54;tvr;accepted;;yes;no;;;Sheldon follows Missy as she exits the building.
tbbt_s03e02_d43325;43325;s03e02;dev;tbbt_s03e02.mp4;s03e02_seg01_clip_01;0.0;10.08;63.0;73.08;63.0;73.08;1:03.0;1:13.1;10.08;tvr;rejected;manual;no;no;;;Sheldon is in front of the comic stands next to Leonard.
tbbt_s03e02_d43326;43326;s03e02;dev;tbbt_s03e02.mp4;s03e02_seg01_clip_01;26.29;30.97;89.29;93.97;89.29;93.97;1:29.3;1:34.0;4.68;tvr;rejected;manual;no;no;;;Leonard is holding a stack of comic books in front of the comic stand.
tbbt_s03e02_d43327;43327;s03e02;dev;tbbt_s03e02.mp4;s03e02_seg01_clip_01;58.34;64.46;121.34;127.46;121.34;127.46;2:01.3;2:07.5;6.12;tvr;rejected;manual;no;no;;;Sheldon comes with a comic book in his hand and show it to Howard.
tbbt_s03e02_d73185;73185;s03e02;dev;tbbt_s03e02.mp4;s03e02_seg02_clip_00;4.73;9.14;163.73;168.14;128.65;130.02;2:08.7;2:10.0;1.37;tvr;accepted;;yes;yes;;;Sheldon rapidly close the comic book in front of Howard's face.
tbbt_s03e02_d73187;73187;s03e02;dev;tbbt_s03e02.mp4;s03e02_seg02_clip_00;16.7;17.65;175.7;176.65;174.8;178.14;2:54.8;2:58.1;3.34;tvr;accepted;;yes;yes;;;Leonard lifts the bag and shows it to a disappointed Sheldon, in a blue shirt.
tbbt_s03e02_d73186;73186;s03e02;dev;tbbt_s03e02.mp4;s03e02_seg02_clip_00;38.13;40.65;197.13;199.65;196.87;199.26;3:16.9;3:19.3;2.39;tvr;accepted;;yes;yes;;;Leonard, in a red shirt, sits down in the living room chair while Raj and Howard laugh.
tbbt_s03e02_d73165;73165;s03e02;dev;tbbt_s03e02.mp4;s03e02_seg02_clip_01;6.2;12.99;228.2;234.99;228.57;234.23;3:48.6;3:54.2;5.66;tvr;accepted;;yes;yes;;;Leonard, in a red shirt and purple hoodie, walks across the room and exits the room through the front door in a rush.
tbbt_s03e02_d73167;73167;s03e02;dev;tbbt_s03e02.mp4;s03e02_seg02_clip_01;21.54;24.79;243.54;246.79;243.54;246.79;4:03.5;4:06.8;3.25;tvr;rejected;manual;no;no;;;Sheldon puts the tray of food he's holding down onto the table.
tbbt_s03e02_d73169;73169;s03e02;dev;tbbt_s03e02.mp4;s03e02_seg02_clip_01;48.4;51.35;270.4;273.35;270.4;273.35;4:30.4;4:33.3;2.95;tvr;rejected;manual;no;no;;;Leonard closes the door while talking to Penny.
tbbt_s03e02_d73166;73166;s03e02;dev;tbbt_s03e02.mp4;s03e02_seg02_clip_01;48.99;51.35;270.99;273.35;270.99;273.35;4:31.0;4:33.3;2.36;tvr;rejected;manual;no;no;;;Leonard walks across the room and closes the door.
tbbt_s03e02_d27755;27755;s03e02;dev;tbbt_s03e02.mp4;s03e02_seg02_clip_02;1.18;4.43;282.18;285.43;282.18;287.45;4:42.2;4:47.4;5.27;tvr;accepted;;yes;yes;;;Penny, in an orange hoodie, reaching arms out to near where Leonard is standing.
tbbt_s03e02_d27758;27758;s03e02;dev;tbbt_s03e02.mp4;s03e02_seg02_clip_02;27.45;33.94;308.45;314.94;308.45;314.94;5:08.4;5:14.9;6.49;tvr;rejected;manual;no;no;;;Penny walks to the refrigerator and get some drink.
tbbt_s03e02_d27756;27756;s03e02;dev;tbbt_s03e02.mp4;s03e02_seg02_clip_02;29.22;34.83;310.22;315.83;310.22;315.83;5:10.2;5:15.8;5.61;tvr;rejected;manual;no;no;;;Penny walking to the fridge to get some wine.
tbbt_s03e02_d27759;27759;s03e02;dev;tbbt_s03e02.mp4;s03e02_seg02_clip_02;38.66;42.79;319.66;323.79;319.66;323.79;5:19.7;5:23.8;4.13;tvr;rejected;manual;no;no;;;Leonard walks to Penny while Penny is putting a drink on a glass.
tbbt_s03e02_d27757;27757;s03e02;dev;tbbt_s03e02.mp4;s03e02_seg02_clip_02;40.73;51.65;321.73;332.65;329.21;333.27;5:29.2;5:33.3;4.06;tvr;accepted;;yes;yes;;;Penny, in an orange hoodie, handing Leonard a glass of wine after she pouring one for herself.
tbbt_s03e02_d27750;27750;s03e02;dev;tbbt_s03e02.mp4;s03e02_seg02_clip_03;15.56;17.09;355.56;357.09;355.98;357.41;5:56.0;5:57.4;1.43;tvr;accepted;;yes;yes;;;Howard, in a turquoise shirt, makes a gesture with his finger on his nose to Sheldon.
tbbt_s03e02_d27751;27751;s03e02;dev;tbbt_s03e02.mp4;s03e02_seg02_clip_03;23.8;25.94;363.8;365.94;363.8;365.94;6:03.8;6:05.9;2.14;tvr;rejected;manual;no;no;;;Sheldon picks up a paper bowl of food to eat.
tbbt_s03e02_d27753;27753;s03e02;dev;tbbt_s03e02.mp4;s03e02_seg02_clip_03;30.51;35.7;370.51;375.7;371.38;379.54;6:11.4;6:19.5;8.16;tvr;accepted;;yes;yes;;;Sheldon looks on his wrist watch while eating at the table with Howard and Raj.
tbbt_s03e02_d27752;27752;s03e02;dev;tbbt_s03e02.mp4;s03e02_seg02_clip_03;31.73;38.45;371.73;378.45;371.73;378.45;6:11.7;6:18.4;6.72;tvr;rejected;manual;no;no;;;Sheldon looks at his watch while sitting on the couch.
tbbt_s03e02_d27754;27754;s03e02;dev;tbbt_s03e02.mp4;s03e02_seg02_clip_03;57.37;61.03;397.37;401.03;397.37;401.03;6:37.4;6:41.0;3.66;tvr;rejected;manual;no;no;;;Raj, Howard and Sheldon are talking while they are eating.
tbbt_s03e02_d27745;27745;s03e02;dev;tbbt_s03e02.mp4;s03e02_seg02_clip_04;7.93;13.12;408.93;414.12;408.93;414.12;6:48.9;6:54.1;5.19;tvr;rejected;manual;no;no;;;Sheldon takes a bit of his food as he listens to Howard.
tbbt_s03e02_d27746;27746;s03e02;dev;tbbt_s03e02.mp4;s03e02_seg02_clip_04;21.66;26.55;422.66;427.55;422.66;427.55;7:02.7;7:07.5;4.89;tvr;rejected;manual;no;no;;;Sheldon and Howard are eating together as they sit on the couch.
tbbt_s03e02_d27747;27747;s03e02;dev;tbbt_s03e02.mp4;s03e02_seg02_clip_04;43.02;46.08;444.02;447.08;444.02;447.08;7:24.0;7:27.1;3.06;tvr;rejected;manual;no;no;;;Raj gets up from the floor by the coffee table.
tbbt_s03e02_d73081;73081;s03e02;dev;tbbt_s03e02.mp4;s03e02_seg02_clip_05;27.61;29.71;489.61;491.71;489.61;491.71;8:09.6;8:11.7;2.1;tvr;rejected;manual;no;no;;;Sheldon places his fork and box on the table.
tbbt_s03e02_d73080;73080;s03e02;dev;tbbt_s03e02.mp4;s03e02_seg02_clip_05;42.92;45.32;504.92;507.32;504.92;507.32;8:24.9;8:27.3;2.4;tvr;accepted;;no;yes;;;Howard, in a turquoise shirt, and Sheldon reach towards each other and shake hands while sitting next to each other at the couch.
tbbt_s03e02_d73082;73082;s03e02;dev;tbbt_s03e02.mp4;s03e02_seg02_clip_05;56.43;60.03;518.43;522.03;519.21;528.37;8:39.2;8:48.4;9.16;tvr;accepted;;yes;yes;;;Howard, Sheldon, and Raj are gathered around the refrigerator with their heads close to it.
tbbt_s03e02_d89805;89805;s03e02;dev;tbbt_s03e02.mp4;s03e02_seg02_clip_06;0.0;5.8;522.0;527.8;522.0;527.8;8:42.0;8:47.8;5.8;tvr;rejected;manual;no;no;;;Raj has both hands on the fridge with Howard and Sheldon near him.
tbbt_s03e02_d89806;89806;s03e02;dev;tbbt_s03e02.mp4;s03e02_seg02_clip_06;7.93;11.9;529.93;533.9;529.75;534.69;8:49.8;8:54.7;4.94;tvr;accepted;;yes;yes;;;Leonard and Penny, in an orange hoodie, are kissing each other on her sofa.
tbbt_s03e02_d89807;89807;s03e02;dev;tbbt_s03e02.mp4;s03e02_seg02_clip_06;32.34;40.89;554.34;562.89;554.34;562.89;9:14.3;9:22.9;8.55;tvr;rejected;manual;no;no;;;Sheldon, Howard, and Raj try to exit the closet at the same time.
tbbt_s03e02_d89809;89809;s03e02;dev;tbbt_s03e02.mp4;s03e02_seg02_clip_06;31.12;42.11;553.12;564.11;555.93;564.55;9:15.9;9:24.5;8.62;tvr;accepted;;yes;no;;;Sheldon, Raj and Howard try numerous times to unsuccessfully get out of the closet simultaneously.
tbbt_s03e02_d27730;27730;s03e02;dev;tbbt_s03e02.mp4;s03e02_seg02_clip_07;9.0;14.11;592.0;597.11;594.42;598.17;9:54.4;9:58.2;3.75;tvr;accepted;;yes;no;;;Howard, Raj, and Sheldon hear a noise in the elevator shaft and Sheldon tears off the yellow tape.
tbbt_s03e02_d27731;27731;s03e02;dev;tbbt_s03e02.mp4;s03e02_seg02_clip_07;23.71;29.41;606.71;612.41;607.85;609.94;10:07.9;10:09.9;2.09;tvr;accepted;;yes;no;;;Howard takes the sign off the elevator door and he and Sheldon try to open it.
tbbt_s03e02_d27732;27732;s03e02;dev;tbbt_s03e02.mp4;s03e02_seg02_clip_07;50.42;55.83;633.42;638.83;633.42;638.83;10:33.4;10:38.8;5.41;tvr;rejected;manual;no;no;;;Raj says something to Sheldon that makes Sheldon turn around and give him a dirty look.
tbbt_s03e02_d34348;34348;s03e02;dev;tbbt_s03e02.mp4;s03e02_seg02_clip_08;0.0;3.19;643.0;646.19;643.0;646.19;10:43.0;10:46.2;3.19;tvr;accepted;;no;yes;;;Penny, with messy hair, is pouring liquor into her glass as she sits beside Leonard at the couch.
tbbt_s03e02_d34345;34345;s03e02;dev;tbbt_s03e02.mp4;s03e02_seg02_clip_08;2.32;4.35;645.32;647.35;645.32;647.35;10:45.3;10:47.3;2.03;tvr;rejected;manual;no;no;;;Penny giggles and pours herself an alcoholic drink.
tbbt_s03e02_d34346;34346;s03e02;dev;tbbt_s03e02.mp4;s03e02_seg02_clip_08;19.44;21.76;662.44;664.76;662.44;664.76;11:02.4;11:04.8;2.32;tvr;rejected;manual;no;no;;;Penny and Leonard giggle as they drink together on the couch.
tbbt_s03e02_d34347;34347;s03e02;dev;tbbt_s03e02.mp4;s03e02_seg02_clip_08;43.81;46.13;686.81;689.13;686.81;689.13;11:26.8;11:29.1;2.32;tvr;rejected;manual;no;no;;;Raj and Howard use the stairs after hearing a cricket.
tbbt_s03e02_d73055;73055;s03e02;dev;tbbt_s03e02.mp4;s03e02_seg02_clip_09;4.2;5.7;705.2;706.7;705.2;706.7;11:45.2;11:46.7;1.5;tvr;rejected;manual;no;no;;;Leonard is on the floor, vomiting in the toilet.
tbbt_s03e02_d73058;73058;s03e02;dev;tbbt_s03e02.mp4;s03e02_seg02_clip_09;4.2;6.9;705.2;707.9;706.03;708.91;11:46.0;11:48.9;2.88;tvr;accepted;;yes;yes;;;Penny walks into the bathroom as Leonard, in a red shirt, has his head in the toilet vomiting.
tbbt_s03e02_d73056;73056;s03e02;dev;tbbt_s03e02.mp4;s03e02_seg02_clip_09;5.4;12.91;706.4;713.91;706.4;713.91;11:46.4;11:53.9;7.51;tvr;rejected;manual;no;no;;;Penny walks in and starts a conversation with Leonard.
tbbt_s03e02_d73057;73057;s03e02;dev;tbbt_s03e02.mp4;s03e02_seg02_clip_09;22.51;30.01;723.51;731.01;723.03;731.04;12:03.0;12:11.0;8.01;tvr;accepted;;yes;no;;;Penny runs and throws up in the sink and then Leonard throws up in toilet.
tbbt_s03e02_d73059;73059;s03e02;dev;tbbt_s03e02.mp4;s03e02_seg02_clip_09;52.22;54.32;753.22;755.32;753.05;755.87;12:33.0;12:35.9;2.82;tvr;accepted;;yes;yes;;;Howard, in a red shirt, walks up to Raj and Sheldon's table at the canteen and places a book on it.
tbbt_s03e02_d88925;88925;s03e02;dev;tbbt_s03e02.mp4;s03e02_seg02_clip_10;0.0;3.72;761.0;764.72;758.96;763.15;12:39.0;12:43.1;4.19;tvr;accepted;;yes;yes;;;Howard, in a red shirt, opens a book in front of Sheldon at the canteen.
tbbt_s03e02_d88928;88928;s03e02;dev;tbbt_s03e02.mp4;s03e02_seg02_clip_10;0.0;4.03;761.0;765.03;761.0;765.03;12:41.0;12:45.0;4.03;tvr;rejected;manual;no;no;;;Howard opens a book in front of Sheldon and hits the pages as he speaks.
tbbt_s03e02_d88926;88926;s03e02;dev;tbbt_s03e02.mp4;s03e02_seg02_clip_10;13.96;18.3;774.96;779.3;776.57;780.59;12:56.6;13:00.6;4.02;tvr;accepted;;yes;yes;;;Howard grabs a clear container from the table at the canteen.
tbbt_s03e02_d88929;88929;s03e02;dev;tbbt_s03e02.mp4;s03e02_seg02_clip_10;22.95;24.19;783.95;785.19;784.34;786.01;13:04.3;13:06.0;1.67;tvr;accepted;;yes;yes;;;Sheldon picks up an open book and shows it to Raj while he spreads butter on toast at the canteen.
tbbt_s03e02_d88927;88927;s03e02;dev;tbbt_s03e02.mp4;s03e02_seg02_clip_10;54.28;58.93;815.28;819.93;814.36;822.14;13:34.4;13:42.1;7.78;tvr;accepted;;yes;yes;;;Howard grabs the container and leaves the cafeteria with Sheldon and Raj following.
tbbt_s03e02_d63697;63697;s03e02;dev;tbbt_s03e02.mp4;s03e02_seg02_clip_11;9.57;11.02;832.57;834.02;832.67;836.05;13:52.7;13:56.0;3.38;tvr;accepted;;yes;no;;;Raj opens the door to the room full of insects.
tbbt_s03e02_d63699;63699;s03e02;dev;tbbt_s03e02.mp4;s03e02_seg02_clip_11;20.31;23.21;843.31;846.21;843.99;847.46;14:04.0;14:07.5;3.47;tvr;accepted;;yes;yes;;;Howard, in a red shirt, taps the back of Raj's neck and scares Raj.
tbbt_s03e02_d63695;63695;s03e02;dev;tbbt_s03e02.mp4;s03e02_seg02_clip_11;21.18;22.92;844.18;845.92;844.18;845.92;14:04.2;14:05.9;1.74;tvr;rejected;manual;no;no;;;Howard scares Raj but touching the back of his neck.
tbbt_s03e02_d63696;63696;s03e02;dev;tbbt_s03e02.mp4;s03e02_seg02_clip_11;22.92;24.08;845.92;847.08;845.96;847.98;14:06.0;14:08.0;2.02;tvr;accepted;;yes;yes;;;Raj screams, turns around and covers his mouth, in the room full of insects.
tbbt_s03e02_d63708;63708;s03e02;dev;tbbt_s03e02.mp4;s03e02_seg02_clip_12;25.12;29.15;906.12;910.15;906.12;910.15;15:06.1;15:10.1;4.03;tvr;rejected;manual;no;no;;;Proffesor Crawley sits a box on the table and starts putting stuff in it.
tbbt_s03e02_d63705;63705;s03e02;dev;tbbt_s03e02.mp4;s03e02_seg02_clip_12;25.74;28.53;906.74;909.53;906.74;909.53;15:06.7;15:09.5;2.79;tvr;rejected;manual;no;no;;;Prof Crawley walks over and starts putting stuff instide a white box.
tbbt_s03e02_d63706;63706;s03e02;dev;tbbt_s03e02.mp4;s03e02_seg02_clip_12;28.22;36.29;909.22;917.29;909.22;917.29;15:09.2;15:17.3;8.07;tvr;rejected;manual;no;no;;;Sheldon, Howard, and Raj follow Prof Crawley across the room
tbbt_s03e02_d63707;63707;s03e02;dev;tbbt_s03e02.mp4;s03e02_seg02_clip_12;56.14;62.03;937.14;943.03;937.14;943.03;15:37.1;15:43.0;5.89;tvr;rejected;manual;no;no;;;Raj walks over to an aquarium with a critter in it at Prof Crawleys.
tbbt_s03e02_d69007;69007;s03e02;dev;tbbt_s03e02.mp4;s03e02_seg02_clip_13;0.0;4.5;943.0;947.5;943.0;947.5;15:43.0;15:47.5;4.5;tvr;rejected;manual;no;no;;;Professor Crawley is packing his things when Sheldon says something to him and he stops.
tbbt_s03e02_d69006;69006;s03e02;dev;tbbt_s03e02.mp4;s03e02_seg02_clip_13;13.51;20.71;956.51;963.71;956.51;963.71;15:56.5;16:03.7;7.2;tvr;rejected;manual;no;no;;;Professor Crawley is talking and begins having a meltdown.
tbbt_s03e02_d69008;69008;s03e02;dev;tbbt_s03e02.mp4;s03e02_seg02_clip_13;27.91;30.61;970.91;973.61;970.91;973.61;16:10.9;16:13.6;2.7;tvr;rejected;manual;no;no;;;Professor Crawley takes a small container with a cricket from Howard.
tbbt_s03e02_d69005;69005;s03e02;dev;tbbt_s03e02.mp4;s03e02_seg02_clip_13;28.21;37.52;971.21;980.52;971.21;980.52;16:11.2;16:20.5;9.31;tvr;rejected;manual;no;no;;;Professor Crawley takes the jar from Howard and hands it back.
tbbt_s03e02_d69009;69009;s03e02;dev;tbbt_s03e02.mp4;s03e02_seg02_clip_13;37.22;38.12;980.22;981.12;980.61;982.54;16:20.6;16:22.5;1.93;tvr;accepted;;yes;no;;;Howard takes the cricket from Professor Crawley and Sheldon takes the container from Howard.
tbbt_s03e02_d88918;88918;s03e02;dev;tbbt_s03e02.mp4;s03e02_seg02_clip_14;2.0;14.83;1005.0;1017.83;1005.0;1017.83;16:45.0;16:57.8;12.83;tvr;rejected;manual;no;no;;;Prof Crawley explains what happened while he was in the Bornean rain forests.
tbbt_s03e02_d88915;88915;s03e02;dev;tbbt_s03e02.mp4;s03e02_seg02_clip_14;35.07;36.21;1038.07;1039.21;1038.07;1039.21;17:18.1;17:19.2;1.14;tvr;rejected;too_short;no;no;;;Sheldon hands a specimen container to Howard as he talks to him in a lab.
tbbt_s03e02_d88916;88916;s03e02;dev;tbbt_s03e02.mp4;s03e02_seg02_clip_14;40.49;42.77;1043.49;1045.77;1043.88;1047.08;17:23.9;17:27.1;3.2;tvr;accepted;;yes;no;;;Professor Crawley lays a plastic lid down on the table as he stares into a box.
tbbt_s03e02_d88917;88917;s03e02;dev;tbbt_s03e02.mp4;s03e02_seg02_clip_14;51.04;53.6;1054.04;1056.6;1054.04;1056.6;17:34.0;17:36.6;2.56;tvr;rejected;manual;no;no;;;Raj turns away from Professor Crawley and walks out of the lab.
tbbt_s03e02_d88919;88919;s03e02;dev;tbbt_s03e02.mp4;s03e02_seg02_clip_14;54.74;56.17;1057.74;1059.17;1057.74;1059.17;17:37.7;17:39.2;1.43;tvr;rejected;manual;no;no;;;Sheldon walks through the front door of the apartment complex.
tbbt_s03e02_d68975;68975;s03e02;dev;tbbt_s03e02.mp4;s03e02_seg02_clip_15;2.75;8.54;1062.75;1068.54;1063.38;1071.88;17:43.4;17:51.9;8.5;tvr;accepted;;yes;yes;;;Sheldon slowly walks toward the mailboxes with a comic in his hands, passing Penny in pink and purple shirt.
tbbt_s03e02_d68977;68977;s03e02;dev;tbbt_s03e02.mp4;s03e02_seg02_clip_15;14.65;54.31;1074.65;1114.31;1074.65;1114.31;17:54.6;18:34.3;39.66;tvr;rejected;too_long;no;no;;;Penny sorts through the mail in her hand.
tbbt_s03e02_d68976;68976;s03e02;dev;tbbt_s03e02.mp4;s03e02_seg02_clip_15;21.66;30.51;1081.66;1090.51;1081.66;1090.51;18:01.7;18:10.5;8.85;tvr;rejected;manual;no;no;;;Sheldon opens his mail box and takes out mail.
tbbt_s03e02_d79560;79560;s03e02;dev;tbbt_s03e02.mp4;s03e02_seg02_clip_16;24.11;26.24;1145.11;1147.24;1145.11;1147.24;19:05.1;19:07.2;2.13;tvr;rejected;manual;no;no;;;Sheldon walks away from Penny and toward the stairs.
tbbt_s03e02_d79561;79561;s03e02;dev;tbbt_s03e02.mp4;s03e02_seg02_clip_16;28.07;30.82;1149.07;1151.82;1149.07;1151.82;19:09.1;19:11.8;2.75;tvr;rejected;manual;no;no;;;Sheldon walks into the apartment and closes the door.
tbbt_s03e02_d79563;79563;s03e02;dev;tbbt_s03e02.mp4;s03e02_seg02_clip_16;28.07;31.73;1149.07;1152.73;1149.07;1152.73;19:09.1;19:12.7;3.66;tvr;rejected;manual;no;no;;;Sheldon enters the apartment and puts his keys in the bowl next to the door.
tbbt_s03e02_d79562;79562;s03e02;dev;tbbt_s03e02.mp4;s03e02_seg02_clip_16;38.14;43.94;1159.14;1164.94;1159.14;1164.94;19:19.1;19:24.9;5.8;tvr;rejected;manual;no;no;;;Sheldon sets down his mail and his satchel.
tbbt_s03e02_d79564;79564;s03e02;dev;tbbt_s03e02.mp4;s03e02_seg02_clip_16;39.06;43.33;1160.06;1164.33;1160.06;1164.33;19:20.1;19:24.3;4.27;tvr;rejected;manual;no;no;;;Sheldon places his bag on the chair in front of his desk.
tbbt_s03e02_d68988;68988;s03e02;dev;tbbt_s03e02.mp4;s03e02_seg02_clip_17;0.0;2.59;1182.0;1184.59;1182.54;1185.65;19:42.5;19:45.7;3.11;tvr;accepted;;yes;no;;;Sheldon is holding a comic of the Flash as he speaks to Leonard.
tbbt_s03e02_d68987;68987;s03e02;dev;tbbt_s03e02.mp4;s03e02_seg02_clip_17;15.55;25.91;1197.55;1207.91;1197.55;1207.91;19:57.5;20:07.9;10.36;tvr;rejected;manual;no;no;;;Sheldon thinks about something and decides just to go to his room with his comic book.
tbbt_s03e02_d68986;68986;s03e02;dev;tbbt_s03e02.mp4;s03e02_seg02_clip_17;30.35;34.05;1212.35;1216.05;1212.35;1216.05;20:12.3;20:16.0;3.7;tvr;rejected;manual;no;no;;;Penny opens the door and Leonard starts talking to her.
tbbt_s03e02_d68989;68989;s03e02;dev;tbbt_s03e02.mp4;s03e02_seg02_clip_17;58.85;66.62;1240.85;1248.62;1241.78;1251.04;20:41.8;20:51.0;9.26;tvr;accepted;;yes;yes;;;Leonard, in a green hoodie, and Penny hug each other and then they end up kissing each other.
tbbt_s03e02_d68985;68985;s03e02;dev;tbbt_s03e02.mp4;s03e02_seg02_clip_17;63.29;74.02;1245.29;1256.02;1245.29;1256.02;20:45.3;20:56.0;10.73;tvr;rejected;manual;no;no;;;Leonard kisses Penny and they go into her apartment and he shuts the door.
tbbt_s04e05_d89472;89472;s04e05;dev;tbbt_s04e05.mp4;s04e05_seg01_clip_00;4.58;12.51;4.22;12.15;4.22;12.15;0:04.2;0:12.1;7.93;tvr;rejected;manual;no;no;;;Leonard holds out his hand then leans his head on his fist.
tbbt_s04e05_d89470;89470;s04e05;dev;tbbt_s04e05.mp4;s04e05_seg01_clip_00;17.39;21.05;17.03;20.69;17.03;20.69;0:17.0;0:20.7;3.66;tvr;rejected;manual;no;no;;;Sheldon picks up the television remote and puts it back down.
tbbt_s04e05_d89471;89471;s04e05;dev;tbbt_s04e05.mp4;s04e05_seg01_clip_00;27.16;61.03;26.8;60.67;26.8;28.42;0:26.8;0:28.4;1.62;tvr;accepted;;yes;yes;;;Leonard, in a red shirt, while sitting on the couch, changes his position and crosses both legs.
tbbt_s04e05_d89473;89473;s04e05;dev;tbbt_s04e05.mp4;s04e05_seg01_clip_00;35.09;36.62;34.73;36.26;35.3;37.21;0:35.3;0:37.2;1.91;tvr;accepted;;yes;yes;;;Sheldon, in a green shirt, makes a set of air quotations with his fingers while sitting at the couch.
tbbt_s04e05_d89474;89474;s04e05;dev;tbbt_s04e05.mp4;s04e05_seg01_clip_00;37.53;40.89;37.17;40.53;37.17;40.53;0:37.2;0:40.5;3.36;tvr;rejected;manual;no;no;;;Leonard stretches out and picks up a bottle from a table.
tbbt_s04e05_d70060;70060;s04e05;dev;tbbt_s04e05.mp4;s04e05_seg01_clip_01;22.58;24.02;83.26;84.7;83.26;84.7;1:23.3;1:24.7;1.44;tvr;rejected;manual;no;no;;;Leonard while holding his drink sitting on a couch rubs his lips together.
tbbt_s04e05_d70061;70061;s04e05;dev;tbbt_s04e05.mp4;s04e05_seg01_clip_01;37.47;40.59;98.15;101.27;98.15;101.27;1:38.2;1:41.3;3.12;tvr;rejected;manual;no;no;;;Sheldon aims the remote at the TV, presses it and puts it down.
tbbt_s04e05_d70062;70062;s04e05;dev;tbbt_s04e05.mp4;s04e05_seg01_clip_01;41.8;48.04;102.48;108.72;103.57;106.91;1:43.6;1:46.9;3.34;tvr;accepted;;yes;yes;;;Sheldon, in a green shirt, turns toward Leonard and makes Hulk arms while sitting on the couch.
tbbt_s04e05_d21110;21110;s04e05;dev;tbbt_s04e05.mp4;s04e05_seg02_clip_00;4.58;9.46;133.83;138.71;133.83;138.71;2:13.8;2:18.7;4.88;tvr;accepted;;no;yes;;;Leonard, in purple hoodie, and Sheldon simultaneously lift their bags over their shoulders.
tbbt_s04e05_d21113;21113;s04e05;dev;tbbt_s04e05.mp4;s04e05_seg02_clip_00;4.58;44.55;133.83;173.8;133.83;173.8;2:13.8;2:53.8;39.97;tvr;rejected;too_long;no;no;;;Leonard and Sheldon simultaneously lift their bags over their shoulders, and they talk and walk out the door and down the stairs.
tbbt_s04e05_d21111;21111;s04e05;dev;tbbt_s04e05.mp4;s04e05_seg02_clip_00;26.55;29.6;155.8;158.85;155.8;158.85;2:35.8;2:38.8;3.05;tvr;rejected;manual;no;no;;;Leonard closes the door and locks it while Sheldon speaks to him.
tbbt_s04e05_d21112;21112;s04e05;dev;tbbt_s04e05.mp4;s04e05_seg02_clip_00;35.7;61.03;164.95;190.28;164.95;190.28;2:44.9;3:10.3;25.33;tvr;rejected;too_long;no;no;;;Leonard and Sheldon walk down the stairs while speaking to each other.
tbbt_s04e05_d21114;21114;s04e05;dev;tbbt_s04e05.mp4;s04e05_seg02_clip_00;46.69;61.03;175.94;190.28;175.94;190.28;2:55.9;3:10.3;14.34;tvr;rejected;manual;no;no;;;Leonard and Sheldon walk out of a stairway, past a broken elevator, and into another stairway.
tbbt_s04e05_d75516;75516;s04e05;dev;tbbt_s04e05.mp4;s04e05_seg02_clip_01;7.63;18.0;197.71;208.08;197.71;208.08;3:17.7;3:28.1;10.37;tvr;accepted;;no;yes;;;Sheldon, in a green shirt, and Leonard, in a red shirt, walk down a flight of stairs and stop in front of a bike in the hallway.
tbbt_s04e05_d75515;75515;s04e05;dev;tbbt_s04e05.mp4;s04e05_seg02_clip_01;38.14;43.02;228.22;233.1;228.22;233.46;3:48.2;3:53.5;5.24;tvr;accepted;;yes;yes;;;Howard, in a plaid orange shirt, takes his phone out of his pocket and puts it to his ear at the comic store.
tbbt_s04e05_d75517;75517;s04e05;dev;tbbt_s04e05.mp4;s04e05_seg02_clip_01;44.25;45.47;234.33;235.55;234.33;235.55;3:54.3;3:55.5;1.22;tvr;rejected;too_short;no;no;;;Howard walks away from the records while talking on the phone.
tbbt_s04e05_d13250;13250;s04e05;dev;tbbt_s04e05.mp4;s04e05_seg02_clip_02;8.26;9.15;258.97;259.86;258.97;259.86;4:19.0;4:19.9;0.89;tvr;rejected;too_short;no;no;;;Raj raises his right hand up and shakes his head while talking to Leonard.
tbbt_s04e05_d13251;13251;s04e05;dev;tbbt_s04e05.mp4;s04e05_seg02_clip_02;20.07;25.97;270.78;276.68;270.78;276.68;4:30.8;4:36.7;5.9;tvr;rejected;manual;no;no;;;Sheldon turns away from Raj and Leonard and walks across the comic book store.
tbbt_s04e05_d13252;13252;s04e05;dev;tbbt_s04e05.mp4;s04e05_seg02_clip_02;52.53;53.12;303.24;303.83;303.24;303.83;5:03.2;5:03.8;0.59;tvr;rejected;too_short;no;no;;;Stuart points his left hand towards Leonard as he talks to him.
tbbt_s04e05_d13245;13245;s04e05;dev;tbbt_s04e05.mp4;s04e05_seg02_clip_03;0.0;27.31;309.7;337.01;309.7;337.01;5:09.7;5:37.0;27.31;tvr;rejected;too_long;no;no;;;Raj and Leonard have a conversation over comic books.
tbbt_s04e05_d13249;13249;s04e05;dev;tbbt_s04e05.mp4;s04e05_seg02_clip_03;52.22;54.62;361.92;364.32;361.92;365.59;6:01.9;6:05.6;3.67;tvr;accepted;;yes;yes;;;Leonard is laying along the entire couch, then bends his knees freeing up one end of the couch where Sheldon sits down with a magazine in his hands.
tbbt_s04e05_d13246;13246;s04e05;dev;tbbt_s04e05.mp4;s04e05_seg02_clip_03;52.82;55.83;362.52;365.53;362.52;365.53;6:02.5;6:05.5;3.01;tvr;rejected;manual;no;no;;;Leonard moves his feet out of Sheldon's spot on the couch.
tbbt_s04e05_d13247;13247;s04e05;dev;tbbt_s04e05.mp4;s04e05_seg02_clip_03;54.32;55.83;364.02;365.53;364.02;365.53;6:04.0;6:05.5;1.51;tvr;accepted;;no;yes;;;Sheldon sits down on the couch with a comic book in his hands, next to lying on the sofa Leonard, in a red shirt.
tbbt_s04e05_d75628;75628;s04e05;dev;tbbt_s04e05.mp4;s04e05_seg02_clip_04;3.05;6.41;372.75;376.11;372.75;376.11;6:12.7;6:16.1;3.36;tvr;rejected;manual;no;no;;;Leonard approach to the table and grab his glasses and put them on.
tbbt_s04e05_d75625;75625;s04e05;dev;tbbt_s04e05.mp4;s04e05_seg02_clip_04;2.75;5.8;372.44;375.5;372.84;376.28;6:12.8;6:16.3;3.44;tvr;accepted;;yes;yes;;;Leonard, in a red shirt, reaches from the sofa for his glasses on the coffee table and puts them on.
tbbt_s04e05_d75626;75626;s04e05;dev;tbbt_s04e05.mp4;s04e05_seg02_clip_04;7.63;10.99;377.32;380.69;378.94;380.8;6:18.9;6:20.8;1.86;tvr;accepted;;yes;yes;;;Sheldon, in a green shirt, sets down his comic book on the arm of the sofa.
tbbt_s04e05_d75629;75629;s04e05;dev;tbbt_s04e05.mp4;s04e05_seg02_clip_04;35.7;49.74;405.39;419.44;405.39;419.44;6:45.4;6:59.4;14.05;tvr;rejected;manual;no;no;;;Sheldon get up grabs the laptop and put it on the coffee table.
tbbt_s04e05_d75627;75627;s04e05;dev;tbbt_s04e05.mp4;s04e05_seg02_clip_04;40.28;48.52;409.98;418.21;409.98;418.21;6:50.0;6:58.2;8.23;tvr;rejected;manual;no;no;;;Sheldon picks up the laptop and continues to talk to Amy as he walks back to the sofa.
tbbt_s04e05_d13255;13255;s04e05;dev;tbbt_s04e05.mp4;s04e05_seg02_clip_05;3.36;8.85;434.03;439.52;434.03;439.52;7:14.0;7:19.5;5.49;tvr;rejected;manual;no;no;;;Leonard gets up off the couch and exits the apartment.
tbbt_s04e05_d13256;13256;s04e05;dev;tbbt_s04e05.mp4;s04e05_seg02_clip_05;12.51;16.17;443.18;446.84;443.18;446.84;7:23.2;7:26.8;3.66;tvr;rejected;manual;no;no;;;Sheldon moves the laptop on the table to face him.
tbbt_s04e05_d13258;13258;s04e05;dev;tbbt_s04e05.mp4;s04e05_seg02_clip_05;28.07;33.57;458.74;464.24;458.74;464.24;7:38.7;7:44.2;5.5;tvr;accepted;;no;yes;;;Sheldon starts to close his laptop a bit before opening it again while sitting on the couch.
tbbt_s04e05_d13257;13257;s04e05;dev;tbbt_s04e05.mp4;s04e05_seg02_clip_05;43.33;57.67;474.0;488.34;474.0;489.0;7:54.0;8:09.0;15.0;tvr;accepted;;yes;yes;;;Sheldon, in a green shirt, darts up from the couch and rushes down three flights of stairs shouting for Leonard.
tbbt_s04e05_d13259;13259;s04e05;dev;tbbt_s04e05.mp4;s04e05_seg02_clip_05;46.69;57.98;477.36;488.65;477.36;488.65;7:57.4;8:08.6;11.29;tvr;rejected;manual;no;no;;;Sheldon runs frantically down the stairs of an apartment building.
tbbt_s04e05_d21569;21569;s04e05;dev;tbbt_s04e05.mp4;s04e05_seg02_clip_06;11.31;15.38;503.22;507.29;503.22;507.29;8:23.2;8:27.3;4.07;tvr;rejected;manual;no;no;;;Leonard starts going down the stairs and Sheldon jogs after him.
tbbt_s04e05_d21565;21565;s04e05;dev;tbbt_s04e05.mp4;s04e05_seg02_clip_06;13.64;15.67;505.55;507.58;505.55;507.58;8:25.5;8:27.6;2.03;tvr;rejected;manual;no;no;;;Sheldon runs to catch up to Leonard on the stairs.
tbbt_s04e05_d21566;21566;s04e05;dev;tbbt_s04e05.mp4;s04e05_seg02_clip_06;22.05;26.69;513.96;518.6;513.96;518.6;8:34.0;8:38.6;4.64;tvr;rejected;manual;no;no;;;Leonard and Sheldon walk down the last flight of stairs.
tbbt_s04e05_d21567;21567;s04e05;dev;tbbt_s04e05.mp4;s04e05_seg02_clip_06;42.65;52.22;534.56;544.13;533.81;544.86;8:53.8;9:04.9;11.05;tvr;accepted;;yes;yes;;;Leonard puts his hand on the doorknob and holds it while talking with Sheldon, in a green shirt.
tbbt_s04e05_d13275;13275;s04e05;dev;tbbt_s04e05.mp4;s04e05_seg02_clip_08;48.7;50.47;659.36;661.13;659.57;661.29;10:59.6;11:01.3;1.72;tvr;accepted;;yes;yes;;;Howard closes his front door behind him, at night, as he is talking to Leonard, in a blue shirt.
tbbt_s04e05_d13276;13276;s04e05;dev;tbbt_s04e05.mp4;s04e05_seg02_clip_08;54.3;56.96;664.96;667.62;664.96;667.62;11:05.0;11:07.6;2.66;tvr;rejected;manual;no;no;;;Leonard comes walking out into the living room in a suit.
tbbt_s04e05_d13277;13277;s04e05;dev;tbbt_s04e05.mp4;s04e05_seg02_clip_08;56.07;59.03;666.73;669.69;666.73;669.69;11:06.7;11:09.7;2.96;tvr;rejected;manual;no;no;;;Sheldon turns from his computer desk at home to check out what Leonard is wearing.
tbbt_s04e05_d13270;13270;s04e05;dev;tbbt_s04e05.mp4;s04e05_seg02_clip_09;0.0;3.47;669.54;673.01;669.54;673.01;11:09.5;11:13.0;3.47;tvr;rejected;manual;no;no;;;Sheldon is sitting at his desk as he speaks to Leonard.
tbbt_s04e05_d13273;13273;s04e05;dev;tbbt_s04e05.mp4;s04e05_seg02_clip_09;7.25;12.29;676.79;681.83;676.79;681.83;11:16.8;11:21.8;5.04;tvr;rejected;manual;no;no;;;Leonard turns around and opens the fridge and looks inside as Sheldon speaks.
tbbt_s04e05_d13271;13271;s04e05;dev;tbbt_s04e05.mp4;s04e05_seg02_clip_09;8.51;11.66;678.05;681.2;678.05;681.2;11:18.1;11:21.2;3.15;tvr;rejected;manual;no;no;;;Leonard goes to the fridge and opens it.
tbbt_s04e05_d13272;13272;s04e05;dev;tbbt_s04e05.mp4;s04e05_seg02_clip_09;39.71;44.12;709.25;713.66;709.55;714.16;11:49.5;11:54.2;4.61;tvr;accepted;;yes;no;;;Sheldon takes number 2 sign off of his desk and shows it to Leonard.
tbbt_s04e05_d55105;55105;s04e05;dev;tbbt_s04e05.mp4;s04e05_seg02_clip_10;10.73;13.35;743.58;746.2;743.58;746.2;12:23.6;12:26.2;2.62;tvr;rejected;manual;no;no;;;Sheldon gets up from his chair and goes to Leonard.
tbbt_s04e05_d55108;55108;s04e05;dev;tbbt_s04e05.mp4;s04e05_seg02_clip_10;10.73;13.93;743.58;746.78;743.58;746.78;12:23.6;12:26.8;3.2;tvr;rejected;manual;no;no;;;Sheldon stands up and walks over to Leonard.
tbbt_s04e05_d55106;55106;s04e05;dev;tbbt_s04e05.mp4;s04e05_seg02_clip_10;30.17;35.11;763.02;767.96;763.24;768.18;12:43.2;12:48.2;4.94;tvr;accepted;;no;yes;;;Sheldon, in an orange shirt, leaves Leonard's side to hide close to the wall in the hallway.
tbbt_s04e05_d55107;55107;s04e05;dev;tbbt_s04e05.mp4;s04e05_seg02_clip_10;55.12;58.03;787.97;790.88;787.97;790.88;13:08.0;13:10.9;2.91;tvr;rejected;manual;no;no;;;Leonard is sitting across from Howard and Bernadette in a restaurant.
tbbt_s04e05_d66685;66685;s04e05;dev;tbbt_s04e05.mp4;s04e05_seg02_clip_11;1.53;11.29;792.32;802.08;792.32;802.08;13:12.3;13:22.1;9.76;tvr;rejected;manual;no;no;;;Bernadette rests her her hand on the table in front of her as she sits at the table talking.
tbbt_s04e05_d66686;66686;s04e05;dev;tbbt_s04e05.mp4;s04e05_seg02_clip_11;27.77;31.12;818.56;821.91;818.83;822.55;13:38.8;13:42.5;3.72;tvr;accepted;;yes;yes;;;A woman in a blue top, uses a cloth napkin to dab each of her armpits at the restaurant.
tbbt_s04e05_d66689;66689;s04e05;dev;tbbt_s04e05.mp4;s04e05_seg02_clip_11;35.7;39.97;826.49;830.76;825.42;830.85;13:45.4;13:50.9;5.43;tvr;accepted;;yes;yes;;;A woman in a blue top, shakes Leonard's hand and leans to him closer as she sits beside him at the restaurant table.
tbbt_s04e05_d66687;66687;s04e05;dev;tbbt_s04e05.mp4;s04e05_seg02_clip_11;39.67;41.19;830.46;831.98;830.84;832.26;13:50.8;13:52.3;1.42;tvr;accepted;;yes;yes;;;A woman in a blue top,  slaps Leonard on the front of his shoulder as she laughs at the restaurant.
tbbt_s04e05_d66656;66656;s04e05;dev;tbbt_s04e05.mp4;s04e05_seg02_clip_12;0.0;4.5;851.5;856.0;853.08;856.79;14:13.1;14:16.8;3.71;tvr;accepted;;yes;yes;;;Leonard says something and a woman in a blue top, pretends to hit him and laughs hysterically, at the restaurant.
tbbt_s04e05_d66657;66657;s04e05;dev;tbbt_s04e05.mp4;s04e05_seg02_clip_12;5.4;7.8;856.9;859.3;856.9;859.3;14:16.9;14:19.3;2.4;tvr;rejected;manual;no;no;;;Bernadette leans over to say something to Leonard and makes Joy laugh.
tbbt_s04e05_d66658;66658;s04e05;dev;tbbt_s04e05.mp4;s04e05_seg02_clip_12;9.3;14.11;860.8;865.62;860.8;865.62;14:20.8;14:25.6;4.82;tvr;rejected;manual;no;no;;;Dr. Cooper locks his door and pauses before starting to walk down the stairs.
tbbt_s04e05_d66655;66655;s04e05;dev;tbbt_s04e05.mp4;s04e05_seg02_clip_12;10.2;12.61;861.71;864.12;861.71;864.12;14:21.7;14:24.1;2.41;tvr;rejected;manual;no;no;;;Sheldon locks the front door and then stops at the top of the stairwell.
tbbt_s04e05_d87695;87695;s04e05;dev;tbbt_s04e05.mp4;s04e05_seg02_clip_13;4.13;15.64;915.72;927.23;916.11;927.68;15:16.1;15:27.7;11.57;tvr;accepted;;yes;yes;;;Sheldon, in an orange shirt, walks down the apartment stairs and jumps off the last step.
tbbt_s04e05_d87697;87697;s04e05;dev;tbbt_s04e05.mp4;s04e05_seg02_clip_13;18.3;20.95;929.89;932.54;930.18;931.83;15:30.2;15:31.8;1.65;tvr;accepted;;yes;yes;;;A shot of Amy, in a purple jacket, standing outside the glass doors of Sheldon's apartment building.
tbbt_s04e05_d87696;87696;s04e05;dev;tbbt_s04e05.mp4;s04e05_seg02_clip_13;25.09;28.92;936.68;940.51;936.68;940.51;15:36.7;15:40.5;3.83;tvr;rejected;manual;no;no;;;Sheldon sprints from the lobby back up the apartment stairs.
tbbt_s04e05_d87698;87698;s04e05;dev;tbbt_s04e05.mp4;s04e05_seg02_clip_13;25.97;27.74;937.56;939.33;937.56;939.33;15:37.6;15:39.3;1.77;tvr;rejected;manual;no;no;;;Sheldon dashes up a flight of steps to avoid being seen by Amy.
tbbt_s04e05_d87699;87699;s04e05;dev;tbbt_s04e05.mp4;s04e05_seg02_clip_13;49.29;51.65;960.88;963.24;960.88;963.24;16:00.9;16:03.2;2.36;tvr;rejected;manual;no;no;;;A woman wipes the sides of her mouth with a napkin.
tbbt_s04e05_d55090;55090;s04e05;dev;tbbt_s04e05.mp4;s04e05_seg02_clip_14;1.2;2.1;971.84;972.74;971.96;973.24;16:12.0;16:13.2;1.28;tvr;accepted;;yes;yes;;;A woman in a blue top, turns and points behind her as she is leaving the restaurant dining room.
tbbt_s04e05_d55093;55093;s04e05;dev;tbbt_s04e05.mp4;s04e05_seg02_clip_14;21.01;27.91;991.65;998.55;993.75;998.59;16:33.8;16:38.6;4.84;tvr;accepted;;yes;yes;;;Someone in a red puffer jacket and a red hat, walks slowly down the stairs and Amy stares at him.
tbbt_s04e05_d55094;55094;s04e05;dev;tbbt_s04e05.mp4;s04e05_seg02_clip_14;29.71;35.42;1000.35;1006.06;1000.35;1006.06;16:40.3;16:46.1;5.71;tvr;rejected;manual;no;no;;;Amy takes on her bag and walk slowly to Sheldon.
tbbt_s04e05_d55091;55091;s04e05;dev;tbbt_s04e05.mp4;s04e05_seg02_clip_14;31.81;33.01;1002.45;1003.65;1003.12;1004.81;16:43.1;16:44.8;1.69;tvr;accepted;;yes;yes;;;Amy, in a purple jacket, puts her laptop bag over her shoulder and stands up from the steps.
tbbt_s04e05_d55092;55092;s04e05;dev;tbbt_s04e05.mp4;s04e05_seg02_clip_14;35.42;36.92;1006.06;1007.56;1006.73;1008.79;16:46.7;16:48.8;2.06;tvr;accepted;;yes;yes;;;Sheldon, in a red puffer jacket and a red hat, takes off a pair of funny novelty glasses while talking to Amy.
tbbt_s04e05_d66635;66635;s04e05;dev;tbbt_s04e05.mp4;s04e05_seg02_clip_15;0.0;29.41;1030.63;1060.04;1030.63;1060.04;17:10.6;17:40.0;29.41;tvr;rejected;too_long;no;no;;;Sheldon and Amy are having a conversation in front of doors.
tbbt_s04e05_d66636;66636;s04e05;dev;tbbt_s04e05.mp4;s04e05_seg02_clip_15;30.91;36.02;1061.54;1066.65;1061.54;1066.65;17:41.5;17:46.7;5.11;tvr;rejected;manual;no;no;;;Sheldon opens a door and he and Amy walk through it.
tbbt_s04e05_d66637;66637;s04e05;dev;tbbt_s04e05.mp4;s04e05_seg02_clip_15;49.52;51.62;1080.15;1082.25;1080.15;1082.25;18:00.2;18:02.3;2.1;tvr;rejected;manual;no;no;;;Howard folds his hands together while talking to Leonard.
tbbt_s04e05_d55080;55080;s04e05;dev;tbbt_s04e05.mp4;s04e05_seg02_clip_16;16.17;20.75;1106.73;1111.31;1106.73;1111.31;18:26.7;18:31.3;4.58;tvr;rejected;manual;no;no;;;Joy walks over and sits down at the table in the restaurant next to Leonard.
tbbt_s04e05_d55083;55083;s04e05;dev;tbbt_s04e05.mp4;s04e05_seg02_clip_16;18.0;21.97;1108.56;1112.53;1109.23;1113.7;18:29.2;18:33.7;4.47;tvr;accepted;;yes;yes;;;A woman in a blue top, and Bernadette sit down at the table with Leonard and Howard.
tbbt_s04e05_d55081;55081;s04e05;dev;tbbt_s04e05.mp4;s04e05_seg02_clip_16;32.04;38.45;1122.6;1129.01;1123.27;1130.21;18:43.3;18:50.2;6.94;tvr;accepted;;yes;yes;;;A woman in a blue top, picks up a glass of white wine, winks at Leonard and takes a drink.
tbbt_s04e05_d55082;55082;s04e05;dev;tbbt_s04e05.mp4;s04e05_seg02_clip_16;47.91;61.03;1138.47;1151.59;1138.47;1151.59;18:58.5;19:11.6;13.12;tvr;rejected;manual;no;no;;;Sheldon and Amy sit next to each other on the couch and talk to Amy's mother through a video chat on a laptop.
tbbt_s04e05_d55084;55084;s04e05;dev;tbbt_s04e05.mp4;s04e05_seg02_clip_16;48.21;61.03;1138.77;1151.59;1139.44;1145.51;18:59.4;19:05.5;6.07;tvr;accepted;;yes;yes;;;Sheldon, in a purple shirt, is speaking to Amy's mother through Skype on his laptop while she turns her head at him, smiling.
tbbt_s04e05_d55085;55085;s04e05;dev;tbbt_s04e05.mp4;s04e05_seg02_clip_17;0.0;30.69;1152.25;1182.94;1171.29;1177.11;19:31.3;19:37.1;5.82;tvr;accepted;;yes;yes;;;Amy and Sheldon, in a purple shirt, sit on the couch video chatting with Mrs. Fowler, who waves slowly with a shocked expression.
tbbt_s04e05_d55087;55087;s04e05;dev;tbbt_s04e05.mp4;s04e05_seg02_clip_17;19.51;20.55;1171.76;1172.8;1171.76;1172.8;19:31.8;19:32.8;1.04;tvr;rejected;too_short;no;no;;;On the laptop screen Mrs Fowler raises up her hand and waves bye.
tbbt_s04e05_d55086;55086;s04e05;dev;tbbt_s04e05.mp4;s04e05_seg02_clip_17;30.95;31.99;1183.2;1184.24;1182.32;1185.33;19:42.3;19:45.3;3.01;tvr;accepted;;yes;yes;;;Sheldon, in a purple shirt, closes a red laptop that's sitting on Amy's lap, while sitting on a couch.
tbbt_s05e20_d66983;66983;s05e20;dev;tbbt_s05e20.mp4;s05e20_seg01_clip_00;3.41;31.63;3.41;31.63;3.41;31.63;0:03.4;0:31.6;28.22;tvr;rejected;too_long;no;no;;;Penny was eating her plate of food whilst sitting on the couch.
tbbt_s05e20_d66980;66980;s05e20;dev;tbbt_s05e20.mp4;s05e20_seg01_clip_00;4.03;7.44;4.03;7.44;4.03;7.44;0:04.0;0:07.4;3.41;tvr;rejected;manual;no;no;;;Leonard takes out a food container out of a bag and places it on the coffee table.
tbbt_s05e20_d66981;66981;s05e20;dev;tbbt_s05e20.mp4;s05e20_seg01_clip_00;13.96;19.23;13.96;19.23;13.96;19.23;0:14.0;0:19.2;5.27;tvr;rejected;manual;no;no;;;Penny takes a bite of her food as she speaks to Sheldon.
tbbt_s05e20_d66982;66982;s05e20;dev;tbbt_s05e20.mp4;s05e20_seg01_clip_00;30.39;36.29;30.39;36.29;30.39;36.29;0:30.4;0:36.3;5.9;tvr;rejected;manual;no;no;;;Howard uncovers his food container and grabs a fork.
tbbt_s05e20_d66985;66985;s05e20;dev;tbbt_s05e20.mp4;s05e20_seg01_clip_01;0.59;4.68;62.59;66.68;62.59;66.68;1:02.6;1:06.7;4.09;tvr;rejected;manual;no;no;;;Howard moves his fork up and down like he is eating but doesn't.
tbbt_s05e20_d66986;66986;s05e20;dev;tbbt_s05e20.mp4;s05e20_seg01_clip_01;9.17;11.9;71.17;73.9;71.17;73.9;1:11.2;1:13.9;2.73;tvr;rejected;manual;no;no;;;Raj moves his fork up and down when talking.
tbbt_s05e20_d66987;66987;s05e20;dev;tbbt_s05e20.mp4;s05e20_seg01_clip_01;15.02;16.59;77.02;78.59;77.02;78.59;1:17.0;1:18.6;1.57;tvr;rejected;manual;no;no;;;All the guys head lifts up from something Raj says.
tbbt_s05e20_d28106;28106;s05e20;dev;tbbt_s05e20.mp4;s05e20_seg02_clip_00;5.27;7.13;130.27;132.13;130.42;132.25;2:10.4;2:12.2;1.83;tvr;accepted;;yes;yes;;;Raj, in an orange sweater, types something on his keyboard and then puts his hands in his lap.
tbbt_s05e20_d28108;28108;s05e20;dev;tbbt_s05e20.mp4;s05e20_seg02_clip_00;6.2;62.03;131.2;187.03;131.2;187.03;2:11.2;3:07.0;55.83;tvr;rejected;too_long;no;no;;;Raj is sitting in his apartment conversing with his parents on skype.
tbbt_s05e20_d28107;28107;s05e20;dev;tbbt_s05e20.mp4;s05e20_seg02_clip_00;23.26;25.74;148.26;150.74;148.26;150.74;2:28.3;2:30.7;2.48;tvr;rejected;manual;no;no;;;Dr. Koothrappali looks at and says something to Mrs. Koothrappali and they both suddenly look at Raj with serious faces, at the same time.
tbbt_s05e20_d28105;28105;s05e20;dev;tbbt_s05e20.mp4;s05e20_seg02_clip_00;58.31;62.03;183.31;187.03;183.31;187.03;3:03.3;3:07.0;3.72;tvr;rejected;manual;no;no;;;Mrs. Koothrappali cocks her head slightly to one side and raises her eyebrows saying something to Raj.
tbbt_s05e20_d28100;28100;s05e20;dev;tbbt_s05e20.mp4;s05e20_seg02_clip_01;0.89;18.89;187.89;205.89;187.89;205.89;3:07.9;3:25.9;18.0;tvr;rejected;too_long;no;no;;;Dr Koothrappali talks to his parents on video.
tbbt_s05e20_d28103;28103;s05e20;dev;tbbt_s05e20.mp4;s05e20_seg02_clip_01;36.89;42.5;223.89;229.5;223.89;229.5;3:43.9;3:49.5;5.61;tvr;rejected;manual;no;no;;;Penny opens the door to an apartment and then closes it.
tbbt_s05e20_d28101;28101;s05e20;dev;tbbt_s05e20.mp4;s05e20_seg02_clip_01;37.48;42.5;224.48;229.5;224.48;229.5;3:44.5;3:49.5;5.02;tvr;rejected;manual;no;no;;;Penny walks into Sheldon and Leonard's apartment.
tbbt_s05e20_d28102;28102;s05e20;dev;tbbt_s05e20.mp4;s05e20_seg02_clip_01;50.76;54.6;237.76;241.6;237.88;243.59;3:57.9;4:03.6;5.71;tvr;accepted;;yes;yes;;;Penny, in a blue shirt, and Leonard make awkward glances in Sheldon's direction.
tbbt_s05e20_d28115;28115;s05e20;dev;tbbt_s05e20.mp4;s05e20_seg02_clip_02;11.04;14.84;257.04;260.84;257.16;260.96;4:17.2;4:21.0;3.8;tvr;accepted;;no;yes;;;Penny, in a blue shirt, carries the paper bag over to the coffee table and sits it down.
tbbt_s05e20_d28116;28116;s05e20;dev;tbbt_s05e20.mp4;s05e20_seg02_clip_02;28.3;31.75;274.3;277.75;274.42;277.87;4:34.4;4:37.9;3.45;tvr;accepted;;no;yes;;;Leonard gets up out of his chair and walks over to Sheldon to look at the purple transporter box that he holds.
tbbt_s05e20_d28117;28117;s05e20;dev;tbbt_s05e20.mp4;s05e20_seg02_clip_02;52.46;58.67;298.46;304.67;298.46;304.67;4:58.5;5:04.7;6.21;tvr;rejected;manual;no;no;;;Sheldon Takes his gift and walks to the desk to put it away.
tbbt_s05e20_d28112;28112;s05e20;dev;tbbt_s05e20.mp4;s05e20_seg02_clip_03;8.91;11.35;323.91;326.35;324.03;326.47;5:24.0;5:26.5;2.44;tvr;accepted;;no;yes;;;Leonard throws a toy when Penny hands him a purple transporter box.
tbbt_s05e20_d28110;28110;s05e20;dev;tbbt_s05e20.mp4;s05e20_seg02_clip_03;46.19;49.16;361.19;364.16;361.19;364.16;6:01.2;6:04.2;2.97;tvr;rejected;manual;no;no;;;Raj takes a drink of wine as Bernadette talks to him.
tbbt_s05e20_d28111;28111;s05e20;dev;tbbt_s05e20.mp4;s05e20_seg02_clip_03;47.81;49.7;362.81;364.7;363.18;365.07;6:03.2;6:05.1;1.89;tvr;accepted;;no;yes;;;Howard, in a black blazer, places a red napkin on his lap while Bernadette talks to Raj.
tbbt_s05e20_d28125;28125;s05e20;dev;tbbt_s05e20.mp4;s05e20_seg02_clip_04;4.93;6.96;373.93;375.96;373.93;375.96;6:13.9;6:16.0;2.03;tvr;rejected;manual;no;no;;;Howard is holding a menu while sitting at a restaurant table.
tbbt_s05e20_d28126;28126;s05e20;dev;tbbt_s05e20.mp4;s05e20_seg02_clip_04;33.65;36.27;402.65;405.27;402.65;405.27;6:42.6;6:45.3;2.62;tvr;rejected;manual;no;no;;;Bernadette puts down her wine glass onto the table.
tbbt_s05e20_d28127;28127;s05e20;dev;tbbt_s05e20.mp4;s05e20_seg02_clip_04;44.1;46.13;413.1;415.13;413.1;415.13;6:53.1;6:55.1;2.03;tvr;rejected;manual;no;no;;;Raj takes a drink out of his wine glass.
tbbt_s05e20_d28120;28120;s05e20;dev;tbbt_s05e20.mp4;s05e20_seg02_clip_05;4.5;6.0;431.5;433.0;431.87;433.37;7:11.9;7:13.4;1.5;tvr;accepted;;no;yes;;;Raj, in and mustard blazer, leans over to speak to Bernadette's ear in private at a restaurant.
tbbt_s05e20_d28121;28121;s05e20;dev;tbbt_s05e20.mp4;s05e20_seg02_clip_05;12.61;21.61;439.61;448.61;439.61;448.61;7:19.6;7:28.6;9.0;tvr;rejected;manual;no;no;;;Sheldon looks around the room while sitting at his laptop.
tbbt_s05e20_d28122;28122;s05e20;dev;tbbt_s05e20.mp4;s05e20_seg02_clip_05;57.63;60.03;484.63;487.03;483.61;487.4;8:03.6;8:07.4;3.79;tvr;accepted;;yes;yes;;;Spock figurine sets on table next to purple transporter box.
tbbt_s05e20_d28135;28135;s05e20;dev;tbbt_s05e20.mp4;s05e20_seg02_clip_06;34.22;36.62;521.22;523.62;521.59;523.99;8:41.6;8:44.0;2.4;tvr;accepted;;no;yes;;;Sheldon sets a purple box down on the desk next to a Spock figurine.
tbbt_s05e20_d28136;28136;s05e20;dev;tbbt_s05e20.mp4;s05e20_seg02_clip_06;39.62;42.92;526.62;529.92;526.54;530.29;8:46.5;8:50.3;3.75;tvr;accepted;;yes;yes;;;Sheldon, in a plaid pajamas, opens his eyes and jumps up out of bed at night.
tbbt_s05e20_d28139;28139;s05e20;dev;tbbt_s05e20.mp4;s05e20_seg02_clip_06;40.82;60.03;527.82;547.03;527.82;547.03;8:47.8;9:07.0;19.21;tvr;rejected;too_long;no;no;;;Sheldon got out of bed and opened the box with the toy in it.
tbbt_s05e20_d28137;28137;s05e20;dev;tbbt_s05e20.mp4;s05e20_seg02_clip_06;57.03;60.03;544.03;547.03;544.4;547.4;9:04.4;9:07.4;3.0;tvr;accepted;;no;yes;;;Sheldon, in a plaid pajamas, opens the lid on a purple box and looks inside.
tbbt_s05e20_d28130;28130;s05e20;dev;tbbt_s05e20.mp4;s05e20_seg02_clip_07;0.0;5.31;547.0;552.31;547.37;550.25;9:07.4;9:10.2;2.88;tvr;accepted;;yes;yes;;;Sheldon, in a plaid pajamas, smells a figurine box as he opens it.
tbbt_s05e20_d28133;28133;s05e20;dev;tbbt_s05e20.mp4;s05e20_seg02_clip_07;3.84;7.38;550.84;554.38;550.84;554.38;9:10.8;9:14.4;3.54;tvr;rejected;manual;no;no;;;Sheldon pulls a Star Wars toy out of a box it sets it down.
tbbt_s05e20_d28131;28131;s05e20;dev;tbbt_s05e20.mp4;s05e20_seg02_clip_07;11.21;19.18;558.21;566.18;558.58;567.81;9:18.6;9:27.8;9.23;tvr;accepted;;yes;yes;;;Sheldon, in a plaid pajamas, is playing with a toy and a Spock figurine.
tbbt_s05e20_d28134;28134;s05e20;dev;tbbt_s05e20.mp4;s05e20_seg02_clip_07;56.66;59.03;603.66;606.03;603.66;606.03;10:03.7;10:06.0;2.37;tvr;rejected;manual;no;no;;;Raj starts putting on a pair of blue oven mits.
tbbt_s05e20_d28132;28132;s05e20;dev;tbbt_s05e20.mp4;s05e20_seg02_clip_07;57.26;59.03;604.26;606.03;604.26;606.03;10:04.3;10:06.0;1.77;tvr;rejected;manual;no;no;;;Raj is standing in his kitchen with oven mitts.
tbbt_s05e20_d28148;28148;s05e20;dev;tbbt_s05e20.mp4;s05e20_seg02_clip_08;2.14;6.41;608.14;612.41;607.51;611.08;10:07.5;10:11.1;3.57;tvr;accepted;;yes;yes;;;Raj, in a red shirt, bends down to retrieve a pan out of the oven.
tbbt_s05e20_d28145;28145;s05e20;dev;tbbt_s05e20.mp4;s05e20_seg02_clip_08;2.44;5.8;608.44;611.8;608.44;611.8;10:08.4;10:11.8;3.36;tvr;rejected;manual;no;no;;;Raj opens up the oven and pulls out food using an oven mitt.
tbbt_s05e20_d28146;28146;s05e20;dev;tbbt_s05e20.mp4;s05e20_seg02_clip_08;5.8;10.07;611.8;616.07;612.28;616.55;10:12.3;10:16.5;4.27;tvr;accepted;;no;yes;;;Raj, wearing a blue oven mitts, takes the food over to the dining table and gives some to Lakshmi.
tbbt_s05e20_d28147;28147;s05e20;dev;tbbt_s05e20.mp4;s05e20_seg02_clip_08;21.05;23.8;627.05;629.8;626.94;629.78;10:26.9;10:29.8;2.84;tvr;accepted;;yes;yes;;;Raj takes off his blue oven mitts and walks back to the dining table to sit down with Lakshmi.
tbbt_s05e20_d28140;28140;s05e20;dev;tbbt_s05e20.mp4;s05e20_seg02_clip_09;0.0;7.44;667.0;674.44;667.0;674.44;11:07.0;11:14.4;7.44;tvr;rejected;manual;no;no;;;Raj is across from Lakshmi at a dinner table.
tbbt_s05e20_d28143;28143;s05e20;dev;tbbt_s05e20.mp4;s05e20_seg02_clip_09;0.0;22.95;667.0;689.95;667.0;689.95;11:07.0;11:29.9;22.95;tvr;rejected;too_long;no;no;;;Raj was having dinner with an Indian woman in a purple dress.
tbbt_s05e20_d28141;28141;s05e20;dev;tbbt_s05e20.mp4;s05e20_seg02_clip_09;27.91;31.94;694.91;698.94;694.91;698.94;11:34.9;11:38.9;4.03;tvr;rejected;manual;no;no;;;Lakshmi is making hand gestures as she speaks to Raj.
tbbt_s05e20_d28142;28142;s05e20;dev;tbbt_s05e20.mp4;s05e20_seg02_clip_09;59.24;62.03;726.24;729.03;726.24;729.03;12:06.2;12:09.0;2.79;tvr;rejected;manual;no;no;;;Lakshmi grabs her fork and starts to eat from her plate.
tbbt_s05e20_d69450;69450;s05e20;dev;tbbt_s05e20.mp4;s05e20_seg02_clip_10;0.0;3.48;729.0;732.48;729.41;732.96;12:09.4;12:13.0;3.55;tvr;accepted;;yes;yes;;;Raj, in a red shirt, making stop gesture to stop Lakshmi from putting her food into her mouth.
tbbt_s05e20_d69451;69451;s05e20;dev;tbbt_s05e20.mp4;s05e20_seg02_clip_10;5.8;9.57;734.8;738.57;734.8;738.57;12:14.8;12:18.6;3.77;tvr;rejected;manual;no;no;;;Raj gets up from the dining table and goes into the kitchen.
tbbt_s05e20_d69453;69453;s05e20;dev;tbbt_s05e20.mp4;s05e20_seg02_clip_10;28.43;32.78;757.43;761.78;757.91;762.01;12:37.9;12:42.0;4.1;tvr;accepted;;yes;yes;;;Sheldon, in a space full of rocks, pulls off the covers and gets out of bed.
tbbt_s05e20_d69452;69452;s05e20;dev;tbbt_s05e20.mp4;s05e20_seg02_clip_10;31.04;34.52;760.04;763.52;760.04;763.52;12:40.0;12:43.5;3.48;tvr;rejected;manual;no;no;;;Sheldon gets out of his bed to speak to a toy figurine of Spock.
tbbt_s05e20_d65660;65660;s05e20;dev;tbbt_s05e20.mp4;s05e20_seg02_clip_11;47.45;53.97;834.45;840.97;834.93;841.45;13:54.9;14:01.5;6.52;tvr;accepted;;no;yes;;;Sheldon, in a space full of rocks, stand up and takes the toy to trow it away.
tbbt_s05e20_d65663;65663;s05e20;dev;tbbt_s05e20.mp4;s05e20_seg02_clip_11;50.24;55.21;837.24;842.21;837.24;842.21;13:57.2;14:02.2;4.97;tvr;rejected;manual;no;no;;;Sheldon grabs the action figure and throws it across the room.
tbbt_s05e20_d65662;65662;s05e20;dev;tbbt_s05e20.mp4;s05e20_seg02_clip_11;56.45;60.17;843.45;847.17;843.93;847.65;14:03.9;14:07.6;3.72;tvr;accepted;;no;yes;;;Sheldon is sitting at the rock and look back when a monster came.
tbbt_s05e20_d65664;65664;s05e20;dev;tbbt_s05e20.mp4;s05e20_seg02_clip_11;58.0;61.41;845.0;848.41;845.0;848.41;14:05.0;14:08.4;3.41;tvr;rejected;manual;no;no;;;A monster walks up behind Sheldon and he screams and runs away.
tbbt_s05e20_d65661;65661;s05e20;dev;tbbt_s05e20.mp4;s05e20_seg02_clip_11;58.31;61.72;845.31;848.72;845.31;848.72;14:05.3;14:08.7;3.41;tvr;rejected;manual;no;no;;;A moster comes and Sheldon gets scared and runs away from it.
tbbt_s05e20_d69443;69443;s05e20;dev;tbbt_s05e20.mp4;s05e20_seg02_clip_12;5.31;7.38;854.31;856.38;854.79;856.86;14:14.8;14:16.9;2.07;tvr;accepted;;no;yes;;;Howard applies some solder to a project he is working on at the lab.
tbbt_s05e20_d69442;69442;s05e20;dev;tbbt_s05e20.mp4;s05e20_seg02_clip_12;9.74;11.81;858.74;860.81;858.74;860.81;14:18.7;14:20.8;2.07;tvr;rejected;manual;no;no;;;Raj enters the room to talk to Howard in his lab.
tbbt_s05e20_d69440;69440;s05e20;dev;tbbt_s05e20.mp4;s05e20_seg02_clip_12;0.0;59.026;849.0;908.02;860.78;865.88;14:20.8;14:25.9;5.1;tvr;accepted;;yes;yes;;;Howard places his retainer inside of his mouth and looks at Raj, at the lab.
tbbt_s05e20_d69441;69441;s05e20;dev;tbbt_s05e20.mp4;s05e20_seg02_clip_12;23.02;26.56;872.02;875.56;872.02;875.56;14:32.0;14:35.6;3.54;tvr;rejected;manual;no;no;;;Howard returns to his desk from washing his hands.
tbbt_s05e20_d69449;69449;s05e20;dev;tbbt_s05e20.mp4;s05e20_seg02_clip_13;11.1;13.51;919.1;921.51;919.58;921.99;15:19.6;15:22.0;2.41;tvr;accepted;;no;yes;;;Howard ravels up some electrical wiring connected to soldering iron, at his lab, while talking.
tbbt_s05e20_d69445;69445;s05e20;dev;tbbt_s05e20.mp4;s05e20_seg02_clip_13;17.71;23.41;925.71;931.41;926.19;931.89;15:26.2;15:31.9;5.7;tvr;accepted;;no;yes;;;Howard moves some equipment from one side of the room to the shelves, at the lab.
tbbt_s05e20_d69448;69448;s05e20;dev;tbbt_s05e20.mp4;s05e20_seg02_clip_13;29.11;31.81;937.11;939.81;937.11;939.81;15:37.1;15:39.8;2.7;tvr;rejected;manual;no;no;;;Raj quickly and repeatedly taps both hands on his belly to indicate gaining weight.
tbbt_s05e20_d69447;69447;s05e20;dev;tbbt_s05e20.mp4;s05e20_seg02_clip_13;33.62;37.52;941.62;945.52;942.1;945.38;15:42.1;15:45.4;3.28;tvr;accepted;;yes;yes;;;Howard puts equipment down on the table behind him, at the lab.
tbbt_s05e20_d69446;69446;s05e20;dev;tbbt_s05e20.mp4;s05e20_seg02_clip_13;55.52;60.03;963.52;968.03;963.52;968.03;16:03.5;16:08.0;4.51;tvr;rejected;manual;no;no;;;Raj and Howard leave the office at the same time.
tbbt_s05e20_d89105;89105;s05e20;dev;tbbt_s05e20.mp4;s05e20_seg02_clip_14;23.71;27.91;991.71;995.91;992.19;996.17;16:32.2;16:36.2;3.98;tvr;accepted;;yes;yes;;;Sheldon, in a yellow shirt, grabs a purple box, and leaves his chair with it.
tbbt_s05e20_d89106;89106;s05e20;dev;tbbt_s05e20.mp4;s05e20_seg02_clip_14;29.41;32.41;997.41;1000.41;997.89;1000.89;16:37.9;16:40.9;3.0;tvr;accepted;;no;yes;;;Sheldon, in a yellow shirt, replaces the purple boxes at the desk.
tbbt_s05e20_d89109;89109;s05e20;dev;tbbt_s05e20.mp4;s05e20_seg02_clip_14;36.92;41.42;1004.92;1009.42;1004.92;1009.42;16:44.9;16:49.4;4.5;tvr;rejected;manual;no;no;;;Sheldon puts a box on his desk and sits down.
tbbt_s05e20_d89107;89107;s05e20;dev;tbbt_s05e20.mp4;s05e20_seg02_clip_14;47.12;51.92;1015.12;1019.92;1015.6;1020.4;16:55.6;17:00.4;4.8;tvr;accepted;;no;yes;;;Penny and Leonard walk into the room and shock Sheldon who is holding a purple box.
tbbt_s05e20_d69437;69437;s05e20;dev;tbbt_s05e20.mp4;s05e20_seg02_clip_15;4.72;5.61;1032.72;1033.61;1032.7;1034.09;17:12.7;17:14.1;1.39;tvr;accepted;;yes;yes;;;Leonard, in a red hoodie, rubs Penny's arm as he walks away.
tbbt_s05e20_d69438;69438;s05e20;dev;tbbt_s05e20.mp4;s05e20_seg02_clip_15;7.38;10.33;1035.38;1038.33;1035.38;1038.33;17:15.4;17:18.3;2.95;tvr;rejected;manual;no;no;;;Sheldon squeals and jumps to his feet after Penny picks up a box.
tbbt_s05e20_d69435;69435;s05e20;dev;tbbt_s05e20.mp4;s05e20_seg02_clip_15;36.01;39.25;1064.01;1067.25;1064.49;1067.73;17:44.5;17:47.7;3.24;tvr;accepted;;no;yes;;;Penny puts the purple box down in front on Leonard on the kitchen island.
tbbt_s05e20_d69436;69436;s05e20;dev;tbbt_s05e20.mp4;s05e20_seg02_clip_15;44.56;53.42;1072.56;1081.42;1076.4;1081.9;17:56.4;18:01.9;5.5;tvr;accepted;;yes;yes;;;Leonard opens the top of the purple toy box, while Penny moves her feet quickly in impatience.
tbbt_s05e20_d69427;69427;s05e20;dev;tbbt_s05e20.mp4;s05e20_seg02_clip_16;3.05;5.8;1090.05;1092.8;1090.53;1094.76;18:10.5;18:14.8;4.23;tvr;accepted;;yes;yes;;;Leonard is trying to put something yellow back to the purple box as he stands next to Penny at the kitchen island.
tbbt_s05e20_d69428;69428;s05e20;dev;tbbt_s05e20.mp4;s05e20_seg02_clip_16;15.87;19.22;1102.87;1106.22;1102.87;1106.22;18:22.9;18:26.2;3.35;tvr;rejected;manual;no;no;;;Sheldon steps over to his desk chair and sits down.
tbbt_s05e20_d69425;69425;s05e20;dev;tbbt_s05e20.mp4;s05e20_seg02_clip_16;16.17;21.36;1103.17;1108.36;1103.17;1108.36;18:23.2;18:28.4;5.19;tvr;rejected;manual;no;no;;;Sheldon sits down at his computer desk while talking to Penny and Leonard.
tbbt_s05e20_d69429;69429;s05e20;dev;tbbt_s05e20.mp4;s05e20_seg02_clip_16;24.11;27.16;1111.11;1114.16;1107.52;1113.81;18:27.5;18:33.8;6.29;tvr;accepted;;yes;yes;;;Penny and Leonard walk towards the front door passing Sheldon at his desk looking at the Spock figurine and purple box next to him.
tbbt_s05e20_d69426;69426;s05e20;dev;tbbt_s05e20.mp4;s05e20_seg02_clip_16;27.16;31.43;1114.16;1118.43;1114.16;1118.43;18:34.2;18:38.4;4.27;tvr;rejected;manual;no;no;;;Sheldon stands up from his computer desk to stop Leonard and Penny.
tbbt_s05e20_d69470;69470;s05e20;dev;tbbt_s05e20.mp4;s05e20_seg02_clip_18;6.5;8.58;1214.5;1216.58;1214.98;1217.06;20:15.0;20:17.1;2.08;tvr;accepted;;no;yes;;;Bernadette, in a pink blouse, sitting on a couch with Howard, sets down a beer she is holding on the coffee table.
tbbt_s05e20_d69472;69472;s05e20;dev;tbbt_s05e20.mp4;s05e20_seg02_clip_18;24.71;29.39;1232.71;1237.39;1232.71;1237.39;20:32.7;20:37.4;4.68;tvr;rejected;manual;no;no;;;Howard leans back on the couch, puts his hands on his thighs and then stands up.
tbbt_s05e20_d69471;69471;s05e20;dev;tbbt_s05e20.mp4;s05e20_seg02_clip_18;30.43;48.12;1238.43;1256.12;1236.79;1244.44;20:36.8;20:44.4;7.65;tvr;accepted;;yes;yes;;;Raj gently takes a puppy from Bernadette's arms.
tbbt_s07e02_d6160;6160;s07e02;dev;tbbt_s07e02.mp4;s07e02_seg01_clip_00;3.6;51.76;3.6;51.77;3.6;51.77;0:03.6;0:51.8;48.17;tvr;rejected;too_long;no;no;;;Sheldon and Penny walk up a few flights of stairs then stop.
tbbt_s07e02_d6161;6161;s07e02;dev;tbbt_s07e02.mp4;s07e02_seg01_clip_00;3.6;14.4;3.6;14.4;3.6;14.4;0:03.6;0:14.4;10.8;tvr;rejected;manual;no;no;;;A bicycle is standing stationary against the elevator.
tbbt_s07e02_d6163;6163;s07e02;dev;tbbt_s07e02.mp4;s07e02_seg01_clip_00;52.21;54.01;52.22;54.02;51.59;54.02;0:51.6;0:54.0;2.43;tvr;accepted;;yes;yes;;;Sheldon and Penny, both holding paper bags with groceries, turn to walk in opposite directions away from one another, in the hallway.
tbbt_s07e02_d6162;6162;s07e02;dev;tbbt_s07e02.mp4;s07e02_seg01_clip_00;57.62;65.27;57.62;65.28;57.62;65.28;0:57.6;1:05.3;7.66;tvr;rejected;manual;no;no;;;Penny unlocks her apartment door, enters the apartment and closes the door.
tbbt_s07e02_d6164;6164;s07e02;dev;tbbt_s07e02.mp4;s07e02_seg01_clip_00;65.27;66.17;65.28;66.17;65.28;66.53;1:05.3;1:06.5;1.25;tvr;accepted;;yes;yes;;;Out of fright, Penny drops a paper bag full of shopping, while standing next to the door of her apartment.
tbbt_s07e02_d12515;12515;s07e02;dev;tbbt_s07e02.mp4;s07e02_seg02_clip_00;6.62;7.25;119.62;120.25;118.66;120.25;1:58.7;2:00.2;1.59;tvr;accepted;;yes;yes;;;Sheldon, in a red shirt, was starring at a figurine as Stuart passes by.
tbbt_s07e02_d12519;12519;s07e02;dev;tbbt_s07e02.mp4;s07e02_seg02_clip_00;30.25;35.3;143.25;148.31;143.25;148.31;2:23.3;2:28.3;5.06;tvr;rejected;manual;no;no;;;Stuart grabs a superhero figure and shows it to Sheldon.
tbbt_s07e02_d12516;12516;s07e02;dev;tbbt_s07e02.mp4;s07e02_seg02_clip_00;33.72;35.61;146.72;148.62;146.5;148.34;2:26.5;2:28.3;1.84;tvr;accepted;;yes;no;;;Stuart grabs an Aquaman statue from shelf behind him.
tbbt_s07e02_d12517;12517;s07e02;dev;tbbt_s07e02.mp4;s07e02_seg02_clip_00;57.04;60.82;170.04;173.82;170.04;172.02;2:50.0;2:52.0;1.98;tvr;accepted;;yes;no;;;Stuart takes out a Batman squirt gun from behind the counter.
tbbt_s07e02_d12513;12513;s07e02;dev;tbbt_s07e02.mp4;s07e02_seg02_clip_01;2.95;5.9;178.96;181.91;178.96;181.91;2:59.0;3:01.9;2.95;tvr;rejected;manual;no;no;;;Raj move his way towards the comic book section where does Howard stays.
tbbt_s07e02_d12510;12510;s07e02;dev;tbbt_s07e02.mp4;s07e02_seg02_clip_01;3.54;16.23;179.54;192.24;179.54;192.24;2:59.5;3:12.2;12.7;tvr;rejected;manual;no;no;;;Raj and Howard are discussing comic books at the comic book store.
tbbt_s07e02_d12514;12514;s07e02;dev;tbbt_s07e02.mp4;s07e02_seg02_clip_01;7.67;10.92;183.68;186.93;183.68;186.93;3:03.7;3:06.9;3.25;tvr;rejected;manual;no;no;;;Howard returns a comic book he pulls out from one section.
tbbt_s07e02_d12511;12511;s07e02;dev;tbbt_s07e02.mp4;s07e02_seg02_clip_01;25.09;33.94;201.09;209.94;201.09;209.94;3:21.1;3:29.9;8.85;tvr;rejected;manual;no;no;;;Howard explains that he's snippy because of the new diet he's on.
tbbt_s07e02_d12512;12512;s07e02;dev;tbbt_s07e02.mp4;s07e02_seg02_clip_01;47.81;59.03;223.81;235.03;223.81;235.03;3:43.8;3:55.0;11.22;tvr;rejected;manual;no;no;;;Sheldon negotiates with Stuart for an Aquaman figurine.
tbbt_s07e02_d12505;12505;s07e02;dev;tbbt_s07e02.mp4;s07e02_seg02_clip_02;0.0;4.5;235.0;239.5;235.0;239.5;3:55.0;3:59.5;4.5;tvr;rejected;manual;no;no;;;Stuart is holding a figurine in his hands while talking to Sheldon.
tbbt_s07e02_d12506;12506;s07e02;dev;tbbt_s07e02.mp4;s07e02_seg02_clip_02;13.51;17.11;248.51;252.12;247.47;259.69;4:07.5;4:19.7;12.22;tvr;accepted;;yes;yes;;;Leonard, in a grey hoodie, is showing Penny pictures on his cell phone, while sitting on the couch.
tbbt_s07e02_d12507;12507;s07e02;dev;tbbt_s07e02.mp4;s07e02_seg02_clip_02;32.71;36.92;267.71;271.93;268.24;271.93;4:28.2;4:31.9;3.69;tvr;accepted;;yes;yes;;;Penny, in a purple floral shirt, opens her apartment door for a pizza delivery guy.
tbbt_s07e02_d12502;12502;s07e02;dev;tbbt_s07e02.mp4;s07e02_seg02_clip_03;1.18;3.25;296.19;298.25;295.21;298.76;4:55.2;4:58.8;3.55;tvr;accepted;;yes;yes;;;The pizza delivery man turns and looks at Sheldon with a plastic bag in his hand, while he walks away.
tbbt_s07e02_d12503;12503;s07e02;dev;tbbt_s07e02.mp4;s07e02_seg02_clip_03;39.55;46.93;334.56;341.94;334.56;341.94;5:34.6;5:41.9;7.38;tvr;rejected;manual;no;no;;;Sheldon walks into Penny's apartment and puts his bags on her counter.
tbbt_s07e02_d12500;12500;s07e02;dev;tbbt_s07e02.mp4;s07e02_seg02_clip_03;41.02;45.45;336.02;340.45;336.02;340.45;5:36.0;5:40.5;4.43;tvr;rejected;manual;no;no;;;Sheldon walks into Penny's apartment and sets a plastic bag on the counter.
tbbt_s07e02_d12501;12501;s07e02;dev;tbbt_s07e02.mp4;s07e02_seg02_clip_03;56.07;57.55;351.07;352.56;351.07;352.56;5:51.1;5:52.6;1.49;tvr;rejected;manual;no;no;;;Sheldon points to the wine glasses sitting on the coffee table.
tbbt_s07e02_d12538;12538;s07e02;dev;tbbt_s07e02.mp4;s07e02_seg02_clip_04;9.92;12.1;363.93;366.11;363.93;366.11;6:03.9;6:06.1;2.18;tvr;rejected;manual;no;no;;;Sheldon turns round and puts his hands on his hips.
tbbt_s07e02_d12535;12535;s07e02;dev;tbbt_s07e02.mp4;s07e02_seg02_clip_04;10.54;12.1;364.55;366.11;364.55;366.11;6:04.5;6:06.1;1.56;tvr;accepted;;no;yes;;;Sheldon puts his arms on his hips while facing a trash can, at the kitchen.
tbbt_s07e02_d12536;12536;s07e02;dev;tbbt_s07e02.mp4;s07e02_seg02_clip_04;28.22;29.46;382.23;383.46;382.23;383.46;6:22.2;6:23.5;1.23;tvr;rejected;too_short;no;no;;;Sheldon picks up a take out bag from the kitchen island.
tbbt_s07e02_d12537;12537;s07e02;dev;tbbt_s07e02.mp4;s07e02_seg02_clip_04;47.14;48.69;401.14;402.69;401.15;402.73;6:41.1;6:42.7;1.58;tvr;accepted;;yes;no;;;Bernadette sets a glass mixing bowl into a dish drainer tray.
tbbt_s07e02_d12534;12534;s07e02;dev;tbbt_s07e02.mp4;s07e02_seg02_clip_05;0.0;9.61;416.0;425.62;416.0;425.62;6:56.0;7:05.6;9.62;tvr;rejected;manual;no;no;;;Howard walks over to the refrigerator and pulls out a bottle of water.
tbbt_s07e02_d12530;12530;s07e02;dev;tbbt_s07e02.mp4;s07e02_seg02_clip_05;4.34;5.58;420.35;421.58;420.35;421.58;7:00.3;7:01.6;1.23;tvr;rejected;too_short;no;no;;;Howard opens the fridge to grab a bottle of water.
tbbt_s07e02_d12533;12533;s07e02;dev;tbbt_s07e02.mp4;s07e02_seg02_clip_05;19.54;30.7;435.55;446.7;435.55;446.7;7:15.5;7:26.7;11.15;tvr;accepted;;no;yes;;;Howard pulls a tube of cream out of his pocket and hands it to Bernadette.
tbbt_s07e02_d12531;12531;s07e02;dev;tbbt_s07e02.mp4;s07e02_seg02_clip_05;20.16;21.09;436.17;437.1;436.17;437.1;7:16.2;7:17.1;0.93;tvr;rejected;too_short;no;no;;;Howard reaches into his back pocket to grab the bottle of cream his mother uses.
tbbt_s07e02_d12532;12532;s07e02;dev;tbbt_s07e02.mp4;s07e02_seg02_clip_05;29.46;39.08;445.46;455.08;445.46;455.08;7:25.5;7:35.1;9.62;tvr;accepted;;no;yes;;;Bernadette, in a pink sweater, reads the information on the bottle of cream.
tbbt_s07e02_d71425;71425;s07e02;dev;tbbt_s07e02.mp4;s07e02_seg02_clip_06;0.0;6.09;478.0;484.1;478.0;484.1;7:58.0;8:04.1;6.1;tvr;rejected;manual;no;no;;;Amy takes the hormone cream container and sets it on the table
tbbt_s07e02_d71428;71428;s07e02;dev;tbbt_s07e02.mp4;s07e02_seg02_clip_06;4.06;7.25;482.06;485.25;482.06;485.25;8:02.1;8:05.3;3.19;tvr;accepted;;no;yes;;;Bernadette, in a pink sweater, sits down on the blue couch next to Howard.
tbbt_s07e02_d71426;71426;s07e02;dev;tbbt_s07e02.mp4;s07e02_seg02_clip_06;7.25;23.21;485.25;501.21;486.21;501.21;8:06.2;8:21.2;15.0;tvr;accepted;;yes;yes;;;Howard grabs a yellow pillow and hugs it for comfort, while sitting on the blue couch.
tbbt_s07e02_d71427;71427;s07e02;dev;tbbt_s07e02.mp4;s07e02_seg02_clip_06;54.54;58.03;532.54;536.03;532.54;537.21;8:52.5;8:57.2;4.67;tvr;accepted;;yes;yes;;;Amy picks up her blue coffee cup and walks out of the kitchen where Sheldon sits with yellow cup.
tbbt_s07e02_d71429;71429;s07e02;dev;tbbt_s07e02.mp4;s07e02_seg02_clip_06;54.83;58.03;532.84;536.03;532.84;536.03;8:52.8;8:56.0;3.19;tvr;rejected;manual;no;no;;;Amy grabs a mug and walks from the kitchen to the living room.
tbbt_s07e02_d71318;71318;s07e02;dev;tbbt_s07e02.mp4;s07e02_seg02_clip_08;2.1;6.3;596.11;600.3;590.83;600.77;9:50.8;10:00.8;9.94;tvr;accepted;;yes;yes;;;Amy and Sheldon put their ears up to the door.
tbbt_s07e02_d71315;71315;s07e02;dev;tbbt_s07e02.mp4;s07e02_seg02_clip_08;21.01;27.61;615.01;621.62;615.01;621.62;10:15.0;10:21.6;6.61;tvr;rejected;manual;no;no;;;Amy puts her ear up to Penny's door.
tbbt_s07e02_d71319;71319;s07e02;dev;tbbt_s07e02.mp4;s07e02_seg02_clip_08;35.42;39.32;629.42;633.33;629.42;635.43;10:29.4;10:35.4;6.01;tvr;accepted;;yes;yes;;;Sheldon, in a red shirt, gets the key on his pocket and opens the door, while standing next to Amy.
tbbt_s07e02_d71316;71316;s07e02;dev;tbbt_s07e02.mp4;s07e02_seg02_clip_08;37.52;41.72;631.52;635.73;631.52;635.73;10:31.5;10:35.7;4.21;tvr;rejected;manual;no;no;;;Sheldon unlocks the front door of Penny's apartment.
tbbt_s07e02_d71317;71317;s07e02;dev;tbbt_s07e02.mp4;s07e02_seg02_clip_08;41.42;43.82;635.42;637.83;635.42;637.83;10:35.4;10:37.8;2.41;tvr;accepted;;no;yes;;;A Leonard, in a grey hoodie, stands up scared as Sheldon and Amy enter the apartment.
tbbt_s07e02_d12475;12475;s07e02;dev;tbbt_s07e02.mp4;s07e02_seg02_clip_09;0.0;3.0;654.0;657.0;655.79;657.04;10:55.8;10:57.0;1.25;tvr;accepted;;yes;yes;;;Leonard, in a grey jacket, is sitting on the couch with his elbow on his knee next to Penny.
tbbt_s07e02_d12476;12476;s07e02;dev;tbbt_s07e02.mp4;s07e02_seg02_clip_09;8.7;16.51;662.71;670.51;662.71;670.51;11:02.7;11:10.5;7.8;tvr;rejected;manual;no;no;;;Sheldon is standing at the door entrance as he speaks to Leonard.
tbbt_s07e02_d12477;12477;s07e02;dev;tbbt_s07e02.mp4;s07e02_seg02_clip_09;58.83;60.03;712.84;714.03;712.84;714.03;11:52.8;11:54.0;1.19;tvr;rejected;too_short;no;no;;;Amy ends up sitting next to Penny in the kitchen.
tbbt_s07e02_d54260;54260;s07e02;dev;tbbt_s07e02.mp4;s07e02_seg02_clip_11;5.27;9.92;780.27;784.92;782.38;786.88;13:02.4;13:06.9;4.5;tvr;accepted;;yes;yes;;;Raj, in a green and grey shirt, picks up a piece of cake from the coffee table and starts eating it.
tbbt_s07e02_d54261;54261;s07e02;dev;tbbt_s07e02.mp4;s07e02_seg02_clip_11;21.09;24.81;796.1;799.82;796.1;800.1;13:16.1;13:20.1;4.0;tvr;accepted;;yes;yes;;;Howard lifts up his shirt to show Raj his chest.
tbbt_s07e02_d54263;54263;s07e02;dev;tbbt_s07e02.mp4;s07e02_seg02_clip_11;35.98;43.42;810.99;818.42;810.99;819.19;13:31.0;13:39.2;8.2;tvr;accepted;;yes;no;;;Howard jumps up and down with his shirt pulled up.
tbbt_s07e02_d54264;54264;s07e02;dev;tbbt_s07e02.mp4;s07e02_seg02_clip_11;47.76;51.79;822.76;826.79;822.76;827.33;13:42.8;13:47.3;4.57;tvr;accepted;;yes;yes;;;Raj, in a green and grey shirt, shakes his chest from side to side.
tbbt_s07e02_d54262;54262;s07e02;dev;tbbt_s07e02.mp4;s07e02_seg02_clip_11;56.14;59.86;831.14;834.87;829.25;832.67;13:49.2;13:52.7;3.42;tvr;accepted;;yes;no;;;Howard sticks the bottom of his shirt up over his head.
tbbt_s07e02_d54265;54265;s07e02;dev;tbbt_s07e02.mp4;s07e02_seg02_clip_12;0.0;3.0;837.0;840.0;832.68;840.98;13:52.7;14:01.0;8.3;tvr;accepted;;yes;no;;;Howard stands in front of the couch with his shirt pulled up and shimmies his torso.
tbbt_s07e02_d54266;54266;s07e02;dev;tbbt_s07e02.mp4;s07e02_seg02_clip_12;8.1;9.3;845.11;846.3;845.11;846.3;14:05.1;14:06.3;1.19;tvr;rejected;too_short;no;no;;;Raj pulls his shirt up over his head to expose his chest.
tbbt_s07e02_d54268;54268;s07e02;dev;tbbt_s07e02.mp4;s07e02_seg02_clip_12;8.7;15.61;845.71;852.62;845.71;852.62;14:05.7;14:12.6;6.91;tvr;accepted;;no;no;;;Raj pulls his shirt over his head as he shakes his body in front of Howard.
tbbt_s07e02_d54269;54269;s07e02;dev;tbbt_s07e02.mp4;s07e02_seg02_clip_12;27.01;31.51;864.01;868.51;864.01;868.08;14:24.0;14:28.1;4.07;tvr;accepted;;yes;yes;;;Raj puts his hand on Howard's bare chest as Bernadette walks into the room.
tbbt_s07e02_d54267;54267;s07e02;dev;tbbt_s07e02.mp4;s07e02_seg02_clip_12;42.02;60.03;879.02;897.03;879.02;897.03;14:39.0;14:57.0;18.01;tvr;rejected;too_long;no;no;;;Raj and Howard stand talking as they both have one hand on their own chest and one hand on the other's chest.
tbbt_s07e02_d54273;54273;s07e02;dev;tbbt_s07e02.mp4;s07e02_seg02_clip_13;3.84;6.4;900.85;903.4;900.85;903.5;15:00.9;15:03.5;2.65;tvr;accepted;;yes;yes;;;Bernadette walks away after seeing Raj and Howard holding each others bare chests.
tbbt_s07e02_d54270;54270;s07e02;dev;tbbt_s07e02.mp4;s07e02_seg02_clip_13;10.89;12.81;907.89;909.82;908.03;909.93;15:08.0;15:09.9;1.9;tvr;accepted;;yes;no;;;Leonard pours coffee from the coffee pot into a travel mug.
tbbt_s07e02_d54274;54274;s07e02;dev;tbbt_s07e02.mp4;s07e02_seg02_clip_13;16.97;24.33;913.98;921.34;913.98;921.34;15:14.0;15:21.3;7.36;tvr;rejected;manual;no;no;;;Sheldon picks up his jacket from the back of the chair and puts it on.
tbbt_s07e02_d54271;54271;s07e02;dev;tbbt_s07e02.mp4;s07e02_seg02_clip_13;26.25;31.38;923.25;928.38;923.25;928.38;15:23.3;15:28.4;5.13;tvr;rejected;manual;no;no;;;Sheldon puts the strap of his bag over his shoulders.
tbbt_s07e02_d54272;54272;s07e02;dev;tbbt_s07e02.mp4;s07e02_seg02_clip_13;61.47;64.02;958.48;961.02;958.48;961.02;15:58.5;16:01.0;2.54;tvr;rejected;manual;no;no;;;Leonard goes out the front door behind Sheldon.
tbbt_s07e02_d92486;92486;s07e02;dev;tbbt_s07e02.mp4;s07e02_seg02_clip_14;0.0;5.88;961.0;966.88;961.0;966.88;16:01.0;16:06.9;5.88;tvr;rejected;manual;no;no;;;Leonard closes the apartment door and locks it with his key.
tbbt_s07e02_d92488;92488;s07e02;dev;tbbt_s07e02.mp4;s07e02_seg02_clip_14;0.0;8.12;961.0;969.12;961.0;969.12;16:01.0;16:09.1;8.12;tvr;rejected;manual;no;no;;;Leonard turn and locked the door before leaving with Sheldon.
tbbt_s07e02_d92485;92485;s07e02;dev;tbbt_s07e02.mp4;s07e02_seg02_clip_14;4.76;43.14;965.76;1004.14;965.76;1004.14;16:05.8;16:44.1;38.38;tvr;rejected;too_long;no;no;;;Sheldon walks down three flights of stairs to the lobby of his apartment building.
tbbt_s07e02_d92487;92487;s07e02;dev;tbbt_s07e02.mp4;s07e02_seg02_clip_14;53.5;56.02;1014.5;1017.02;1014.5;1017.02;16:54.5;16:57.0;2.52;tvr;rejected;manual;no;no;;;Sheldon opens the door in the lobby and looks outside.
tbbt_s07e02_d54277;54277;s07e02;dev;tbbt_s07e02.mp4;s07e02_seg02_clip_15;0.0;4.35;1017.0;1021.36;1015.51;1021.31;16:55.5;17:01.3;5.8;tvr;accepted;;yes;yes;;;Sheldon, in a beige jacket,  holds the buildings door open while talking to someone.
tbbt_s07e02_d54275;54275;s07e02;dev;tbbt_s07e02.mp4;s07e02_seg02_clip_15;5.51;8.7;1022.51;1025.7;1022.51;1025.7;17:02.5;17:05.7;3.19;tvr;rejected;manual;no;no;;;Penny locks her apartment door and walks toward the stair way.
tbbt_s07e02_d54278;54278;s07e02;dev;tbbt_s07e02.mp4;s07e02_seg02_clip_15;5.51;7.54;1022.51;1024.55;1022.51;1024.55;17:02.5;17:04.5;2.04;tvr;rejected;manual;no;no;;;Penny locks the door and turns to see Amy in the hallway.
tbbt_s07e02_d54276;54276;s07e02;dev;tbbt_s07e02.mp4;s07e02_seg02_clip_15;24.95;28.14;1041.95;1045.14;1041.95;1045.14;17:22.0;17:25.1;3.19;tvr;rejected;manual;no;no;;;Sheldon opens his apartment door and walks out.
tbbt_s07e02_d54279;54279;s07e02;dev;tbbt_s07e02.mp4;s07e02_seg02_clip_15;25.82;28.72;1042.83;1045.72;1042.66;1044.64;17:22.7;17:24.6;1.98;tvr;accepted;;yes;yes;;;Sheldon comes out of the apartment to where Amy and Penny, in a white shirt and yellow vest, are.
tbbt_s07e02_d54283;54283;s07e02;dev;tbbt_s07e02.mp4;s07e02_seg02_clip_16;10.2;12.61;1085.2;1087.62;1085.2;1087.62;18:05.2;18:07.6;2.42;tvr;rejected;manual;no;no;;;Penny turns around and walks to the stairs.
tbbt_s07e02_d54280;54280;s07e02;dev;tbbt_s07e02.mp4;s07e02_seg02_clip_16;10.5;17.71;1085.51;1092.71;1085.51;1092.71;18:05.5;18:12.7;7.2;tvr;rejected;manual;no;no;;;Penny, Sheldon, and Amy walk down the stairs.
tbbt_s07e02_d54282;54282;s07e02;dev;tbbt_s07e02.mp4;s07e02_seg02_clip_16;28.81;31.21;1103.82;1106.21;1103.82;1106.21;18:23.8;18:26.2;2.39;tvr;rejected;manual;no;no;;;Raj is staring at Howard's chest and Howard gets upset.
tbbt_s07e02_d54281;54281;s07e02;dev;tbbt_s07e02.mp4;s07e02_seg02_clip_16;32.41;35.12;1107.41;1110.12;1107.41;1110.12;18:27.4;18:30.1;2.71;tvr;rejected;manual;no;no;;;Sheldon sits down at the cafeteria table with Raj, Howard, and Leonard.
tbbt_s07e02_d62065;62065;s07e02;dev;tbbt_s07e02.mp4;s07e02_seg02_clip_17;32.96;37.84;1167.96;1172.85;1167.96;1172.85;19:28.0;19:32.8;4.89;tvr;rejected;manual;no;no;;;A man in a burgundy sweater and white pants walks into the cafeteria then out of sight.
tbbt_s07e02_d62066;62066;s07e02;dev;tbbt_s07e02.mp4;s07e02_seg02_clip_17;42.41;48.21;1177.41;1183.21;1177.41;1183.21;19:37.4;19:43.2;5.8;tvr;rejected;manual;no;no;;;A woman in a grey jacket and dark pants walks from left to right and out the cafeteria door.
tbbt_s07e02_d62068;62068;s07e02;dev;tbbt_s07e02.mp4;s07e02_seg02_clip_17;58.59;61.03;1193.6;1196.04;1193.26;1196.42;19:53.3;19:56.4;3.16;tvr;accepted;;yes;yes;;;Raj, in a red sweater, sits on the floor while his friends are having a conversation at the living room table.
tbbt_s07e02_d62067;62067;s07e02;dev;tbbt_s07e02.mp4;s07e02_seg02_clip_17;58.59;61.03;1193.6;1196.04;1193.6;1196.04;19:53.6;19:56.0;2.44;tvr;rejected;manual;no;no;;;Howard, Raj, Bernadette, Amy, Sheldon, Penny and Leonard sit in the living room.
tbbt_s07e02_d54230;54230;s07e02;dev;tbbt_s07e02.mp4;s07e02_seg02_clip_18;4.94;6.76;1200.94;1202.77;1200.94;1202.77;20:00.9;20:02.8;1.83;tvr;rejected;manual;no;no;;;Howard is sitting on the edge of the arm of a sofa with a Chinese take out container.
tbbt_s07e02_d54231;54231;s07e02;dev;tbbt_s07e02.mp4;s07e02_seg02_clip_18;17.95;22.11;1213.95;1218.12;1214.74;1218.09;20:14.7;20:18.1;3.35;tvr;accepted;;yes;yes;;;Sheldon gets a piece of paper from the side table and hands it to Penny, while they are eating at the living room table.
tbbt_s07e02_d54232;54232;s07e02;dev;tbbt_s07e02.mp4;s07e02_seg02_clip_18;50.98;52.02;1246.98;1248.03;1246.77;1251.88;20:46.8;20:51.9;5.11;tvr;accepted;;yes;yes;;;Penny, with two ponytails and in a turquoise floral top,  hands Howard the piece of paper she was holding.
tbbt_s09e12_d56268;56268;s09e12;dev;tbbt_s09e12.mp4;s09e12_seg01_clip_00;0.0;4.27;1.68;5.95;1.68;5.95;0:01.7;0:05.9;4.27;tvr;rejected;manual;no;no;;;Amy and Sheldon was having a videcall conversation in a hotel.
tbbt_s09e12_d56265;56265;s09e12;dev;tbbt_s09e12.mp4;s09e12_seg01_clip_00;3.36;16.48;5.04;18.16;17.41;19.94;0:17.4;0:19.9;2.53;tvr;accepted;;yes;yes;;;Sheldon is speaking to video chat on his laptop, pointing his thumb to the right.
tbbt_s09e12_d56266;56266;s09e12;dev;tbbt_s09e12.mp4;s09e12_seg01_clip_00;20.44;25.02;22.12;26.7;20.71;22.42;0:20.7;0:22.4;1.71;tvr;accepted;;yes;yes;;;Amy nods with eyes closed, while speaking to Sheldon on video chat.
tbbt_s09e12_d56267;56267;s09e12;dev;tbbt_s09e12.mp4;s09e12_seg01_clip_00;53.7;61.03;55.38;62.71;55.38;62.71;0:55.4;1:02.7;7.33;tvr;rejected;manual;no;no;;;Sheldon smiles at Amy as he is talking to her on video chat.
tbbt_s09e12_d53160;53160;s09e12;dev;tbbt_s09e12.mp4;s09e12_seg01_clip_01;0.0;3.3;62.34;65.64;62.34;65.64;1:02.3;1:05.6;3.3;tvr;rejected;manual;no;no;;;Sheldon is video chatting with Amy using his laptop.
tbbt_s09e12_d53163;53163;s09e12;dev;tbbt_s09e12.mp4;s09e12_seg01_clip_01;2.86;6.38;65.2;68.72;65.2;68.72;1:05.2;1:08.7;3.52;tvr;rejected;manual;no;no;;;Sheldon stands up from the desk when the guys come in.
tbbt_s09e12_d53161;53161;s09e12;dev;tbbt_s09e12.mp4;s09e12_seg01_clip_01;21.35;27.74;83.69;90.08;81.17;91.03;1:21.2;1:31.0;9.86;tvr;accepted;;yes;yes;;;Raj, in a red and dark blue blouse, is unpacking a bag of Chinese food take out onto the kitchen island.
tbbt_s09e12_d53164;53164;s09e12;dev;tbbt_s09e12.mp4;s09e12_seg01_clip_01;35.88;38.08;98.22;100.42;97.15;98.84;1:37.2;1:38.8;1.69;tvr;accepted;;yes;yes;;;Raj picks up four Chinese food cartons off the kitchen counter.
tbbt_s09e12_d53162;53162;s09e12;dev;tbbt_s09e12.mp4;s09e12_seg01_clip_01;39.18;44.02;101.52;106.36;101.52;106.36;1:41.5;1:46.4;4.84;tvr;rejected;manual;no;no;;;Leonard walks into the kitchen as Raj walks out with take out containers.
tbbt_s09e12_d61845;61845;s09e12;dev;tbbt_s09e12.mp4;s09e12_seg02_clip_00;0.0;0.31;126.83;127.14;126.83;127.14;2:06.8;2:07.1;0.31;tvr;rejected;too_short;no;no;;;The words the Big Bang Theory appear on the screen in front of a color blast of stars.
tbbt_s09e12_d61848;61848;s09e12;dev;tbbt_s09e12.mp4;s09e12_seg02_clip_00;5.58;10.86;132.41;137.69;131.6;133.88;2:11.6;2:13.9;2.28;tvr;accepted;;yes;yes;;;Penny, all in black with a black and white purse, walks in through the apartment's front door, where everybody eats at the living room table.
tbbt_s09e12_d61847;61847;s09e12;dev;tbbt_s09e12.mp4;s09e12_seg02_clip_00;9.3;11.79;136.13;138.62;132.5;137.41;2:12.5;2:17.4;4.91;tvr;accepted;;yes;yes;;;Leonard walks across the room to greet Penny, all in black, at the door with a kiss on a chick.
tbbt_s09e12_d61846;61846;s09e12;dev;tbbt_s09e12.mp4;s09e12_seg02_clip_00;6.51;8.68;133.34;135.51;133.34;135.51;2:13.3;2:15.5;2.17;tvr;rejected;manual;no;no;;;Penny walks into the apartment where all the boys are.
tbbt_s09e12_d61849;61849;s09e12;dev;tbbt_s09e12.mp4;s09e12_seg02_clip_00;13.65;26.36;140.48;153.19;140.93;153.44;2:20.9;2:33.4;12.51;tvr;accepted;;yes;yes;;;Sheldon hold up a napkin to his face as a medical mask, while sitting on the couch.
tbbt_s09e12_d61850;61850;s09e12;dev;tbbt_s09e12.mp4;s09e12_seg02_clip_01;0.0;8.99;188.88;197.88;188.88;197.88;3:08.9;3:17.9;9.0;tvr;rejected;manual;no;no;;;Leonard is leaning onto the kitchen island while talking to Penny.
tbbt_s09e12_d61851;61851;s09e12;dev;tbbt_s09e12.mp4;s09e12_seg02_clip_01;15.51;20.47;204.4;209.35;204.4;209.35;3:24.4;3:29.4;4.95;tvr;rejected;manual;no;no;;;Sheldon, Raj, and Howard are eating in the living room.
tbbt_s09e12_d61853;61853;s09e12;dev;tbbt_s09e12.mp4;s09e12_seg02_clip_01;24.19;25.74;213.07;214.62;213.07;214.62;3:33.1;3:34.6;1.55;tvr;rejected;manual;no;no;;;Sheldon pointed his index finger to Leonard who happens to be at the kitchen counter.
tbbt_s09e12_d61852;61852;s09e12;dev;tbbt_s09e12.mp4;s09e12_seg02_clip_01;32.88;37.22;221.76;226.1;221.76;226.1;3:41.8;3:46.1;4.34;tvr;rejected;manual;no;no;;;Howard has his arm wrapped around Bernadette as they lie together in bed.
tbbt_s09e12_d61838;61838;s09e12;dev;tbbt_s09e12.mp4;s09e12_seg02_clip_02;0.0;2.28;250.98;253.26;248.86;253.19;4:08.9;4:13.2;4.33;tvr;accepted;;yes;no;;;Stuart walks into Bernadette and Howard's bedroom as they are under the covers.
tbbt_s09e12_d61837;61837;s09e12;dev;tbbt_s09e12.mp4;s09e12_seg02_clip_02;0.0;2.85;250.98;253.83;250.98;253.83;4:11.0;4:13.8;2.85;tvr;rejected;manual;no;no;;;Stuart opens the door and walks into the bedroom.
tbbt_s09e12_d61839;61839;s09e12;dev;tbbt_s09e12.mp4;s09e12_seg02_clip_02;50.18;54.17;301.16;305.15;298.78;304.35;4:58.8;5:04.4;5.57;tvr;accepted;;yes;yes;;;Sheldon, in a green shirt, is walking around Raj's lab as he is on his computer.
tbbt_s09e12_d61835;61835;s09e12;dev;tbbt_s09e12.mp4;s09e12_seg02_clip_02;50.47;55.6;301.45;306.58;301.45;306.58;5:01.4;5:06.6;5.13;tvr;rejected;manual;no;no;;;Sheldon walks over to where Raj is sitting.
tbbt_s09e12_d61836;61836;s09e12;dev;tbbt_s09e12.mp4;s09e12_seg02_clip_02;55.03;57.02;306.01;308.0;305.21;308.01;5:05.2;5:08.0;2.8;tvr;accepted;;yes;yes;;;Raj, while sitting at his desk, talks to Sheldon and points at a monitor at his lab.
tbbt_s09e12_d61840;61840;s09e12;dev;tbbt_s09e12.mp4;s09e12_seg02_clip_03;0.0;3.6;308.0;311.6;308.17;309.97;5:08.2;5:10.0;1.8;tvr;accepted;;yes;yes;;;Raj is sitting in front of computer screens at the lab, moving a bit away at his chair to show them to Sheldon.
tbbt_s09e12_d61843;61843;s09e12;dev;tbbt_s09e12.mp4;s09e12_seg02_clip_03;8.7;14.41;316.7;322.41;316.31;318.27;5:16.3;5:18.3;1.96;tvr;accepted;;yes;yes;;;Sheldon sits down on the table where Raj's computer is, at the lab.
tbbt_s09e12_d61844;61844;s09e12;dev;tbbt_s09e12.mp4;s09e12_seg02_clip_03;22.21;25.81;330.21;333.81;330.21;333.81;5:30.2;5:33.8;3.6;tvr;rejected;manual;no;no;;;Raj stand up and go to the other computer beside him.
tbbt_s09e12_d61841;61841;s09e12;dev;tbbt_s09e12.mp4;s09e12_seg02_clip_03;23.11;27.91;331.11;335.91;331.11;335.91;5:31.1;5:35.9;4.8;tvr;rejected;manual;no;no;;;Raj gets up from his chair to work on another computer and Sheldon follows him.
tbbt_s09e12_d61842;61842;s09e12;dev;tbbt_s09e12.mp4;s09e12_seg02_clip_03;52.82;60.03;360.82;368.03;360.82;368.03;6:00.8;6:08.0;7.21;tvr;rejected;manual;no;no;;;Sheldon is sitting at a desk in front of a computer as he speaks to Raj.
tbbt_s09e12_d61825;61825;s09e12;dev;tbbt_s09e12.mp4;s09e12_seg02_clip_04;3.05;8.24;371.22;376.41;371.22;376.41;6:11.2;6:16.4;5.19;tvr;rejected;manual;no;no;;;Raj walks across the room to where Sheldon is sitting.
tbbt_s09e12_d61826;61826;s09e12;dev;tbbt_s09e12.mp4;s09e12_seg02_clip_04;36.01;40.89;404.18;409.06;402.26;406.81;6:42.3;6:46.8;4.55;tvr;accepted;;yes;yes;;;Leonard enters the office, and a woman in dark blue dress with a glasses, closes the door.
tbbt_s09e12_d61827;61827;s09e12;dev;tbbt_s09e12.mp4;s09e12_seg02_clip_04;45.77;54.92;413.94;423.09;412.11;421.1;6:52.1;7:01.1;8.99;tvr;accepted;;yes;yes;;;A woman in dark blue dress with a glasses, walks to her chair, sits down, and picks up a pad of paper and writing utensil.
tbbt_s09e12_d61831;61831;s09e12;dev;tbbt_s09e12.mp4;s09e12_seg02_clip_05;5.49;7.02;434.45;435.98;421.52;424.43;7:01.5;7:04.4;2.91;tvr;accepted;;yes;yes;;;A woman in dark blue dress with a glasses, taps a pad of paper with the reverse end of a writing utensil, while sitting at the office.
tbbt_s09e12_d61830;61830;s09e12;dev;tbbt_s09e12.mp4;s09e12_seg02_clip_05;0.0;3.36;428.96;432.32;428.96;432.32;7:09.0;7:12.3;3.36;tvr;rejected;manual;no;no;;;Leonard sits down and starts a conversation with Dr. Gallo.
tbbt_s09e12_d61833;61833;s09e12;dev;tbbt_s09e12.mp4;s09e12_seg02_clip_05;33.87;41.19;462.83;470.15;460.78;468.57;7:40.8;7:48.6;7.79;tvr;accepted;;yes;yes;;;Howard and Bernadette load the silver car up with boxes.
tbbt_s09e12_d61834;61834;s09e12;dev;tbbt_s09e12.mp4;s09e12_seg02_clip_05;44.86;49.13;473.82;478.09;472.4;475.48;7:52.4;7:55.5;3.08;tvr;accepted;;yes;yes;;;Stuart puts a box in the trunk of silver car, while Howard and Bernadette standing next to it.
tbbt_s09e12_d61832;61832;s09e12;dev;tbbt_s09e12.mp4;s09e12_seg02_clip_05;43.94;45.77;472.9;474.73;472.9;474.73;7:52.9;7:54.7;1.83;tvr;rejected;manual;no;no;;;Bernadette shuts car door and turns and walks away.
tbbt_s09e12_d61815;61815;s09e12;dev;tbbt_s09e12.mp4;s09e12_seg02_clip_06;3.25;9.44;493.3;499.49;493.3;499.49;8:13.3;8:19.5;6.19;tvr;rejected;manual;no;no;;;Howard walks away from Bernadette after speaking to Stuart.
tbbt_s09e12_d61818;61818;s09e12;dev;tbbt_s09e12.mp4;s09e12_seg02_clip_06;6.2;9.44;496.25;499.49;496.25;499.49;8:16.3;8:19.5;3.24;tvr;rejected;manual;no;no;;;Howard leaves quickly during a conversation with others.
tbbt_s09e12_d61816;61816;s09e12;dev;tbbt_s09e12.mp4;s09e12_seg02_clip_06;20.36;34.24;510.41;524.29;508.41;523.41;8:28.4;8:43.4;15.0;tvr;accepted;;yes;yes;;;Stuart gets into a silver car and drives off.
tbbt_s09e12_d61819;61819;s09e12;dev;tbbt_s09e12.mp4;s09e12_seg02_clip_06;30.4;34.23;520.45;524.28;518.92;523.88;8:38.9;8:43.9;4.96;tvr;accepted;;yes;yes;;;Bernadette waves back at a man in a silver car as he drives off.
tbbt_s09e12_d61817;61817;s09e12;dev;tbbt_s09e12.mp4;s09e12_seg02_clip_06;36.01;40.14;526.06;530.19;524.83;528.22;8:44.8;8:48.2;3.39;tvr;accepted;;yes;yes;;;Howard pops out of the garage in his underwear and pose.
tbbt_s09e12_d61820;61820;s09e12;dev;tbbt_s09e12.mp4;s09e12_seg02_clip_07;0.0;7.02;549.43;556.45;549.43;556.45;9:09.4;9:16.4;7.02;tvr;rejected;manual;no;no;;;Raj is using his computer as he is talking to Sheldon.
tbbt_s09e12_d61821;61821;s09e12;dev;tbbt_s09e12.mp4;s09e12_seg02_clip_07;13.43;19.83;562.86;569.26;562.86;569.26;9:22.9;9:29.3;6.4;tvr;rejected;manual;no;no;;;Raj sits on his chair and slides beside Sheldon.
tbbt_s09e12_d61822;61822;s09e12;dev;tbbt_s09e12.mp4;s09e12_seg02_clip_07;53.7;61.03;603.13;610.46;603.13;610.46;10:03.1;10:10.5;7.33;tvr;rejected;manual;no;no;;;Raj and Sheldon are sitting in front of a computer staring at it.
tbbt_s09e12_d61810;61810;s09e12;dev;tbbt_s09e12.mp4;s09e12_seg02_clip_08;3.48;4.64;613.88;615.04;613.88;615.04;10:13.9;10:15.0;1.16;tvr;rejected;too_short;no;no;;;Leonard tosses his keys into a bowl next to the front door.
tbbt_s09e12_d61814;61814;s09e12;dev;tbbt_s09e12.mp4;s09e12_seg02_clip_08;20.02;22.05;630.42;632.45;630.42;632.45;10:30.4;10:32.4;2.03;tvr;rejected;manual;no;no;;;Leonard takes a sit on the high chair at the kitchen counter.
tbbt_s09e12_d61811;61811;s09e12;dev;tbbt_s09e12.mp4;s09e12_seg02_clip_08;36.85;49.03;647.25;659.43;644.72;656.87;10:44.7;10:56.9;12.15;tvr;accepted;;yes;yes;;;Penny, in a plaid blue and white shirt, hugs Leonard as they talk in the kitchen.
tbbt_s09e12_d96202;96202;s09e12;dev;tbbt_s09e12.mp4;s09e12_seg02_clip_09;6.3;9.9;674.66;678.26;658.49;664.33;10:58.5;11:04.3;5.84;tvr;accepted;;yes;yes;;;Howard, in a green plaid shirt, is cleaning an open cabinet with a small vacuum.
tbbt_s09e12_d61812;61812;s09e12;dev;tbbt_s09e12.mp4;s09e12_seg02_clip_08;51.06;56.28;661.46;666.68;689.23;691.46;11:29.2;11:31.5;2.23;tvr;accepted;;yes;yes;;;Bernadette leaves a rag and bottle of cleaning spray at the cleaned desk, at a room.
tbbt_s09e12_d96200;96200;s09e12;dev;tbbt_s09e12.mp4;s09e12_seg02_clip_09;27.91;31.81;696.27;700.17;691.16;697.59;11:31.2;11:37.6;6.43;tvr;accepted;;yes;yes;;;Bernadette, in a blue and beige shirt, places the black suitcase in the closet.
tbbt_s09e12_d96201;96201;s09e12;dev;tbbt_s09e12.mp4;s09e12_seg02_clip_09;45.02;53.12;713.38;721.48;711.38;718.87;11:51.4;11:58.9;7.49;tvr;accepted;;yes;no;;;Howard takes the Teddy Bear from Bernadette and places it on the dresser.
tbbt_s09e12_d96204;96204;s09e12;dev;tbbt_s09e12.mp4;s09e12_seg02_clip_09;50.72;52.82;719.08;721.18;719.08;721.18;11:59.1;12:01.2;2.1;tvr;rejected;manual;no;no;;;Howard sits the stuffed animal on the dresser.
tbbt_s09e12_d20160;20160;s09e12;dev;tbbt_s09e12.mp4;s09e12_seg02_clip_10;15.2;29.77;743.66;758.24;741.72;754.42;12:21.7;12:34.4;12.7;tvr;accepted;;yes;yes;;;Howard sits on the bed with cleaning accessories on it, and Bernadette places her head on his shoulder.
tbbt_s09e12_d20163;20163;s09e12;dev;tbbt_s09e12.mp4;s09e12_seg02_clip_10;16.13;18.61;744.6;747.08;744.6;747.08;12:24.6;12:27.1;2.48;tvr;rejected;manual;no;no;;;Howard sits on the bed right next to Barnadette.
tbbt_s09e12_d20161;20161;s09e12;dev;tbbt_s09e12.mp4;s09e12_seg02_clip_10;33.81;42.49;762.27;770.96;762.27;770.96;12:42.3;12:51.0;8.69;tvr;rejected;manual;no;no;;;As Sheldon and Raj enter the apartment Sheldon tosses his key in the bowl and shuts the door.
tbbt_s09e12_d20164;20164;s09e12;dev;tbbt_s09e12.mp4;s09e12_seg02_clip_10;34.74;38.77;763.21;767.24;763.21;767.24;12:43.2;12:47.2;4.03;tvr;rejected;manual;no;no;;;Raj and Sheldon comes back from outside and enters from the door while carrying bags on their shoulder.
tbbt_s09e12_d20162;20162;s09e12;dev;tbbt_s09e12.mp4;s09e12_seg02_clip_10;58.31;62.03;786.77;790.5;786.77;790.5;13:06.8;13:10.5;3.73;tvr;rejected;manual;no;no;;;Leonard enters the room as Sheldon puts hid satchel down.
tbbt_s09e12_d20155;20155;s09e12;dev;tbbt_s09e12.mp4;s09e12_seg02_clip_11;0.0;2.61;790.28;792.89;790.28;792.89;13:10.3;13:12.9;2.61;tvr;rejected;manual;no;no;;;Leonard walks over and open the fridge door.
tbbt_s09e12_d20156;20156;s09e12;dev;tbbt_s09e12.mp4;s09e12_seg02_clip_11;19.15;24.95;809.43;815.23;807.18;813.66;13:27.2;13:33.7;6.48;tvr;accepted;;yes;yes;;;Leonard, in a grey jacket, opens his water bottle and takes a sip before putting the cap back on, while sitting on the armchair in the living room.
tbbt_s09e12_d20157;20157;s09e12;dev;tbbt_s09e12.mp4;s09e12_seg02_clip_11;26.4;30.75;816.68;821.03;816.3;818.65;13:36.3;13:38.6;2.35;tvr;accepted;;yes;yes;;;Sheldon, in a black shirt, reaches over to put his hand on Raj's shoulder, while sitting next to each other on the couch.
tbbt_s09e12_d20170;20170;s09e12;dev;tbbt_s09e12.mp4;s09e12_seg02_clip_12;17.41;18.31;865.69;866.59;873.06;875.33;14:33.1;14:35.3;2.27;tvr;accepted;;yes;yes;;;Penny laughs when reading a pharmaceutical brochure to a woman in maroon turtleneck with glasses.
tbbt_s09e12_d20172;20172;s09e12;dev;tbbt_s09e12.mp4;s09e12_seg02_clip_12;34.22;38.72;882.5;887.0;880.7;887.08;14:40.7;14:47.1;6.38;tvr;accepted;;yes;yes;;;A woman in maroon turtleneck, leans forward on her desk, clasping her hands.
tbbt_s09e12_d20171;20171;s09e12;dev;tbbt_s09e12.mp4;s09e12_seg02_clip_12;45.92;48.92;894.2;897.2;888.67;896.2;14:48.7;14:56.2;7.53;tvr;accepted;;yes;yes;;;Penny slides a brochure across the desk to a woman in maroon turtleneck.
tbbt_s09e12_d20166;20166;s09e12;dev;tbbt_s09e12.mp4;s09e12_seg02_clip_13;0.0;3.0;908.46;911.46;893.33;898.62;14:53.3;14:58.6;5.29;tvr;accepted;;yes;yes;;;A woman in maroon turtleneck, moves brochure away and looks straightforward with both hands close together on the desk.
tbbt_s09e12_d20165;20165;s09e12;dev;tbbt_s09e12.mp4;s09e12_seg02_clip_13;4.8;9.3;913.26;917.76;910.87;915.22;15:10.9;15:15.2;4.35;tvr;accepted;;yes;yes;;;A woman in maroon turtleneck, keeps her left hand close to her chin while gesturing to Penny.
tbbt_s09e12_d20167;20167;s09e12;dev;tbbt_s09e12.mp4;s09e12_seg02_clip_13;11.1;15.31;919.56;923.77;919.56;923.77;15:19.6;15:23.8;4.21;tvr;rejected;manual;no;no;;;Penny extends her left index finger while speaking.
tbbt_s09e12_d20168;20168;s09e12;dev;tbbt_s09e12.mp4;s09e12_seg02_clip_13;20.71;25.81;929.17;934.27;929.17;934.27;15:29.2;15:34.3;5.1;tvr;rejected;manual;no;no;;;Sheldon and Amy are talking seriously via internet.
tbbt_s09e12_d20180;20180;s09e12;dev;tbbt_s09e12.mp4;s09e12_seg02_clip_14;2.14;4.88;970.46;973.2;970.46;973.2;16:10.5;16:13.2;2.74;tvr;rejected;manual;no;no;;;Amy talks via webcam from a hotel room.
tbbt_s09e12_d20181;20181;s09e12;dev;tbbt_s09e12.mp4;s09e12_seg02_clip_14;8.85;14.04;977.17;982.36;973.71;979.46;16:13.7;16:19.5;5.75;tvr;accepted;;yes;yes;;;Penny sits on a couch while talking to a woman in maroon turtleneck.
tbbt_s09e12_d20183;20183;s09e12;dev;tbbt_s09e12.mp4;s09e12_seg02_clip_14;12.51;15.87;980.83;984.19;979.55;981.73;16:19.5;16:21.7;2.18;tvr;accepted;;yes;yes;;;Penny places her hands on a couch and then goes from a seated to a lying position, in front of a woman in maroon turtleneck.
tbbt_s09e12_d20182;20182;s09e12;dev;tbbt_s09e12.mp4;s09e12_seg02_clip_14;56.15;59.5;1024.47;1027.82;1024.47;1027.82;17:04.5;17:07.8;3.35;tvr;rejected;manual;no;no;;;Penny sits up on a couch while she talks with Dr. Gallo.
tbbt_s09e12_d20184;20184;s09e12;dev;tbbt_s09e12.mp4;s09e12_seg02_clip_14;50.35;58.59;1018.67;1026.91;1027.64;1035.45;17:07.6;17:15.5;7.81;tvr;accepted;;yes;yes;;;A woman in maroon turtleneck, raises her pen and then writes something down.
tbbt_s09e12_d20179;20179;s09e12;dev;tbbt_s09e12.mp4;s09e12_seg02_clip_15;6.5;13.26;1035.99;1042.75;1032.61;1040.35;17:12.6;17:20.3;7.74;tvr;accepted;;yes;no;;;Penny starts to lay back on the couch in the therapist's office, but jumps back up and then lays down again.
tbbt_s09e12_d20175;20175;s09e12;dev;tbbt_s09e12.mp4;s09e12_seg02_clip_15;11.01;13.76;1040.5;1043.25;1040.5;1043.25;17:20.5;17:23.2;2.75;tvr;rejected;manual;no;no;;;Penny lays down on the couch in her therapists office.
tbbt_s09e12_d20176;20176;s09e12;dev;tbbt_s09e12.mp4;s09e12_seg02_clip_15;23.26;31.01;1052.75;1060.5;1050.14;1063.62;17:30.1;17:43.6;13.48;tvr;accepted;;yes;no;;;Leonard excitedly talks to a bunch of young girls as he jumps rope with them.
tbbt_s09e12_d20177;20177;s09e12;dev;tbbt_s09e12.mp4;s09e12_seg02_clip_15;44.02;50.02;1073.51;1079.51;1068.09;1080.87;17:48.1;18:00.9;12.78;tvr;accepted;;yes;no;;;Stuart stares at Bernadette and Howard laying in bed in the dark.
tbbt_s01e01_d97650;97650;s01e01;test;tbbt_s01e01.mp4;s01e01_seg01_clip_00;3.36;14.95;3.36;14.95;3.36;14.95;0:03.4;0:14.9;11.59;tvr;rejected;manual;no;no;;;Sheldon and Leonard walk down a hallway talking and stop to continuing talking at a door.
tbbt_s01e01_d97653;97653;s01e01;test;tbbt_s01e01.mp4;s01e01_seg01_clip_00;15.56;18.92;15.56;18.92;15.56;18.92;0:15.6;0:18.9;3.36;tvr;rejected;manual;no;no;;;Leonard opens the door to a doctor's reception area.
tbbt_s01e01_d97651;97651;s01e01;test;tbbt_s01e01.mp4;s01e01_seg01_clip_00;16.17;22.58;16.17;22.58;16.7;24.86;0:16.7;0:24.9;8.16;tvr;accepted;;yes;yes;;;Leonard and Sheldon walk into an doctor's office with maroon upholstered chairs and Sheldon shuts the door behind him.
tbbt_s01e01_d97652;97652;s01e01;test;tbbt_s01e01.mp4;s01e01_seg01_clip_00;22.28;31.73;22.28;31.73;23.62;32.84;0:23.6;0:32.8;9.22;tvr;accepted;;yes;yes;;;Leonard walks over to the nurse's desk and leans over to see what she's reading.
tbbt_s01e01_d55211;55211;s01e01;test;tbbt_s01e01.mp4;s01e01_seg01_clip_01;5.67;7.56;66.67;68.56;66.67;75.66;1:06.7;1:15.7;8.99;tvr;accepted;;yes;yes;;;The doctor at the desk hands Leonard a clipboard and pen, then gets back to reading a paper.
tbbt_s01e01_d55213;55213;s01e01;test;tbbt_s01e01.mp4;s01e01_seg01_clip_01;6.62;8.19;67.62;69.19;67.62;69.19;1:07.6;1:09.2;1.57;tvr;rejected;manual;no;no;;;The receptionist hands Leonard a clipboard and a pen.
tbbt_s01e01_d55210;55210;s01e01;test;tbbt_s01e01.mp4;s01e01_seg01_clip_01;10.08;15.44;71.08;76.44;71.08;76.44;1:11.1;1:16.4;5.36;tvr;rejected;manual;no;no;;;Doctor sits at the desk reading the newspaper.
tbbt_s01e01_d55212;55212;s01e01;test;tbbt_s01e01.mp4;s01e01_seg01_clip_01;15.76;24.27;76.76;85.27;76.76;85.27;1:16.8;1:25.3;8.51;tvr;rejected;manual;no;no;;;Sheldon and Leonard sitting in office chairs filling out paperwork on a clipboard.
tbbt_s01e01_d55214;55214;s01e01;test;tbbt_s01e01.mp4;s01e01_seg01_clip_01;16.07;63.03;77.07;124.03;81.33;84.22;1:21.3;1:24.2;2.89;tvr;accepted;;yes;yes;;;Sheldon and Leonard are sitting in the waiting room with clipboards as Leonard adjusts his glasses.
tbbt_s01e01_d86435;86435;s01e01;test;tbbt_s01e01.mp4;s01e01_seg01_clip_02;0.0;18.86;124.0;142.86;124.0;142.86;2:04.0;2:22.9;18.86;tvr;rejected;too_long;no;no;;;Sheldon and Leonard sit in a waiting room having a conversation.
tbbt_s01e01_d86436;86436;s01e01;test;tbbt_s01e01.mp4;s01e01_seg01_clip_02;20.31;31.33;144.31;155.33;144.31;155.33;2:24.3;2:35.3;11.02;tvr;accepted;;no;yes;;;Sheldon and Leonard stand up from maroon upholstered chairs and walk to the door to leave.
tbbt_s01e01_d86437;86437;s01e01;test;tbbt_s01e01.mp4;s01e01_seg01_clip_02;33.65;58.03;157.65;182.03;158.71;169.14;2:38.7;2:49.1;10.43;tvr;accepted;;yes;yes;;;Leonard walks up the stairs holding a brown bag and talking to Sheldon, who is wearing plaid pants, walking by water jugs near the doors.
tbbt_s01e01_d86433;86433;s01e01;test;tbbt_s01e01.mp4;s01e01_seg01_clip_03;0.0;6.2;182.0;188.2;182.0;188.2;3:02.0;3:08.2;6.2;tvr;rejected;manual;no;no;;;Leonard and Sheldon walk up a staircase in an apartment building.
tbbt_s01e01_d86430;86430;s01e01;test;tbbt_s01e01.mp4;s01e01_seg01_clip_03;4.43;20.95;186.43;202.95;186.43;202.95;3:06.4;3:22.9;16.52;tvr;rejected;too_long;no;no;;;Leonard stares at Penny through her open door while she is not looking.
tbbt_s01e01_d86431;86431;s01e01;test;tbbt_s01e01.mp4;s01e01_seg01_clip_03;20.66;23.91;202.66;205.91;202.66;205.91;3:22.7;3:25.9;3.25;tvr;accepted;;no;no;;;Penny catches Leonard and Sheldon staring at her from the hallway.
tbbt_s01e01_d86432;86432;s01e01;test;tbbt_s01e01.mp4;s01e01_seg01_clip_03;43.68;46.63;225.68;228.63;225.68;229.84;3:45.7;3:49.8;4.16;tvr;accepted;;yes;yes;;;Penny, in a blue shirt, walks across the room to her opened door where Leonard and Sheldon stand.
tbbt_s01e01_d86445;86445;s01e01;test;tbbt_s01e01.mp4;s01e01_seg01_clip_04;0.0;9.0;241.0;250.0;241.0;250.0;4:01.0;4:10.0;9.0;tvr;rejected;manual;no;no;;;Penny stands at her front door talking to Leonard and Sheldon and then closes the door on them.
tbbt_s01e01_d86448;86448;s01e01;test;tbbt_s01e01.mp4;s01e01_seg01_clip_04;6.3;8.7;247.3;249.7;247.3;249.7;4:07.3;4:09.7;2.4;tvr;rejected;manual;no;no;;;Penny closes the door in Leonard and Sheldon's faces.
tbbt_s01e01_d86446;86446;s01e01;test;tbbt_s01e01.mp4;s01e01_seg01_clip_04;10.5;15.61;251.5;256.61;251.5;256.61;4:11.5;4:16.6;5.11;tvr;accepted;;no;yes;;;Sheldon takes his keys out of the pocket of his plaid pants and unlocks the front door to his apartment.
tbbt_s01e01_d86447;86447;s01e01;test;tbbt_s01e01.mp4;s01e01_seg01_clip_04;22.51;57.33;263.51;298.33;263.51;270.97;4:23.5;4:31.0;7.46;tvr;accepted;;yes;yes;;;Leonard and Sheldon enter their apartment, continuing their conversation, then Sheldon waves his finger.
tbbt_s01e01_d86449;86449;s01e01;test;tbbt_s01e01.mp4;s01e01_seg01_clip_04;23.41;27.91;264.41;268.91;264.41;268.91;4:24.4;4:28.9;4.5;tvr;rejected;manual;no;no;;;Sheldon sits his computer bag down in the chair.
tbbt_s01e01_d86440;86440;s01e01;test;tbbt_s01e01.mp4;s01e01_seg01_clip_05;3.92;5.32;304.92;306.32;304.92;307.04;5:04.9;5:07.0;2.12;tvr;accepted;;yes;yes;;;Leonard knocks on an apartment door, with an ironing board leaning against the wall by the door, while Sheldon stands behind him.
tbbt_s01e01_d86443;86443;s01e01;test;tbbt_s01e01.mp4;s01e01_seg01_clip_05;4.48;8.68;305.48;309.68;305.48;309.68;5:05.5;5:09.7;4.2;tvr;rejected;manual;no;no;;;Leonard knocks on Penny's door and she answer it.
tbbt_s01e01_d86441;86441;s01e01;test;tbbt_s01e01.mp4;s01e01_seg01_clip_05;16.25;40.06;317.25;341.06;317.25;320.79;5:17.2;5:20.8;3.54;tvr;accepted;;yes;yes;;;Leonard holds up a paper bag while talking to Penny, who is wearing a blue shirt.
tbbt_s01e01_d86442;86442;s01e01;test;tbbt_s01e01.mp4;s01e01_seg01_clip_05;50.42;54.34;351.42;355.34;351.42;355.34;5:51.4;5:55.3;3.92;tvr;rejected;manual;no;no;;;Penny leaves her apartment and walks across the hallway.
tbbt_s01e01_d80615;80615;s01e01;test;tbbt_s01e01.mp4;s01e01_seg02_clip_00;0.0;5.19;382.0;387.19;382.0;387.19;6:22.0;6:27.2;5.19;tvr;rejected;manual;no;no;;;Sheldon and leonard enter through the apartment door.
tbbt_s01e01_d80616;80616;s01e01;test;tbbt_s01e01.mp4;s01e01_seg02_clip_00;4.88;7.63;386.88;389.63;386.88;389.63;6:26.9;6:29.6;2.75;tvr;rejected;manual;no;no;;;Leonard removes a bag from his shoulder and sets it on a desk.
tbbt_s01e01_d80617;80617;s01e01;test;tbbt_s01e01.mp4;s01e01_seg02_clip_00;12.21;15.56;394.21;397.56;394.21;399.78;6:34.2;6:39.8;5.57;tvr;accepted;;yes;yes;;;Penny in a blue shirt walks over to a white board with equations on it.
tbbt_s01e01_d80620;80620;s01e01;test;tbbt_s01e01.mp4;s01e01_seg02_clip_01;17.4;26.63;460.4;469.63;454.09;465.29;7:34.1;7:45.3;11.2;tvr;accepted;;yes;yes;;;Leonard nervously bites his fingers, looking to the side, standing behind Sheldon in a plaid pants.
tbbt_s01e01_d80621;80621;s01e01;test;tbbt_s01e01.mp4;s01e01_seg02_clip_01;21.66;39.06;464.66;482.06;464.66;482.06;7:44.7;8:02.1;17.4;tvr;rejected;too_long;no;no;;;While talking, Sheldon puts his hand on his neck, for emphasis.
tbbt_s01e01_d80622;80622;s01e01;test;tbbt_s01e01.mp4;s01e01_seg02_clip_01;55.04;68.54;498.04;511.54;503.6;512.45;8:23.6;8:32.5;8.85;tvr;accepted;;yes;yes;;;Sheldon in a plaid pants, walks over to his desk and spins around completely.
tbbt_s01e01_d80605;80605;s01e01;test;tbbt_s01e01.mp4;s01e01_seg02_clip_02;0.0;2.21;514.0;516.21;514.0;516.21;8:34.0;8:36.2;2.21;tvr;rejected;manual;no;no;;;Sheldon sits down on the couch next to Penny after Leonard yells at him.
tbbt_s01e01_d80609;80609;s01e01;test;tbbt_s01e01.mp4;s01e01_seg02_clip_02;5.39;6.86;519.39;520.86;519.39;520.86;8:39.4;8:40.9;1.47;tvr;rejected;manual;no;no;;;Leonard grabs his food from the table in the living room.
tbbt_s01e01_d80607;80607;s01e01;test;tbbt_s01e01.mp4;s01e01_seg02_clip_02;14.95;27.94;528.95;541.94;528.95;541.94;8:49.0;9:01.9;12.99;tvr;rejected;manual;no;no;;;Sheldon and Leonard tell Penny about Klingon Boggle as they are sitting in the living room.
tbbt_s01e01_d80606;80606;s01e01;test;tbbt_s01e01.mp4;s01e01_seg02_clip_02;17.89;22.8;531.89;536.8;531.89;536.8;8:51.9;8:56.8;4.91;tvr;rejected;manual;no;no;;;Penny, Sheldon, and Leonard are all sitting in the living room holding plates of food.
tbbt_s01e01_d80610;80610;s01e01;test;tbbt_s01e01.mp4;s01e01_seg02_clip_03;0.0;2.84;563.0;565.84;563.0;565.84;9:23.0;9:25.8;2.84;tvr;rejected;manual;no;no;;;Sheldon is sitting on the sofa eating out of a foil tray.
tbbt_s01e01_d80611;80611;s01e01;test;tbbt_s01e01.mp4;s01e01_seg02_clip_03;7.56;9.77;570.56;572.77;570.56;573.93;9:30.6;9:33.9;3.37;tvr;accepted;;yes;yes;;;Penny in blue shirt, put her hand on the sofa near Sheldon.
tbbt_s01e01_d80613;80613;s01e01;test;tbbt_s01e01.mp4;s01e01_seg02_clip_03;28.05;29.94;591.05;592.94;591.05;593.95;9:51.0;9:54.0;2.9;tvr;accepted;;yes;yes;;;Leonard in green hoodie and brown jacket, is sitting in the armchair while shaking his head and looking up.
tbbt_s01e01_d80614;80614;s01e01;test;tbbt_s01e01.mp4;s01e01_seg02_clip_03;59.88;60.51;622.88;623.51;622.88;623.51;10:22.9;10:23.5;0.63;tvr;rejected;too_short;no;no;;;Leonard is sitting in the armchair while covering his mouth with his left hand.
tbbt_s01e01_d80612;80612;s01e01;test;tbbt_s01e01.mp4;s01e01_seg02_clip_03;59.25;63.03;622.25;626.03;622.9;624.55;10:22.9;10:24.5;1.65;tvr;accepted;;yes;yes;;;Leonard puts his hand on his mouth and shake his head as he sits in the armchair.
tbbt_s01e01_d80595;80595;s01e01;test;tbbt_s01e01.mp4;s01e01_seg02_clip_04;13.69;20.24;639.69;646.24;639.69;647.89;10:39.7;10:47.9;8.2;tvr;accepted;;yes;yes;;;Penny in blue shirt, puts her hands in her face and starts to cry.
tbbt_s01e01_d80598;80598;s01e01;test;tbbt_s01e01.mp4;s01e01_seg02_clip_04;14.26;25.95;640.26;651.95;640.26;651.95;10:40.3;10:52.0;11.69;tvr;rejected;manual;no;no;;;When Penny suddenly starts crying, Sheldon and Leonard are confused and don't know what's going on.
tbbt_s01e01_d80596;80596;s01e01;test;tbbt_s01e01.mp4;s01e01_seg02_clip_04;36.5;41.06;662.5;667.06;662.5;668.17;11:02.5;11:08.2;5.67;tvr;accepted;;yes;yes;;;Sheldon in plaid pants, slides to his spot on the couch after Penny gets up.
tbbt_s01e01_d80599;80599;s01e01;test;tbbt_s01e01.mp4;s01e01_seg02_clip_04;36.5;43.34;662.5;669.34;669.55;676.53;11:09.5;11:16.5;6.98;tvr;accepted;;yes;yes;;;Penny in blue shirt, stands in the kitchen and takes a paper towel, while Leonard from armchair leans over to Sheldon.
tbbt_s01e01_d80597;80597;s01e01;test;tbbt_s01e01.mp4;s01e01_seg02_clip_04;47.62;51.89;673.62;677.89;673.62;677.89;11:13.6;11:17.9;4.27;tvr;rejected;manual;no;no;;;Penny has a paper towel in her hand as she is speaking to Leonard and Sheldon.
tbbt_s01e01_d80603;80603;s01e01;test;tbbt_s01e01.mp4;s01e01_seg02_clip_05;7.88;13.55;690.88;696.55;690.88;696.55;11:30.9;11:36.5;5.67;tvr;rejected;manual;no;no;;;Sheldon stands up and goes over to Penny.
tbbt_s01e01_d80600;80600;s01e01;test;tbbt_s01e01.mp4;s01e01_seg02_clip_05;8.82;13.87;691.82;696.87;714.61;717.87;11:54.6;11:57.9;3.26;tvr;accepted;;yes;yes;;;Penny, holding a paper towel, adjusts her bangs and wipes a tear from under her eye.
tbbt_s01e01_d80601;80601;s01e01;test;tbbt_s01e01.mp4;s01e01_seg02_clip_05;50.11;54.21;733.11;737.21;733.11;737.21;12:13.1;12:17.2;4.1;tvr;rejected;manual;no;no;;;Penny walks down the hallway to the bathroom.
tbbt_s01e01_d80602;80602;s01e01;test;tbbt_s01e01.mp4;s01e01_seg02_clip_05;59.25;63.03;742.25;746.03;742.25;746.03;12:22.2;12:26.0;3.78;tvr;rejected;manual;no;no;;;Sheldon sets his food container and fork on the coffee table before standing and walking away.
tbbt_s01e01_d80604;80604;s01e01;test;tbbt_s01e01.mp4;s01e01_seg02_clip_05;59.25;61.14;742.25;744.14;742.25;744.14;12:22.2;12:24.1;1.89;tvr;rejected;manual;no;no;;;Sheldon puts his container of food on the coffee table.
tbbt_s01e01_d80585;80585;s01e01;test;tbbt_s01e01.mp4;s01e01_seg02_clip_06;0.58;6.09;746.58;752.09;746.58;752.09;12:26.6;12:32.1;5.51;tvr;rejected;manual;no;no;;;Sheldon walks across the living room to the kitchen and opens the refrigerator door.
tbbt_s01e01_d80588;80588;s01e01;test;tbbt_s01e01.mp4;s01e01_seg02_clip_06;3.77;13.06;749.77;759.06;755.26;760.74;12:35.3;12:40.7;5.48;tvr;accepted;;yes;yes;;;Leonard joins Sheldon in the kitchen while Sheldon grabs a couple of orange bottles from the fridge.
tbbt_s01e01_d80586;80586;s01e01;test;tbbt_s01e01.mp4;s01e01_seg02_clip_06;9.57;19.15;755.57;765.15;769.58;782.94;12:49.6;13:02.9;13.36;tvr;accepted;;yes;yes;;;Sheldon in plaid pants, open two bottles on the kitchen island.
tbbt_s01e01_d80589;80589;s01e01;test;tbbt_s01e01.mp4;s01e01_seg02_clip_06;45.55;52.51;791.55;798.51;791.55;798.51;13:11.5;13:18.5;6.96;tvr;rejected;manual;no;no;;;Sheldon walks over to the couch and sits down with his beer.
tbbt_s01e01_d80587;80587;s01e01;test;tbbt_s01e01.mp4;s01e01_seg02_clip_06;45.26;57.73;791.26;803.73;791.94;799.46;13:11.9;13:19.5;7.52;tvr;accepted;;yes;yes;;;Leonard and Sheldon grab bottles from the kitchen island, then Sheldon sits on the couch while Leonard leans against the wall, still talking.
tbbt_s01e01_d80591;80591;s01e01;test;tbbt_s01e01.mp4;s01e01_seg02_clip_07;13.58;23.32;817.58;827.32;817.58;826.03;13:37.6;13:46.0;8.45;tvr;accepted;;yes;yes;;;Leonard walks to the door, lets in Howard holding a CD and Raj, who is wearing a red hat.
tbbt_s01e01_d80594;80594;s01e01;test;tbbt_s01e01.mp4;s01e01_seg02_clip_07;13.87;18.0;817.87;822.0;817.87;822.0;13:37.9;13:42.0;4.13;tvr;rejected;manual;no;no;;;Leonard opens the door and find Howard and Raj on the other side.
tbbt_s01e01_d80590;80590;s01e01;test;tbbt_s01e01.mp4;s01e01_seg02_clip_07;27.74;31.28;831.74;835.28;831.74;836.23;13:51.7;13:56.2;4.49;tvr;accepted;;yes;yes;;;Howard, in a red shirt, raises his hand then quickly moves his middle finger up and down on his lips.
tbbt_s01e01_d80592;80592;s01e01;test;tbbt_s01e01.mp4;s01e01_seg02_clip_07;34.83;36.6;838.83;840.6;837.87;839.85;13:57.9;13:59.9;1.98;tvr;accepted;;yes;yes;;;Sheldon, in a plaid pants, hands Raj, who is wearing a red hat, a bottle of water.
tbbt_s01e01_d3020;3020;s01e01;test;tbbt_s01e01.mp4;s01e01_seg02_clip_08;5.1;9.0;868.1;872.0;869.44;876.11;14:29.4;14:36.1;6.67;tvr;accepted;;yes;yes;;;Penny runs out of the bathroom into the living room, where Raj, Howard, Leonard and Sheldon are, wearing only a purple towel.
tbbt_s01e01_d3021;3021;s01e01;test;tbbt_s01e01.mp4;s01e01_seg02_clip_08;34.22;37.22;897.22;900.22;897.22;900.22;14:57.2;15:00.2;3.0;tvr;rejected;manual;no;no;;;Leonard looks back behind him and glares at Howard as he's walking.
tbbt_s01e01_d3022;3022;s01e01;test;tbbt_s01e01.mp4;s01e01_seg02_clip_08;54.02;57.03;917.02;920.03;917.02;921.35;15:17.0;15:21.4;4.33;tvr;accepted;;yes;no;;;Penny pulls back the shower curtain and climbs inside of the shower.
tbbt_s01e01_d38400;38400;s01e01;test;tbbt_s01e01.mp4;s01e01_seg02_clip_10;45.75;58.44;1029.75;1042.44;1029.75;1042.44;17:09.8;17:22.4;12.69;tvr;rejected;manual;no;no;;;Penny sits on the same couch as Raj and starts speaking to him.
tbbt_s01e01_d38402;38402;s01e01;test;tbbt_s01e01.mp4;s01e01_seg02_clip_10;51.35;58.73;1035.35;1042.73;1035.35;1042.73;17:15.3;17:22.7;7.38;tvr;rejected;manual;no;no;;;Raj puts a spoonful of food in his mouth and starts chewing.
tbbt_s01e01_d38401;38401;s01e01;test;tbbt_s01e01.mp4;s01e01_seg02_clip_10;58.44;59.03;1042.44;1043.03;1043.78;1047.4;17:23.8;17:27.4;3.62;tvr;accepted;;yes;yes;;;Howard walks into the living room carrying two juice boxes with straws.
tbbt_s01e01_d38395;38395;s01e01;test;tbbt_s01e01.mp4;s01e01_seg02_clip_11;1.22;3.05;1044.22;1046.05;1044.22;1046.05;17:24.2;17:26.0;1.83;tvr;rejected;manual;no;no;;;Howard sits down on the arm of the chair while he is holding two juice boxes.
tbbt_s01e01_d38396;38396;s01e01;test;tbbt_s01e01.mp4;s01e01_seg02_clip_11;28.38;30.21;1071.38;1073.21;1071.38;1074.58;17:51.4;17:54.6;3.2;tvr;accepted;;yes;yes;;;Leonard grabs Sheldon, who is wearing a plaid pants, by the arm as he tries to walk away from the entrance to the building.
tbbt_s01e01_d38397;38397;s01e01;test;tbbt_s01e01.mp4;s01e01_seg02_clip_11;54.01;57.67;1097.01;1100.67;1097.01;1102.07;18:17.0;18:22.1;5.06;tvr;accepted;;yes;no;;;Leonard shakes the doors to the apartment building with both hands.
tbbt_s01e01_d38410;38410;s01e01;test;tbbt_s01e01.mp4;s01e01_seg02_clip_12;5.1;13.51;1109.1;1117.51;1109.1;1118.72;18:29.1;18:38.7;9.62;tvr;accepted;;yes;yes;;;Two little girls with a clipboard and a box pass Sheldon and Leonard and enter the building.
tbbt_s01e01_d38413;38413;s01e01;test;tbbt_s01e01.mp4;s01e01_seg02_clip_12;12.01;17.11;1116.01;1121.11;1116.01;1121.11;18:36.0;18:41.1;5.1;tvr;rejected;manual;no;no;;;Sheldon and Leonard follow two girls into the apartment.
tbbt_s01e01_d38412;38412;s01e01;test;tbbt_s01e01.mp4;s01e01_seg02_clip_12;15.31;17.11;1119.31;1121.11;1119.31;1121.11;18:39.3;18:41.1;1.8;tvr;rejected;manual;no;no;;;Sheldon and Leonard run through the building's open door.
tbbt_s01e01_d38411;38411;s01e01;test;tbbt_s01e01.mp4;s01e01_seg02_clip_12;49.52;60.03;1153.52;1164.03;1153.52;1164.03;19:13.5;19:24.0;10.51;tvr;rejected;manual;no;no;;;Leonard and Sheldon leave the building without their pants.
tbbt_s01e01_d38414;38414;s01e01;test;tbbt_s01e01.mp4;s01e01_seg02_clip_12;49.22;53.12;1153.22;1157.12;1153.91;1158.42;19:13.9;19:18.4;4.51;tvr;accepted;;yes;yes;;;Sheldon and Leonard exit the apartment building wearing underwear.
tbbt_s01e01_d38405;38405;s01e01;test;tbbt_s01e01.mp4;s01e01_seg02_clip_13;0.0;3.6;1164.0;1167.6;1164.0;1170.25;19:24.0;19:30.2;6.25;tvr;accepted;;yes;yes;;;Leonard puts his hands inside his jacket pockets, while walking away from building, next to Sheldon wearing underwear.
tbbt_s01e01_d38408;38408;s01e01;test;tbbt_s01e01.mp4;s01e01_seg02_clip_13;9.6;48.32;1173.6;1212.32;1173.6;1212.32;19:33.6;20:12.3;38.72;tvr;rejected;too_long;no;no;;;Leonard and Sheldon ascend several flights of stairs in their underwear.
tbbt_s01e01_d38406;38406;s01e01;test;tbbt_s01e01.mp4;s01e01_seg02_clip_13;11.41;16.21;1175.41;1180.21;1175.41;1180.21;19:35.4;19:40.2;4.8;tvr;rejected;manual;no;no;;;Leonard and Sheldon walk up the first flight of stairs.
tbbt_s01e01_d38407;38407;s01e01;test;tbbt_s01e01.mp4;s01e01_seg02_clip_13;24.01;29.41;1188.01;1193.41;1188.01;1193.41;19:48.0;19:53.4;5.4;tvr;rejected;manual;no;no;;;Leonard and Sheldon walk up the second flight of stairs.
tbbt_s01e01_d2968;2968;s01e01;test;tbbt_s01e01.mp4;s01e01_seg02_clip_14;14.46;16.53;1238.46;1240.53;1238.46;1240.53;20:38.5;20:40.5;2.07;tvr;rejected;manual;no;no;;;Raj leans in to whisper into Howard's ear as he is sitting next to him.
tbbt_s01e01_d2965;2965;s01e01;test;tbbt_s01e01.mp4;s01e01_seg02_clip_14;17.12;23.02;1241.12;1247.02;1242.74;1244.38;20:42.7;20:44.4;1.64;tvr;accepted;;yes;yes;;;Leonard and Sheldon enter the apartment in their underwear.
tbbt_s01e01_d2966;2966;s01e01;test;tbbt_s01e01.mp4;s01e01_seg02_clip_14;39.84;44.86;1263.84;1268.86;1263.84;1268.86;21:03.8;21:08.9;5.02;tvr;accepted;;no;yes;;;Penny hugs Leonard and Sheldon in their underwear.
tbbt_s01e01_d2967;2967;s01e01;test;tbbt_s01e01.mp4;s01e01_seg02_clip_14;56.66;59.03;1280.66;1283.03;1280.66;1283.03;21:20.7;21:23.0;2.37;tvr;rejected;manual;no;no;;;Sheldon and Leonard stand in the doorway watching Penny go into her apartment.
tbbt_s01e01_d38415;38415;s01e01;test;tbbt_s01e01.mp4;s01e01_seg02_clip_15;0.0;13.24;1283.0;1296.24;1283.0;1296.24;21:23.0;21:36.2;13.24;tvr;rejected;manual;no;no;;;Sheldon and Leonard stand next to each other in an open doorway as they stare into the hallway and have a conversation.
tbbt_s01e01_d38418;38418;s01e01;test;tbbt_s01e01.mp4;s01e01_seg02_clip_15;0.0;12.29;1283.0;1295.29;1283.0;1295.29;21:23.0;21:35.3;12.29;tvr;rejected;manual;no;no;;;Sheldon and Leonard have a conversation as they stand in a doorway.
tbbt_s01e01_d38416;38416;s01e01;test;tbbt_s01e01.mp4;s01e01_seg02_clip_15;19.85;23.95;1302.85;1306.95;1302.85;1307.6;21:42.8;21:47.6;4.75;tvr;accepted;;yes;yes;;;Penny sits in the back seat and shrugs her shoulders twice as they all drive in a car.
tbbt_s01e01_d38417;38417;s01e01;test;tbbt_s01e01.mp4;s01e01_seg02_clip_15;42.86;45.07;1325.86;1328.07;1325.86;1328.07;22:05.9;22:08.1;2.21;tvr;rejected;manual;no;no;;;Howard turns his head and looks out the car window as he sings.
tbbt_s01e06_d39255;39255;s01e06;test;tbbt_s01e06.mp4;s01e06_seg01_clip_00;0.0;12.51;0.0;12.51;0.0;14.29;0:00.0;0:14.3;14.29;tvr;accepted;;yes;yes;;;Howard, Leonard, Sheldon, and Raj stumble though the front door of the building, covered with blue paint over paintball suits.
tbbt_s01e06_d39258;39258;s01e06;test;tbbt_s01e06.mp4;s01e06_seg01_clip_00;2.14;10.68;2.14;10.68;2.14;10.68;0:02.1;0:10.7;8.54;tvr;rejected;manual;no;no;;;Raj, Leonard, Sheldon, and Howard walk into the apartment building wearing paintball gear covered in paint.
tbbt_s01e06_d39257;39257;s01e06;test;tbbt_s01e06.mp4;s01e06_seg01_clip_00;34.18;46.38;34.18;46.38;36.7;46.38;0:36.7;0:46.4;9.68;tvr;accepted;;yes;yes;;;A shot of Sheldon walking up the stairs with a large orange paint mark on the back of his paintball suit.
tbbt_s01e06_d39259;39259;s01e06;test;tbbt_s01e06.mp4;s01e06_seg01_clip_00;55.84;61.03;55.84;61.03;55.84;61.03;0:55.8;1:01.0;5.19;tvr;rejected;manual;no;no;;;Penny walks down the stairs and runs into the guys covered in paint.
tbbt_s01e06_d39256;39256;s01e06;test;tbbt_s01e06.mp4;s01e06_seg01_clip_00;55.23;59.5;55.23;59.5;56.76;60.82;0:56.8;1:00.8;4.06;tvr;accepted;;yes;yes;;;Penny comes down the stairs, and is saluted by Howard.
tbbt_s01e06_d39260;39260;s01e06;test;tbbt_s01e06.mp4;s01e06_seg01_clip_01;12.8;23.21;73.8;84.21;73.8;84.21;1:13.8;1:24.2;10.41;tvr;rejected;manual;no;no;;;Penny invites Leonard, Sheldon, Raj, and Howard to a party at her place.
tbbt_s01e06_d39262;39262;s01e06;test;tbbt_s01e06.mp4;s01e06_seg01_clip_01;43.21;47.21;104.21;108.21;104.21;108.21;1:44.2;1:48.2;4.0;tvr;rejected;manual;no;no;;;Howard, Raj, and Sheldon all look at Leonard silently pleading for him to accept the party invitation from Penny.
tbbt_s01e06_d39263;39263;s01e06;test;tbbt_s01e06.mp4;s01e06_seg01_clip_01;43.21;45.21;104.21;106.21;104.21;106.21;1:44.2;1:46.2;2.0;tvr;rejected;manual;no;no;;;Howard turns around from facing Penny and raises his arms towards Raj,Leonard, and Sheldon.
tbbt_s01e06_d39261;39261;s01e06;test;tbbt_s01e06.mp4;s01e06_seg01_clip_01;74.42;78.82;135.42;139.82;135.42;140.6;2:15.4;2:20.6;5.18;tvr;accepted;;yes;no;;;Penny pats Sheldon on the face before walking down the stairs at the apartments.
tbbt_s01e06_d39264;39264;s01e06;test;tbbt_s01e06.mp4;s01e06_seg01_clip_01;74.82;78.42;135.82;139.42;135.82;139.42;2:15.8;2:19.4;3.6;tvr;rejected;manual;no;no;;;Penny taps Sheldon on the face and she heads down the stairs.
tbbt_s01e06_d38095;38095;s01e06;test;tbbt_s01e06.mp4;s01e06_seg02_clip_00;11.48;22.64;172.48;183.64;172.48;183.42;2:52.5;3:03.4;10.94;tvr;accepted;;yes;yes;;;Leonard, with a happy smile, in a Flash costume, answers the door.
tbbt_s01e06_d38098;38098;s01e06;test;tbbt_s01e06.mp4;s01e06_seg02_clip_00;20.47;23.57;181.47;184.57;180.57;183.4;3:00.6;3:03.4;2.83;tvr;accepted;;yes;yes;;;Leonard touches his nose before answering the door, wearing a Flash costume.
tbbt_s01e06_d38096;38096;s01e06;test;tbbt_s01e06.mp4;s01e06_seg02_clip_00;21.09;24.81;182.09;185.81;182.09;185.81;3:02.1;3:05.8;3.72;tvr;rejected;manual;no;no;;;Leonard opens the door only to discover Howard is wearing the same costume as him.
tbbt_s01e06_d38097;38097;s01e06;test;tbbt_s01e06.mp4;s01e06_seg02_clip_00;21.09;34.43;182.09;195.43;191.97;193.58;3:12.0;3:13.6;1.61;tvr;accepted;;yes;yes;;;Two guys in Flash costumes discover a third one wearing the same costume.
tbbt_s01e06_d38099;38099;s01e06;test;tbbt_s01e06.mp4;s01e06_seg02_clip_00;33.81;35.98;194.81;196.98;194.81;196.98;3:14.8;3:17.0;2.17;tvr;accepted;;no;no;;;Raj jumps into the apartment wearing a Flash costume.
tbbt_s01e06_d38105;38105;s01e06;test;tbbt_s01e06.mp4;s01e06_seg02_clip_02;0.0;2.57;285.0;287.57;285.4;287.65;4:45.4;4:47.6;2.25;tvr;accepted;;yes;yes;;;Sheldon, in a black-and-white striped costume, opens up and smells a bottle of juice in his hands.
tbbt_s01e06_d38106;38106;s01e06;test;tbbt_s01e06.mp4;s01e06_seg02_clip_02;17.68;26.8;302.68;311.8;302.68;311.8;5:02.7;5:11.8;9.12;tvr;rejected;manual;no;no;;;Sheldon pours a juice into his glass as he speaks to Leonard.
tbbt_s01e06_d38107;38107;s01e06;test;tbbt_s01e06.mp4;s01e06_seg02_clip_02;48.19;53.32;333.19;338.32;333.19;338.32;5:33.2;5:38.3;5.13;tvr;accepted;;no;yes;;;Leonard, in a costume with a green cape, grabs a spatula from the kitchen to look at himself.
tbbt_s01e06_d38109;38109;s01e06;test;tbbt_s01e06.mp4;s01e06_seg02_clip_02;48.47;57.02;333.47;342.02;333.47;342.02;5:33.5;5:42.0;8.55;tvr;rejected;manual;no;no;;;Leonard checks out his reflection in a spatula.
tbbt_s01e06_d38103;38103;s01e06;test;tbbt_s01e06.mp4;s01e06_seg02_clip_03;0.0;8.1;342.0;350.1;342.0;350.1;5:42.0;5:50.1;8.1;tvr;rejected;manual;no;no;;;Leonard was looking at himself in the mirror he was holding.
tbbt_s01e06_d38100;38100;s01e06;test;tbbt_s01e06.mp4;s01e06_seg02_clip_03;6.0;7.5;348.0;349.5;348.0;349.5;5:48.0;5:49.5;1.5;tvr;rejected;manual;no;no;;;Leonard views himself in a hand mirror while he is in a costume.
tbbt_s01e06_d38101;38101;s01e06;test;tbbt_s01e06.mp4;s01e06_seg02_clip_03;9.0;12.01;351.0;354.01;351.0;354.01;5:51.0;5:54.0;3.01;tvr;rejected;manual;no;no;;;Leonard, Howard, Raj, and Sheldon walk up to the door of Penny's apartment while wearing costumes.
tbbt_s01e06_d38104;38104;s01e06;test;tbbt_s01e06.mp4;s01e06_seg02_clip_03;9.3;60.03;351.3;402.03;351.73;355.21;5:51.7;5:55.2;3.48;tvr;accepted;;yes;yes;;;Leonard, Raj, Sheldon, and Howard, wearing their costumes, stand as Howard knocks on the door with a skeleton on it.
tbbt_s01e06_d38102;38102;s01e06;test;tbbt_s01e06.mp4;s01e06_seg02_clip_03;17.71;21.01;359.71;363.01;361.06;366.69;6:01.1;6:06.7;5.63;tvr;accepted;;yes;yes;;;Penny opens the door for the boys as they wait outside in costume, and tucks her hair behind her ear.
tbbt_s01e06_d54545;54545;s01e06;test;tbbt_s01e06.mp4;s01e06_seg02_clip_04;0.0;4.27;402.0;406.27;382.55;391.43;6:22.6;6:31.4;8.88;tvr;accepted;;yes;yes;;;Sheldon, Leonard, Howard, and Raj enter Penny's Halloween-decorated apartment in costumes.
tbbt_s01e06_d54548;54548;s01e06;test;tbbt_s01e06.mp4;s01e06_seg02_clip_04;17.39;20.75;419.39;422.75;426.48;427.99;7:06.5;7:08.0;1.51;tvr;accepted;;yes;yes;;;Raj, in costume, smiling, raises his brown hammer.
tbbt_s01e06_d54546;54546;s01e06;test;tbbt_s01e06.mp4;s01e06_seg02_clip_04;28.38;35.09;430.38;437.09;430.88;438.99;7:10.9;7:19.0;8.11;tvr;accepted;;yes;no;;;Howard puts his foot on the coffee table and pretends to blow pixie dust.
tbbt_s01e06_d54547;54547;s01e06;test;tbbt_s01e06.mp4;s01e06_seg02_clip_04;60.11;61.03;462.11;463.03;462.11;463.03;7:42.1;7:43.0;0.92;tvr;rejected;too_short;no;no;;;Penny walks out of the room towards the bathroom.
tbbt_s01e06_d18408;18408;s01e06;test;tbbt_s01e06.mp4;s01e06_seg02_clip_05;3.0;7.8;466.0;470.8;466.0;470.8;7:46.0;7:50.8;4.8;tvr;rejected;manual;no;no;;;Sheldon and friends in their costume sit in the sofa altogether.
tbbt_s01e06_d18405;18405;s01e06;test;tbbt_s01e06.mp4;s01e06_seg02_clip_05;7.2;9.3;470.2;472.3;470.2;472.3;7:50.2;7:52.3;2.1;tvr;rejected;manual;no;no;;;Leonard crosses his ankle onto his knee as he sits on the couch between Raj and Sheldon.
tbbt_s01e06_d18406;18406;s01e06;test;tbbt_s01e06.mp4;s01e06_seg02_clip_05;13.51;18.61;476.51;481.61;476.51;485.29;7:56.5;8:05.3;8.78;tvr;accepted;;yes;yes;;;Raj, in costume, sits on the couch and shoves a snack from the bowl into his mouth.
tbbt_s01e06_d18407;18407;s01e06;test;tbbt_s01e06.mp4;s01e06_seg02_clip_05;37.82;40.52;500.82;503.52;500.82;503.52;8:20.8;8:23.5;2.7;tvr;rejected;manual;no;no;;;Penny walks across the front of the living room wearing a cat costume.
tbbt_s01e06_d54570;54570;s01e06;test;tbbt_s01e06.mp4;s01e06_seg02_clip_06;4.27;7.02;527.27;530.02;527.27;530.02;8:47.3;8:50.0;2.75;tvr;rejected;manual;no;no;;;Howard reaches for his bow and sets it in his lap.
tbbt_s01e06_d54573;54573;s01e06;test;tbbt_s01e06.mp4;s01e06_seg02_clip_06;0.0;28.68;523.0;551.68;527.71;530.89;8:47.7;8:50.9;3.18;tvr;accepted;;yes;yes;;;Howard in a costume, picks up a bow from next to his chair and sets it in his lap.
tbbt_s01e06_d54571;54571;s01e06;test;tbbt_s01e06.mp4;s01e06_seg02_clip_06;25.94;30.51;548.94;553.51;548.94;553.51;9:08.9;9:13.5;4.57;tvr;rejected;manual;no;no;;;Howard rises from his chair and walks out of scene.
tbbt_s01e06_d54574;54574;s01e06;test;tbbt_s01e06.mp4;s01e06_seg02_clip_06;31.12;61.03;554.12;584.03;562.05;567.49;9:22.0;9:27.5;5.44;tvr;accepted;;yes;yes;;;Howard talks to a girl in a nurse costume, then she touches her stethoscope.
tbbt_s01e06_d54572;54572;s01e06;test;tbbt_s01e06.mp4;s01e06_seg02_clip_06;50.04;52.18;573.04;575.18;573.04;575.8;9:33.0;9:35.8;2.76;tvr;accepted;;yes;yes;;;Howard crossed his arms while talking to a woman dressed as a nurse.
tbbt_s01e06_d38120;38120;s01e06;test;tbbt_s01e06.mp4;s01e06_seg02_clip_07;7.54;11.61;591.54;595.61;591.54;595.61;9:51.5;9:55.6;4.07;tvr;rejected;manual;no;no;;;A girl in a pink costume walks up to get something off a coffee table
tbbt_s01e06_d38121;38121;s01e06;test;tbbt_s01e06.mp4;s01e06_seg02_clip_07;33.36;36.85;617.36;620.85;617.36;620.85;10:17.4;10:20.8;3.49;tvr;rejected;manual;no;no;;;Leonard stands up to go socialize with other people
tbbt_s01e06_d38123;38123;s01e06;test;tbbt_s01e06.mp4;s01e06_seg02_clip_07;41.78;44.97;625.78;628.97;625.78;629.53;10:25.8;10:29.5;3.75;tvr;accepted;;yes;yes;;;Sheldon, in a costume, stands up from the couch at a Halloween party and touches his hips.
tbbt_s01e06_d38124;38124;s01e06;test;tbbt_s01e06.mp4;s01e06_seg02_clip_07;53.67;58.03;637.67;642.03;637.67;642.03;10:37.7;10:42.0;4.36;tvr;rejected;manual;no;no;;;Sheldon and Leonard approach a blonde woman wearing a pink costume.
tbbt_s01e06_d38060;38060;s01e06;test;tbbt_s01e06.mp4;s01e06_seg02_clip_08;0.92;2.14;642.92;644.14;642.92;644.14;10:42.9;10:44.1;1.22;tvr;rejected;too_short;no;no;;;A girl waves her hand in front of Sheldon gesturing to his costume.
tbbt_s01e06_d38122;38122;s01e06;test;tbbt_s01e06.mp4;s01e06_seg02_clip_07;54.25;58.03;638.25;642.03;643.82;645.48;10:43.8;10:45.5;1.66;tvr;accepted;;yes;yes;;;Girl wearing a pink costume with a drink in her hand makes circles with her hand in front of Sheldon's chest.
tbbt_s01e06_d38061;38061;s01e06;test;tbbt_s01e06.mp4;s01e06_seg02_clip_08;19.22;26.55;661.22;668.55;661.22;668.55;11:01.2;11:08.5;7.33;tvr;rejected;manual;no;no;;;A girl sits down on the couch next to Raj and he can't answer her.
tbbt_s01e06_d38064;38064;s01e06;test;tbbt_s01e06.mp4;s01e06_seg02_clip_08;19.53;27.46;661.53;669.46;664.46;666.19;11:04.5;11:06.2;1.73;tvr;accepted;;yes;yes;;;A girl dressed as a ladybug sits next to Raj on the sofa and turns her head to him.
tbbt_s01e06_d38062;38062;s01e06;test;tbbt_s01e06.mp4;s01e06_seg02_clip_08;55.84;60.42;697.84;702.42;697.84;702.42;11:37.8;11:42.4;4.58;tvr;rejected;manual;no;no;;;Leonard looks across the party to see Penny's sexy ex boyfriend in the doorway.
tbbt_s01e06_d38055;38055;s01e06;test;tbbt_s01e06.mp4;s01e06_seg02_clip_09;17.12;20.07;720.12;723.07;721.91;723.67;12:01.9;12:03.7;1.76;tvr;accepted;;yes;yes;;;Penny in a cat costume hugs the shirtless guy standing in front of her.
tbbt_s01e06_d38056;38056;s01e06;test;tbbt_s01e06.mp4;s01e06_seg02_clip_09;24.2;27.74;727.2;730.74;728.06;730.38;12:08.1;12:10.4;2.32;tvr;accepted;;yes;no;;;The shirtless man flirtatiously tucks a stray hair behind Penny's ear.
tbbt_s01e06_d38057;38057;s01e06;test;tbbt_s01e06.mp4;s01e06_seg02_clip_09;52.83;56.96;755.83;759.96;755.83;759.96;12:35.8;12:40.0;4.13;tvr;rejected;manual;no;no;;;Leonard places his hand briefly on Sheldon's shoulder while he's speaking.
tbbt_s01e06_d94555;94555;s01e06;test;tbbt_s01e06.mp4;s01e06_seg02_clip_10;9.46;16.48;771.46;778.48;771.46;778.48;12:51.5;12:58.5;7.02;tvr;rejected;manual;no;no;;;Leonard walks over to Penny and starts a conversation.
tbbt_s01e06_d94556;94556;s01e06;test;tbbt_s01e06.mp4;s01e06_seg02_clip_10;11.29;61.03;773.29;823.03;777.32;779.54;12:57.3;12:59.5;2.22;tvr;accepted;;yes;yes;;;Penny, in a cat costume, places her hands on her hips and moves them while standing in front of a shirtless guy.
tbbt_s01e06_d94557;94557;s01e06;test;tbbt_s01e06.mp4;s01e06_seg02_clip_10;17.39;61.03;779.39;823.03;779.39;823.03;12:59.4;13:43.0;43.64;tvr;rejected;too_long;no;no;;;Penny turns her body towards Leonard and Sheldon and speaks to them.
tbbt_s01e06_d80260;80260;s01e06;test;tbbt_s01e06.mp4;s01e06_seg02_clip_11;6.0;10.5;829.0;833.5;829.0;834.6;13:49.0;13:54.6;5.6;tvr;accepted;;yes;yes;;;The shirtless guy walks over and rubs Leonard's hair.
tbbt_s01e06_d80262;80262;s01e06;test;tbbt_s01e06.mp4;s01e06_seg02_clip_11;8.7;11.71;831.7;834.71;831.7;834.71;13:51.7;13:54.7;3.01;tvr;rejected;manual;no;no;;;A bowl of Halloween candy is on a table by the apartment door.
tbbt_s01e06_d80264;80264;s01e06;test;tbbt_s01e06.mp4;s01e06_seg02_clip_11;23.11;24.61;846.11;847.61;846.11;848.92;14:06.1;14:08.9;2.81;tvr;accepted;;yes;yes;;;Penny nudges the shirtless guy in the arm while smiling at him.
tbbt_s01e06_d80261;80261;s01e06;test;tbbt_s01e06.mp4;s01e06_seg02_clip_11;59.43;60.03;882.43;883.03;882.43;883.03;14:42.4;14:43.0;0.6;tvr;rejected;too_short;no;no;;;Sheldon licks his lips while Leonard speaks to Kurt.
tbbt_s01e06_d44940;44940;s01e06;test;tbbt_s01e06.mp4;s01e06_seg02_clip_12;20.11;26.71;903.11;909.71;903.11;909.71;15:03.1;15:09.7;6.6;tvr;rejected;manual;no;no;;;Sheldon whispers to Leonard as he is standing in front of Kurt.
tbbt_s01e06_d44941;44941;s01e06;test;tbbt_s01e06.mp4;s01e06_seg02_clip_12;32.11;36.02;915.11;919.02;915.11;919.02;15:15.1;15:19.0;3.91;tvr;rejected;manual;no;no;;;Kurt lifts Leonard as he was talking to Sheldon.
tbbt_s01e06_d44943;44943;s01e06;test;tbbt_s01e06.mp4;s01e06_seg02_clip_12;29.71;33.31;912.71;916.31;915.63;919.51;15:15.6;15:19.5;3.88;tvr;accepted;;yes;yes;;;The topless guy pick up Leonard and Leonard was shocked.
tbbt_s01e06_d44942;44942;s01e06;test;tbbt_s01e06.mp4;s01e06_seg02_clip_12;47.12;52.22;930.12;935.22;930.12;937.1;15:30.1;15:37.1;6.98;tvr;accepted;;yes;yes;;;The shirtless guy drops Leonard onto Sheldon and walks away.
tbbt_s01e06_d94550;94550;s01e06;test;tbbt_s01e06.mp4;s01e06_seg02_clip_13;12.51;17.7;955.51;960.7;955.51;960.7;15:55.5;16:00.7;5.19;tvr;rejected;manual;no;no;;;Sheldon and Leonard walk out of a Halloween party at Penny's apartment.
tbbt_s01e06_d94551;94551;s01e06;test;tbbt_s01e06.mp4;s01e06_seg02_clip_13;28.99;43.02;971.99;986.02;972.38;977.66;16:12.4;16:17.7;5.28;tvr;accepted;;yes;yes;;;Sheldon brings a drink in a mug to Leonard who is sitting on the couch in a costume.
tbbt_s01e06_d94552;94552;s01e06;test;tbbt_s01e06.mp4;s01e06_seg02_clip_13;46.38;49.43;989.38;992.43;990.59;993.66;16:30.6;16:33.7;3.07;tvr;accepted;;yes;yes;;;Sheldon pats Leonard, who is in a costume, on the back a couple of times as Leonard sits on the couch.
tbbt_s01e06_d80238;80238;s01e06;test;tbbt_s01e06.mp4;s01e06_seg02_clip_14;3.05;9.46;1007.05;1013.46;1007.05;1013.46;16:47.0;16:53.5;6.41;tvr;rejected;manual;no;no;;;Leonard looks despondant for a moment there there is a knock at the door and Penny comes in.
tbbt_s01e06_d80235;80235;s01e06;test;tbbt_s01e06.mp4;s01e06_seg02_clip_14;3.36;6.41;1007.36;1010.41;1007.36;1010.41;16:47.4;16:50.4;3.05;tvr;rejected;manual;no;no;;;Leonard puts his cup and saucer down on the coffee table.
tbbt_s01e06_d80236;80236;s01e06;test;tbbt_s01e06.mp4;s01e06_seg02_clip_14;16.17;21.05;1020.17;1025.05;1020.17;1025.05;17:00.2;17:05.0;4.88;tvr;rejected;manual;no;no;;;Penny walks into Leonard's apartment and sits down next to Leonard.
tbbt_s01e06_d80239;80239;s01e06;test;tbbt_s01e06.mp4;s01e06_seg02_clip_14;49.43;54.31;1053.43;1058.31;1053.43;1056.67;17:33.4;17:36.7;3.24;tvr;accepted;;yes;yes;;;Penny, in a cat costume, bursts into tears before burying her head in Leonard's neck
tbbt_s01e06_d80237;80237;s01e06;test;tbbt_s01e06.mp4;s01e06_seg02_clip_14;49.13;52.79;1053.13;1056.79;1055.27;1057.5;17:35.3;17:37.5;2.23;tvr;accepted;;yes;yes;;;Penny in a cat costume, puts her head on Leonard's shoulder while they are sitting on the couch.
tbbt_s01e06_d94545;94545;s01e06;test;tbbt_s01e06.mp4;s01e06_seg02_clip_15;0.0;9.69;1065.0;1074.69;1065.0;1074.69;17:45.0;17:54.7;9.69;tvr;rejected;manual;no;no;;;Penny is leaning her head on Howard's shoulder crying.
tbbt_s01e06_d94548;94548;s01e06;test;tbbt_s01e06.mp4;s01e06_seg02_clip_15;19.1;27.37;1084.1;1092.37;1084.1;1093.46;18:04.1;18:13.5;9.36;tvr;accepted;;yes;yes;;;Penny in a cat costume, kisses Leonard as they sit on the couch.
tbbt_s01e06_d94546;94546;s01e06;test;tbbt_s01e06.mp4;s01e06_seg02_clip_15;19.39;27.37;1084.39;1092.37;1084.39;1092.37;18:04.4;18:12.4;7.98;tvr;rejected;manual;no;no;;;Penny kisses Howard as she is leaning on his shoulder.
tbbt_s01e06_d94547;94547;s01e06;test;tbbt_s01e06.mp4;s01e06_seg02_clip_15;31.93;37.92;1096.93;1102.92;1096.93;1102.92;18:16.9;18:22.9;5.99;tvr;rejected;manual;no;no;;;Leonard puts his hand on Penny's shoulder as he talks to her.
tbbt_s01e06_d94549;94549;s01e06;test;tbbt_s01e06.mp4;s01e06_seg02_clip_15;54.46;57.02;1119.46;1122.02;1119.46;1122.02;18:39.5;18:42.0;2.56;tvr;rejected;manual;no;no;;;Leonard moves his right hand from Penny's shoulder.
tbbt_s01e06_d80225;80225;s01e06;test;tbbt_s01e06.mp4;s01e06_seg02_clip_16;0.0;6.41;1122.0;1128.41;1122.0;1128.41;18:42.0;18:48.4;6.41;tvr;rejected;manual;no;no;;;Penny and Leonard are sitting next to each other on the couch.
tbbt_s01e06_d80226;80226;s01e06;test;tbbt_s01e06.mp4;s01e06_seg02_clip_16;34.79;38.14;1156.79;1160.14;1156.79;1161.51;19:16.8;19:21.5;4.72;tvr;accepted;;yes;yes;;;Penny in a cat costume, kisses Leonard at the doorway of his apartment.
tbbt_s01e06_d80228;80228;s01e06;test;tbbt_s01e06.mp4;s01e06_seg02_clip_16;34.79;38.45;1156.79;1160.45;1156.79;1160.45;19:16.8;19:20.4;3.66;tvr;rejected;manual;no;no;;;Penny puts her hands on Leonard's face and kisses him.
tbbt_s01e06_d80227;80227;s01e06;test;tbbt_s01e06.mp4;s01e06_seg02_clip_16;52.79;56.15;1174.79;1178.15;1174.79;1179.49;19:34.8;19:39.5;4.7;tvr;accepted;;yes;yes;;;Leonard, in a costume, closes his front door quickly and locks his door.
tbbt_s01e06_d80229;80229;s01e06;test;tbbt_s01e06.mp4;s01e06_seg02_clip_16;53.4;56.45;1175.4;1178.45;1175.4;1178.45;19:35.4;19:38.4;3.05;tvr;rejected;manual;no;no;;;After closing a door, Leonard connects the security chain on the door frame to the door.
tbbt_s01e06_d80230;80230;s01e06;test;tbbt_s01e06.mp4;s01e06_seg02_clip_17;5.04;8.61;1188.04;1191.61;1188.04;1191.61;19:48.0;19:51.6;3.57;tvr;rejected;manual;no;no;;;Sheldon answers the door to see Howard, dressed in a Peter Pan costume.
tbbt_s01e06_d80232;80232;s01e06;test;tbbt_s01e06.mp4;s01e06_seg02_clip_17;15.13;18.28;1198.13;1201.28;1207.94;1210.75;20:07.9;20:10.8;2.81;tvr;accepted;;yes;yes;;;A shot of a brown, big hammer near the bed with a pile of clothes on the floor.
tbbt_s01e06_d80234;80234;s01e06;test;tbbt_s01e06.mp4;s01e06_seg02_clip_17;28.58;42.02;1211.58;1225.02;1211.58;1225.02;20:11.6;20:25.0;13.44;tvr;rejected;manual;no;no;;;Raj is under bed covers with a butterfly girl as she speaks to him.
tbbt_s01e06_d80231;80231;s01e06;test;tbbt_s01e06.mp4;s01e06_seg02_clip_17;25.42;27.11;1208.42;1210.11;1229.34;1233.49;20:29.3;20:33.5;4.15;tvr;accepted;;yes;yes;;;Raj and a girl lie in bed with a flowered duvet, as he puts his hands behind his head.
tbbt_s02e01_d40030;40030;s02e01;test;tbbt_s02e01.mp4;s02e01_seg01_clip_00;0.0;4.88;0.0;4.88;0.0;10.91;0:00.0;0:10.9;10.91;tvr;accepted;;yes;yes;;;Leonard and Penny are walking up some stairs and Leonard is talking to Penny while she is eating ice scream.
tbbt_s02e01_d40031;40031;s02e01;test;tbbt_s02e01.mp4;s02e01_seg01_clip_00;32.65;36.92;32.65;36.92;32.65;36.92;0:32.6;0:36.9;4.27;tvr;accepted;;no;yes;;;Leonard and Penny kiss in the hall and a camera on the wall watches them.
tbbt_s02e01_d40034;40034;s02e01;test;tbbt_s02e01.mp4;s02e01_seg01_clip_00;34.48;61.03;34.48;61.03;38.46;40.94;0:38.5;0:40.9;2.48;tvr;accepted;;yes;yes;;;A shot of Leonard kissing Penny through a camera view.
tbbt_s02e01_d40032;40032;s02e01;test;tbbt_s02e01.mp4;s02e01_seg01_clip_00;41.8;44.55;41.8;44.55;41.8;44.55;0:41.8;0:44.5;2.75;tvr;rejected;manual;no;no;;;Leonard and Penny are kissing and walking towards a camera that is on a wall .
tbbt_s02e01_d40105;40105;s02e01;test;tbbt_s02e01.mp4;s02e01_seg01_clip_01;24.72;30.82;85.72;91.82;85.72;90.23;1:25.7;1:30.2;4.51;tvr;accepted;;yes;yes;;;Penny kissed Leonard on the cheek, with ice cream in her hands, and walked towards the door.
tbbt_s02e01_d40106;40106;s02e01;test;tbbt_s02e01.mp4;s02e01_seg01_clip_01;32.65;36.31;93.65;97.31;93.65;97.31;1:33.6;1:37.3;3.66;tvr;rejected;manual;no;no;;;Leonard opened the door and entered the room. He looked at Howard and Raj angrily.
tbbt_s02e01_d40109;40109;s02e01;test;tbbt_s02e01.mp4;s02e01_seg01_clip_01;31.73;42.72;92.73;103.72;95.58;103.72;1:35.6;1:43.7;8.14;tvr;accepted;;yes;no;;;When Leonard walks in the apartment, Howard and Raj sit back on the couch and try to pretend like they weren't spying on him.
tbbt_s02e01_d40107;40107;s02e01;test;tbbt_s02e01.mp4;s02e01_seg01_clip_01;38.45;42.72;99.45;103.72;99.45;103.72;1:39.4;1:43.7;4.27;tvr;rejected;manual;no;no;;;Howard and Raj looked at Leonard surprisingly and welcomed him with the smiling face.
tbbt_s02e01_d40210;40210;s02e01;test;tbbt_s02e01.mp4;s02e01_seg01_clip_02;0.0;2.79;122.0;124.79;122.0;124.79;2:02.0;2:04.8;2.79;tvr;rejected;manual;no;no;;;Howard looks at a laptop and points his hands towards it while talking to Leonard.
tbbt_s02e01_d40213;40213;s02e01;test;tbbt_s02e01.mp4;s02e01_seg01_clip_02;8.06;13.96;130.06;135.96;130.06;135.96;2:10.1;2:16.0;5.9;tvr;rejected;manual;no;no;;;Leonard sits on the couch while talking to Raj and Howard.
tbbt_s02e01_d40211;40211;s02e01;test;tbbt_s02e01.mp4;s02e01_seg01_clip_02;10.23;18.3;132.23;140.3;132.23;140.3;2:12.2;2:20.3;8.07;tvr;rejected;manual;no;no;;;Leonard walks over and sits in a chair and makes hand gestures.
tbbt_s02e01_d40212;40212;s02e01;test;tbbt_s02e01.mp4;s02e01_seg01_clip_02;34.12;36.6;156.12;158.6;156.6;159.69;2:36.6;2:39.7;3.09;tvr;accepted;;yes;yes;;;Sheldon, in a blue plaid shirt, is sitting at his desk and puts a pencil in a pencil cup.
tbbt_s02e01_d40214;40214;s02e01;test;tbbt_s02e01.mp4;s02e01_seg01_clip_02;37.22;42.49;159.22;164.49;159.22;164.49;2:39.2;2:44.5;5.27;tvr;rejected;manual;no;no;;;Leonard stands up and walk a little towards Sheldon.
tbbt_s02e01_d30697;30697;s02e01;test;tbbt_s02e01.mp4;s02e01_seg01_clip_03;52.35;56.58;236.35;240.58;191.06;197.19;3:11.1;3:17.2;6.13;tvr;accepted;;yes;yes;;;Leonard, in a suit, takes white cards out of his pocket and shows them to Raj and Howard.
tbbt_s02e01_d30695;30695;s02e01;test;tbbt_s02e01.mp4;s02e01_seg01_clip_03;0.0;5.53;184.0;189.53;199.36;201.54;3:19.4;3:21.5;2.18;tvr;accepted;;yes;yes;;;Raj is sitting next to Howard, who is wearing a purple shirt, when they lean over to the laptop in front of them.
tbbt_s02e01_d30696;30696;s02e01;test;tbbt_s02e01.mp4;s02e01_seg01_clip_03;25.69;29.59;209.69;213.59;212.27;219.88;3:32.3;3:39.9;7.61;tvr;accepted;;yes;yes;;;Sheldon, in a blue plaid shirt, walks over to Raj and Howard, with a book in his hand.
tbbt_s02e01_d28225;28225;s02e01;test;tbbt_s02e01.mp4;s02e01_seg02_clip_00;4.27;12.21;273.27;281.21;273.32;283.42;4:33.3;4:43.4;10.1;tvr;accepted;;yes;yes;;;Sheldon, in a green shirt, folds a red shirt and places it on top of other folded shirts in a laundry room.
tbbt_s02e01_d28226;28226;s02e01;test;tbbt_s02e01.mp4;s02e01_seg02_clip_00;11.6;15.87;280.6;284.87;281.46;286.67;4:41.5;4:46.7;5.21;tvr;accepted;;yes;yes;;;Penny, in a pink shirt, walks through the door carrying a laundry basket and puts it on the laundry machine.
tbbt_s02e01_d74084;74084;s02e01;test;tbbt_s02e01.mp4;s02e01_seg02_clip_01;37.53;41.8;367.53;371.8;293.66;302.69;4:53.7;5:02.7;9.03;tvr;accepted;;yes;yes;;;Penny in pink shirt, takes the basket full of laundry and dumps it into the laundry machine.
tbbt_s02e01_d28227;28227;s02e01;test;tbbt_s02e01.mp4;s02e01_seg02_clip_00;33.26;36.01;302.26;305.01;302.31;307.02;5:02.3;5:07.0;4.71;tvr;accepted;;yes;yes;;;Penny, in a pink shirt, pours laundry detergent into the washing machine.
tbbt_s02e01_d74080;74080;s02e01;test;tbbt_s02e01.mp4;s02e01_seg02_clip_01;3.97;14.95;333.97;344.95;333.97;344.95;5:34.0;5:44.9;10.98;tvr;rejected;manual;no;no;;;Penny walks behind Sheldon over to the table then picks up some socks, folds them together and put them back down.
tbbt_s02e01_d74081;74081;s02e01;test;tbbt_s02e01.mp4;s02e01_seg02_clip_01;25.94;32.96;355.94;362.96;355.94;362.96;5:55.9;6:03.0;7.02;tvr;rejected;manual;no;no;;;Sheldon picks up the socks Penny folded and stares at them.
tbbt_s02e01_d74083;74083;s02e01;test;tbbt_s02e01.mp4;s02e01_seg02_clip_01;26.85;33.87;356.85;363.87;356.85;363.87;5:56.8;6:03.9;7.02;tvr;rejected;manual;no;no;;;Sheldon picks up the tied-together pair of socks, stares at them awkwardly, then unties them.
tbbt_s02e01_d74082;74082;s02e01;test;tbbt_s02e01.mp4;s02e01_seg02_clip_01;32.65;40.28;362.65;370.28;362.65;370.28;6:02.6;6:10.3;7.63;tvr;rejected;manual;no;no;;;Sheldon pull the socks apart and lays them on the laundry folder and folds them.
tbbt_s02e01_d91603;91603;s02e01;test;tbbt_s02e01.mp4;s02e01_seg02_clip_02;25.38;29.81;416.38;420.81;416.43;421.85;6:56.4;7:01.9;5.42;tvr;accepted;;yes;yes;;;Penny points her finger at Sheldon while Sheldon is folding a blue shirt, in a laundry room.
tbbt_s02e01_d91601;91601;s02e01;test;tbbt_s02e01.mp4;s02e01_seg02_clip_02;30.4;33.35;421.4;424.35;421.4;424.35;7:01.4;7:04.3;2.95;tvr;rejected;manual;no;no;;;Sheldon shakes a shirt out and lays it down on the table.
tbbt_s02e01_d91600;91600;s02e01;test;tbbt_s02e01.mp4;s02e01_seg02_clip_02;25.97;29.22;416.97;420.22;426.29;428.99;7:06.3;7:09.0;2.7;tvr;accepted;;yes;yes;;;Penny massages her wrists, while standing next to Sheldon at a laundry room.
tbbt_s02e01_d91602;91602;s02e01;test;tbbt_s02e01.mp4;s02e01_seg02_clip_02;38.66;44.27;429.66;435.27;429.66;435.27;7:09.7;7:15.3;5.61;tvr;rejected;manual;no;no;;;Penny walks away from Sheldon to go get the laundry basket off the washing machine.
tbbt_s02e01_d91604;91604;s02e01;test;tbbt_s02e01.mp4;s02e01_seg02_clip_02;42.5;44.56;433.5;435.56;433.5;435.56;7:13.5;7:15.6;2.06;tvr;rejected;manual;no;no;;;Penny picks a clothes basket up from on top of a washing mashine.
tbbt_s02e01_d74070;74070;s02e01;test;tbbt_s02e01.mp4;s02e01_seg02_clip_03;0.61;2.75;450.61;452.75;450.61;452.75;7:30.6;7:32.7;2.14;tvr;rejected;manual;no;no;;;Sheldon walks towards Penny as he is talking.
tbbt_s02e01_d74071;74071;s02e01;test;tbbt_s02e01.mp4;s02e01_seg02_clip_03;35.4;43.33;485.4;493.33;485.4;493.33;8:05.4;8:13.3;7.93;tvr;rejected;manual;no;no;;;Sheldon picks up a shirt and holds it as he unfolds it.
tbbt_s02e01_d74074;74074;s02e01;test;tbbt_s02e01.mp4;s02e01_seg02_clip_03;36.31;45.47;486.31;495.47;486.31;495.47;8:06.3;8:15.5;9.16;tvr;rejected;manual;no;no;;;Sheldon picks up a shirt and starts to fold it.
tbbt_s02e01_d74072;74072;s02e01;test;tbbt_s02e01.mp4;s02e01_seg02_clip_03;43.33;45.16;493.33;495.16;493.33;495.16;8:13.3;8:15.2;1.83;tvr;rejected;manual;no;no;;;Sheldon places a shirt on the table and flattens it out.
tbbt_s02e01_d91595;91595;s02e01;test;tbbt_s02e01.mp4;s02e01_seg02_clip_04;4.34;14.27;515.34;525.27;516.39;525.61;8:36.4;8:45.6;9.22;tvr;accepted;;yes;yes;;;Sheldon and Leonard walk up the stairs to their apartment landing, walking past white flowers near the apartment doors.
tbbt_s02e01_d91596;91596;s02e01;test;tbbt_s02e01.mp4;s02e01_seg02_clip_04;36.29;38.15;547.29;549.15;547.29;549.15;9:07.3;9:09.1;1.86;tvr;rejected;manual;no;no;;;Sheldon is looking at Penny then turns his head away and stares at the wall.
tbbt_s02e01_d91597;91597;s02e01;test;tbbt_s02e01.mp4;s02e01_seg02_clip_04;57.69;61.1;568.69;572.1;569.74;573.15;9:29.7;9:33.1;3.41;tvr;accepted;;no;yes;;;Sheldon, in a mint green shirt, looks panicked and quickly turns and runs upstairs away from Leonard.
tbbt_s02e01_d7735;7735;s02e01;test;tbbt_s02e01.mp4;s02e01_seg02_clip_05;0.0;7.41;573.0;580.41;573.0;580.41;9:33.0;9:40.4;7.41;tvr;rejected;manual;no;no;;;Leonard follows Sheldon up a flight of stairs.
tbbt_s02e01_d7736;7736;s02e01;test;tbbt_s02e01.mp4;s02e01_seg02_clip_05;7.41;12.26;580.41;585.26;580.41;585.26;9:40.4;9:45.3;4.85;tvr;rejected;manual;no;no;;;Sheldon walks into the room and sets down his bag.
tbbt_s02e01_d7737;7737;s02e01;test;tbbt_s02e01.mp4;s02e01_seg02_clip_05;22.52;32.5;595.52;605.5;596.57;606.55;9:56.6;10:06.5;9.98;tvr;accepted;;no;yes;;;Sheldon's eyes and mouth begin to twitch uncontrollably, while he wears a mint green shirt.
tbbt_s02e01_d74055;74055;s02e01;test;tbbt_s02e01.mp4;s02e01_seg02_clip_06;8.19;11.66;638.19;641.66;638.19;641.66;10:38.2;10:41.7;3.47;tvr;rejected;manual;no;no;;;Sheldon pulls Penny away from the table she is waiting at work.
tbbt_s02e01_d74056;74056;s02e01;test;tbbt_s02e01.mp4;s02e01_seg02_clip_06;7.88;10.08;637.88;640.08;638.93;641.81;10:38.9;10:41.8;2.88;tvr;accepted;;yes;yes;;;Sheldon, in a mint green shirt, grabs Penny at the restaurant by the arm to pull her away.
tbbt_s02e01_d74058;74058;s02e01;test;tbbt_s02e01.mp4;s02e01_seg02_clip_06;9.45;12.92;639.45;642.92;639.45;642.92;10:39.4;10:42.9;3.47;tvr;rejected;manual;no;no;;;Sheldon pulls Penny to the side and starts a conversation with her.
tbbt_s02e01_d74057;74057;s02e01;test;tbbt_s02e01.mp4;s02e01_seg02_clip_06;54.21;57.36;684.21;687.36;685.26;688.41;11:25.3;11:28.4;3.15;tvr;accepted;;no;yes;;;Sheldon, in a mint green shirt, holds up both of his index fingers to either side of his head.
tbbt_s02e01_d74100;74100;s02e01;test;tbbt_s02e01.mp4;s02e01_seg02_clip_08;37.07;39.35;790.07;792.35;790.07;792.35;13:10.1;13:12.3;2.28;tvr;rejected;manual;no;no;;;Leonard throws a pen that was in his hand elsewhere.
tbbt_s02e01_d74103;74103;s02e01;test;tbbt_s02e01.mp4;s02e01_seg02_clip_08;37.64;39.63;790.64;792.63;790.64;792.63;13:10.6;13:12.6;1.99;tvr;rejected;manual;no;no;;;Leonard throw his pen in his working table.
tbbt_s02e01_d74101;74101;s02e01;test;tbbt_s02e01.mp4;s02e01_seg02_clip_08;41.34;45.33;794.34;798.33;796.17;799.38;13:16.2;13:19.4;3.21;tvr;accepted;;yes;yes;;;Sheldon, in a mint green shirt, with a black bag on his shoulder, enters the room where Leonard is standing at the fridge.
tbbt_s02e01_d74102;74102;s02e01;test;tbbt_s02e01.mp4;s02e01_seg02_clip_08;47.62;49.04;800.62;802.04;800.62;802.04;13:20.6;13:22.0;1.42;tvr;rejected;manual;no;no;;;Leonard pulls something from out of the refrigerator.
tbbt_s02e01_d74095;74095;s02e01;test;tbbt_s02e01.mp4;s02e01_seg02_clip_09;0.0;6.71;810.0;816.71;810.0;816.71;13:30.0;13:36.7;6.71;tvr;rejected;manual;no;no;;;Howard leaves the apartment after Sheldon comes out carrying a duffel bag.
tbbt_s02e01_d74096;74096;s02e01;test;tbbt_s02e01.mp4;s02e01_seg02_clip_09;35.4;44.25;845.4;854.25;845.4;854.25;14:05.4;14:14.2;8.85;tvr;rejected;manual;no;no;;;Raj opens the door for Sheldon and they both leave the apartment.
tbbt_s02e01_d74098;74098;s02e01;test;tbbt_s02e01.mp4;s02e01_seg02_clip_09;40.58;43.64;850.58;853.64;850.58;853.64;14:10.6;14:13.6;3.06;tvr;rejected;manual;no;no;;;Raj opens the door and Sheldon drops his keys in the bowl.
tbbt_s02e01_d74097;74097;s02e01;test;tbbt_s02e01.mp4;s02e01_seg02_clip_09;50.35;53.4;860.35;863.4;861.4;865.34;14:21.4;14:25.3;3.94;tvr;accepted;;yes;yes;;;Leonard jumps onto the couch with a can in hands and lies on it.
tbbt_s02e01_d74099;74099;s02e01;test;tbbt_s02e01.mp4;s02e01_seg02_clip_09;56.15;61.03;866.15;871.03;867.2;873.4;14:27.2;14:33.4;6.2;tvr;accepted;;yes;yes;;;Sheldon, in a mint green shirt, walks towards the grey couch with a drink in his hand.
tbbt_s02e01_d85400;85400;s02e01;test;tbbt_s02e01.mp4;s02e01_seg02_clip_10;0.0;3.72;871.0;874.72;871.0;874.72;14:31.0;14:34.7;3.72;tvr;rejected;manual;no;no;;;Sheldon places a can on the coffee table and sits.
tbbt_s02e01_d85403;85403;s02e01;test;tbbt_s02e01.mp4;s02e01_seg02_clip_10;0.0;4.34;871.0;875.34;871.0;875.34;14:31.0;14:35.3;4.34;tvr;rejected;manual;no;no;;;Sheldon sits down next to Raj on the couch and puts the soda can on the coffee table.
tbbt_s02e01_d85401;85401;s02e01;test;tbbt_s02e01.mp4;s02e01_seg02_clip_10;8.37;15.51;879.37;886.51;879.37;886.51;14:39.4;14:46.5;7.14;tvr;rejected;manual;no;no;;;Raj is sitting next to Sheldon as they are conversing in his apartment.
tbbt_s02e01_d85402;85402;s02e01;test;tbbt_s02e01.mp4;s02e01_seg02_clip_10;33.81;40.94;904.81;911.94;904.81;911.94;15:04.8;15:11.9;7.13;tvr;rejected;manual;no;no;;;Sheldon and Raj are sitting on Raj's couch watching the tv.
tbbt_s02e01_d90955;90955;s02e01;test;tbbt_s02e01.mp4;s02e01_seg02_clip_11;0.0;4.56;933.0;937.56;934.05;940.03;15:34.0;15:40.0;5.98;tvr;accepted;;yes;no;;;Sheldon says something to Raj which make Raj give him a very dirty look.
tbbt_s02e01_d90956;90956;s02e01;test;tbbt_s02e01.mp4;s02e01_seg02_clip_11;14.54;20.24;947.54;953.24;948.59;955.08;15:48.6;15:55.1;6.49;tvr;accepted;;yes;yes;;;Howard in maroon pajamas, answers the door and Raj leaves Sheldon at the doorway and leaves quickly.
tbbt_s02e01_d90957;90957;s02e01;test;tbbt_s02e01.mp4;s02e01_seg02_clip_11;51.89;57.02;984.89;990.02;984.89;990.02;16:24.9;16:30.0;5.13;tvr;rejected;manual;no;no;;;Howard gets up from the bed, walks over to where Sheldon lying down and makes him get up.
tbbt_s02e01_d29615;29615;s02e01;test;tbbt_s02e01.mp4;s02e01_seg02_clip_12;0.0;14.65;990.0;1004.65;991.05;1005.77;16:31.0;16:45.8;14.72;tvr;accepted;;yes;yes;;;Sheldon stands up from the floor next to Howard, in maroon pajamas, and gets in the bed, arranging the covers and pillow comfortably.
tbbt_s02e01_d29618;29618;s02e01;test;tbbt_s02e01.mp4;s02e01_seg02_clip_12;4.27;13.73;994.27;1003.73;994.27;1003.73;16:34.3;16:43.7;9.46;tvr;rejected;manual;no;no;;;Sheldon gets into Howard's bed and lies down.
tbbt_s02e01_d29616;29616;s02e01;test;tbbt_s02e01.mp4;s02e01_seg02_clip_12;21.97;26.85;1011.97;1016.85;1011.97;1016.85;16:52.0;16:56.8;4.88;tvr;rejected;manual;no;no;;;Howard walks over to his sleeping bag and sits down, pulling the covers over his legs.
tbbt_s02e01_d29619;29619;s02e01;test;tbbt_s02e01.mp4;s02e01_seg02_clip_12;21.97;30.21;1011.97;1020.21;1013.02;1022.32;16:53.0;17:02.3;9.3;tvr;accepted;;yes;yes;;;Howard  in maroon pajamas, lies down on the blue air mattress.
tbbt_s02e01_d29617;29617;s02e01;test;tbbt_s02e01.mp4;s02e01_seg02_clip_12;58.59;61.03;1048.59;1051.03;1048.59;1051.03;17:28.6;17:31.0;2.44;tvr;rejected;manual;no;no;;;Howard rolls his shoulders left and turns his head towards Sheldon, holding that position.
tbbt_s02e01_d29620;29620;s02e01;test;tbbt_s02e01.mp4;s02e01_seg02_clip_13;25.53;27.42;1076.53;1078.42;1077.58;1080.14;17:57.6;18:00.1;2.56;tvr;accepted;;yes;no;;;Howard grabs his pillow and puts it over his face.
tbbt_s02e01_d29621;29621;s02e01;test;tbbt_s02e01.mp4;s02e01_seg02_clip_13;30.25;32.78;1081.25;1083.78;1081.25;1083.78;18:01.2;18:03.8;2.53;tvr;rejected;manual;no;no;;;Leonard answers the apartment door in his bathrobe.
tbbt_s02e01_d29622;29622;s02e01;test;tbbt_s02e01.mp4;s02e01_seg02_clip_13;55.78;57.36;1106.78;1108.36;1107.83;1110.42;18:27.8;18:30.4;2.59;tvr;accepted;;yes;yes;;;Howard in maroon pajamas, throws the bag off his shoulder and drops it on the floor in front of Leonard.
tbbt_s02e01_d29595;29595;s02e01;test;tbbt_s02e01.mp4;s02e01_seg02_clip_14;0.0;4.35;1114.0;1118.35;1115.05;1117.23;18:35.0;18:37.2;2.18;tvr;accepted;;yes;yes;;;Sheldon in green plaid pajamas, is leaning against his desk, propping himself up with one hand, and holding his hip.
tbbt_s02e01_d29596;29596;s02e01;test;tbbt_s02e01.mp4;s02e01_seg02_clip_14;9.57;16.25;1123.57;1130.25;1124.62;1135.32;18:44.6;18:55.3;10.7;tvr;accepted;;yes;yes;;;Sheldon in green plaid pajamas, slumps from the headrest of the armchair down into the chair and makes a shushing gesture.
tbbt_s02e01_d29597;29597;s02e01;test;tbbt_s02e01.mp4;s02e01_seg02_clip_14;17.7;25.53;1131.7;1139.53;1131.7;1139.53;18:51.7;18:59.5;7.83;tvr;rejected;manual;no;no;;;Leonard sits in the chair next to Sheldon to speak to him.
tbbt_s02e01_d29598;29598;s02e01;test;tbbt_s02e01.mp4;s02e01_seg02_clip_14;38.59;41.49;1152.59;1155.49;1153.64;1158.2;19:13.6;19:18.2;4.56;tvr;accepted;;yes;yes;;;Leonard, in a red robe, clenches his hands into fists and puts them up to his face out of frustration.
tbbt_s02e01_d29600;29600;s02e01;test;tbbt_s02e01.mp4;s02e01_seg02_clip_15;0.89;6.2;1172.89;1178.2;1173.94;1179.57;19:33.9;19:39.6;5.63;tvr;accepted;;yes;yes;;;Sheldon in green plaid pajamas, lifts his right hand and stares at his fingers.
tbbt_s02e01_d29601;29601;s02e01;test;tbbt_s02e01.mp4;s02e01_seg02_clip_15;19.18;31.87;1191.18;1203.87;1191.18;1203.87;19:51.2;20:03.9;12.69;tvr;rejected;manual;no;no;;;Sheldon gets out of his chair and walks behind it.
tbbt_s02e01_d29604;29604;s02e01;test;tbbt_s02e01.mp4;s02e01_seg02_clip_15;36.3;59.03;1208.3;1231.03;1208.3;1231.03;20:08.3;20:31.0;22.73;tvr;rejected;too_long;no;no;;;Leonard stands at Penny's door, and she opens it, they talk, and he hands her a paper.
tbbt_s02e01_d29602;29602;s02e01;test;tbbt_s02e01.mp4;s02e01_seg02_clip_15;55.19;57.25;1227.19;1229.25;1227.19;1229.25;20:27.2;20:29.2;2.06;tvr;rejected;manual;no;no;;;Leonard hands Penny a piece of paper and she takes it.
tbbt_s02e01_d29605;29605;s02e01;test;tbbt_s02e01.mp4;s02e01_seg02_clip_16;0.0;5.29;1231.0;1236.29;1232.05;1244.76;20:32.0;20:44.8;12.71;tvr;accepted;;yes;yes;;;Penny in a green tank top, is holding a flyer while talking to Leonard who points his finger at it.
tbbt_s02e01_d29606;29606;s02e01;test;tbbt_s02e01.mp4;s02e01_seg02_clip_16;34.75;36.82;1265.75;1267.82;1266.8;1269.54;21:06.8;21:09.5;2.74;tvr;accepted;;yes;yes;;;Penny in a green tank top, closes her apartment door in Leonard's surprised face.
tbbt_s02e01_d29607;29607;s02e01;test;tbbt_s02e01.mp4;s02e01_seg02_clip_16;40.73;46.02;1271.73;1277.02;1272.78;1280.11;21:12.8;21:20.1;7.33;tvr;accepted;;yes;yes;;;Leonard leaves Penny's apartment door to go inside his apartment and look up at the camera.
tbbt_s02e13_d77725;77725;s02e13;test;tbbt_s02e13.mp4;s02e13_seg01_clip_00;1.65;8.25;1.65;8.25;1.65;8.25;0:01.6;0:08.2;6.6;tvr;rejected;manual;no;no;;;Raj is eating out of a bowl in his hand and flinging his spoon in delight.
tbbt_s02e13_d77728;77728;s02e13;test;tbbt_s02e13.mp4;s02e13_seg01_clip_00;1.98;8.25;1.98;8.25;1.98;6.39;0:02.0;0:06.4;4.41;tvr;accepted;;yes;yes;;;Raj, in a purple sweater, is eating his food very happily, smiling and closing his eyes in delight, at the canteen.
tbbt_s02e13_d77726;77726;s02e13;test;tbbt_s02e13.mp4;s02e13_seg01_clip_00;28.39;33.02;28.39;33.02;28.39;33.02;0:28.4;0:33.0;4.63;tvr;rejected;manual;no;no;;;Howard is sitting across from Leonard as he sits in the cafeteria table.
tbbt_s02e13_d77729;77729;s02e13;test;tbbt_s02e13.mp4;s02e13_seg01_clip_00;36.32;42.59;36.32;42.59;36.32;50.59;0:36.3;0:50.6;14.27;tvr;accepted;;yes;yes;;;Sheldon is flickering his lips and twitching as he sits beside Howard, at the canteen.
tbbt_s02e13_d77727;77727;s02e13;test;tbbt_s02e13.mp4;s02e13_seg01_clip_00;46.55;50.19;46.55;50.19;46.55;50.19;0:46.5;0:50.2;3.64;tvr;rejected;manual;no;no;;;Sheldon is flickering his lips and twitching as he sits beside Howard.
tbbt_s02e13_d77720;77720;s02e13;test;tbbt_s02e13.mp4;s02e13_seg01_clip_01;0.0;6.72;66.0;72.72;61.63;68.44;1:01.6;1:08.4;6.81;tvr;accepted;;yes;yes;;;Sheldon, in a blue shirt with orange sleeves, slams down his drink as he sits at the cafeteria table.
tbbt_s02e13_d77721;77721;s02e13;test;tbbt_s02e13.mp4;s02e13_seg01_clip_01;8.96;19.89;74.96;85.89;74.96;85.89;1:15.0;1:25.9;10.93;tvr;rejected;manual;no;no;;;Kripke walks up, insults Leonard work and gives him two thumbs up.
tbbt_s02e13_d77722;77722;s02e13;test;tbbt_s02e13.mp4;s02e13_seg01_clip_01;19.33;37.82;85.33;103.82;85.33;103.82;1:25.3;1:43.8;18.49;tvr;rejected;too_long;no;no;;;Leonard slowly plays with his food looking disappointed.
tbbt_s02e13_d77724;77724;s02e13;test;tbbt_s02e13.mp4;s02e13_seg01_clip_01;42.02;44.54;108.02;110.54;108.02;110.54;1:48.0;1:50.5;2.52;tvr;rejected;manual;no;no;;;Raj makes a slang agreement gesture with his hand.
tbbt_s02e13_d77730;77730;s02e13;test;tbbt_s02e13.mp4;s02e13_seg01_clip_02;11.9;13.95;133.9;135.95;133.9;135.95;2:13.9;2:15.9;2.05;tvr;rejected;manual;no;no;;;Sheldon stands up and calls to a friend.
tbbt_s02e13_d77731;77731;s02e13;test;tbbt_s02e13.mp4;s02e13_seg01_clip_02;34.46;37.13;156.46;159.13;153.49;155.6;2:33.5;2:35.6;2.11;tvr;accepted;;yes;yes;;;Kripke, in a brown plaid shirt, licks his lips, staring into the distance with a thoughtful expression, while standing next to Sheldon in the canteen.
tbbt_s02e13_d77732;77732;s02e13;test;tbbt_s02e13.mp4;s02e13_seg01_clip_02;36.92;41.02;158.92;163.02;158.92;163.02;2:38.9;2:43.0;4.1;tvr;rejected;manual;no;no;;;Sheldon is talking to his friends that are seat at a table, he then sits down at the table with them.
tbbt_s02e13_d47836;47836;s02e13;test;tbbt_s02e13.mp4;s02e13_seg02_clip_00;2.75;26.24;187.75;211.24;193.08;204.29;3:13.1;3:24.3;11.21;tvr;accepted;;yes;yes;;;Leonard and Penny, in a yellow blouse, are sitting on the couch together while Penny clicks something on her pink laptop.
tbbt_s02e13_d47837;47837;s02e13;test;tbbt_s02e13.mp4;s02e13_seg02_clip_00;44.86;46.38;229.86;231.38;206.05;210.68;3:26.1;3:30.7;4.63;tvr;accepted;;yes;yes;;;Penny, in a yellow blouse, makes a resigned face, eyes closed, mouth wide open, then buries her face in her hands on the couch with Leonard.
tbbt_s02e13_d47839;47839;s02e13;test;tbbt_s02e13.mp4;s02e13_seg02_clip_00;27.46;30.51;212.46;215.51;212.46;215.51;3:32.5;3:35.5;3.05;tvr;rejected;manual;no;no;;;Sheldon makes a phone call while making a coffee.
tbbt_s02e13_d47835;47835;s02e13;test;tbbt_s02e13.mp4;s02e13_seg02_clip_00;26.55;34.79;211.55;219.79;212.96;221.2;3:33.0;3:41.2;8.24;tvr;accepted;;no;yes;;;Sheldon, in a blue shirt with orange sleeves, is pouring tea out of a red kettle while talking on the cell phone.
tbbt_s02e13_d47840;47840;s02e13;test;tbbt_s02e13.mp4;s02e13_seg02_clip_01;5.8;7.02;251.8;253.02;251.8;253.02;4:11.8;4:13.0;1.22;tvr;rejected;too_short;no;no;;;Penny uses one hand to close her laptop.
tbbt_s02e13_d47841;47841;s02e13;test;tbbt_s02e13.mp4;s02e13_seg02_clip_01;7.93;10.37;253.93;256.37;255.34;258.83;4:15.3;4:18.8;3.49;tvr;accepted;;yes;yes;;;Leonard uses a blue cloth napkin to wipe a spot on the coffee table, while sitting on the couch next to Penny.
tbbt_s02e13_d47842;47842;s02e13;test;tbbt_s02e13.mp4;s02e13_seg02_clip_01;55.54;59.2;301.54;305.2;301.54;305.2;5:01.5;5:05.2;3.66;tvr;rejected;manual;no;no;;;Sheldon knocks repeatedly on the door to Penny's apartment.
tbbt_s02e13_d47828;47828;s02e13;test;tbbt_s02e13.mp4;s02e13_seg02_clip_02;0.0;9.76;307.0;316.76;307.0;316.76;5:07.0;5:16.8;9.76;tvr;rejected;manual;no;no;;;Sheldon hands Penny a sheath of papers while standing at her open door and Penny begins flipping through them.
tbbt_s02e13_d47825;47825;s02e13;test;tbbt_s02e13.mp4;s02e13_seg02_clip_02;0.31;2.75;307.31;309.75;307.31;309.75;5:07.3;5:09.7;2.44;tvr;rejected;manual;no;no;;;Sheldon hands Penny a stack of papers outside her apartment door.
tbbt_s02e13_d47826;47826;s02e13;test;tbbt_s02e13.mp4;s02e13_seg02_clip_02;36.92;38.45;343.92;345.45;343.92;345.45;5:43.9;5:45.4;1.53;tvr;rejected;manual;no;no;;;Penny turns and walks into the apartment while reading the papers.
tbbt_s02e13_d47827;47827;s02e13;test;tbbt_s02e13.mp4;s02e13_seg02_clip_02;39.67;41.5;346.67;348.5;344.31;350.1;5:44.3;5:50.1;5.79;tvr;accepted;;yes;yes;;;Sheldon, in a blue and purple shirt with green sleeves, walks into Penny's apartment behind her as she's reading the papers.
tbbt_s02e13_d47832;47832;s02e13;test;tbbt_s02e13.mp4;s02e13_seg02_clip_03;0.0;8.12;368.0;376.12;369.44;379.09;6:09.4;6:19.1;9.65;tvr;accepted;;yes;yes;;;Penny, in a pink and floral blouse, is confused and annoyed about some papers she's looking at with Sheldon.
tbbt_s02e13_d47830;47830;s02e13;test;tbbt_s02e13.mp4;s02e13_seg02_clip_03;25.53;32.2;393.53;400.2;394.97;402.05;6:35.0;6:42.1;7.08;tvr;accepted;;yes;yes;;;Sheldon, in a blue and purple shirt with green sleeves, points out something on Penny's papers and walk away.
tbbt_s02e13_d47831;47831;s02e13;test;tbbt_s02e13.mp4;s02e13_seg02_clip_03;34.23;43.52;402.23;411.52;403.67;413.17;6:43.7;6:53.2;9.5;tvr;accepted;;yes;yes;;;Sheldon is working on some papers with a red marker, which makes Leonard, sitting at his computer, smirk.
tbbt_s02e13_d47815;47815;s02e13;test;tbbt_s02e13.mp4;s02e13_seg02_clip_04;2.1;7.5;428.1;433.5;428.1;433.5;7:08.1;7:13.5;5.4;tvr;rejected;manual;no;no;;;Leonard gets up from his chair and walks over to Sheldon.
tbbt_s02e13_d47816;47816;s02e13;test;tbbt_s02e13.mp4;s02e13_seg02_clip_04;3.6;5.4;429.6;431.4;429.6;431.4;7:09.6;7:11.4;1.8;tvr;rejected;manual;no;no;;;Leonard picks up some papers off of the table.
tbbt_s02e13_d47817;47817;s02e13;test;tbbt_s02e13.mp4;s02e13_seg02_clip_04;50.42;52.22;476.42;478.22;477.58;479.94;7:57.6;7:59.9;2.36;tvr;accepted;;yes;yes;;;Leonard closes the door to the fridge after taking out a bottle of water and spreads his arms wide with a bottle in his hand.
tbbt_s02e13_d47823;47823;s02e13;test;tbbt_s02e13.mp4;s02e13_seg02_clip_05;0.0;3.35;486.0;489.35;486.0;489.35;8:06.0;8:09.3;3.35;tvr;rejected;manual;no;no;;;Sheldon stops perusing through paperwork to look at Leonard with a concerned look on his face.
tbbt_s02e13_d47822;47822;s02e13;test;tbbt_s02e13.mp4;s02e13_seg02_clip_05;31.17;34.52;517.17;520.52;518.61;521.96;8:38.6;8:42.0;3.35;tvr;accepted;;no;yes;;;Sheldon, in a brown shirt with blue sleeves, takes the cap off of the red marker he is holding.
tbbt_s02e13_d47824;47824;s02e13;test;tbbt_s02e13.mp4;s02e13_seg02_clip_05;34.18;40.88;520.18;526.88;521.62;523.66;8:41.6;8:43.7;2.04;tvr;accepted;;yes;yes;;;Sheldon, in a brown shirt with blue sleeves, gets up from the couch and put down a red marker on a glass table.
tbbt_s02e13_d47820;47820;s02e13;test;tbbt_s02e13.mp4;s02e13_seg02_clip_05;38.2;41.55;524.2;527.55;524.2;527.55;8:44.2;8:47.5;3.35;tvr;rejected;manual;no;no;;;Sheldon picks up his bag while listening to Leonard talk.
tbbt_s02e13_d47821;47821;s02e13;test;tbbt_s02e13.mp4;s02e13_seg02_clip_05;48.26;50.94;534.26;536.94;534.26;536.94;8:54.3;8:56.9;2.68;tvr;rejected;manual;no;no;;;Sheldon puts his cross body bag on over his head.
tbbt_s02e13_d47805;47805;s02e13;test;tbbt_s02e13.mp4;s02e13_seg02_clip_06;0.0;16.53;553.0;569.53;565.54;570.56;9:25.5;9:30.6;5.02;tvr;accepted;;yes;yes;;;Sheldon, in a brown shirt with blue sleeves, talks to a lady in a brown sweater standing in line, and then she walks away.
tbbt_s02e13_d47806;47806;s02e13;test;tbbt_s02e13.mp4;s02e13_seg02_clip_06;37.26;41.74;590.26;594.74;590.26;594.74;9:50.3;9:54.7;4.48;tvr;rejected;manual;no;no;;;The employee points to the location of books that Sheldon wants.
tbbt_s02e13_d47807;47807;s02e13;test;tbbt_s02e13.mp4;s02e13_seg02_clip_06;48.74;54.06;601.74;607.06;601.74;607.06;10:01.7;10:07.1;5.32;tvr;rejected;manual;no;no;;;Sheldon picks up a wooden train and immediately puts it back.
tbbt_s02e13_d47809;47809;s02e13;test;tbbt_s02e13.mp4;s02e13_seg02_clip_06;50.42;56.02;603.42;609.02;603.42;609.02;10:03.4;10:09.0;5.6;tvr;rejected;manual;no;no;;;Sheldon touches a train set and walks towards the book shelf.
tbbt_s02e13_d16301;16301;s02e13;test;tbbt_s02e13.mp4;s02e13_seg02_clip_07;19.1;25.38;628.1;634.38;628.1;634.38;10:28.1;10:34.4;6.28;tvr;rejected;manual;no;no;;;Sheldon finds a book that interests him and pulls it off the shelf.
tbbt_s02e13_d16300;16300;s02e13;test;tbbt_s02e13.mp4;s02e13_seg02_clip_07;30.22;37.35;639.22;646.35;639.22;646.35;10:39.2;10:46.3;7.13;tvr;rejected;manual;no;no;;;Sheldon sits down at a kiddie table next to a little girl.
tbbt_s02e13_d16304;16304;s02e13;test;tbbt_s02e13.mp4;s02e13_seg02_clip_07;31.65;34.21;640.65;643.21;642.09;644.65;10:42.1;10:44.6;2.56;tvr;accepted;;no;yes;;;Sheldon sits down on the green chair beside the little girl wearing a pink shirt, at the bookstore.
tbbt_s02e13_d16302;16302;s02e13;test;tbbt_s02e13.mp4;s02e13_seg02_clip_07;42.48;55.03;651.48;664.03;651.48;664.03;10:51.5;11:04.0;12.55;tvr;rejected;manual;no;no;;;Sheldon looks at the little girl and says something but the little girl never looks at him.
tbbt_s02e13_d47850;47850;s02e13;test;tbbt_s02e13.mp4;s02e13_seg02_clip_08;22.51;26.11;688.51;692.11;672.85;680.82;11:12.9;11:20.8;7.97;tvr;accepted;;yes;yes;;;Leonard, with a pretzel in his hand, walks up to a small table where happy Sheldon is sitting with a little girl.
tbbt_s02e13_d47853;47853;s02e13;test;tbbt_s02e13.mp4;s02e13_seg02_clip_08;22.21;27.31;688.21;693.31;689.65;695.73;11:29.6;11:35.7;6.08;tvr;accepted;;yes;yes;;;Leonard grabs Sheldon's arm to pull him away from a small table with a little girl.
tbbt_s02e13_d47851;47851;s02e13;test;tbbt_s02e13.mp4;s02e13_seg02_clip_08;32.71;35.42;698.71;701.42;698.71;701.42;11:38.7;11:41.4;2.71;tvr;rejected;manual;no;no;;;Howard walks up the steps carrying a plastic bag with Raj and Leonard behind him.
tbbt_s02e13_d47854;47854;s02e13;test;tbbt_s02e13.mp4;s02e13_seg02_clip_08;33.61;45.62;699.61;711.62;699.61;711.62;11:39.6;11:51.6;12.01;tvr;rejected;manual;no;no;;;Leonard unlocks his door and enters his apartment, followed by Howard and Raj.
tbbt_s02e13_d47852;47852;s02e13;test;tbbt_s02e13.mp4;s02e13_seg02_clip_08;45.02;49.82;711.02;715.82;712.46;717.2;11:52.5;11:57.2;4.74;tvr;accepted;;yes;yes;;;Enthusiastic Sheldon, in a shirt with a colorful chevron pattern, points to the giant white board behind him that he has set up in the apartment.
tbbt_s02e13_d47856;47856;s02e13;test;tbbt_s02e13.mp4;s02e13_seg02_clip_09;0.64;8.32;726.64;734.32;728.08;735.76;12:08.1;12:15.8;7.68;tvr;accepted;;no;yes;;;Enthusiastic Sheldon, in a shirt with a colorful chevron pattern, walks over to his desk, picks up a book and hands it to Raj.
tbbt_s02e13_d47857;47857;s02e13;test;tbbt_s02e13.mp4;s02e13_seg02_clip_09;6.4;12.49;732.4;738.49;732.4;738.49;12:12.4;12:18.5;6.09;tvr;rejected;manual;no;no;;;Sheldon walks behind Raj, picks up his phone and begins dialing.
tbbt_s02e13_d47855;47855;s02e13;test;tbbt_s02e13.mp4;s02e13_seg02_clip_09;17.29;23.69;743.29;749.69;743.29;749.69;12:23.3;12:29.7;6.4;tvr;rejected;manual;no;no;;;Leonard and Howard are getting ready to eat lunch and Leonard hands Howard a utensil.
tbbt_s02e13_d5810;5810;s02e13;test;tbbt_s02e13.mp4;s02e13_seg02_clip_10;0.0;8.55;790.0;798.55;759.88;765.49;12:39.9;12:45.5;5.61;tvr;accepted;;yes;yes;;;Sheldon, in a shirt with a colorful chevron pattern, walks up to a whiteboard and moves his finger across it, then switches to a marker.
tbbt_s02e13_d5811;5811;s02e13;test;tbbt_s02e13.mp4;s02e13_seg02_clip_10;9.69;14.83;799.69;804.83;799.69;804.83;13:19.7;13:24.8;5.14;tvr;rejected;manual;no;no;;;Howard stands up then walks from the couch to the white board and stops.
tbbt_s02e13_d5813;5813;s02e13;test;tbbt_s02e13.mp4;s02e13_seg02_clip_10;12.55;18.25;802.55;808.25;805.84;809.69;13:25.8;13:29.7;3.85;tvr;accepted;;yes;yes;;;Howard, in orange pants, grabs an eraser and erases lines on a whiteboard.
tbbt_s02e13_d5814;5814;s02e13;test;tbbt_s02e13.mp4;s02e13_seg02_clip_10;30.51;40.77;820.51;830.77;820.51;830.77;13:40.5;13:50.8;10.26;tvr;rejected;manual;no;no;;;Sheldon pauses his phone conversation to look at what Howard is writing on a whiteboard.
tbbt_s02e13_d5812;5812;s02e13;test;tbbt_s02e13.mp4;s02e13_seg02_clip_10;47.9;49.04;837.9;839.04;837.9;839.04;13:57.9;13:59.0;1.14;tvr;rejected;too_short;no;no;;;Raj stands next to Leonard and shrugs his shoulder.
tbbt_s02e13_d5805;5805;s02e13;test;tbbt_s02e13.mp4;s02e13_seg02_clip_11;0.0;4.65;847.0;851.65;844.35;852.99;14:04.4;14:13.0;8.64;tvr;accepted;;yes;yes;;;Sheldon, in a shirt with a colorful chevron pattern, is on his phone as he moves his finger across whiteboard.
tbbt_s02e13_d5806;5806;s02e13;test;tbbt_s02e13.mp4;s02e13_seg02_clip_11;8.06;10.86;855.06;857.86;855.06;857.86;14:15.1;14:17.9;2.8;tvr;rejected;manual;no;no;;;Sheldon sits at his desk chair and starts to use his laptop.
tbbt_s02e13_d5807;5807;s02e13;test;tbbt_s02e13.mp4;s02e13_seg02_clip_11;56.45;58.62;903.45;905.62;878.81;882.05;14:38.8;14:42.0;3.24;tvr;accepted;;yes;yes;;;Barry is being clipped in by the instructor in to the rock climbing rope.
tbbt_s02e13_d33245;33245;s02e13;test;tbbt_s02e13.mp4;s02e13_seg02_clip_12;6.38;11.02;915.38;920.02;882.54;886.08;14:42.5;14:46.1;3.54;tvr;accepted;;yes;yes;;;A shot of stressed Sheldon looking up at the climbing wall from below.
tbbt_s02e13_d33248;33248;s02e13;test;tbbt_s02e13.mp4;s02e13_seg02_clip_12;6.09;11.61;915.09;920.61;916.53;922.05;15:16.5;15:22.0;5.52;tvr;accepted;;no;yes;;;Sheldon is being clipped in by the instructor to climb the wall.
tbbt_s02e13_d33246;33246;s02e13;test;tbbt_s02e13.mp4;s02e13_seg02_clip_12;22.63;41.2;931.63;950.2;929.57;938.16;15:29.6;15:38.2;8.59;tvr;accepted;;yes;yes;;;Sheldon slowly moves up the tall climbing wall.
tbbt_s02e13_d33247;33247;s02e13;test;tbbt_s02e13.mp4;s02e13_seg02_clip_12;41.49;42.94;950.49;951.94;951.93;953.38;15:51.9;15:53.4;1.45;tvr;accepted;;no;yes;;;Sheldon scared, quickly pulls himself in and hugs the climbing wall.
tbbt_s02e13_d41865;41865;s02e13;test;tbbt_s02e13.mp4;s02e13_seg02_clip_13;7.44;12.41;974.44;979.41;987.23;994.76;16:27.2;16:34.8;7.53;tvr;accepted;;yes;yes;;;Sheldon passes out on the rock wall, drops down on the rope, and hangs limply from it.
tbbt_s02e13_d41866;41866;s02e13;test;tbbt_s02e13.mp4;s02e13_seg02_clip_13;28.84;31.01;995.84;998.01;995.84;998.01;16:35.8;16:38.0;2.17;tvr;rejected;manual;no;no;;;Penny grabs some Chinese food while Leonard, Raj and Howard eat.
tbbt_s02e13_d41867;41867;s02e13;test;tbbt_s02e13.mp4;s02e13_seg02_clip_13;54.9;57.07;1021.9;1024.07;1021.9;1024.07;17:01.9;17:04.1;2.17;tvr;rejected;manual;no;no;;;Sheldon and Barry enter the apartment and Sheldon introduces him.
tbbt_s02e13_d5830;5830;s02e13;test;tbbt_s02e13.mp4;s02e13_seg02_clip_14;0.0;9.44;1029.0;1038.44;1029.0;1038.44;17:09.0;17:18.4;9.44;tvr;rejected;manual;no;no;;;Sheldon and Kripke walk into the apartment and Kripke sits down on the couch.
tbbt_s02e13_d5831;5831;s02e13;test;tbbt_s02e13.mp4;s02e13_seg02_clip_14;8.26;12.4;1037.26;1041.4;1037.26;1041.4;17:17.3;17:21.4;4.14;tvr;rejected;manual;no;no;;;Kripke sits down on the couch and begins waving his hands around.
tbbt_s02e13_d5832;5832;s02e13;test;tbbt_s02e13.mp4;s02e13_seg02_clip_14;23.32;29.51;1052.32;1058.51;1052.32;1058.51;17:32.3;17:38.5;6.19;tvr;rejected;manual;no;no;;;Kripke talks to Leonard and gets up to go into another room.
tbbt_s02e13_d5825;5825;s02e13;test;tbbt_s02e13.mp4;s02e13_seg02_clip_15;7.5;11.1;1095.5;1099.1;1095.5;1099.1;18:15.5;18:19.1;3.6;tvr;rejected;manual;no;no;;;Sheldon turns his sitting position to talk to Howard.
tbbt_s02e13_d5828;5828;s02e13;test;tbbt_s02e13.mp4;s02e13_seg02_clip_15;8.7;14.11;1096.7;1102.11;1096.7;1102.11;18:16.7;18:22.1;5.41;tvr;rejected;manual;no;no;;;Sheldon turns his body to face Howard and starts conversing with him.
tbbt_s02e13_d5826;5826;s02e13;test;tbbt_s02e13.mp4;s02e13_seg02_clip_15;33.01;35.12;1121.01;1123.12;1121.01;1123.12;18:41.0;18:43.1;2.11;tvr;rejected;manual;no;no;;;Penny puts her plate of food on the table.
tbbt_s02e13_d5827;5827;s02e13;test;tbbt_s02e13.mp4;s02e13_seg02_clip_15;46.22;49.22;1134.22;1137.22;1134.22;1137.22;18:54.2;18:57.2;3.0;tvr;rejected;manual;no;no;;;Sheldon grabs a bag containing chop sticks off the table.
tbbt_s02e13_d5829;5829;s02e13;test;tbbt_s02e13.mp4;s02e13_seg02_clip_15;48.32;49.82;1136.32;1137.82;1136.32;1137.82;18:56.3;18:57.8;1.5;tvr;rejected;manual;no;no;;;Sheldon takes a package of chopsticks from the coffee table.
tbbt_s02e13_d5843;5843;s02e13;test;tbbt_s02e13.mp4;s02e13_seg02_clip_16;0.0;22.02;1148.0;1170.02;1148.0;1170.02;19:08.0;19:30.0;22.02;tvr;rejected;too_long;no;no;;;A man wearing a blue shirt is taking a dental floss.
tbbt_s02e13_d5840;5840;s02e13;test;tbbt_s02e13.mp4;s02e13_seg02_clip_16;2.79;5.58;1150.79;1153.58;1152.72;1155.02;19:12.7;19:15.0;2.3;tvr;accepted;;yes;yes;;;Raj, who is wearing a red hoodie, is sitting on the arm of Leonard's chair, leaning over and whispering in Leonard's ear.
tbbt_s02e13_d5841;5841;s02e13;test;tbbt_s02e13.mp4;s02e13_seg02_clip_16;11.48;20.78;1159.48;1168.78;1165.83;1171.57;19:25.8;19:31.6;5.74;tvr;accepted;;yes;yes;;;Barry walks in, flossing his teeth, while Penny makes a disgusted face.
tbbt_s02e13_d5842;5842;s02e13;test;tbbt_s02e13.mp4;s02e13_seg02_clip_16;38.77;44.97;1186.77;1192.97;1188.23;1194.41;19:48.2;19:54.4;6.18;tvr;accepted;;yes;yes;;;Howard, in purple pants, walks past Penny, leans in as he talks, and Penny puts her face in her hand laughing.
tbbt_s02e13_d5835;5835;s02e13;test;tbbt_s02e13.mp4;s02e13_seg02_clip_17;17.61;20.01;1227.61;1230.01;1229.05;1231.45;20:29.0;20:31.5;2.4;tvr;accepted;;no;no;;;Sheldon snatches a container of dumplings from Barry and hands it to Raj.
tbbt_s02e13_d5836;5836;s02e13;test;tbbt_s02e13.mp4;s02e13_seg02_clip_17;24.21;27.82;1234.21;1237.82;1234.21;1237.82;20:34.2;20:37.8;3.61;tvr;rejected;manual;no;no;;;Raj nods and eats a dumpling with a fork.
tbbt_s02e13_d5837;5837;s02e13;test;tbbt_s02e13.mp4;s02e13_seg02_clip_17;29.22;38.62;1239.22;1248.62;1239.22;1248.62;20:39.2;20:48.6;9.4;tvr;rejected;manual;no;no;;;Howard, Leonard and Raj stare up at the ceiling.
tbbt_s02e13_d5839;5839;s02e13;test;tbbt_s02e13.mp4;s02e13_seg02_clip_17;30.22;40.02;1240.22;1250.02;1250.78;1257.96;20:50.8;20:58.0;7.18;tvr;accepted;;yes;yes;;;A shot of Howard, Leonard, and Raj staring at Sheldon hanging from the ceiling in a harness.
tbbt_s02e21_d38382;38382;s02e21;test;tbbt_s02e21.mp4;s02e21_seg01_clip_00;7.56;11.03;7.56;11.03;7.56;11.03;0:07.6;0:11.0;3.47;tvr;rejected;manual;no;no;;;Howard points to Sheldon with his left hand.
tbbt_s02e21_d38383;38383;s02e21;test;tbbt_s02e21.mp4;s02e21_seg01_clip_00;1.58;43.81;1.58;43.81;8.64;12.65;0:08.6;0:12.7;4.01;tvr;accepted;;yes;yes;;;Howard, in all red clothes, points his finger at Raj, Leonard, and Sheldon while eating Chinese food and conversing.
tbbt_s02e21_d38384;38384;s02e21;test;tbbt_s02e21.mp4;s02e21_seg01_clip_00;45.7;49.48;45.7;49.48;26.0;36.47;0:26.0;0:36.5;10.47;tvr;accepted;;yes;yes;;;Raj, in a purple sweater, points his finger at Leonard and laughs, while Sheldon looks surprised and confused, while eating Chinese food.
tbbt_s02e21_d38380;38380;s02e21;test;tbbt_s02e21.mp4;s02e21_seg01_clip_00;44.75;48.53;44.75;48.53;44.75;49.01;0:44.8;0:49.0;4.26;tvr;accepted;;yes;yes;;;Howard, in all red clothes, puts down his plate and pulls his phone out of his pocket.
tbbt_s02e21_d38381;38381;s02e21;test;tbbt_s02e21.mp4;s02e21_seg01_clip_00;49.16;52.95;49.16;52.95;49.16;52.95;0:49.2;0:52.9;3.79;tvr;rejected;manual;no;no;;;Howard stands up and talks on his cellphone.
tbbt_s02e21_d21710;21710;s02e21;test;tbbt_s02e21.mp4;s02e21_seg01_clip_01;16.48;21.34;79.48;84.34;83.02;84.66;1:23.0;1:24.7;1.64;tvr;accepted;;yes;yes;;;Sheldon, in a blue shirt, while eating takeout with chopsticks, raises one shoulder.
tbbt_s02e21_d21711;21711;s02e21;test;tbbt_s02e21.mp4;s02e21_seg01_clip_01;29.17;34.58;92.17;97.58;93.57;99.2;1:33.6;1:39.2;5.63;tvr;accepted;;yes;yes;;;Howard, in all red clothes, walks over to the couch with the bottle in his hands and sits next to Sheldon.
tbbt_s02e21_d21713;21713;s02e21;test;tbbt_s02e21.mp4;s02e21_seg01_clip_01;32.41;35.39;95.41;98.39;98.06;104.2;1:38.1;1:44.2;6.14;tvr;accepted;;yes;yes;;;Howard sits down on the couch, wearing all red, flipping his hand and touching his ear nervously.
tbbt_s02e21_d21712;21712;s02e21;test;tbbt_s02e21.mp4;s02e21_seg01_clip_01;46.46;48.89;109.46;111.89;109.46;114.7;1:49.5;1:54.7;5.24;tvr;accepted;;yes;yes;;;Howard, wearing all red, sobs, holds his hand to his face and turns away from the other guys.
tbbt_s02e21_d66274;66274;s02e21;test;tbbt_s02e21.mp4;s02e21_seg02_clip_00;35.4;38.45;175.4;178.45;175.4;178.45;2:55.4;2:58.4;3.05;tvr;rejected;manual;no;no;;;Leonard places his carton of food on the coffee table.
tbbt_s02e21_d66270;66270;s02e21;test;tbbt_s02e21.mp4;s02e21_seg02_clip_00;1.83;11.29;141.83;151.29;206.61;207.98;3:26.6;3:28.0;1.37;tvr;accepted;;yes;yes;;;Howard, wearing all red, lies back on the couch and massages his inner elbow.
tbbt_s02e21_d66271;66271;s02e21;test;tbbt_s02e21.mp4;s02e21_seg02_clip_00;17.09;24.41;157.09;164.41;214.61;222.76;3:34.6;3:42.8;8.15;tvr;accepted;;yes;yes;;;Howard, wearing all red, sits up straight from lying back on the couch and covers his mouth with his hand.
tbbt_s02e21_d66272;66272;s02e21;test;tbbt_s02e21.mp4;s02e21_seg02_clip_00;24.72;34.18;164.72;174.18;222.74;226.25;3:42.7;3:46.2;3.51;tvr;accepted;;yes;yes;;;Leonard is placing napkins on the couch between Sheldon and Howard, who is wearing all red.
tbbt_s02e21_d66280;66280;s02e21;test;tbbt_s02e21.mp4;s02e21_seg02_clip_02;5.8;8.85;267.8;270.85;268.23;274.29;4:28.2;4:34.3;6.06;tvr;accepted;;yes;yes;;;Sheldon walks into the apartment building with a bag of take-out food and sees Penny, in an orange shirt taking her mail from the mailbox.
tbbt_s02e21_d66281;66281;s02e21;test;tbbt_s02e21.mp4;s02e21_seg02_clip_02;10.99;15.26;272.99;277.26;272.99;277.26;4:33.0;4:37.3;4.27;tvr;rejected;manual;no;no;;;Sheldon gestures for Penny to walk first on the stairway as he follows.
tbbt_s02e21_d66282;66282;s02e21;test;tbbt_s02e21.mp4;s02e21_seg02_clip_02;41.19;44.86;303.19;306.86;303.19;306.86;5:03.2;5:06.9;3.67;tvr;rejected;manual;no;no;;;Penny is holding her mail as she walks beside Sheldon up the stairs.
tbbt_s02e21_d66275;66275;s02e21;test;tbbt_s02e21.mp4;s02e21_seg02_clip_03;0.0;6.38;323.0;329.38;323.0;329.38;5:23.0;5:29.4;6.38;tvr;rejected;manual;no;no;;;Sheldon and Penny walk up the stairs to their floor.
tbbt_s02e21_d66278;66278;s02e21;test;tbbt_s02e21.mp4;s02e21_seg02_clip_03;1.45;4.35;324.45;327.35;324.45;327.35;5:24.4;5:27.3;2.9;tvr;rejected;manual;no;no;;;Sheldon and Penny are walking upstairs while talking.
tbbt_s02e21_d66276;66276;s02e21;test;tbbt_s02e21.mp4;s02e21_seg02_clip_03;29.3;38.59;352.3;361.59;353.99;363.28;5:54.0;6:03.3;9.29;tvr;accepted;;no;yes;;;Sheldon walks up to the door and searches through his pockets for the apartment keys, surprised and scared.
tbbt_s02e21_d66279;66279;s02e21;test;tbbt_s02e21.mp4;s02e21_seg02_clip_03;30.75;35.11;353.75;358.11;362.91;367.09;6:02.9;6:07.1;4.18;tvr;accepted;;yes;yes;;;Sheldon, in a white and beige jacket, pulls the door handle and tries to enter, screaming.
tbbt_s02e21_d66277;66277;s02e21;test;tbbt_s02e21.mp4;s02e21_seg02_clip_03;52.22;57.73;375.22;380.73;376.14;390.47;6:16.1;6:30.5;14.33;tvr;accepted;;yes;yes;;;Leonard plucks his eyebrows and Raj combs his hair in the bathroom, next to each other.
tbbt_s02e21_d87538;87538;s02e21;test;tbbt_s02e21.mp4;s02e21_seg02_clip_04;0.0;10.2;381.0;391.2;381.0;391.2;6:21.0;6:31.2;10.2;tvr;rejected;manual;no;no;;;Leonard plucks his eyebrow as Raj combs his hair.
tbbt_s02e21_d87535;87535;s02e21;test;tbbt_s02e21.mp4;s02e21_seg02_clip_04;7.8;10.2;388.8;391.2;388.8;391.2;6:28.8;6:31.2;2.4;tvr;rejected;manual;no;no;;;Raj runs a comb through his hair in the bathroom.
tbbt_s02e21_d87536;87536;s02e21;test;tbbt_s02e21.mp4;s02e21_seg02_clip_04;31.81;43.22;412.81;424.22;413.46;425.72;6:53.5;7:05.7;12.26;tvr;accepted;;yes;yes;;;Raj picks up a large strip of gold condoms while standing in the bathroom next to Leonard.
tbbt_s02e21_d87537;87537;s02e21;test;tbbt_s02e21.mp4;s02e21_seg02_clip_04;44.42;48.32;425.42;429.32;425.93;429.43;7:05.9;7:09.4;3.5;tvr;accepted;;yes;yes;;;Howard, in a blue turtleneck, is typing on his laptop, sitting at a desk in a hotel room, when Raj and Leonard walk in.
tbbt_s02e21_d87539;87539;s02e21;test;tbbt_s02e21.mp4;s02e21_seg02_clip_04;46.22;57.93;427.22;438.93;427.22;438.93;7:07.2;7:18.9;11.71;tvr;rejected;manual;no;no;;;Leonard picks up his jacket from the bed and puts it on.
tbbt_s02e21_d66245;66245;s02e21;test;tbbt_s02e21.mp4;s02e21_seg02_clip_05;1.24;12.41;442.24;453.41;442.24;453.41;7:22.2;7:33.4;11.17;tvr;rejected;manual;no;no;;;Howard sits at a laptop while having a conversation with Raj and Leonard who are standing next to him.
tbbt_s02e21_d66248;66248;s02e21;test;tbbt_s02e21.mp4;s02e21_seg02_clip_05;13.65;31.32;454.65;472.32;454.65;472.32;7:34.6;7:52.3;17.67;tvr;rejected;too_long;no;no;;;Leonard opens the room door and Raj closes it behind them.
tbbt_s02e21_d66246;66246;s02e21;test;tbbt_s02e21.mp4;s02e21_seg02_clip_05;32.26;35.98;473.26;476.98;475.07;478.5;7:55.1;7:58.5;3.43;tvr;accepted;;yes;yes;;;Sheldon, in a white and beige jacket, enters the messy apartment while holding a plastic bag right after Penny, in an orange shirt.
tbbt_s02e21_d66247;66247;s02e21;test;tbbt_s02e21.mp4;s02e21_seg02_clip_05;43.73;46.21;484.73;487.21;485.66;490.15;8:05.7;8:10.1;4.49;tvr;accepted;;yes;yes;;;Penny, in an orange shirt, reaches under the kitchen counter and gets an orange box, searching for something.
tbbt_s02e21_d88800;88800;s02e21;test;tbbt_s02e21.mp4;s02e21_seg02_clip_06;16.25;20.02;519.25;523.02;519.25;523.02;8:39.2;8:43.0;3.77;tvr;rejected;manual;no;no;;;Penny goes to her kitchen to get her house phone.
tbbt_s02e21_d88803;88803;s02e21;test;tbbt_s02e21.mp4;s02e21_seg02_clip_06;19.15;22.05;522.15;525.05;521.97;525.12;8:42.0;8:45.1;3.15;tvr;accepted;;yes;yes;;;Penny, in an orange shirt, goes into the kitchen and picks the phone up off the counter.
tbbt_s02e21_d88801;88801;s02e21;test;tbbt_s02e21.mp4;s02e21_seg02_clip_06;33.36;38.59;536.36;541.59;538.25;541.71;8:58.2;9:01.7;3.46;tvr;accepted;;yes;yes;;;Sheldon, in a white and beige jacket, yells and grabs his plastic bag close to his chest, tight.
tbbt_s02e21_d88802;88802;s02e21;test;tbbt_s02e21.mp4;s02e21_seg02_clip_06;42.36;44.68;545.36;547.68;544.93;549.0;9:04.9;9:09.0;4.07;tvr;accepted;;yes;yes;;;A bartender hands Raj a mint green drink and Leonard a beer bottle, at the bar.
tbbt_s02e21_d88804;88804;s02e21;test;tbbt_s02e21.mp4;s02e21_seg02_clip_06;50.77;52.8;553.77;555.8;553.84;556.15;9:13.8;9:16.1;2.31;tvr;accepted;;yes;yes;;;Raj and Leonard clink their drinks together at the bar, with a plate of shrimp between them.
tbbt_s02e21_d87540;87540;s02e21;test;tbbt_s02e21.mp4;s02e21_seg02_clip_07;0.0;3.66;561.0;564.66;561.0;564.66;9:21.0;9:24.7;3.66;tvr;rejected;manual;no;no;;;Raj is drinking a cocktail at a bar with Leonard.
tbbt_s02e21_d87544;87544;s02e21;test;tbbt_s02e21.mp4;s02e21_seg02_clip_07;3.66;10.37;564.66;571.37;564.66;571.37;9:24.7;9:31.4;6.71;tvr;rejected;manual;no;no;;;Leonard holds his beer in his left hand while sitting at the bar.
tbbt_s02e21_d87541;87541;s02e21;test;tbbt_s02e21.mp4;s02e21_seg02_clip_07;9.15;14.95;570.15;575.95;570.98;576.79;9:31.0;9:36.8;5.81;tvr;accepted;;yes;yes;;;A woman in a black dress approaches Raj at the bar and places her wine glass down right next to him.
tbbt_s02e21_d87542;87542;s02e21;test;tbbt_s02e21.mp4;s02e21_seg02_clip_07;56.45;59.81;617.45;620.81;617.45;620.81;10:17.4;10:20.8;3.36;tvr;rejected;manual;no;no;;;Leonard gets up from the bar and leaves Raj with Mikayla.
tbbt_s02e21_d66290;66290;s02e21;test;tbbt_s02e21.mp4;s02e21_seg02_clip_08;7.63;9.76;629.63;631.76;629.63;631.76;10:29.6;10:31.8;2.13;tvr;rejected;manual;no;no;;;Raj runs over to Leonard then points at the girl.
tbbt_s02e21_d66291;66291;s02e21;test;tbbt_s02e21.mp4;s02e21_seg02_clip_08;31.12;32.65;653.12;654.65;653.12;654.65;10:53.1;10:54.6;1.53;tvr;rejected;manual;no;no;;;The girl waves her purse at Raj and Leonard.
tbbt_s02e21_d66294;66294;s02e21;test;tbbt_s02e21.mp4;s02e21_seg02_clip_08;29.6;32.65;651.6;654.65;654.92;656.31;10:54.9;10:56.3;1.39;tvr;accepted;;yes;yes;;;A woman in a black dress waves her purse with a wine glass in her other hand, while leaning at the bar.
tbbt_s02e21_d66292;66292;s02e21;test;tbbt_s02e21.mp4;s02e21_seg02_clip_08;50.35;56.76;672.35;678.76;673.44;680.54;11:13.4;11:20.5;7.1;tvr;accepted;;yes;yes;;;Raj bows in a bar at the woman in a black dress, then she walks away, holding her wine glass.
tbbt_s02e21_d7826;7826;s02e21;test;tbbt_s02e21.mp4;s02e21_seg02_clip_10;0.0;24.27;747.0;771.27;747.0;771.27;12:27.0;12:51.3;24.27;tvr;rejected;too_long;no;no;;;Sheldon and Penny talk while holding forks and eating dinner.
tbbt_s02e21_d7825;7825;s02e21;test;tbbt_s02e21.mp4;s02e21_seg02_clip_10;25.53;52.31;772.53;799.31;772.53;799.31;12:52.5;13:19.3;26.78;tvr;rejected;too_long;no;no;;;Lenard and Raj approach a woman and ask if she is a prostitute.
tbbt_s02e21_d7827;7827;s02e21;test;tbbt_s02e21.mp4;s02e21_seg02_clip_10;26.47;31.83;773.47;778.83;774.86;785.72;12:54.9;13:05.7;10.86;tvr;accepted;;yes;yes;;;A woman in a black dress, seated at a bar, moves her finger around her wine glass, then turns around.
tbbt_s02e21_d7945;7945;s02e21;test;tbbt_s02e21.mp4;s02e21_seg02_clip_11;0.0;4.68;810.0;814.68;810.0;814.68;13:30.0;13:34.7;4.68;tvr;rejected;manual;no;no;;;Leonard and Raj are standing next to each other while talking to Micheala.
tbbt_s02e21_d7948;7948;s02e21;test;tbbt_s02e21.mp4;s02e21_seg02_clip_11;0.0;44.48;810.0;854.48;810.0;854.48;13:30.0;14:14.5;44.48;tvr;rejected;too_long;no;no;;;Leonard and Howard have a conversation with a woman in a black dress at a bar
tbbt_s02e21_d7946;7946;s02e21;test;tbbt_s02e21.mp4;s02e21_seg02_clip_11;17.43;21.33;827.43;831.33;827.43;831.33;13:47.4;13:51.3;3.9;tvr;rejected;manual;no;no;;;Micheala is sitting at the bar while talking to Leonard and Raj.
tbbt_s02e21_d7949;7949;s02e21;test;tbbt_s02e21.mp4;s02e21_seg02_clip_11;45.78;52.02;855.78;862.02;855.78;862.02;14:15.8;14:22.0;6.24;tvr;rejected;manual;no;no;;;Sheldon and Penny have a conversation as they sit on the sofa.
tbbt_s02e21_d7947;7947;s02e21;test;tbbt_s02e21.mp4;s02e21_seg02_clip_11;47.34;50.46;857.34;860.46;857.34;860.46;14:17.3;14:20.5;3.12;tvr;rejected;manual;no;no;;;Penny and Sheldon are sitting on her couch conversing.
tbbt_s02e21_d21695;21695;s02e21;test;tbbt_s02e21.mp4;s02e21_seg02_clip_12;15.13;17.65;877.13;879.65;877.13;879.65;14:37.1;14:39.6;2.52;tvr;rejected;manual;no;no;;;Sheldon picks up a soda can off of Penny's coffee table.
tbbt_s02e21_d21698;21698;s02e21;test;tbbt_s02e21.mp4;s02e21_seg02_clip_12;16.7;19.22;878.7;881.22;878.7;881.22;14:38.7;14:41.2;2.52;tvr;rejected;manual;no;no;;;Penny puts her hand to her temple in exasperation while having a conversation with Sheldon.
tbbt_s02e21_d21696;21696;s02e21;test;tbbt_s02e21.mp4;s02e21_seg02_clip_12;17.96;20.17;879.96;882.17;880.2;886.11;14:40.2;14:46.1;5.91;tvr;accepted;;yes;yes;;;Penny turns away from Sheldon while they sit on the sofa and rubs her fingers against her right temple, then turns back toward him, surprised.
tbbt_s02e21_d21697;21697;s02e21;test;tbbt_s02e21.mp4;s02e21_seg02_clip_12;25.84;27.73;887.84;889.73;887.84;889.73;14:47.8;14:49.7;1.89;tvr;rejected;manual;no;no;;;Penny uncrosses her right leg and places it on the floor.
tbbt_s02e21_d7728;7728;s02e21;test;tbbt_s02e21.mp4;s02e21_seg02_clip_13;13.07;17.09;938.07;942.09;938.07;942.09;15:38.1;15:42.1;4.02;tvr;rejected;manual;no;no;;;Penny gets up off the couch and walks to the refridgerator.
tbbt_s02e21_d7725;7725;s02e21;test;tbbt_s02e21.mp4;s02e21_seg02_clip_13;14.41;17.09;939.41;942.09;953.09;959.39;15:53.1;15:59.4;6.3;tvr;accepted;;yes;yes;;;Penny standing leans forward and looks at Sheldon, who is sitting on the couch, with her hands on her knees.
tbbt_s02e21_d7726;7726;s02e21;test;tbbt_s02e21.mp4;s02e21_seg02_clip_13;58.65;59.99;983.65;984.99;984.22;986.09;16:24.2;16:26.1;1.87;tvr;accepted;;yes;yes;;;Raj raises both hands and gives a thumbs-up sign while standing at the bar between a woman in a black dress and Leonard.
tbbt_s02e21_d7727;7727;s02e21;test;tbbt_s02e21.mp4;s02e21_seg02_clip_13;60.32;67.02;985.32;992.02;985.32;992.02;16:25.3;16:32.0;6.7;tvr;rejected;manual;no;no;;;Howard turns slowly around and walks up to the tall woman in the purple dress.
tbbt_s02e21_d97625;97625;s02e21;test;tbbt_s02e21.mp4;s02e21_seg02_clip_14;0.26;6.5;992.26;998.5;994.15;1003.23;16:34.1;16:43.2;9.08;tvr;accepted;;yes;yes;;;Howard, upright, shakes hands with the woman in a black dress at the bar, when Raj and Leonard look at each other with a smile.
tbbt_s02e21_d97626;97626;s02e21;test;tbbt_s02e21.mp4;s02e21_seg02_clip_14;11.18;15.35;1003.18;1007.35;1004.62;1011.79;16:44.6;16:51.8;7.17;tvr;accepted;;yes;yes;;;Penny, in a pink robe, places a pillow and blanket on the sofa next to Sheldon, who is reading a magazine.
tbbt_s02e21_d97627;97627;s02e21;test;tbbt_s02e21.mp4;s02e21_seg02_clip_14;42.14;45.26;1034.14;1037.26;1034.71;1038.81;17:14.7;17:18.8;4.1;tvr;accepted;;yes;yes;;;Penny, in a pink robe, stands with her arms crossed, looking irritated, while Sheldon lies stretched out on the couch beside her.
tbbt_s02e21_d21731;21731;s02e21;test;tbbt_s02e21.mp4;s02e21_seg02_clip_15;0.0;3.97;1044.0;1047.97;1044.0;1047.97;17:24.0;17:28.0;3.97;tvr;rejected;manual;no;no;;;Sheldon is sitting sideways on the couch with his legs up then puts them down on the floor.
tbbt_s02e21_d21732;21732;s02e21;test;tbbt_s02e21.mp4;s02e21_seg02_clip_15;8.85;22.58;1052.85;1066.58;1052.85;1066.58;17:32.8;17:46.6;13.73;tvr;rejected;manual;no;no;;;Sheldon stands up from the couch then walks away from Penny until out of sight.
tbbt_s02e21_d21730;21730;s02e21;test;tbbt_s02e21.mp4;s02e21_seg02_clip_15;51.26;61.03;1095.26;1105.03;1085.19;1094.79;18:05.2;18:14.8;9.6;tvr;accepted;;yes;yes;;;A woman in a black dress, sitting at the table in a bar with Howard, leans forward to him and touches his cheek with a finger.
tbbt_s02e21_d38435;38435;s02e21;test;tbbt_s02e21.mp4;s02e21_seg02_clip_16;2.07;4.72;1107.07;1109.72;1107.07;1109.72;18:27.1;18:29.7;2.65;tvr;rejected;manual;no;no;;;Raj stands up and leans across the bar .
tbbt_s02e21_d38436;38436;s02e21;test;tbbt_s02e21.mp4;s02e21_seg02_clip_16;45.15;47.22;1150.15;1152.22;1150.15;1152.22;19:10.1;19:12.2;2.07;tvr;rejected;manual;no;no;;;Penny throws the covers off and gets up off the couch.
tbbt_s02e21_d38462;38462;s02e21;test;tbbt_s02e21.mp4;s02e21_seg02_clip_17;6.79;9.74;1170.79;1173.74;1170.79;1173.74;19:30.8;19:33.7;2.95;tvr;rejected;manual;no;no;;;There is a tall book case in Sheldon's bedroom.
tbbt_s02e21_d38460;38460;s02e21;test;tbbt_s02e21.mp4;s02e21_seg02_clip_17;7.67;11.81;1171.67;1175.81;1171.67;1175.81;19:31.7;19:35.8;4.14;tvr;rejected;manual;no;no;;;Penny walks over to Shedon's bed and stops.
tbbt_s02e21_d38463;38463;s02e21;test;tbbt_s02e21.mp4;s02e21_seg02_clip_17;15.64;18.59;1179.64;1182.59;1179.64;1182.59;19:39.6;19:42.6;2.95;tvr;rejected;manual;no;no;;;Penny sits down on the bed next to Sheldon.
tbbt_s02e21_d38437;38437;s02e21;test;tbbt_s02e21.mp4;s02e21_seg02_clip_16;49.29;52.83;1154.29;1157.83;1180.69;1185.11;19:40.7;19:45.1;4.42;tvr;accepted;;yes;yes;;;Penny, in a pink robe, sits down on the bed next to Sheldon, who is lying down.
tbbt_s02e21_d38461;38461;s02e21;test;tbbt_s02e21.mp4;s02e21_seg02_clip_17;16.82;18.89;1180.82;1182.89;1180.82;1182.89;19:40.8;19:42.9;2.07;tvr;rejected;manual;no;no;;;Penny gets onto Sheldon's bed and sits down.
tbbt_s02e21_d38265;38265;s02e21;test;tbbt_s02e21.mp4;s02e21_seg02_clip_18;14.07;15.97;1237.07;1238.97;1237.07;1238.97;20:37.1;20:39.0;1.9;tvr;rejected;manual;no;no;;;Penny gets up and leave the room while Sheldon goes to sleep.
tbbt_s02e21_d38266;38266;s02e21;test;tbbt_s02e21.mp4;s02e21_seg02_clip_18;17.49;20.53;1240.49;1243.53;1240.49;1243.53;20:40.5;20:43.5;3.04;tvr;rejected;manual;no;no;;;Lenord comes up the stairs and unlocks the apartment door.
tbbt_s02e21_001;2210001;s02e21;test;tbbt_s02e21.mp4;;;;1242.64;1245.63;1242.64;1245.63;20:42.6;20:45.6;2.99;manual;accepted;;no;no;;;Leonard with a black suitcase in his hand, comes up the stairs and unlocks the apartment door.
tbbt_s02e21_d38269;38269;s02e21;test;tbbt_s02e21.mp4;s02e21_seg02_clip_18;20.15;25.29;1243.15;1248.29;1243.15;1248.29;20:43.1;20:48.3;5.14;tvr;rejected;manual;no;no;;;Sheldon came out from his house and saw Leonard.
tbbt_s02e21_d38267;38267;s02e21;test;tbbt_s02e21.mp4;s02e21_seg02_clip_18;21.29;25.29;1244.29;1248.29;1244.29;1248.29;20:44.3;20:48.3;4.0;tvr;rejected;manual;no;no;;;Sheldon leaves Penny's apartment and walks across the hall to speak with Lenord.
tbbt_s03e15_d49030;49030;s03e15;test;tbbt_s03e15.mp4;s03e15_seg01_clip_00;3.15;18.28;3.15;18.28;3.15;18.28;0:03.1;0:18.3;15.13;tvr;rejected;too_long;no;no;;;Howard talks on his cell phone then lowers it out of sight.
tbbt_s03e15_d49033;49033;s03e15;test;tbbt_s03e15.mp4;s03e15_seg01_clip_00;3.47;8.82;3.47;8.82;3.74;9.09;0:03.7;0:09.1;5.35;tvr;accepted;;no;yes;;;Howard, in a gray-and-red plaid shirt, is talking with someone on the phone while Raj is looking at him very seriously.
tbbt_s03e15_d49032;49032;s03e15;test;tbbt_s03e15.mp4;s03e15_seg01_clip_00;36.56;40.97;36.56;40.97;36.56;40.97;0:36.6;0:41.0;4.41;tvr;rejected;manual;no;no;;;The balding man raises his water bottle, takes a drink, then lowers it out of sight.
tbbt_s03e15_d49031;49031;s03e15;test;tbbt_s03e15.mp4;s03e15_seg01_clip_00;37.82;41.6;37.82;41.6;37.82;41.6;0:37.8;0:41.6;3.78;tvr;rejected;manual;no;no;;;Leonard walks into the cafeteria towards the table.
tbbt_s03e15_d49034;49034;s03e15;test;tbbt_s03e15.mp4;s03e15_seg01_clip_00;42.86;45.38;42.86;45.38;42.86;45.38;0:42.9;0:45.4;2.52;tvr;rejected;manual;no;no;;;Leonard suddenly sits on the table where the group are.
tbbt_s03e15_d49035;49035;s03e15;test;tbbt_s03e15.mp4;s03e15_seg01_clip_01;0.0;3.0;63.0;66.0;63.0;66.0;1:03.0;1:06.0;3.0;tvr;rejected;manual;no;no;;;Howard hold both of his hand up in the air in front of himself.
tbbt_s03e15_d49037;49037;s03e15;test;tbbt_s03e15.mp4;s03e15_seg01_clip_01;14.41;24.31;77.41;87.31;77.41;87.31;1:17.4;1:27.3;9.9;tvr;rejected;manual;no;no;;;Sheldon is sitting at the cafeteria table explaining the origins of Valentines day.
tbbt_s03e15_d49036;49036;s03e15;test;tbbt_s03e15.mp4;s03e15_seg01_clip_01;32.41;42.02;95.41;105.02;95.41;105.02;1:35.4;1:45.0;9.61;tvr;rejected;manual;no;no;;;Raj sits at the lunch table telling the other guys what he is going to do for valentines day.
tbbt_s03e15_d48709;48709;s03e15;test;tbbt_s03e15.mp4;s03e15_seg01_clip_02;5.61;13.87;128.61;136.87;128.61;136.87;2:08.6;2:16.9;8.26;tvr;rejected;manual;no;no;;;The group are talking while they are eating on the restaurant.
tbbt_s03e15_d48708;48708;s03e15;test;tbbt_s03e15.mp4;s03e15_seg01_clip_02;52.83;56.79;175.83;179.79;151.61;154.49;2:31.6;2:34.5;2.88;tvr;accepted;;yes;yes;;;Howard, in a gray-and-red plaid shirt, moves his mouth anxiously, smiling, while sitting at the canteen.
tbbt_s03e15_d48705;48705;s03e15;test;tbbt_s03e15.mp4;s03e15_seg01_clip_02;48.53;53.16;171.53;176.16;174.58;178.91;2:54.6;2:58.9;4.33;tvr;accepted;;yes;yes;;;Sheldon, in an orange shirt, gets up and run from the lunch table at the cafeteria.
tbbt_s03e15_d48706;48706;s03e15;test;tbbt_s03e15.mp4;s03e15_seg01_clip_02;54.48;55.8;177.48;178.8;177.48;178.8;2:57.5;2:58.8;1.32;tvr;rejected;manual;no;no;;;Sheldon runs out of the cafeteria to go pack at the apartment.
tbbt_s03e15_d48707;48707;s03e15;test;tbbt_s03e15.mp4;s03e15_seg01_clip_02;61.41;63.06;184.41;186.06;184.41;186.06;3:04.4;3:06.1;1.65;tvr;rejected;manual;no;no;;;Leonard looks over at Raj at the cafeteria and rolls his eyes.
tbbt_s03e15_d62365;62365;s03e15;test;tbbt_s03e15.mp4;s03e15_seg02_clip_00;5.19;13.12;218.19;226.12;218.46;225.72;3:38.5;3:45.7;7.26;tvr;accepted;;yes;yes;;;Sheldon, in an orange shirt, is taking his clothes out of his dresser to pack them when Leonard walks in.
tbbt_s03e15_d62366;62366;s03e15;test;tbbt_s03e15.mp4;s03e15_seg02_clip_00;16.17;19.83;229.17;232.83;228.04;235.45;3:48.0;3:55.4;7.41;tvr;accepted;;yes;no;;;Sheldon holds up two beanies by his head.
tbbt_s03e15_d62367;62367;s03e15;test;tbbt_s03e15.mp4;s03e15_seg02_clip_00;57.37;61.03;270.37;274.03;270.37;274.03;4:30.4;4:34.0;3.66;tvr;rejected;manual;no;no;;;Sheldon follows Leonard out of his room after he leaves.
tbbt_s03e15_d82970;82970;s03e15;test;tbbt_s03e15.mp4;s03e15_seg02_clip_01;5.4;18.31;279.4;292.31;279.67;292.58;4:39.7;4:52.6;12.91;tvr;accepted;;no;yes;;;Leonard, in yellow hoodie and purple jacket, carries over a tray of fondue items and sets it on the coffee table.
tbbt_s03e15_d82972;82972;s03e15;test;tbbt_s03e15.mp4;s03e15_seg02_clip_01;18.91;24.31;292.91;298.31;293.18;298.58;4:53.2;4:58.6;5.4;tvr;accepted;;no;no;;;Penny picks up a chocolate bar from the tray and sets it back down.
tbbt_s03e15_d82971;82971;s03e15;test;tbbt_s03e15.mp4;s03e15_seg02_clip_01;44.12;49.22;318.12;323.22;318.39;323.49;5:18.4;5:23.5;5.1;tvr;accepted;;no;yes;;;Leonard, in yellow hoodie and purple jacket, starts slicing the cheese with a knife.
tbbt_s03e15_d82969;82969;s03e15;test;tbbt_s03e15.mp4;s03e15_seg02_clip_02;40.63;43.11;374.63;377.11;338.63;352.54;5:38.6;5:52.5;13.91;tvr;accepted;;yes;yes;;;Penny is holding Leonard's arm, while he holds a small knife in his hand, while sitting on the couch.
tbbt_s03e15_d82965;82965;s03e15;test;tbbt_s03e15.mp4;s03e15_seg02_clip_02;28.22;39.7;362.22;373.7;362.49;373.97;6:02.5;6:14.0;11.48;tvr;accepted;;no;yes;;;Penny gets really excited, and she and Leonard, in a yellow hoodie and purple jacket, hug each other.
tbbt_s03e15_d82966;82966;s03e15;test;tbbt_s03e15.mp4;s03e15_seg02_clip_02;40.32;44.35;374.32;378.35;374.32;378.35;6:14.3;6:18.4;4.03;tvr;rejected;manual;no;no;;;Leonard turns around to see Sheldon standing there.
tbbt_s03e15_d82967;82967;s03e15;test;tbbt_s03e15.mp4;s03e15_seg02_clip_02;41.87;62.03;375.87;396.03;375.87;396.03;6:15.9;6:36.0;20.16;tvr;rejected;too_long;no;no;;;While Sheldon is talking, Penny and Leonard look at him like he's crazy.
tbbt_s03e15_d82963;82963;s03e15;test;tbbt_s03e15.mp4;s03e15_seg02_clip_03;4.43;6.49;400.43;402.49;400.43;402.49;6:40.4;6:42.5;2.06;tvr;rejected;manual;no;no;;;Sheldon holds up a document to show Leonard.
tbbt_s03e15_d82960;82960;s03e15;test;tbbt_s03e15.mp4;s03e15_seg02_clip_03;5.61;8.56;401.61;404.56;401.61;404.56;6:41.6;6:44.6;2.95;tvr;rejected;manual;no;no;;;Sheldon shows Leonard their roommate agreement and Leonard can't believe he did.
tbbt_s03e15_d82964;82964;s03e15;test;tbbt_s03e15.mp4;s03e15_seg02_clip_03;46.63;50.76;442.63;446.76;420.1;421.71;7:00.1;7:01.7;1.61;tvr;accepted;;yes;yes;;;Leonard, in a yellow hoodie and purple jacket, does strange frustrated movements with his body, then throws himself onto the sofa.
tbbt_s03e15_d82961;82961;s03e15;test;tbbt_s03e15.mp4;s03e15_seg02_clip_03;39.55;49.29;435.55;445.29;442.05;444.49;7:22.1;7:24.5;2.44;tvr;accepted;;yes;yes;;;Penny, in a red blouse, and Leonard both look down while sitting on the couch and Penny put her hand on his shoulder.
tbbt_s03e15_d82962;82962;s03e15;test;tbbt_s03e15.mp4;s03e15_seg02_clip_03;51.94;57.85;447.94;453.85;447.94;453.85;7:27.9;7:33.9;5.91;tvr;rejected;manual;no;no;;;Sheldon opens up the roommate agreement and points at something in it.
tbbt_s03e15_d70910;70910;s03e15;test;tbbt_s03e15.mp4;s03e15_seg02_clip_04;0.0;6.93;455.0;461.93;455.0;461.93;7:35.0;7:41.9;6.93;tvr;rejected;manual;no;no;;;Sheldon reads from an open binder and shuts it.
tbbt_s03e15_d70911;70911;s03e15;test;tbbt_s03e15.mp4;s03e15_seg02_clip_04;9.45;15.44;464.45;470.44;464.72;470.71;7:44.7;7:50.7;5.99;tvr;accepted;;no;yes;;;Sheldon, in an orange shirt,  grabs his throat and moves his mouth in weird positions.
tbbt_s03e15_d70912;70912;s03e15;test;tbbt_s03e15.mp4;s03e15_seg02_clip_04;46.33;63.03;501.33;518.03;504.96;508.61;8:25.0;8:28.6;3.65;tvr;accepted;;yes;yes;;;Sheldon, in a grey jacket, turns his head to Leonard, smiling, in the car.
tbbt_s03e15_d82950;82950;s03e15;test;tbbt_s03e15.mp4;s03e15_seg02_clip_05;0.0;10.08;518.0;528.08;518.0;528.08;8:38.0;8:48.1;10.08;tvr;rejected;manual;no;no;;;Sheldon is ignoring him but Leonard is trying to make him talk.
tbbt_s03e15_d82951;82951;s03e15;test;tbbt_s03e15.mp4;s03e15_seg02_clip_05;10.08;14.01;528.08;532.01;528.89;533.07;8:48.9;8:53.1;4.18;tvr;accepted;;yes;yes;;;Leonard, in a navy hoodie and green jacket, says something, and Sheldon quickly gives him a dirty look, in the car.
tbbt_s03e15_d82952;82952;s03e15;test;tbbt_s03e15.mp4;s03e15_seg02_clip_05;49.86;56.02;567.86;574.02;567.86;574.02;9:27.9;9:34.0;6.16;tvr;rejected;manual;no;no;;;Leonard gives Sheldon a questioning look and Sheldon looks at him and replies.
tbbt_s03e15_d62310;62310;s03e15;test;tbbt_s03e15.mp4;s03e15_seg02_clip_06;0.0;4.58;574.0;578.58;574.0;578.58;9:34.0;9:38.6;4.58;tvr;rejected;manual;no;no;;;Leonard is driving as Sheldon is in the passenger seat.
tbbt_s03e15_d62311;62311;s03e15;test;tbbt_s03e15.mp4;s03e15_seg02_clip_06;8.85;13.12;582.85;587.12;582.85;587.12;9:42.9;9:47.1;4.27;tvr;rejected;manual;no;no;;;Raj and Howard are eating in the university cafeteria across from each other.
tbbt_s03e15_d62312;62312;s03e15;test;tbbt_s03e15.mp4;s03e15_seg02_clip_06;23.8;27.77;597.8;601.77;597.8;601.77;9:57.8;10:01.8;3.97;tvr;rejected;manual;no;no;;;Leonard arrives at the table Howard and Raj are seated at.
tbbt_s03e15_d62314;62314;s03e15;test;tbbt_s03e15.mp4;s03e15_seg02_clip_06;39.67;45.47;613.67;619.47;614.48;620.99;10:14.5;10:21.0;6.51;tvr;accepted;;yes;yes;;;Sheldon walks up to the cafeteria table, puts down a tray with only utensils and walks away.
tbbt_s03e15_d62300;62300;s03e15;test;tbbt_s03e15.mp4;s03e15_seg02_clip_07;0.0;14.41;635.0;649.41;635.81;650.22;10:35.8;10:50.2;14.41;tvr;accepted;;no;yes;;;Leonard wakes up with a smile to find Sheldon standing by his bed, playing a wooden flute.
tbbt_s03e15_d62304;62304;s03e15;test;tbbt_s03e15.mp4;s03e15_seg02_clip_07;20.11;26.41;655.11;661.41;655.11;661.41;10:55.1;11:01.4;6.3;tvr;rejected;manual;no;no;;;Sheldon walks over to a small table covered with breakfast items and grabs it to bring over to Leonard who is laying bed.
tbbt_s03e15_d62301;62301;s03e15;test;tbbt_s03e15.mp4;s03e15_seg02_clip_07;19.51;26.41;654.51;661.41;655.32;664.16;10:55.3;11:04.2;8.84;tvr;accepted;;yes;no;;;Sheldon picks up a breakfast tray and sets it in front of Leonard.
tbbt_s03e15_d62302;62302;s03e15;test;tbbt_s03e15.mp4;s03e15_seg02_clip_07;35.12;45.32;670.12;680.32;670.93;681.13;11:10.9;11:21.1;10.2;tvr;accepted;;no;no;;;Sheldon picks up a beret and puts it on Leonard's pancakes to keep them warm.
tbbt_s03e15_d70618;70618;s03e15;test;tbbt_s03e15.mp4;s03e15_seg02_clip_08;0.0;4.41;695.0;699.41;695.0;699.41;11:35.0;11:39.4;4.41;tvr;rejected;manual;no;no;;;Sheldon offers a scone to Leonard, which he takes with his right hand.
tbbt_s03e15_d70615;70615;s03e15;test;tbbt_s03e15.mp4;s03e15_seg02_clip_08;0.0;3.47;695.0;698.47;695.81;699.28;11:35.8;11:39.3;3.47;tvr;accepted;;no;yes;;;Sheldon, standing by Leonard's bed, hands him a scone with kitchen tongs.
tbbt_s03e15_d70616;70616;s03e15;test;tbbt_s03e15.mp4;s03e15_seg02_clip_08;30.57;34.35;725.57;729.35;725.82;732.0;12:05.8;12:12.0;6.18;tvr;accepted;;yes;no;;;Leonard takes the coffee mug from the bed tray and drinks it.
tbbt_s03e15_d70619;70619;s03e15;test;tbbt_s03e15.mp4;s03e15_seg02_clip_08;42.55;44.44;737.55;739.44;737.11;740.25;12:17.1;12:20.2;3.14;tvr;accepted;;yes;yes;;;Sheldon removes the breakfast tray from Leonard's bed and walks out of the room.
tbbt_s03e15_d70617;70617;s03e15;test;tbbt_s03e15.mp4;s03e15_seg02_clip_08;48.85;53.26;743.85;748.26;743.85;748.26;12:23.9;12:28.3;4.41;tvr;rejected;manual;no;no;;;Sheldon goes to Penny in the laundry room with his laptop.
tbbt_s03e15_d62275;62275;s03e15;test;tbbt_s03e15.mp4;s03e15_seg02_clip_09;27.27;29.88;785.27;787.88;785.27;787.88;13:05.3;13:07.9;2.61;tvr;rejected;manual;no;no;;;Sheldon sets his laptop down on a table in the laundry room.
tbbt_s03e15_d62278;62278;s03e15;test;tbbt_s03e15.mp4;s03e15_seg02_clip_09;27.56;32.2;785.56;790.2;785.53;793.18;13:05.5;13:13.2;7.65;tvr;accepted;;yes;yes;;;Sheldon places a laptop on a table next to Penny, folding clothes in the laundry room.
tbbt_s03e15_d62276;62276;s03e15;test;tbbt_s03e15.mp4;s03e15_seg02_clip_09;37.14;38.01;795.14;796.01;793.88;797.21;13:13.9;13:17.2;3.33;tvr;accepted;;yes;yes;;;Sheldon walks up and flips the light switch to turn off the lights in the laundry room.
tbbt_s03e15_d62277;62277;s03e15;test;tbbt_s03e15.mp4;s03e15_seg02_clip_09;41.49;42.94;799.49;800.94;799.01;801.06;13:19.0;13:21.1;2.05;tvr;accepted;;yes;yes;;;Sheldon uses a remote control and turns on the projector's light in the laundry room.
tbbt_s03e15_d37865;37865;s03e15;test;tbbt_s03e15.mp4;s03e15_seg02_clip_10;0.0;43.52;816.0;859.52;816.0;859.52;13:36.0;14:19.5;43.52;tvr;rejected;too_long;no;no;;;Penny and Sheldon are standing in the laundry room watching a projection.
tbbt_s03e15_d37866;37866;s03e15;test;tbbt_s03e15.mp4;s03e15_seg02_clip_10;39.46;42.36;855.46;858.36;855.46;858.36;14:15.5;14:18.4;2.9;tvr;rejected;manual;no;no;;;Sheldon points the remote in his hand to the projector.
tbbt_s03e15_d37869;37869;s03e15;test;tbbt_s03e15.mp4;s03e15_seg02_clip_10;44.68;48.16;860.68;864.16;861.49;864.97;14:21.5;14:25.0;3.48;tvr;accepted;;no;yes;;;Penny walks towards the wall with a light switch and turns on the lights in the laundry room.
tbbt_s03e15_d37867;37867;s03e15;test;tbbt_s03e15.mp4;s03e15_seg02_clip_10;45.55;49.32;861.55;865.32;861.55;865.32;14:21.5;14:25.3;3.77;tvr;rejected;manual;no;no;;;Penny walks toward the light switch and turns on the lights.
tbbt_s03e15_d53173;53173;s03e15;test;tbbt_s03e15.mp4;s03e15_seg02_clip_11;0.0;3.66;874.0;877.66;874.81;878.65;14:34.8;14:38.6;3.84;tvr;accepted;;yes;yes;;;Penny is folding clothes when Sheldon closes his laptop as they are in the laundry room.
tbbt_s03e15_d53170;53170;s03e15;test;tbbt_s03e15.mp4;s03e15_seg02_clip_11;1.83;9.46;875.83;883.46;875.83;883.46;14:35.8;14:43.5;7.63;tvr;rejected;manual;no;no;;;Sheldon closes his computer and gathers it to take it out of the laundry room.
tbbt_s03e15_d53171;53171;s03e15;test;tbbt_s03e15.mp4;s03e15_seg02_clip_11;26.85;39.67;900.85;913.67;900.09;906.46;15:00.1;15:06.5;6.37;tvr;accepted;;yes;yes;;;Sheldon puts away the laptop in his hand and runs back into the laundry room to give Penny a hug.
tbbt_s03e15_d53172;53172;s03e15;test;tbbt_s03e15.mp4;s03e15_seg02_clip_11;46.69;61.03;920.69;935.03;920.69;935.03;15:20.7;15:35.0;14.34;tvr;rejected;manual;no;no;;;Howard and Raj eat pizza and talk about Valentine's Day.
tbbt_s03e15_d53185;53185;s03e15;test;tbbt_s03e15.mp4;s03e15_seg02_clip_12;5.49;7.93;940.49;942.93;940.49;942.93;15:40.5;15:42.9;2.44;tvr;rejected;manual;no;no;;;Leonard enters the apartment and closes the door.
tbbt_s03e15_d53186;53186;s03e15;test;tbbt_s03e15.mp4;s03e15_seg02_clip_12;15.87;18.92;950.87;953.92;943.48;946.9;15:43.5;15:46.9;3.42;tvr;accepted;;yes;yes;;;Happy Sheldon, in a purple shirt, puts food from a frying pan down onto a plate.
tbbt_s03e15_d53187;53187;s03e15;test;tbbt_s03e15.mp4;s03e15_seg02_clip_12;39.67;43.64;974.67;978.64;974.67;978.64;16:14.7;16:18.6;3.97;tvr;rejected;manual;no;no;;;Sheldon leaves the kitchen and walks to his desk.
tbbt_s03e15_d53205;53205;s03e15;test;tbbt_s03e15.mp4;s03e15_seg02_clip_13;20.07;25.09;1016.07;1021.09;1016.07;1021.09;16:56.1;17:01.1;5.02;tvr;rejected;manual;no;no;;;Sheldon walks away, angrily and Leonard shakes his head.
tbbt_s03e15_d53207;53207;s03e15;test;tbbt_s03e15.mp4;s03e15_seg02_clip_13;24.79;29.22;1020.79;1025.22;1021.6;1025.49;17:01.6;17:05.5;3.89;tvr;accepted;;yes;yes;;;Howard makes some uncomfortable faces and Leonard, in a red hoodie and grey jacket, scratches his head.
tbbt_s03e15_d53206;53206;s03e15;test;tbbt_s03e15.mp4;s03e15_seg02_clip_13;49.88;56.96;1045.88;1052.96;1046.69;1055.81;17:26.7;17:35.8;9.12;tvr;accepted;;yes;yes;;;Penny suddenly sneezes and quickly grabs a tissue while lying in the bed with Leonard.
tbbt_s03e15_d95208;95208;s03e15;test;tbbt_s03e15.mp4;s03e15_seg02_clip_14;0.0;19.48;1055.0;1074.48;1055.0;1074.48;17:35.0;17:54.5;19.48;tvr;rejected;too_long;no;no;;;Penny is sneezing and blowing her nose as she is in bed with Leonard.
tbbt_s03e15_d95207;95207;s03e15;test;tbbt_s03e15.mp4;s03e15_seg02_clip_14;4.72;6.79;1059.72;1061.79;1059.72;1061.79;17:39.7;17:41.8;2.07;tvr;rejected;manual;no;no;;;Penny sneezes while lying in bed with Leonard.
tbbt_s03e15_d95206;95206;s03e15;test;tbbt_s03e15.mp4;s03e15_seg02_clip_14;13.58;20.66;1068.58;1075.66;1068.58;1075.66;17:48.6;17:55.7;7.08;tvr;rejected;manual;no;no;;;Leonard talks to Penny as she blows her nose.
tbbt_s03e15_d95209;95209;s03e15;test;tbbt_s03e15.mp4;s03e15_seg02_clip_14;23.02;25.68;1078.02;1080.68;1078.02;1080.68;17:58.0;18:00.7;2.66;tvr;rejected;manual;no;no;;;Leonard wakes up and notices that Penny is not in bed.
tbbt_s03e15_d95205;95205;s03e15;test;tbbt_s03e15.mp4;s03e15_seg02_clip_14;38.96;59.03;1093.96;1114.03;1093.96;1114.03;18:14.0;18:34.0;20.07;tvr;rejected;too_long;no;no;;;Leonard talks outside the bathroom door as he talks to Penny.
tbbt_s03e15_d53115;53115;s03e15;test;tbbt_s03e15.mp4;s03e15_seg02_clip_15;0.0;6.9;1114.0;1120.9;1100.99;1106.14;18:21.0;18:26.1;5.15;tvr;accepted;;yes;yes;;;Leonard is outside the bathroom door and massages his belly with a pained face.
tbbt_s03e15_d53116;53116;s03e15;test;tbbt_s03e15.mp4;s03e15_seg02_clip_15;8.7;19.21;1122.7;1133.21;1122.7;1133.21;18:42.7;18:53.2;10.51;tvr;rejected;manual;no;no;;;Leonard goes to Sheldon's door and knocks on it.
tbbt_s03e15_d53119;53119;s03e15;test;tbbt_s03e15.mp4;s03e15_seg02_clip_15;25.51;30.31;1139.51;1144.31;1140.32;1145.12;19:00.3;19:05.1;4.8;tvr;accepted;;no;yes;;;Sheldon with a red nose, walks out of the room with a tissue in his hand.
tbbt_s03e15_d53117;53117;s03e15;test;tbbt_s03e15.mp4;s03e15_seg02_clip_15;46.82;57.03;1160.82;1171.03;1160.64;1164.66;19:20.6;19:24.7;4.02;tvr;accepted;;yes;yes;;;A shot of a living room glass table covered in medications, with sick Sheldon sitting on the couch next to it under a blanket, blowing his nose.
tbbt_s03e15_d37855;37855;s03e15;test;tbbt_s03e15.mp4;s03e15_seg02_clip_16;0.0;6.75;1174.0;1180.75;1174.0;1180.75;19:34.0;19:40.8;6.75;tvr;rejected;manual;no;no;;;Penny hands Sheldon a bowl with a spoon in it.
tbbt_s03e15_d37858;37858;s03e15;test;tbbt_s03e15.mp4;s03e15_seg02_clip_16;4.88;9.0;1178.88;1183.0;1178.88;1183.0;19:38.9;19:43.0;4.12;tvr;rejected;manual;no;no;;;Penny hands Sheldon a bowl with a spoon in it.
tbbt_s03e15_d37856;37856;s03e15;test;tbbt_s03e15.mp4;s03e15_seg02_clip_16;9.38;16.13;1183.38;1190.13;1184.75;1199.75;19:44.8;19:59.8;15.0;tvr;accepted;;yes;yes;;;Penny sits beside Sheldon on the couch with a bowl in her hand and covers herself under the blanket.
tbbt_s03e15_d37857;37857;s03e15;test;tbbt_s03e15.mp4;s03e15_seg02_clip_16;52.89;58.52;1226.89;1232.52;1225.93;1232.54;20:25.9;20:32.5;6.61;tvr;accepted;;yes;yes;;;Leonard opens a hotel room with Raj behind him, both in thick puffer jackets.
tbbt_s03e15_d37859;37859;s03e15;test;tbbt_s03e15.mp4;s03e15_seg02_clip_16;52.89;60.02;1226.89;1234.02;1243.39;1246.36;20:43.4;20:46.4;2.97;tvr;accepted;;yes;yes;;;Upset Leonard, in a thick puffer jacket, takes champagne from the ice bucket at the hotel room.
tbbt_s03e19_d54440;54440;s03e19;test;tbbt_s03e19.mp4;s03e19_seg01_clip_00;3.12;12.02;3.12;12.02;3.12;12.02;0:03.1;0:12.0;8.9;tvr;rejected;manual;no;no;;;Leonard is lying next to Penny in her bed.
tbbt_s03e19_d54443;54443;s03e19;test;tbbt_s03e19.mp4;s03e19_seg01_clip_00;40.95;46.74;40.95;46.74;41.22;47.0;0:41.2;0:47.0;5.78;tvr;accepted;;yes;yes;;;Leonard holds the back of Penny's head and kisses her, while they both lie in bed.
tbbt_s03e19_d54441;54441;s03e19;test;tbbt_s03e19.mp4;s03e19_seg01_clip_00;41.4;46.74;41.4;46.74;41.4;46.74;0:41.4;0:46.7;5.34;tvr;rejected;manual;no;no;;;Leonard kisses Penny as he is lying with her.
tbbt_s03e19_d54442;54442;s03e19;test;tbbt_s03e19.mp4;s03e19_seg01_clip_00;55.19;65.88;55.19;65.88;55.19;65.88;0:55.2;1:05.9;10.69;tvr;rejected;manual;no;no;;;Penny places her hand on Leonard's chest as she lies with him.
tbbt_s03e19_d54444;54444;s03e19;test;tbbt_s03e19.mp4;s03e19_seg01_clip_00;81.01;83.68;81.01;83.68;88.47;94.2;1:28.5;1:34.2;5.73;tvr;accepted;;yes;yes;;;Penny kisses Leonard, then turns her back to him in bed, and opens her eyes wide in shock.
tbbt_s03e19_d96735;96735;s03e19;test;tbbt_s03e19.mp4;s03e19_seg02_clip_00;6.41;10.37;120.41;124.37;120.41;124.37;2:00.4;2:04.4;3.96;tvr;rejected;manual;no;no;;;Leonard walks into the living room from his bedroom.
tbbt_s03e19_d96738;96738;s03e19;test;tbbt_s03e19.mp4;s03e19_seg02_clip_00;13.73;15.56;127.73;129.56;127.73;129.56;2:07.7;2:09.6;1.83;tvr;rejected;manual;no;no;;;Leonard opens the refrigerator while Howard is talking to Him.
tbbt_s03e19_d96736;96736;s03e19;test;tbbt_s03e19.mp4;s03e19_seg02_clip_00;14.34;22.28;128.34;136.28;128.34;136.28;2:08.3;2:16.3;7.94;tvr;rejected;manual;no;no;;;Leonard opens the fridge as Raj is speaking to him.
tbbt_s03e19_d96739;96739;s03e19;test;tbbt_s03e19.mp4;s03e19_seg02_clip_00;20.14;23.8;134.14;137.8;134.14;137.8;2:14.1;2:17.8;3.66;tvr;rejected;manual;no;no;;;Leonard puts a drink on a glass while listening to the group.
tbbt_s03e19_d96737;96737;s03e19;test;tbbt_s03e19.mp4;s03e19_seg02_clip_00;39.06;46.38;153.06;160.38;153.06;160.38;2:33.1;2:40.4;7.32;tvr;rejected;manual;no;no;;;Leonard takes a glass of juice with him to his bedroom.
tbbt_s03e19_d19955;19955;s03e19;test;tbbt_s03e19.mp4;s03e19_seg02_clip_01;11.41;16.21;186.41;191.21;186.68;191.76;3:06.7;3:11.8;5.08;tvr;accepted;;yes;yes;;;Raj points toward Howard, in a mint green turtleneck with a mustard vest over it, and he acts confused.
tbbt_s03e19_d19958;19958;s03e19;test;tbbt_s03e19.mp4;s03e19_seg02_clip_01;13.51;16.81;188.51;191.81;188.51;191.81;3:08.5;3:11.8;3.3;tvr;rejected;manual;no;no;;;Howard points his hand to his chest and shakes his head.
tbbt_s03e19_d19956;19956;s03e19;test;tbbt_s03e19.mp4;s03e19_seg02_clip_01;18.01;20.11;193.01;195.11;193.01;195.11;3:13.0;3:15.1;2.1;tvr;rejected;manual;no;no;;;A guy in the background with a brown top walks from left to right.
tbbt_s03e19_d19953;19953;s03e19;test;tbbt_s03e19.mp4;s03e19_seg02_clip_02;0.0;2.52;235.0;237.52;204.66;208.99;3:24.7;3:29.0;4.33;tvr;accepted;;yes;yes;;;Leonard touches his nose and mouth while looking through comics, standing next to Sheldon, in an orange shirt.
tbbt_s03e19_d19957;19957;s03e19;test;tbbt_s03e19.mp4;s03e19_seg02_clip_01;41.12;43.52;216.12;218.52;216.12;218.52;3:36.1;3:38.5;2.4;tvr;rejected;manual;no;no;;;Raj pulls a new comic out from the display case.
tbbt_s03e19_d19959;19959;s03e19;test;tbbt_s03e19.mp4;s03e19_seg02_clip_01;41.42;43.52;216.42;218.52;216.42;218.52;3:36.4;3:38.5;2.1;tvr;rejected;manual;no;no;;;Raj picks a comic book up out of a rack full of them.
tbbt_s03e19_d19951;19951;s03e19;test;tbbt_s03e19.mp4;s03e19_seg02_clip_02;21.43;25.21;256.43;260.21;256.43;260.21;4:16.4;4:20.2;3.78;tvr;rejected;manual;no;no;;;Howard points his hand toward Sheldon while speaking to him.
tbbt_s03e19_d19950;19950;s03e19;test;tbbt_s03e19.mp4;s03e19_seg02_clip_02;37.82;41.91;272.82;276.91;272.82;276.91;4:32.8;4:36.9;4.09;tvr;rejected;manual;no;no;;;Sheldon assumes that Leonard is going to talk about Penny and leaves due to that.
tbbt_s03e19_d19952;19952;s03e19;test;tbbt_s03e19.mp4;s03e19_seg02_clip_02;61.45;63.03;296.45;298.03;296.72;301.34;4:56.7;5:01.3;4.62;tvr;accepted;;yes;yes;;;Shy Raj, in a light blue and grey jacket, closes his comic book and put it back to display case.
tbbt_s03e19_d28637;28637;s03e19;test;tbbt_s03e19.mp4;s03e19_seg02_clip_03;3.99;5.99;301.99;303.99;301.99;303.99;5:02.0;5:04.0;2.0;tvr;rejected;manual;no;no;;;Stewart turns around holding a comic book to face toward Sheldon.
tbbt_s03e19_d28798;28798;s03e19;test;tbbt_s03e19.mp4;s03e19_seg02_clip_04;0.0;3.9;355.0;358.9;323.0;324.86;5:23.0;5:24.9;1.86;tvr;accepted;;yes;yes;;;Sheldon, in an orange shirt, looks down with a shy, pleased smile, at the comic store.
tbbt_s03e19_d28639;28639;s03e19;test;tbbt_s03e19.mp4;s03e19_seg02_clip_03;41.34;48.76;339.34;346.76;341.22;346.31;5:41.2;5:46.3;5.09;tvr;accepted;;yes;yes;;;Leonard looks uncomfortable, touches his arm and walks away from Howard and Raj standing at the comics display.
tbbt_s03e19_d28635;28635;s03e19;test;tbbt_s03e19.mp4;s03e19_seg02_clip_03;45.9;47.62;343.9;345.62;346.08;351.07;5:46.1;5:51.1;4.99;tvr;accepted;;yes;yes;;;Howard, in a mint green turtleneck with a mustard vest over it, and Raj lean over the comics display case next to each other with confused, thinking faces.
tbbt_s03e19_d28636;28636;s03e19;test;tbbt_s03e19.mp4;s03e19_seg02_clip_03;54.46;57.02;352.46;355.02;352.46;355.02;5:52.5;5:55.0;2.56;tvr;rejected;manual;no;no;;;Sheldon, Howard, Raj, and Leonard are walking up the stairs.
tbbt_s03e19_d28795;28795;s03e19;test;tbbt_s03e19.mp4;s03e19_seg02_clip_04;0.0;9.0;355.0;364.0;355.0;364.0;5:55.0;6:04.0;9.0;tvr;rejected;manual;no;no;;;Leonard, Howard, Raj, and Sheldon come up the stairs and meet Penny coming down the stairs.
tbbt_s03e19_d28796;28796;s03e19;test;tbbt_s03e19.mp4;s03e19_seg02_clip_04;30.91;43.22;385.91;398.22;385.91;398.22;6:25.9;6:38.2;12.31;tvr;rejected;manual;no;no;;;Penny walks around Leonard, Howard, Raj, and Sheldon to walk downstairs.
tbbt_s03e19_d28797;28797;s03e19;test;tbbt_s03e19.mp4;s03e19_seg02_clip_04;51.02;60.03;406.02;415.03;405.83;409.71;6:45.8;6:49.7;3.88;tvr;accepted;;yes;yes;;;Howard puts on his shoes, then turns, scared, to Sheldon, who sprays his shoes.
tbbt_s03e19_d28799;28799;s03e19;test;tbbt_s03e19.mp4;s03e19_seg02_clip_04;52.22;60.03;407.22;415.03;407.22;415.03;6:47.2;6:55.0;7.81;tvr;rejected;manual;no;no;;;Sheldon is spray very vigorously his shoes with disinfectant spray.
tbbt_s03e19_d19970;19970;s03e19;test;tbbt_s03e19.mp4;s03e19_seg02_clip_05;0.0;5.58;415.0;420.58;413.7;416.72;6:53.7;6:56.7;3.02;tvr;accepted;;yes;yes;;;Howard, in a mustard vest, is wiping his mouth with his arm while Sheldon is spraying his shoes.
tbbt_s03e19_d19973;19973;s03e19;test;tbbt_s03e19.mp4;s03e19_seg02_clip_05;2.48;6.2;417.48;421.2;419.29;420.57;6:59.3;7:00.6;1.28;tvr;accepted;;yes;yes;;;Howard, in a mustard vest, is raising his hand with a resigned face while Sheldon sprays a chemical into the shoes.
tbbt_s03e19_d19971;19971;s03e19;test;tbbt_s03e19.mp4;s03e19_seg02_clip_05;9.92;13.65;424.92;428.65;420.56;424.12;7:00.6;7:04.1;3.56;tvr;accepted;;yes;yes;;;Penny is putting her shoes on with an uncomfortable face, next to Leonard in the bowling alley.
tbbt_s03e19_d19974;19974;s03e19;test;tbbt_s03e19.mp4;s03e19_seg02_clip_05;26.36;36.29;441.36;451.29;441.36;451.29;7:21.4;7:31.3;9.93;tvr;rejected;manual;no;no;;;Sheldon crosses his arms over his chest while addressing Wil Wheaton.
tbbt_s03e19_d19972;19972;s03e19;test;tbbt_s03e19.mp4;s03e19_seg02_clip_05;42.49;45.9;457.49;460.9;457.49;460.9;7:37.5;7:40.9;3.41;tvr;rejected;manual;no;no;;;Wil goes to pick up a bowling ball while speaking with Sheldon.
tbbt_s03e19_d19965;19965;s03e19;test;tbbt_s03e19.mp4;s03e19_seg02_clip_06;8.56;11.21;485.56;488.21;485.92;488.25;8:05.9;8:08.2;2.33;tvr;accepted;;yes;yes;;;Penny looks up and winks at someone, making a finger gun gesture.
tbbt_s03e19_d19969;19969;s03e19;test;tbbt_s03e19.mp4;s03e19_seg02_clip_06;48.11;52.83;525.11;529.83;524.23;530.82;8:44.2;8:50.8;6.59;tvr;accepted;;yes;yes;;;Sheldon throws a maroon bowling ball into a bowling lane and gets a strike.
tbbt_s03e19_d19967;19967;s03e19;test;tbbt_s03e19.mp4;s03e19_seg02_clip_06;52.24;53.71;529.24;530.71;529.42;530.82;8:49.4;8:50.8;1.4;tvr;accepted;;yes;yes;;;A shot of maroon bowling ball strikes the pins and all of them fall over.
tbbt_s03e19_d19966;19966;s03e19;test;tbbt_s03e19.mp4;s03e19_seg02_clip_06;48.7;50.47;525.7;527.47;530.82;532.36;8:50.8;8:52.4;1.54;tvr;accepted;;yes;yes;;;Sheldon, in an orange shirt, jumps happily and pumps his fist, at the bowling lane.
tbbt_s03e19_d19963;19963;s03e19;test;tbbt_s03e19.mp4;s03e19_seg02_clip_07;0.0;14.65;536.0;550.65;536.0;550.65;8:56.0;9:10.6;14.65;tvr;rejected;manual;no;no;;;Each of them were eating in a cafeteria.
tbbt_s03e19_d19960;19960;s03e19;test;tbbt_s03e19.mp4;s03e19_seg02_clip_07;25.33;29.29;561.33;565.29;561.6;565.56;9:21.6;9:25.6;3.96;tvr;accepted;;no;yes;;;Raj raises his beer up and then takes a sip of it, at the bowling lane.
tbbt_s03e19_d19961;19961;s03e19;test;tbbt_s03e19.mp4;s03e19_seg02_clip_07;31.43;34.79;567.43;570.79;567.43;570.79;9:27.4;9:30.8;3.36;tvr;rejected;manual;no;no;;;Penny picks up a chili cheese fry and puts it in her mouth.
tbbt_s03e19_d19962;19962;s03e19;test;tbbt_s03e19.mp4;s03e19_seg02_clip_07;36.92;50.35;572.92;586.35;571.85;575.87;9:31.9;9:35.9;4.02;tvr;accepted;;yes;yes;;;Penny lick her fingers, at the bowling lane.
tbbt_s03e19_d26760;26760;s03e19;test;tbbt_s03e19.mp4;s03e19_seg02_clip_08;17.71;19.48;614.71;616.48;614.71;616.48;10:14.7;10:16.5;1.77;tvr;rejected;manual;no;no;;;Penny suddenly gets up from the chair and leaves Leonard alone.
tbbt_s03e19_d26761;26761;s03e19;test;tbbt_s03e19.mp4;s03e19_seg02_clip_08;36.3;43.09;633.3;640.09;633.3;640.09;10:33.3;10:40.1;6.79;tvr;rejected;manual;no;no;;;Sheldon knocks the green colored door repeatedly with his fist.
tbbt_s03e19_d26762;26762;s03e19;test;tbbt_s03e19.mp4;s03e19_seg02_clip_08;46.63;48.11;643.63;645.11;643.63;645.11;10:43.6;10:45.1;1.48;tvr;rejected;manual;no;no;;;Sheldon gives something in a paper bag to Penny.
tbbt_s03e19_d28540;28540;s03e19;test;tbbt_s03e19.mp4;s03e19_seg02_clip_09;9.6;15.01;665.6;671.01;665.6;671.01;11:05.6;11:11.0;5.41;tvr;rejected;manual;no;no;;;Penny motions for Sheldon to come in and Sheldon enters the apartment.
tbbt_s03e19_d28541;28541;s03e19;test;tbbt_s03e19.mp4;s03e19_seg02_clip_09;16.21;19.21;672.21;675.21;671.9;675.49;11:11.9;11:15.5;3.59;tvr;accepted;;yes;yes;;;Penny, in a pink sleeveless top, puts the bag in the freezer.
tbbt_s03e19_d28543;28543;s03e19;test;tbbt_s03e19.mp4;s03e19_seg02_clip_09;16.21;19.51;672.21;675.51;672.21;675.51;11:12.2;11:15.5;3.3;tvr;rejected;manual;no;no;;;Penny opens a refridgerator, puts something inside, and closes the door.
tbbt_s03e19_d28544;28544;s03e19;test;tbbt_s03e19.mp4;s03e19_seg02_clip_09;48.62;51.02;704.62;707.02;704.89;707.08;11:44.9;11:47.1;2.19;tvr;accepted;;yes;yes;;;Penny, in a pink sleeveless top, raises her hands in the air and shakes them vigorously side to side with closed eyes.
tbbt_s03e19_d28542;28542;s03e19;test;tbbt_s03e19.mp4;s03e19_seg02_clip_09;51.02;55.52;707.02;711.52;707.02;711.52;11:47.0;11:51.5;4.5;tvr;rejected;manual;no;no;;;Sheldon sits down on the arm of the couch to talk to Penny.
tbbt_s03e19_d61515;61515;s03e19;test;tbbt_s03e19.mp4;s03e19_seg02_clip_10;0.0;3.66;716.0;719.66;716.0;719.66;11:56.0;11:59.7;3.66;tvr;rejected;manual;no;no;;;Sheldon moves from the arm of the sofa to sit next to Penny.
tbbt_s03e19_d61517;61517;s03e19;test;tbbt_s03e19.mp4;s03e19_seg02_clip_10;24.41;26.55;740.41;742.55;740.41;742.55;12:20.4;12:22.5;2.14;tvr;rejected;manual;no;no;;;Penny gets up off the sofa and begins to walk away.
tbbt_s03e19_d61516;61516;s03e19;test;tbbt_s03e19.mp4;s03e19_seg02_clip_10;28.38;61.03;744.38;777.03;743.81;745.8;12:23.8;12:25.8;1.99;tvr;accepted;;yes;yes;;;Leonard folds his laundry when Penny walks into the laundry room.
tbbt_s03e19_d61520;61520;s03e19;test;tbbt_s03e19.mp4;s03e19_seg02_clip_11;8.56;23.02;785.56;800.02;750.52;753.33;12:30.5;12:33.3;2.81;tvr;accepted;;yes;yes;;;Leonard spreads his arms out in a gesture of 'no,' while walking up to the laundry machine.
tbbt_s03e19_d61523;61523;s03e19;test;tbbt_s03e19.mp4;s03e19_seg02_clip_11;22.72;28.63;799.72;805.63;799.72;805.63;13:19.7;13:25.6;5.91;tvr;rejected;manual;no;no;;;Leonard puts bleach and detergent on top of a basket of laundry.
tbbt_s03e19_d61521;61521;s03e19;test;tbbt_s03e19.mp4;s03e19_seg02_clip_11;23.02;28.04;800.02;805.04;800.25;801.6;13:20.2;13:21.6;1.35;tvr;accepted;;yes;yes;;;Leonard puts a bottle of bleach into his laundry basket when excited Sheldon, in a mint green shirt with orange sleeves, walks in.
tbbt_s03e19_d61527;61527;s03e19;test;tbbt_s03e19.mp4;s03e19_seg02_clip_12;36.32;40.22;872.32;876.22;811.46;812.71;13:31.5;13:32.7;1.25;tvr;accepted;;yes;yes;;;A shot of Penny, Leonard, Raj and Howard putting shoes on at the bowling alley, when Sheldon walks in.
tbbt_s03e19_d61524;61524;s03e19;test;tbbt_s03e19.mp4;s03e19_seg02_clip_11;34.53;39.84;811.53;816.84;813.74;817.11;13:33.7;13:37.1;3.37;tvr;accepted;;yes;yes;;;Sheldon takes a yellow bowling jersey out of a bag that he brings to the bowling alley.
tbbt_s03e19_d61522;61522;s03e19;test;tbbt_s03e19.mp4;s03e19_seg02_clip_11;36.01;40.14;813.01;817.14;826.85;829.29;13:46.9;13:49.3;2.44;tvr;accepted;;yes;yes;;;Penny turns her head with open mouth toward Leonard and rubs her nose in the bowling alley.
tbbt_s03e19_d61526;61526;s03e19;test;tbbt_s03e19.mp4;s03e19_seg02_clip_12;6.3;8.1;842.3;844.1;842.3;844.1;14:02.3;14:04.1;1.8;tvr;rejected;manual;no;no;;;Penny points toward Sheldon and waves her finger around.
tbbt_s03e19_d61525;61525;s03e19;test;tbbt_s03e19.mp4;s03e19_seg02_clip_12;36.02;39.32;872.02;875.32;872.02;875.32;14:32.0;14:35.3;3.3;tvr;rejected;manual;no;no;;;Sheldon puts a yellow shirt in a bag and puts the bag on a table.
tbbt_s03e19_d78580;78580;s03e19;test;tbbt_s03e19.mp4;s03e19_seg02_clip_14;26.27;28.33;983.27;985.33;983.27;985.33;16:23.3;16:25.3;2.06;tvr;rejected;manual;no;no;;;Stuart gets up from his seat to bowl.
tbbt_s03e19_d78581;78581;s03e19;test;tbbt_s03e19.mp4;s03e19_seg02_clip_14;29.51;31.58;986.51;988.58;986.67;990.88;16:26.7;16:30.9;4.21;tvr;accepted;;yes;yes;;;Howard is struggling to take a black bowling ball from the tray.
tbbt_s03e19_d78582;78582;s03e19;test;tbbt_s03e19.mp4;s03e19_seg02_clip_14;47.52;50.76;1004.52;1007.76;1004.79;1008.03;16:44.8;16:48.0;3.24;tvr;accepted;;no;yes;;;Happy Leonard, with a beer bottle, sits down in the seat next to Penny at the bowling alley.
tbbt_s03e19_d53938;53938;s03e19;test;tbbt_s03e19.mp4;s03e19_seg02_clip_15;29.71;32.11;1045.71;1048.11;1044.26;1049.58;17:24.3;17:29.6;5.32;tvr;accepted;;yes;yes;;;Sheldon leans and bends his body forward after he throws the maroon bowling ball.
tbbt_s03e19_d53935;53935;s03e19;test;tbbt_s03e19.mp4;s03e19_seg02_clip_15;28.81;31.81;1044.81;1047.81;1044.81;1047.81;17:24.8;17:27.8;3.0;tvr;rejected;manual;no;no;;;Sheldon rolls his bowling ball down the bowling alley.
tbbt_s03e19_d53936;53936;s03e19;test;tbbt_s03e19.mp4;s03e19_seg02_clip_15;33.92;36.62;1049.92;1052.62;1050.19;1052.89;17:30.2;17:32.9;2.7;tvr;accepted;;no;yes;;;Sheldon, in a mint green shirt with orange sleeves, jumps up with his arms open showing excitement at the bowling alley.
tbbt_s03e19_d53939;53939;s03e19;test;tbbt_s03e19.mp4;s03e19_seg02_clip_15;34.52;36.32;1050.52;1052.32;1050.52;1052.32;17:30.5;17:32.3;1.8;tvr;rejected;manual;no;no;;;Sheldon jumps into the air to celebrate good bowling.
tbbt_s03e19_d53937;53937;s03e19;test;tbbt_s03e19.mp4;s03e19_seg02_clip_15;42.92;44.72;1058.92;1060.72;1059.15;1061.57;17:39.2;17:41.6;2.42;tvr;accepted;;yes;yes;;;Leonard rolls his black bowling ball down the bowling lane, next to Stuart, also with a black ball.
tbbt_s03e19_d61545;61545;s03e19;test;tbbt_s03e19.mp4;s03e19_seg02_clip_16;19.51;21.61;1095.51;1097.61;1095.51;1097.61;18:15.5;18:17.6;2.1;tvr;rejected;manual;no;no;;;Wil stands up from his seat to take his turn bowling.
tbbt_s03e19_d61546;61546;s03e19;test;tbbt_s03e19.mp4;s03e19_seg02_clip_16;39.02;42.32;1115.02;1118.32;1115.02;1118.32;18:35.0;18:38.3;3.3;tvr;rejected;manual;no;no;;;Wil throws the bowling ball and makes a strike.
tbbt_s03e19_d61547;61547;s03e19;test;tbbt_s03e19.mp4;s03e19_seg02_clip_16;52.22;54.92;1128.22;1130.92;1128.22;1130.92;18:48.2;18:50.9;2.7;tvr;rejected;manual;no;no;;;Wil bumps the fists of all of his teammates after making a strike.
tbbt_s03e19_d61550;61550;s03e19;test;tbbt_s03e19.mp4;s03e19_seg02_clip_17;7.44;93.03;1143.44;1229.03;1131.61;1143.59;18:51.6;19:03.6;11.98;tvr;accepted;;yes;yes;;;Stressed Penny is tying the laces of her shoes while sitting between Leonard and Sheldon at the bowling alley.
tbbt_s03e19_d61553;61553;s03e19;test;tbbt_s03e19.mp4;s03e19_seg02_clip_17;2.33;5.58;1138.33;1141.58;1138.6;1142.85;18:58.6;19:02.8;4.25;tvr;accepted;;yes;yes;;;Leonard, in a black vest and grey hoodie, rubs Penny's back with his right hand at the red-white plastic seats.
tbbt_s03e19_d61551;61551;s03e19;test;tbbt_s03e19.mp4;s03e19_seg02_clip_17;22.79;28.84;1158.79;1164.84;1159.39;1165.11;19:19.4;19:25.1;5.72;tvr;accepted;;yes;yes;;;Penny walks away from Leonard, crying and touching her belly, leaves the bowling alley.
tbbt_s03e19_d61552;61552;s03e19;test;tbbt_s03e19.mp4;s03e19_seg02_clip_17;78.14;89.31;1214.14;1225.31;1214.41;1225.58;20:14.4;20:25.6;11.17;tvr;accepted;;no;yes;;;Howard, Leonard, Sheldon and Raj enter the comic book store dressed in woman costumes.
tbbt_s04e01_d13985;13985;s04e01;test;tbbt_s04e01.mp4;s04e01_seg01_clip_00;7.56;9.14;7.39;8.97;7.39;8.97;0:07.4;0:09.0;1.58;tvr;rejected;manual;no;no;;;Howard points his hand towards the coffee table while sitting in a chair with his laptop.
tbbt_s04e01_d13988;13988;s04e01;test;tbbt_s04e01.mp4;s04e01_seg01_clip_00;4.41;23.64;4.24;23.47;15.42;24.41;0:15.4;0:24.4;8.99;tvr;accepted;;yes;yes;;;A robotic arm reaches into a paper bag and pulls out containers of food onto a table while Raj, Leonard, and Sheldon cheer.
tbbt_s04e01_d13986;13986;s04e01;test;tbbt_s04e01.mp4;s04e01_seg01_clip_00;18.59;20.17;18.42;20.0;18.42;20.0;0:18.4;0:20.0;1.58;tvr;rejected;manual;no;no;;;Sheldon claps his hands and smiles while sitting on the couch.
tbbt_s04e01_d80200;80200;s04e01;test;tbbt_s04e01.mp4;s04e01_seg01_clip_01;0.0;4.74;62.93;67.67;62.93;67.67;1:02.9;1:07.7;4.74;tvr;rejected;manual;no;no;;;Howard is sitting with his laptop on his lap while speaking to Penny.
tbbt_s04e01_d13987;13987;s04e01;test;tbbt_s04e01.mp4;s04e01_seg01_clip_00;58.3;63.03;58.13;62.86;109.2;118.28;1:49.2;1:58.3;9.08;tvr;accepted;;yes;yes;;;The robotic hand drops the small package into Penny's hand, which she held out expectantly.
tbbt_s04e01_d80203;80203;s04e01;test;tbbt_s04e01.mp4;s04e01_seg01_clip_01;48.61;53.75;111.54;116.68;111.54;116.68;1:51.5;1:56.7;5.14;tvr;rejected;manual;no;no;;;The robotic hand drops the packet into Penny's hand.
tbbt_s04e01_d80201;80201;s04e01;test;tbbt_s04e01.mp4;s04e01_seg01_clip_01;49.79;53.75;112.72;116.68;112.72;116.68;1:52.7;1:56.7;3.96;tvr;rejected;manual;no;no;;;Penny puts out her hand as she stands in front of Howard's machine.
tbbt_s04e01_d80202;80202;s04e01;test;tbbt_s04e01.mp4;s04e01_seg01_clip_01;51.77;56.51;114.7;119.44;114.7;119.44;1:54.7;1:59.4;4.74;tvr;rejected;manual;no;no;;;Howard's robotic arm hands Penny a packet of soy sauce.
tbbt_s04e01_d80204;80204;s04e01;test;tbbt_s04e01.mp4;s04e01_seg01_clip_01;70.74;76.67;133.67;139.6;131.49;139.59;2:11.5;2:19.6;8.1;tvr;accepted;;yes;yes;;;The robotic hand holds up two fingers in front of Sheldon.
tbbt_s04e01_d96750;96750;s04e01;test;tbbt_s04e01.mp4;s04e01_seg02_clip_00;5.89;9.92;168.19;172.22;168.19;172.22;2:48.2;2:52.2;4.03;tvr;accepted;;no;yes;;;Leonard grabs a blue napkin from the robotic hand and sits down in a chair.
tbbt_s04e01_d96753;96753;s04e01;test;tbbt_s04e01.mp4;s04e01_seg02_clip_00;9.61;19.23;171.91;181.53;171.91;181.53;2:51.9;3:01.5;9.62;tvr;rejected;manual;no;no;;;The group are having a conversation while they are eating.
tbbt_s04e01_d96751;96751;s04e01;test;tbbt_s04e01.mp4;s04e01_seg02_clip_00;23.57;25.43;185.87;187.73;185.87;187.73;3:05.9;3:07.7;1.86;tvr;rejected;manual;no;no;;;Sheldon puts down his food and picks up his cell phone.
tbbt_s04e01_d96754;96754;s04e01;test;tbbt_s04e01.mp4;s04e01_seg02_clip_00;24.81;31.32;187.11;193.62;187.11;193.62;3:07.1;3:13.6;6.51;tvr;rejected;manual;no;no;;;Sheldon read a message from his phone out loud.
tbbt_s04e01_d96752;96752;s04e01;test;tbbt_s04e01.mp4;s04e01_seg02_clip_00;60.17;62.03;222.47;224.33;222.47;224.33;3:42.5;3:44.3;1.86;tvr;rejected;manual;no;no;;;Sheldon picks his food back up from the table.
tbbt_s04e01_d62902;62902;s04e01;test;tbbt_s04e01.mp4;s04e01_seg02_clip_01;0.0;2.07;224.12;226.19;224.12;226.19;3:44.1;3:46.2;2.07;tvr;rejected;manual;no;no;;;Penny puts her food on the coffee table and looks at Leonard.
tbbt_s04e01_d62901;62901;s04e01;test;tbbt_s04e01.mp4;s04e01_seg02_clip_01;38.37;50.47;262.49;274.58;262.49;274.58;4:22.5;4:34.6;12.09;tvr;rejected;manual;no;no;;;Sheldon starts to walk away then stops and talks to penny.
tbbt_s04e01_d62900;62900;s04e01;test;tbbt_s04e01.mp4;s04e01_seg02_clip_01;47.52;59.03;271.63;283.14;271.45;281.85;4:31.4;4:41.9;10.4;tvr;accepted;;yes;yes;;;Penny spits water out and the robot hands penny a blue napkin.
tbbt_s04e01_d62913;62913;s04e01;test;tbbt_s04e01.mp4;s04e01_seg02_clip_02;0.0;1.28;283.12;284.4;283.12;284.4;4:43.1;4:44.4;1.28;tvr;rejected;manual;no;no;;;Penny sips from a blue cup and then puts it down.
tbbt_s04e01_d62910;62910;s04e01;test;tbbt_s04e01.mp4;s04e01_seg02_clip_02;4.48;6.72;287.6;289.84;287.6;289.84;4:47.6;4:49.8;2.24;tvr;rejected;manual;no;no;;;Leonard raises his eyebrows in reaction to Sheldon.
tbbt_s04e01_d62914;62914;s04e01;test;tbbt_s04e01.mp4;s04e01_seg02_clip_02;18.57;20.81;301.69;303.93;301.69;303.93;5:01.7;5:03.9;2.24;tvr;rejected;manual;no;no;;;Sheldon quickly turns, walks, and reaches up into a cabinet.
tbbt_s04e01_d62912;62912;s04e01;test;tbbt_s04e01.mp4;s04e01_seg02_clip_02;20.17;23.69;303.29;306.81;303.29;306.81;5:03.3;5:06.8;3.52;tvr;rejected;manual;no;no;;;Howards talks to Raj, who is sitting on the couch.
tbbt_s04e01_d62911;62911;s04e01;test;tbbt_s04e01.mp4;s04e01_seg02_clip_02;29.13;31.7;312.25;314.82;312.25;314.82;5:12.2;5:14.8;2.57;tvr;rejected;manual;no;no;;;Penny gets up from the couch and walks over to Sheldon.
tbbt_s04e01_d62905;62905;s04e01;test;tbbt_s04e01.mp4;s04e01_seg02_clip_03;10.08;17.37;357.14;364.43;357.14;364.43;5:57.1;6:04.4;7.29;tvr;rejected;manual;no;no;;;Sheldon is standing holding a glass of juice while speaking to Penny.
tbbt_s04e01_d62906;62906;s04e01;test;tbbt_s04e01.mp4;s04e01_seg02_clip_03;19.89;23.81;366.95;370.87;366.95;370.87;6:06.9;6:10.9;3.92;tvr;rejected;manual;no;no;;;Leonard is sitting in his chair eating out of a Chinese take out container.
tbbt_s04e01_d62907;62907;s04e01;test;tbbt_s04e01.mp4;s04e01_seg02_clip_03;35.58;38.38;382.64;385.44;382.64;385.44;6:22.6;6:25.4;2.8;tvr;rejected;manual;no;no;;;Sheldon and Penny are conversing while standing in front of each other.
tbbt_s04e01_d96742;96742;s04e01;test;tbbt_s04e01.mp4;s04e01_seg02_clip_04;3.3;4.2;406.42;407.32;406.42;407.32;6:46.4;6:47.3;0.9;tvr;rejected;too_short;no;no;;;Sheldon walks away with his drink in his hand.
tbbt_s04e01_d96740;96740;s04e01;test;tbbt_s04e01.mp4;s04e01_seg02_clip_04;5.4;10.5;408.52;413.62;408.85;414.4;6:48.9;6:54.4;5.55;tvr;accepted;;yes;yes;;;Sheldon, in a yellow shirt with grey sleeves, knocks on Penny's door repeatedly.
tbbt_s04e01_d96743;96743;s04e01;test;tbbt_s04e01.mp4;s04e01_seg02_clip_04;6.0;11.41;409.12;414.53;409.12;414.53;6:49.1;6:54.5;5.41;tvr;rejected;manual;no;no;;;Sheldon stands and continues to knock at the door.
tbbt_s04e01_d96741;96741;s04e01;test;tbbt_s04e01.mp4;s04e01_seg02_clip_04;11.1;14.41;414.22;417.53;414.22;417.53;6:54.2;6:57.5;3.31;tvr;rejected;manual;no;no;;;Penny opens the door for Sheldon after hes done knocking.
tbbt_s04e01_d62893;62893;s04e01;test;tbbt_s04e01.mp4;s04e01_seg02_clip_05;0.0;28.81;463.12;491.93;463.12;491.93;7:43.1;8:11.9;28.81;tvr;rejected;too_long;no;no;;;Sheldon asking permission of Penny having a date tonight.
tbbt_s04e01_d62890;62890;s04e01;test;tbbt_s04e01.mp4;s04e01_seg02_clip_05;7.2;10.5;470.32;473.62;465.9;470.03;7:45.9;7:50.0;4.13;tvr;accepted;;yes;yes;;;Penny, in a pink patterned tank top, opens her mouth wide in shock, moving her head to the side, at Sheldon.
tbbt_s04e01_d62891;62891;s04e01;test;tbbt_s04e01.mp4;s04e01_seg02_clip_05;27.91;29.41;491.03;492.53;491.03;492.53;8:11.0;8:12.5;1.5;tvr;rejected;manual;no;no;;;Penny turns turns around and walks away from Sheldon.
tbbt_s04e01_d96745;96745;s04e01;test;tbbt_s04e01.mp4;s04e01_seg02_clip_06;0.0;2.44;523.25;525.69;499.83;514.22;8:19.8;8:34.2;14.39;tvr;accepted;;yes;yes;;;The hand of a robot massages Howard's shoulder, while he opens his mouth wide and closes his eyes in pleasure.
tbbt_s04e01_d62892;62892;s04e01;test;tbbt_s04e01.mp4;s04e01_seg02_clip_05;56.43;60.03;519.55;523.15;519.88;525.86;8:39.9;8:45.9;5.98;tvr;accepted;;yes;yes;;;Howard, in a green shirt, slowly turns his head around and looks at the robot hand massaging his shoulder.
tbbt_s04e01_d96748;96748;s04e01;test;tbbt_s04e01.mp4;s04e01_seg02_clip_06;0.0;3.05;523.25;526.3;523.25;526.3;8:43.2;8:46.3;3.05;tvr;rejected;manual;no;no;;;A robot arm massages Howard's right shoulder.
tbbt_s04e01_d96746;96746;s04e01;test;tbbt_s04e01.mp4;s04e01_seg02_clip_06;9.15;11.29;532.4;534.54;532.4;534.54;8:52.4;8:54.5;2.14;tvr;rejected;manual;no;no;;;Howard glances down to look at Penny's shoes.
tbbt_s04e01_d96747;96747;s04e01;test;tbbt_s04e01.mp4;s04e01_seg02_clip_06;30.82;33.87;554.07;557.12;559.51;561.66;9:19.5;9:21.7;2.15;tvr;accepted;;yes;yes;;;Penny, while driving a car, briefly turns toward Sheldon, the corner of her mouth lifting into a smile.
tbbt_s04e01_d62895;62895;s04e01;test;tbbt_s04e01.mp4;s04e01_seg02_clip_07;0.0;20.26;584.46;604.72;584.46;604.72;9:44.5;10:04.7;20.26;tvr;rejected;too_long;no;no;;;Penny is driving and conversing with Sheldon, the passenger.
tbbt_s04e01_d62896;62896;s04e01;test;tbbt_s04e01.mp4;s04e01_seg02_clip_07;42.76;60.77;627.22;645.23;611.49;626.47;10:11.5;10:26.5;14.98;tvr;accepted;;yes;yes;;;Leonard, while talking to Raj, reaches his hand toward the magazines on the table and holds his hand on them for a moment.
tbbt_s04e01_d62897;62897;s04e01;test;tbbt_s04e01.mp4;s04e01_seg02_clip_07;63.77;75.02;648.23;659.48;648.23;659.48;10:48.2;10:59.5;11.25;tvr;rejected;manual;no;no;;;Penny is driving, Sheldon is in the front seat, Amy is in the back seat.
tbbt_s04e01_002;4010002;s04e01;test;tbbt_s04e01.mp4;;;;674.56;677.44;674.56;677.44;11:14.6;11:17.4;2.88;manual;accepted;;no;no;;;Sheldon, in a yellow shirt, raises his hand in a stop gesture while in a car with Amy in the back seat and Penny driving.
tbbt_s04e01_d62925;62925;s04e01;test;tbbt_s04e01.mp4;s04e01_seg02_clip_08;15.63;18.27;674.69;677.33;674.69;677.33;11:14.7;11:17.3;2.64;tvr;rejected;manual;no;no;;;Sheldon raises his hand and then lowers it.
tbbt_s04e01_d62927;62927;s04e01;test;tbbt_s04e01.mp4;s04e01_seg02_clip_08;15.85;36.32;674.91;695.38;674.91;695.38;11:14.9;11:35.4;20.47;tvr;rejected;too_long;no;no;;;Penny, Sheldon and Amy pass trees decorated with white lights in the median.
tbbt_s04e01_d62926;62926;s04e01;test;tbbt_s04e01.mp4;s04e01_seg02_clip_08;33.68;36.32;692.74;695.38;692.74;695.38;11:32.7;11:35.4;2.64;tvr;rejected;manual;no;no;;;Penny turns her head slightly to look up into her rear view mirror, then straightens her head.
tbbt_s04e01_d62920;62920;s04e01;test;tbbt_s04e01.mp4;s04e01_seg02_clip_09;5.8;8.24;709.05;711.49;709.05;711.49;11:49.1;11:51.5;2.44;tvr;rejected;manual;no;no;;;Penny reaches down and tries to turn on the radio in the car.
tbbt_s04e01_d62921;62921;s04e01;test;tbbt_s04e01.mp4;s04e01_seg02_clip_09;33.87;35.09;737.12;738.34;737.12;738.34;12:17.1;12:18.3;1.22;tvr;rejected;too_short;no;no;;;Amy nods her head to acknowledge what Sheldon just said to her.
tbbt_s04e01_d62922;62922;s04e01;test;tbbt_s04e01.mp4;s04e01_seg02_clip_09;60.42;61.03;763.67;764.28;763.67;764.28;12:43.7;12:44.3;0.61;tvr;rejected;too_short;no;no;;;Sheldon rolls his eyes and looks towards Amy in the back seat of the car.
tbbt_s04e01_d18110;18110;s04e01;test;tbbt_s04e01.mp4;s04e01_seg02_clip_10;0.0;3.97;764.2;768.17;764.2;768.17;12:44.2;12:48.2;3.97;tvr;rejected;manual;no;no;;;Penny is driving in her car with Sheldon and Amy inside.
tbbt_s04e01_d18111;18111;s04e01;test;tbbt_s04e01.mp4;s04e01_seg02_clip_10;40.89;42.41;805.09;806.61;804.04;807.02;13:24.0;13:27.0;2.98;tvr;accepted;;yes;yes;;;Leonard reaches for Howard's laptop on the bed, but Howard, under the purple blanket, stops him with a gesture.
tbbt_s04e01_d18112;18112;s04e01;test;tbbt_s04e01.mp4;s04e01_seg02_clip_10;59.81;61.03;824.01;825.23;824.01;825.23;13:44.0;13:45.2;1.22;tvr;rejected;too_short;no;no;;;Leonard crosses his arms with disappointment at Raj.
tbbt_s04e01_d18115;18115;s04e01;test;tbbt_s04e01.mp4;s04e01_seg02_clip_11;0.0;12.99;825.13;838.12;825.13;838.12;13:45.1;13:58.1;12.99;tvr;rejected;manual;no;no;;;Raj and Leonard are trying to figure out how to help Howard with his problem.
tbbt_s04e01_d18118;18118;s04e01;test;tbbt_s04e01.mp4;s04e01_seg02_clip_11;0.0;2.95;825.13;828.09;825.3;827.38;13:45.3;13:47.4;2.08;tvr;accepted;;yes;yes;;;Raj does a pulling gesture with both hands as he stands beside Leonard, who has his arms crossed.
tbbt_s04e01_d18116;18116;s04e01;test;tbbt_s04e01.mp4;s04e01_seg02_clip_11;14.46;28.04;839.6;853.17;847.16;848.62;14:07.2;14:08.6;1.46;tvr;accepted;;yes;yes;;;Howard is sitting in his bed with a purple blanket over his private parts and rubs his eyes with his hands.
tbbt_s04e01_003;4010003;s04e01;test;tbbt_s04e01.mp4;;;;870.56;872.57;870.56;872.57;14:30.6;14:32.6;2.01;manual;accepted;;no;no;;;Howard is sitting in his bed with a purple blanket over his private parts and shaking his spread arms in panic.
tbbt_s04e01_d18119;18119;s04e01;test;tbbt_s04e01.mp4;s04e01_seg02_clip_11;55.48;59.03;880.62;884.16;880.62;884.16;14:40.6;14:44.2;3.54;tvr;rejected;manual;no;no;;;Penny is sitting with Amy and Sheldon as they are eating at a restaurant.
tbbt_s04e01_d18100;18100;s04e01;test;tbbt_s04e01.mp4;s04e01_seg02_clip_12;0.0;7.25;884.16;891.41;884.16;891.41;14:44.2;14:51.4;7.25;tvr;rejected;manual;no;no;;;Penny takes a bite of her food with a fork.
tbbt_s04e01_d18101;18101;s04e01;test;tbbt_s04e01.mp4;s04e01_seg02_clip_12;21.75;31.83;905.91;915.99;905.91;915.99;15:05.9;15:16.0;10.08;tvr;rejected;manual;no;no;;;Sheldon is sitting across from Amy while eating at a restaurant.
tbbt_s04e01_d18102;18102;s04e01;test;tbbt_s04e01.mp4;s04e01_seg02_clip_12;57.67;61.45;941.83;945.61;941.83;945.61;15:41.8;15:45.6;3.78;tvr;rejected;manual;no;no;;;Amy takes a bite of her food while at the table with Sheldon and Penny.
tbbt_s04e01_d18117;18117;s04e01;test;tbbt_s04e01.mp4;s04e01_seg02_clip_11;54.89;59.03;880.02;884.16;943.97;945.44;15:44.0;15:45.4;1.47;tvr;accepted;;yes;yes;;;Sheldon, in a yellow shirt with grey sleeves, raises his head from a plate with a strange expression while smiling in a restaurant.
tbbt_s04e01_d18105;18105;s04e01;test;tbbt_s04e01.mp4;s04e01_seg02_clip_13;1.68;3.08;948.82;950.22;947.83;950.36;15:47.8;15:50.4;2.53;tvr;accepted;;yes;yes;;;Penny raises her shoulders and body, mouth open and eyes closed, sitting next to Sheldon, in a yellow shirt, at the restaurant.
tbbt_s04e01_d18106;18106;s04e01;test;tbbt_s04e01.mp4;s04e01_seg02_clip_13;36.42;38.94;983.56;986.08;983.56;986.08;16:23.6;16:26.1;2.52;tvr;rejected;manual;no;no;;;Sheldon points his left hand up and moves it along a curve.
tbbt_s04e01_d18107;18107;s04e01;test;tbbt_s04e01.mp4;s04e01_seg02_clip_13;52.66;53.78;999.8;1000.92;999.57;1001.48;16:39.6;16:41.5;1.91;tvr;accepted;;yes;yes;;;Penny puts her head down on her hand at the restaurant table.
tbbt_s04e01_d18108;18108;s04e01;test;tbbt_s04e01.mp4;s04e01_seg02_clip_13;52.66;54.06;999.8;1001.2;999.8;1001.2;16:39.8;16:41.2;1.4;tvr;rejected;manual;no;no;;;Penny drops her face on the back of her hand in shame.
tbbt_s04e01_004;4010004;s04e01;test;tbbt_s04e01.mp4;;;;1026.68;1027.96;1026.68;1027.96;17:06.7;17:08.0;1.28;manual;accepted;;no;no;;;Amy's expressionless face suddenly shifts into a smug, close-lipped smile at the restaurant table.
tbbt_s04e01_d96013;96013;s04e01;test;tbbt_s04e01.mp4;s04e01_seg02_clip_14;28.81;32.41;1031.96;1035.56;1032.29;1035.56;17:12.3;17:15.6;3.27;tvr;accepted;;yes;yes;;;Penny points to their table for the waiter at the restaurant, while sitting with Amy and Sheldon.
tbbt_s04e01_d96010;96010;s04e01;test;tbbt_s04e01.mp4;s04e01_seg02_clip_14;29.71;32.41;1032.86;1035.56;1032.86;1035.56;17:12.9;17:15.6;2.7;tvr;rejected;manual;no;no;;;Penny hold her hand up and points repeatedly toward the table while looking at the waiter.
tbbt_s04e01_d96012;96012;s04e01;test;tbbt_s04e01.mp4;s04e01_seg02_clip_14;30.01;32.41;1033.16;1035.56;1033.16;1035.56;17:13.2;17:15.6;2.4;tvr;rejected;manual;no;no;;;The waiter walks away from the table he was serving.
tbbt_s04e01_d96011;96011;s04e01;test;tbbt_s04e01.mp4;s04e01_seg02_clip_14;47.72;51.02;1050.87;1054.17;1050.87;1054.17;17:30.9;17:34.2;3.3;tvr;rejected;manual;no;no;;;Penny lifts her fork and takes two bites of her salad.
tbbt_s04e01_d96018;96018;s04e01;test;tbbt_s04e01.mp4;s04e01_seg02_clip_15;6.71;9.15;1069.94;1072.38;1069.94;1072.38;17:49.9;17:52.4;2.44;tvr;rejected;manual;no;no;;;Sheldon had a taste of the food in his plate.
tbbt_s04e01_d96015;96015;s04e01;test;tbbt_s04e01.mp4;s04e01_seg02_clip_15;12.21;27.77;1075.44;1091.0;1075.48;1084.44;17:55.5;18:04.4;8.96;tvr;accepted;;yes;yes;;;Leonard and Raj slowly walk through a doorway into a clinic pulling a robotic arm that is attached, underneath a blanket, to Howard.
tbbt_s04e01_d96019;96019;s04e01;test;tbbt_s04e01.mp4;s04e01_seg02_clip_15;12.82;20.75;1076.05;1083.98;1076.05;1083.98;17:56.1;18:04.0;7.93;tvr;rejected;manual;no;no;;;Leonard and Raj bring large equipment while Howard follows being connected to the equipment.
tbbt_s04e01_d96016;96016;s04e01;test;tbbt_s04e01.mp4;s04e01_seg02_clip_15;29.29;40.58;1092.52;1103.81;1092.85;1104.86;18:12.8;18:24.9;12.01;tvr;accepted;;yes;yes;;;The nurse takes off her glasses and walks over and looks underneath the Howard's purple blanket.
tbbt_s04e01_d96020;96020;s04e01;test;tbbt_s04e01.mp4;s04e01_seg02_clip_16;0.0;2.1;1124.09;1126.19;1111.38;1115.68;18:31.4;18:35.7;4.3;tvr;accepted;;yes;yes;;;The nurse is speaking to Howard, while Raj and Leonard look at each other beside her and laugh.
tbbt_s04e01_d96017;96017;s04e01;test;tbbt_s04e01.mp4;s04e01_seg02_clip_15;54.62;61.03;1117.85;1124.26;1118.18;1130.06;18:38.2;18:50.1;11.88;tvr;accepted;;yes;yes;;;The nurse walks over to the desk and picks up the phone receiver and talks to it.
tbbt_s04e01_005;4010005;s04e01;test;tbbt_s04e01.mp4;;;;1122.17;1132.28;1122.17;1132.28;18:42.2;18:52.3;10.11;manual;accepted;;no;no;;;People in the clinic waiting room suddenly look at Howard, a robotic arm attached under his blanket, after a nurse speaks on the phone.
tbbt_s04e01_d96021;96021;s04e01;test;tbbt_s04e01.mp4;s04e01_seg02_clip_16;22.21;25.81;1146.3;1149.9;1146.07;1150.23;19:06.1;19:10.2;4.16;tvr;accepted;;yes;yes;;;The nurse click something on laptop that Leonard is holding and Howard's robotic arm releases him.
tbbt_s04e01_001;4010001;s04e01;test;tbbt_s04e01.mp4;;;;1148.15;1158.3;1148.15;1158.3;19:08.2;19:18.3;10.15;manual;accepted;;no;no;;;Howard is screaming in shock, then looks under the purple blanket around his hips and smiles, at the clinic.
tbbt_s04e01_d96024;96024;s04e01;test;tbbt_s04e01.mp4;s04e01_seg02_clip_16;44.12;60.03;1168.21;1184.12;1168.21;1184.12;19:28.2;19:44.1;15.91;tvr;rejected;too_long;no;no;;;Penny and Sheldon are walking beside each other as they go upstairs.
tbbt_s04e01_d96022;96022;s04e01;test;tbbt_s04e01.mp4;s04e01_seg02_clip_16;47.72;51.32;1171.81;1175.41;1171.81;1175.41;19:31.8;19:35.4;3.6;tvr;rejected;manual;no;no;;;Penny and Sheldon walk side by side going up stairs.
tbbt_s04e01_d47090;47090;s04e01;test;tbbt_s04e01.mp4;s04e01_seg02_clip_17;0.0;32.26;1183.93;1216.19;1183.93;1216.19;19:43.9;20:16.2;32.26;tvr;rejected;too_long;no;no;;;Sheldon and Penny walk up four flights of stairs.
tbbt_s04e01_d47091;47091;s04e01;test;tbbt_s04e01.mp4;s04e01_seg02_clip_17;49.52;59.64;1233.45;1243.57;1233.45;1243.57;20:33.5;20:43.6;10.12;tvr;rejected;manual;no;no;;;Penny walks away from Sheldon to her front door.
tbbt_s04e01_d47092;47092;s04e01;test;tbbt_s04e01.mp4;s04e01_seg02_clip_17;62.64;67.9;1246.57;1251.83;1237.89;1248.78;20:37.9;20:48.8;10.89;tvr;accepted;;yes;yes;;;Penny, at the door, looks angry at Sheldon, wearing a yellow shirt and grey sleeves, then he smiles and opens the door to his apartment.
tbbt_s04e01_d47094;47094;s04e01;test;tbbt_s04e01.mp4;s04e01_seg02_clip_17;65.27;75.02;1249.2;1258.95;1248.78;1259.88;20:48.8;20:59.9;11.1;tvr;accepted;;yes;yes;;;Sheldon, wearing a yellow shirt and grey sleeves, enters the apartment while Leonard talks on his cell phone.
tbbt_s04e12_d48485;48485;s04e12;test;tbbt_s04e12.mp4;s04e12_seg01_clip_00;3.66;35.09;3.58;35.01;26.89;31.57;0:26.9;0:31.6;4.68;tvr;accepted;;yes;yes;;;Howard, in an orange shirt, angrily talking on the phone at the canteen, moves his hand all over his face with eyes closed.
tbbt_s04e12_d48489;48489;s04e12;test;tbbt_s04e12.mp4;s04e12_seg01_clip_00;55.23;57.06;55.15;56.98;55.15;56.98;0:55.1;0:57.0;1.83;tvr;rejected;manual;no;no;;;Leonard places a lunch tray on top of a table.
tbbt_s04e12_d48486;48486;s04e12;test;tbbt_s04e12.mp4;s04e12_seg01_clip_00;55.54;58.28;55.46;58.2;55.46;58.2;0:55.5;0:58.2;2.74;tvr;rejected;manual;no;no;;;Howard takes a bite of food from his plate.
tbbt_s04e12_d90578;90578;s04e12;test;tbbt_s04e12.mp4;s04e12_seg01_clip_01;6.41;10.99;67.35;71.93;67.35;71.93;1:07.3;1:11.9;4.58;tvr;rejected;manual;no;no;;;Howard continues to eat while Leonard is speaking.
tbbt_s04e12_d90575;90575;s04e12;test;tbbt_s04e12.mp4;s04e12_seg01_clip_01;7.32;10.07;68.26;71.01;68.26;71.01;1:08.3;1:11.0;2.75;tvr;rejected;manual;no;no;;;Sheldon is sitting beside Leonard at the cafeteria table.
tbbt_s04e12_d48487;48487;s04e12;test;tbbt_s04e12.mp4;s04e12_seg01_clip_00;53.7;57.98;53.62;57.9;78.99;87.1;1:19.0;1:27.1;8.11;tvr;accepted;;yes;yes;;;Raj, in a red sweatshirt, is smiling while talking at the canteen table, while Sheldon, Howard, and Leonard look at him with a serious expression.
tbbt_s04e12_d90576;90576;s04e12;test;tbbt_s04e12.mp4;s04e12_seg01_clip_01;19.83;22.58;80.77;83.52;80.77;83.52;1:20.8;1:23.5;2.75;tvr;rejected;manual;no;no;;;Raj is beside Howard at the cafeteria table.
tbbt_s04e12_d90579;90579;s04e12;test;tbbt_s04e12.mp4;s04e12_seg01_clip_01;21.05;26.85;81.99;87.79;81.99;87.79;1:22.0;1:27.8;5.8;tvr;rejected;manual;no;no;;;Leonard and Sheldon looks disappointed on what Raj says.
tbbt_s04e12_d90577;90577;s04e12;test;tbbt_s04e12.mp4;s04e12_seg01_clip_01;58.28;61.03;119.22;121.97;119.22;121.97;1:59.2;2:02.0;2.75;tvr;rejected;manual;no;no;;;Leonard gestures with his hands to Howard and Raj.
tbbt_s04e12_d84010;84010;s04e12;test;tbbt_s04e12.mp4;s04e12_seg02_clip_00;4.27;7.93;195.09;198.75;195.35;200.75;3:15.3;3:20.8;5.4;tvr;accepted;;yes;yes;;;Leonard, in a blue shirt and green jacket, comes from the kitchen and sits down, placing green and yellow cans on the glass table.
tbbt_s04e12_d84011;84011;s04e12;test;tbbt_s04e12.mp4;s04e12_seg02_clip_00;19.53;26.85;210.35;217.67;210.35;217.67;3:30.4;3:37.7;7.32;tvr;rejected;manual;no;no;;;Penny is sitting in a chair eating with chopsticks.
tbbt_s04e12_d84012;84012;s04e12;test;tbbt_s04e12.mp4;s04e12_seg02_clip_00;42.41;45.47;233.23;236.29;223.11;236.55;3:43.1;3:56.6;13.44;tvr;accepted;;yes;yes;;;Sheldon, in a purple shirt with black sleeves, suddenly moves his body while sitting on the couch and starts to clap as he is singing a song.
tbbt_s04e12_d84005;84005;s04e12;test;tbbt_s04e12.mp4;s04e12_seg02_clip_01;0.0;9.0;251.66;260.67;251.66;260.67;4:11.7;4:20.7;9.01;tvr;rejected;manual;no;no;;;Sheldon gets up from his spot to stand next to Penny.
tbbt_s04e12_d84006;84006;s04e12;test;tbbt_s04e12.mp4;s04e12_seg02_clip_01;12.61;14.41;264.27;266.07;264.27;266.07;4:24.3;4:26.1;1.8;tvr;rejected;manual;no;no;;;Howard is holding a fork and a Chinese food container in his hands.
tbbt_s04e12_d84007;84007;s04e12;test;tbbt_s04e12.mp4;s04e12_seg02_clip_01;54.02;56.43;305.69;308.1;305.69;308.1;5:05.7;5:08.1;2.41;tvr;rejected;manual;no;no;;;Penny gets up from the chair to exit the apartment.
tbbt_s04e12_d68675;68675;s04e12;test;tbbt_s04e12.mp4;s04e12_seg02_clip_02;0.0;4.8;311.88;316.68;311.88;316.68;5:11.9;5:16.7;4.8;tvr;rejected;manual;no;no;;;Sheldon gets up from his spot to get papers from a desk.
tbbt_s04e12_d68678;68678;s04e12;test;tbbt_s04e12.mp4;s04e12_seg02_clip_02;0.0;4.2;311.88;316.08;312.14;326.7;5:12.1;5:26.7;14.56;tvr;accepted;;yes;yes;;;Sheldon, in a purple shirt, gets up and goes to the desk under the window to pick up documents to hand out to the others.
tbbt_s04e12_d68676;68676;s04e12;test;tbbt_s04e12.mp4;s04e12_seg02_clip_02;6.6;11.41;318.48;323.29;318.48;323.29;5:18.5;5:23.3;4.81;tvr;rejected;manual;no;no;;;Sheldon hands papers to Leonard, Howard, and Raj.
tbbt_s04e12_d68677;68677;s04e12;test;tbbt_s04e12.mp4;s04e12_seg02_clip_02;39.92;45.62;351.8;357.5;351.8;357.5;5:51.8;5:57.5;5.7;tvr;rejected;manual;no;no;;;Sheldon is sitting next to Howard on the couch as he speaks.
tbbt_s04e12_d68665;68665;s04e12;test;tbbt_s04e12.mp4;s04e12_seg02_clip_03;0.0;3.0;371.54;374.54;404.21;413.06;6:44.2;6:53.1;8.85;tvr;accepted;;yes;yes;;;Sheldon, in a purple shirt, rests his elbow on the arm of the couch, holding a paper in his other hand.
tbbt_s04e12_d68666;68666;s04e12;test;tbbt_s04e12.mp4;s04e12_seg02_clip_03;43.52;45.32;415.06;416.86;415.42;416.67;6:55.4;6:56.7;1.25;tvr;accepted;;yes;yes;;;Raj and Howard are on their laptops in the living room as they watch Leonard, standing next to the whiteboard, resting his chin on his hand.
tbbt_s04e12_d68667;68667;s04e12;test;tbbt_s04e12.mp4;s04e12_seg02_clip_03;47.72;50.12;419.26;421.66;419.26;421.66;6:59.3;7:01.7;2.4;tvr;rejected;manual;no;no;;;Leonard is standing in front of a dry erase board.
tbbt_s04e12_d68669;68669;s04e12;test;tbbt_s04e12.mp4;s04e12_seg02_clip_03;57.63;60.03;429.17;431.57;429.17;431.57;7:09.2;7:11.6;2.4;tvr;rejected;manual;no;no;;;Sheldon points to the dry erase board Leonard is standing beside.
tbbt_s04e12_d83990;83990;s04e12;test;tbbt_s04e12.mp4;s04e12_seg02_clip_04;10.37;12.21;442.25;444.09;442.25;444.09;7:22.2;7:24.1;1.84;tvr;rejected;manual;no;no;;;Sheldon stands up from the couch he was sitting on with Howard.
tbbt_s04e12_d83992;83992;s04e12;test;tbbt_s04e12.mp4;s04e12_seg02_clip_04;26.24;28.38;458.12;460.26;458.09;463.68;7:38.1;7:43.7;5.59;tvr;accepted;;yes;yes;;;Sheldon, in a purple shirt, sits down on the couch next to Howard and raises his shoulders suddenly.
tbbt_s04e12_d83994;83994;s04e12;test;tbbt_s04e12.mp4;s04e12_seg02_clip_04;38.14;46.38;470.02;478.26;471.89;478.84;7:51.9;7:58.8;6.95;tvr;accepted;;yes;yes;;;Sheldon, in a purple shirt, shakes his right index finger, makes an okay sign with his hand and then puts his right index finger to his lips.
tbbt_s04e12_d83991;83991;s04e12;test;tbbt_s04e12.mp4;s04e12_seg02_clip_04;43.64;46.38;475.52;478.26;475.52;478.26;7:55.5;7:58.3;2.74;tvr;rejected;manual;no;no;;;Sheldon places his index finger over his lips.
tbbt_s04e12_d83985;83985;s04e12;test;tbbt_s04e12.mp4;s04e12_seg02_clip_05;44.56;51.94;537.46;544.84;537.46;544.84;8:57.5;9:04.8;7.38;tvr;rejected;manual;no;no;;;"Sheldon holds his left hand up in the ""stop"" position then lowers it to his side."
tbbt_s04e12_d83987;83987;s04e12;test;tbbt_s04e12.mp4;s04e12_seg02_clip_05;45.75;47.22;538.65;540.12;538.65;540.12;8:58.6;9:00.1;1.47;tvr;rejected;manual;no;no;;;Raj raises his right hand to his face and face palms.
tbbt_s04e12_d83986;83986;s04e12;test;tbbt_s04e12.mp4;s04e12_seg02_clip_05;54.89;57.85;547.79;550.75;547.79;550.75;9:07.8;9:10.8;2.96;tvr;rejected;manual;no;no;;;Sheldon raises his right hand next to his head.
tbbt_s04e12_d68595;68595;s04e12;test;tbbt_s04e12.mp4;s04e12_seg02_clip_06;1.58;6.3;553.49;558.21;553.49;558.21;9:13.5;9:18.2;4.72;tvr;rejected;manual;no;no;;;Howard is sitting in front of the laptop as Sheldon and Leonard argue.
tbbt_s04e12_d68598;68598;s04e12;test;tbbt_s04e12.mp4;s04e12_seg02_clip_06;17.65;21.12;569.56;573.03;569.9;574.11;9:29.9;9:34.1;4.21;tvr;accepted;;yes;yes;;;Leonard, in red robe, walks into the living room to find Sheldon surrounded by white boards.
tbbt_s04e12_d68596;68596;s04e12;test;tbbt_s04e12.mp4;s04e12_seg02_clip_06;18.91;22.69;570.82;574.6;570.82;574.6;9:30.8;9:34.6;3.78;tvr;rejected;manual;no;no;;;Leonard comes out of his bedroom tying his robe as he sees Sheldon.
tbbt_s04e12_d68597;68597;s04e12;test;tbbt_s04e12.mp4;s04e12_seg02_clip_06;46.64;52.31;598.55;604.22;597.68;604.86;9:57.7;10:04.9;7.18;tvr;accepted;;yes;yes;;;Sheldon caps his marker and places it by one of the many white boards in the living room.
tbbt_s04e12_d68599;68599;s04e12;test;tbbt_s04e12.mp4;s04e12_seg02_clip_06;46.96;52.63;598.87;604.54;598.87;604.54;9:58.9;10:04.5;5.67;tvr;rejected;manual;no;no;;;Sheldon puts the cap on the marker and sets it under the board.
tbbt_s04e12_d83995;83995;s04e12;test;tbbt_s04e12.mp4;s04e12_seg02_clip_07;21.25;24.79;636.04;639.58;636.04;639.58;10:36.0;10:39.6;3.54;tvr;rejected;manual;no;no;;;Leonard pours himself a cup of coffee at the kitchen counter.
tbbt_s04e12_d83998;83998;s04e12;test;tbbt_s04e12.mp4;s04e12_seg02_clip_07;20.36;32.17;635.15;646.96;636.18;649.59;10:36.2;10:49.6;13.41;tvr;accepted;;yes;yes;;;Leonard, in a red robe, pour himself a cup of coffee to a brown mug.
tbbt_s04e12_d83996;83996;s04e12;test;tbbt_s04e12.mp4;s04e12_seg02_clip_07;31.58;34.24;646.37;649.03;646.37;649.03;10:46.4;10:49.0;2.66;tvr;rejected;manual;no;no;;;Sheldon walks away from the kitchen toward his bedroom.
tbbt_s04e12_d83997;83997;s04e12;test;tbbt_s04e12.mp4;s04e12_seg02_clip_07;38.07;59.03;652.86;673.82;652.86;673.82;10:52.9;11:13.8;20.96;tvr;rejected;too_long;no;no;;;Raj and Howard are sitting at a cafeteria table eating food.
tbbt_s04e12_d84038;84038;s04e12;test;tbbt_s04e12.mp4;s04e12_seg02_clip_08;15.01;17.71;688.64;691.34;687.05;693.77;11:27.0;11:33.8;6.72;tvr;accepted;;yes;yes;;;Sheldon hands Raj a black mug from a brown bag, as he is sitting at a canteen.
tbbt_s04e12_d84035;84035;s04e12;test;tbbt_s04e12.mp4;s04e12_seg02_clip_08;16.21;19.51;689.84;693.14;689.84;693.14;11:29.8;11:33.1;3.3;tvr;rejected;manual;no;no;;;Raj picks up a black coffee mug and reads the print on it.
tbbt_s04e12_d84036;84036;s04e12;test;tbbt_s04e12.mp4;s04e12_seg02_clip_08;35.72;39.32;709.35;712.95;709.35;712.95;11:49.3;11:52.9;3.6;tvr;rejected;manual;no;no;;;Sheldon sits down at the table while holding a paper bag.
tbbt_s04e12_d84037;84037;s04e12;test;tbbt_s04e12.mp4;s04e12_seg02_clip_08;57.33;60.03;730.96;733.66;731.31;736.59;12:11.3;12:16.6;5.28;tvr;accepted;;yes;yes;;;Sheldon reaches into a paper bag and pulls out two key chains while sitting at the canteen.
tbbt_s04e12_d84030;84030;s04e12;test;tbbt_s04e12.mp4;s04e12_seg02_clip_09;0.0;2.9;733.81;736.71;733.81;736.71;12:13.8;12:16.7;2.9;tvr;rejected;manual;no;no;;;Sheldon is holding two key-chains in his hands.
tbbt_s04e12_d84033;84033;s04e12;test;tbbt_s04e12.mp4;s04e12_seg02_clip_09;8.7;12.48;742.51;746.29;742.51;746.29;12:22.5;12:26.3;3.78;tvr;rejected;manual;no;no;;;Sheldon puts both his hands in a bag and pulls out two cans.
tbbt_s04e12_d84031;84031;s04e12;test;tbbt_s04e12.mp4;s04e12_seg02_clip_09;9.28;14.8;743.09;748.61;743.44;753.64;12:23.4;12:33.6;10.2;tvr;accepted;;yes;yes;;;Sheldon takes two can koozies from a paper bag, while sitting at the canteen.
tbbt_s04e12_d84034;84034;s04e12;test;tbbt_s04e12.mp4;s04e12_seg02_clip_09;22.05;25.24;755.86;759.05;756.21;760.42;12:36.2;12:40.4;4.21;tvr;accepted;;yes;yes;;;Howard holds a mobile phone up to a whiteboard and uses it to take a photo.
tbbt_s04e12_d84032;84032;s04e12;test;tbbt_s04e12.mp4;s04e12_seg02_clip_09;24.08;26.69;757.89;760.5;757.89;760.5;12:37.9;12:40.5;2.61;tvr;rejected;manual;no;no;;;Howard takes a picture of the white board with his phone.
tbbt_s04e12_d38730;38730;s04e12;test;tbbt_s04e12.mp4;s04e12_seg02_clip_10;2.7;6.6;794.28;798.18;794.63;799.04;13:14.6;13:19.0;4.41;tvr;accepted;;yes;yes;;;Sheldon, in a blue shirt, sets a speaker on the desk and then sits down.
tbbt_s04e12_d38733;38733;s04e12;test;tbbt_s04e12.mp4;s04e12_seg02_clip_10;5.1;6.9;796.68;798.49;796.68;798.49;13:16.7;13:18.5;1.81;tvr;rejected;manual;no;no;;;Sheldon sits at his desk chair as the turns on his speaker.
tbbt_s04e12_d38732;38732;s04e12;test;tbbt_s04e12.mp4;s04e12_seg02_clip_10;7.2;12.61;798.78;804.2;798.78;804.2;13:18.8;13:24.2;5.42;tvr;rejected;manual;no;no;;;Leonard is having a conversation with Howard who sits down and starts to work on his laptop.
tbbt_s04e12_d38731;38731;s04e12;test;tbbt_s04e12.mp4;s04e12_seg02_clip_10;20.11;32.71;811.7;824.29;811.7;824.29;13:31.7;13:44.3;12.59;tvr;rejected;manual;no;no;;;Leonard says something to Sheldon and Sheldon stops playing the theremin to turn around to talk to Leonard.
tbbt_s04e12_d38735;38735;s04e12;test;tbbt_s04e12.mp4;s04e12_seg02_clip_11;4.88;9.76;856.62;861.5;856.11;861.13;14:16.1;14:21.1;5.02;tvr;accepted;;yes;yes;;;Leonard gets up from the couch and goes to Sheldon's desk, where Sheldon is strangely moving both his hands above something.
tbbt_s04e12_d38736;38736;s04e12;test;tbbt_s04e12.mp4;s04e12_seg02_clip_11;26.24;35.09;877.98;886.83;879.1;887.15;14:39.1;14:47.1;8.05;tvr;accepted;;yes;yes;;;Sheldon walks out of the apartment with electrical gear in his hands and then walks towards the stairs.
tbbt_s04e12_d38737;38737;s04e12;test;tbbt_s04e12.mp4;s04e12_seg02_clip_11;49.74;52.79;901.48;904.53;901.83;904.88;15:01.8;15:04.9;3.05;tvr;accepted;;no;yes;;;Penny enters the apartment building and stops when she sees Sheldon, with electrical gear, sitting on the stairs.
tbbt_s04e12_d38720;38720;s04e12;test;tbbt_s04e12.mp4;s04e12_seg02_clip_12;18.59;23.02;931.31;935.74;931.31;935.74;15:31.3;15:35.7;4.43;tvr;rejected;manual;no;no;;;Penny walks over to Sheldon and sits on the stairs next to him
tbbt_s04e12_d38721;38721;s04e12;test;tbbt_s04e12.mp4;s04e12_seg02_clip_12;33.35;36.3;946.07;949.02;946.07;949.02;15:46.1;15:49.0;2.95;tvr;rejected;manual;no;no;;;Penny opes her purse to retrieve her phone.
tbbt_s04e12_d38722;38722;s04e12;test;tbbt_s04e12.mp4;s04e12_seg02_clip_12;51.65;55.19;964.37;967.91;964.74;968.13;16:04.7;16:08.1;3.39;tvr;accepted;;yes;yes;;;Penny taps her phone screen with her finger while sitting next to Sheldon on the stairs.
tbbt_s04e12_d38725;38725;s04e12;test;tbbt_s04e12.mp4;s04e12_seg02_clip_13;18.01;19.81;989.44;991.24;989.44;991.24;16:29.4;16:31.2;1.8;tvr;rejected;manual;no;no;;;Penny stands up from sitting on the stairs next to Sheldon.
tbbt_s04e12_d38726;38726;s04e12;test;tbbt_s04e12.mp4;s04e12_seg02_clip_13;38.72;43.22;1010.15;1014.65;1010.15;1014.65;16:50.1;16:54.6;4.5;tvr;rejected;manual;no;no;;;Sheldon gets up to go up stairs with Penny for hot cocoa.
tbbt_s04e12_d38729;38729;s04e12;test;tbbt_s04e12.mp4;s04e12_seg02_clip_13;40.52;44.72;1011.95;1016.15;1011.95;1016.15;16:51.9;16:56.1;4.2;tvr;rejected;manual;no;no;;;Sheldon stands up and unplugs his keyboard from the outlet.
tbbt_s04e12_d38727;38727;s04e12;test;tbbt_s04e12.mp4;s04e12_seg02_clip_13;52.22;56.13;1023.65;1027.56;1019.51;1030.5;16:59.5;17:10.5;10.99;tvr;accepted;;yes;yes;;;Leonard, in a black vest, looks at a notebook, then at his computer screen, and turns back to face Howard and Raj sitting in the living room.
tbbt_s04e12_d38750;38750;s04e12;test;tbbt_s04e12.mp4;s04e12_seg02_clip_14;13.21;17.11;1044.39;1048.29;1044.39;1048.29;17:24.4;17:28.3;3.9;tvr;rejected;manual;no;no;;;Penny opens the door and starts talking to the guys.
tbbt_s04e12_d38751;38751;s04e12;test;tbbt_s04e12.mp4;s04e12_seg02_clip_14;22.81;25.81;1053.99;1056.99;1053.99;1056.99;17:34.0;17:37.0;3.0;tvr;rejected;manual;no;no;;;Leonard looks away from his computer while talking to Penny.
tbbt_s04e12_d38754;38754;s04e12;test;tbbt_s04e12.mp4;s04e12_seg02_clip_14;28.81;32.71;1059.99;1063.89;1059.99;1063.89;17:40.0;17:43.9;3.9;tvr;rejected;manual;no;no;;;Leonard gets up from his desk and sits next to Howard on the couch.
tbbt_s04e12_d38752;38752;s04e12;test;tbbt_s04e12.mp4;s04e12_seg02_clip_14;27.91;33.92;1059.09;1065.1;1060.15;1064.91;17:40.2;17:44.9;4.76;tvr;accepted;;yes;yes;;;Leonard, in a black vest, gets up from his desk with a notebook in his hand, walks over, and sits on the couch, next to Howard.
tbbt_s04e12_d38758;38758;s04e12;test;tbbt_s04e12.mp4;s04e12_seg02_clip_15;0.0;4.58;1091.4;1095.98;1082.22;1084.35;18:02.2;18:04.3;2.13;tvr;accepted;;yes;yes;;;Penny, in a white shirt and mustard vest, stands at the doorway, smiles, lifts her index finger, and closes the door.
tbbt_s04e12_d38759;38759;s04e12;test;tbbt_s04e12.mp4;s04e12_seg02_clip_15;21.05;27.46;1112.45;1118.86;1112.45;1118.86;18:32.5;18:38.9;6.41;tvr;rejected;manual;no;no;;;Sheldon plays an electronic instrument while having a conversation with Penny.
tbbt_s04e12_d38755;38755;s04e12;test;tbbt_s04e12.mp4;s04e12_seg02_clip_15;21.66;26.85;1113.06;1118.25;1113.41;1118.99;18:33.4;18:39.0;5.58;tvr;accepted;;yes;yes;;;Sheldon moves his hand back and forth in the air over an electronic device that is lying in his lap, while sitting on the couch with Penny.
tbbt_s04e12_d38756;38756;s04e12;test;tbbt_s04e12.mp4;s04e12_seg02_clip_15;47.3;48.82;1138.7;1140.22;1139.05;1141.72;18:59.0;19:01.7;2.67;tvr;accepted;;yes;yes;;;Penny puts her hands together and quickly claps twice as she is talking to Sheldon with an electronic device lying in his lap.
tbbt_s04e12_d38757;38757;s04e12;test;tbbt_s04e12.mp4;s04e12_seg02_clip_15;56.15;60.11;1147.55;1151.51;1147.55;1151.51;19:07.6;19:11.5;3.96;tvr;rejected;manual;no;no;;;Penny points at Sheldon with both hands as they are sitting on the couch talking.
tbbt_s04e12_d38740;38740;s04e12;test;tbbt_s04e12.mp4;s04e12_seg02_clip_16;12.69;16.23;1164.72;1168.27;1165.07;1169.07;19:25.1;19:29.1;4.0;tvr;accepted;;yes;yes;;;Penny stands up from the couch and Sheldon puts the electronic device on the table, then picks up his mug.
tbbt_s04e12_d38741;38741;s04e12;test;tbbt_s04e12.mp4;s04e12_seg02_clip_16;39.55;41.91;1191.59;1193.94;1191.94;1193.83;19:51.9;19:53.8;1.89;tvr;accepted;;yes;yes;;;Penny, in a white shirt and mustard vest, is sitting next to Sheldon on the couch when he winks at her.
tbbt_s04e12_d38742;38742;s04e12;test;tbbt_s04e12.mp4;s04e12_seg02_clip_16;43.38;53.12;1195.41;1205.15;1196.27;1209.0;19:56.3;20:09.0;12.73;tvr;accepted;;yes;yes;;;Leonard, in a black vest, is leaning to show Sheldon something on the phone.
tbbt_s04e12_d38745;38745;s04e12;test;tbbt_s04e12.mp4;s04e12_seg02_clip_17;5.28;8.16;1217.21;1220.09;1217.56;1223.31;20:17.6;20:23.3;5.75;tvr;accepted;;yes;yes;;;Sheldon rapidly stands up from the couch and walks up to the whiteboard to erase everything.
tbbt_s04e12_d38746;38746;s04e12;test;tbbt_s04e12.mp4;s04e12_seg02_clip_17;9.6;11.77;1221.53;1223.7;1221.53;1223.7;20:21.5;20:23.7;2.17;tvr;rejected;manual;no;no;;;Sheldon erases the equations from the dry-erase white board.
tbbt_s04e12_d38747;38747;s04e12;test;tbbt_s04e12.mp4;s04e12_seg02_clip_17;15.37;19.93;1227.3;1231.86;1250.08;1264.85;20:50.1;21:04.8;14.77;tvr;accepted;;yes;yes;;;A shot of Penny taking a photo on her phone of the shoes on the table while Sheldon sits in the armchair with his laptop on his lap.
tbbt_s05e09_d1340;1340;s05e09;test;tbbt_s05e09.mp4;s05e09_seg01_clip_00;3.97;5.19;3.97;5.19;3.97;5.19;0:04.0;0:05.2;1.22;tvr;rejected;too_short;no;no;;;Leonard closes his mailbox door as Penny enters the building.
tbbt_s05e09_d1341;1341;s05e09;test;tbbt_s05e09.mp4;s05e09_seg01_clip_00;8.24;9.76;8.24;9.76;8.24;9.76;0:08.2;0:09.8;1.52;tvr;rejected;manual;no;no;;;Penny shows Leonard the plastic bag she is holding as he walks towards her.
tbbt_s05e09_d1342;1342;s05e09;test;tbbt_s05e09.mp4;s05e09_seg01_clip_00;10.68;61.03;10.68;61.03;10.68;61.03;0:10.7;1:01.0;50.35;tvr;rejected;too_long;no;no;;;Penny and Leonard walk upstairs side by side.
tbbt_s05e09_d288;288;s05e09;test;tbbt_s05e09.mp4;s05e09_seg01_clip_01;0.0;4.88;61.0;65.88;61.0;65.88;1:01.0;1:05.9;4.88;tvr;rejected;manual;no;no;;;Penny and Leonard climb the stairs up together.
tbbt_s05e09_d285;285;s05e09;test;tbbt_s05e09.mp4;s05e09_seg01_clip_01;3.0;9.0;64.0;70.0;64.0;70.0;1:04.0;1:10.0;6.0;tvr;rejected;manual;no;no;;;Leonard opens the door and he and Penny enter his apartment.
tbbt_s05e09_d289;289;s05e09;test;tbbt_s05e09.mp4;s05e09_seg01_clip_01;6.38;9.38;67.38;70.38;67.38;70.38;1:07.4;1:10.4;3.0;tvr;rejected;manual;no;no;;;Penny and Leonard enters the apartment of Leonard and Sheldon.
tbbt_s05e09_d286;286;s05e09;test;tbbt_s05e09.mp4;s05e09_seg01_clip_01;16.13;20.63;77.13;81.63;77.47;81.4;1:17.5;1:21.4;3.93;tvr;accepted;;yes;yes;;;A shot of Sheldon, seen through the window waving his hands and shooing a bird sitting on the ledge outside the window.
tbbt_s05e09_001;5090001;s05e09;test;tbbt_s05e09.mp4;;;;113.52;118.39;113.52;118.39;1:53.5;1:58.4;4.87;manual;accepted;;no;no;;;A shot of Sheldon, seen through the window, knocking on the window at a bird sitting on the ledge outside.
tbbt_s05e09_d287;287;s05e09;test;tbbt_s05e09.mp4;s05e09_seg01_clip_01;61.52;66.4;122.52;127.4;122.52;128.66;2:02.5;2:08.7;6.14;tvr;accepted;;yes;no;;;Sheldon pulls the cord on the curtains causing the drapes to draw closed.
tbbt_s05e09_d42303;42303;s05e09;test;tbbt_s05e09.mp4;s05e09_seg02_clip_00;4.97;10.3;163.97;169.3;163.97;169.3;2:44.0;2:49.3;5.33;tvr;rejected;manual;no;no;;;Sheldon is trying to tease the little bird outside the window.
tbbt_s05e09_d42300;42300;s05e09;test;tbbt_s05e09.mp4;s05e09_seg02_clip_00;3.55;22.37;162.55;181.37;175.66;181.24;2:55.7;3:01.2;5.58;tvr;accepted;;yes;yes;;;A shot of Sheldon, seen through the window at night, making cat-like hand gestures at a bird sitting on the ledge outside the window.
tbbt_s05e09_d42304;42304;s05e09;test;tbbt_s05e09.mp4;s05e09_seg02_clip_00;23.79;29.12;182.79;188.12;187.36;190.39;3:07.4;3:10.4;3.03;tvr;accepted;;yes;yes;;;Leonard, in a grey suit, flaps his arms like a chicken.
tbbt_s05e09_d42302;42302;s05e09;test;tbbt_s05e09.mp4;s05e09_seg02_clip_00;65.34;68.54;224.34;227.54;224.45;228.26;3:44.4;3:48.3;3.81;tvr;accepted;;yes;yes;;;Leonard takes off his grey blazer with angry face and walks out of the room.
tbbt_s05e09_d42301;42301;s05e09;test;tbbt_s05e09.mp4;s05e09_seg02_clip_00;69.6;71.02;228.6;230.02;228.26;230.31;3:48.3;3:50.3;2.05;tvr;accepted;;yes;yes;;;Sheldon, standing in front of a bookcase, near the window with drapes, dials a number on his cell phone.
tbbt_s05e09_d42305;42305;s05e09;test;tbbt_s05e09.mp4;s05e09_seg02_clip_01;0.0;39.27;230.0;269.27;230.0;269.27;3:50.0;4:29.3;39.27;tvr;rejected;too_long;no;no;;;Sheldon stands in front of a bookcase and has a conversation on his cell phone.
tbbt_s05e09_d42306;42306;s05e09;test;tbbt_s05e09.mp4;s05e09_seg02_clip_01;39.52;40.77;269.52;270.77;268.17;270.83;4:28.2;4:30.8;2.66;tvr;accepted;;yes;yes;;;Sheldon, standing in front of a bookcase, near a DNA model, angrily hits the button to hang up the phone.
tbbt_s05e09_d42307;42307;s05e09;test;tbbt_s05e09.mp4;s05e09_seg02_clip_01;44.77;46.02;274.77;276.02;274.62;277.64;4:34.6;4:37.6;3.02;tvr;accepted;;yes;yes;;;Leonard, in a blue baseball cap worn backwards, stands in the apartment and throws his hands out from his sides while talking.
tbbt_s05e09_d42290;42290;s05e09;test;tbbt_s05e09.mp4;s05e09_seg02_clip_02;5.8;9.46;285.8;289.46;284.38;289.94;4:44.4;4:49.9;5.56;tvr;accepted;;yes;yes;;;Leonard, in a blue baseball cap worn backwards, turns around and, frustrated, takes off his baseball hat while going into the bedroom.
tbbt_s05e09_d42293;42293;s05e09;test;tbbt_s05e09.mp4;s05e09_seg02_clip_02;9.46;14.65;289.46;294.65;288.68;295.87;4:48.7;4:55.9;7.19;tvr;accepted;;yes;yes;;;Sheldon, standing near the window and bookcase, twitches and rushes towards the desk to get a pen and paper and suddenly writes something.
tbbt_s05e09_d42294;42294;s05e09;test;tbbt_s05e09.mp4;s05e09_seg02_clip_02;16.17;21.66;296.17;301.66;297.05;301.45;4:57.1;5:01.4;4.4;tvr;accepted;;yes;yes;;;Sheldon, seen through the window, tries to scare the bird outside by holding up a drawing of a cat to his face, while making a cat gesture with his hand.
tbbt_s05e09_d42291;42291;s05e09;test;tbbt_s05e09.mp4;s05e09_seg02_clip_02;27.16;31.73;307.16;311.73;307.36;311.04;5:07.4;5:11.0;3.68;tvr;accepted;;yes;yes;;;Penny, in a dark grey blazer, and Leonard walk into the movie theater.
tbbt_s05e09_d42292;42292;s05e09;test;tbbt_s05e09.mp4;s05e09_seg02_clip_02;48.52;52.48;328.52;332.48;326.84;330.84;5:26.8;5:30.8;4.0;tvr;accepted;;yes;yes;;;Leonard walks away from Penny, then turns around, while she rummages through her shoulder bag, in the movie theater.
tbbt_s05e09_d42295;42295;s05e09;test;tbbt_s05e09.mp4;s05e09_seg02_clip_03;9.9;12.91;350.9;353.91;350.9;353.91;5:50.9;5:53.9;3.01;tvr;rejected;manual;no;no;;;Penny points to the movie times with her right hand
tbbt_s05e09_d42297;42297;s05e09;test;tbbt_s05e09.mp4;s05e09_seg02_clip_03;21.91;24.91;362.91;365.91;362.91;365.91;6:02.9;6:05.9;3.0;tvr;rejected;manual;no;no;;;Leonard gestures with his right hand as he talks to Penny.
tbbt_s05e09_d42296;42296;s05e09;test;tbbt_s05e09.mp4;s05e09_seg02_clip_03;36.92;39.62;377.92;380.62;377.92;380.62;6:17.9;6:20.6;2.7;tvr;rejected;manual;no;no;;;Leonard cross his arms as he talks with Penny.
tbbt_s05e09_d42320;42320;s05e09;test;tbbt_s05e09.mp4;s05e09_seg02_clip_04;6.0;8.7;407.0;409.7;407.0;409.7;6:47.0;6:49.7;2.7;tvr;rejected;manual;no;no;;;Leonard gestures with both hands while talking to Penny.
tbbt_s05e09_d42321;42321;s05e09;test;tbbt_s05e09.mp4;s05e09_seg02_clip_04;34.22;36.92;435.22;437.92;435.57;444.26;7:15.6;7:24.3;8.69;tvr;accepted;;yes;yes;;;Howard, all in blue, rests his chin on his hand in a armchair, then picks up the remote from the coffee table.
tbbt_s05e09_d42322;42322;s05e09;test;tbbt_s05e09.mp4;s05e09_seg02_clip_04;36.92;38.72;437.92;439.72;437.92;439.72;7:17.9;7:19.7;1.8;tvr;rejected;manual;no;no;;;Howard picks up a remote control off of the coffee table.
tbbt_s05e09_d97505;97505;s05e09;test;tbbt_s05e09.mp4;s05e09_seg02_clip_05;6.79;9.74;467.79;470.74;467.79;470.74;7:47.8;7:50.7;2.95;tvr;rejected;manual;no;no;;;Sheldon walks towards the couch and sits down.
tbbt_s05e09_d97506;97506;s05e09;test;tbbt_s05e09.mp4;s05e09_seg02_clip_05;37.78;38.37;498.78;499.37;498.34;499.72;8:18.3;8:19.7;1.38;tvr;accepted;;yes;yes;;;Sheldon, in a yellow shirt, points his finger at his mouth while talking to Raj on the couch.
tbbt_s05e09_d97507;97507;s05e09;test;tbbt_s05e09.mp4;s05e09_seg02_clip_05;52.24;56.07;513.24;517.07;513.24;517.07;8:33.2;8:37.1;3.83;tvr;rejected;manual;no;no;;;Sheldon stands up and walk towards Howard.
tbbt_s05e09_d80032;80032;s05e09;test;tbbt_s05e09.mp4;s05e09_seg02_clip_06;0.0;9.43;520.0;529.43;518.3;528.2;8:38.3;8:48.2;9.9;tvr;accepted;;yes;yes;;;Sheldon adjusts a machine standing at the desk near the window and bookcase, while looking at it.
tbbt_s05e09_d80030;80030;s05e09;test;tbbt_s05e09.mp4;s05e09_seg02_clip_06;10.73;11.71;530.73;531.71;528.21;541.96;8:48.2;9:02.0;13.75;tvr;accepted;;yes;yes;;;Sheldon, Raj, and Howard stand by the window at night as it cracks, with a bird still on the ledge.
tbbt_s05e09_d80033;80033;s05e09;test;tbbt_s05e09.mp4;s05e09_seg02_clip_06;14.31;19.51;534.31;539.51;533.91;537.86;8:53.9;8:57.9;3.95;tvr;accepted;;yes;yes;;;Sheldon, Raj, and Howard come and look closer at the cracked window together.
tbbt_s05e09_d80034;80034;s05e09;test;tbbt_s05e09.mp4;s05e09_seg02_clip_06;29.59;34.47;549.59;554.47;549.59;554.47;9:09.6;9:14.5;4.88;tvr;rejected;manual;no;no;;;Penny drinks alcohol while seriously talking to Leonard.
tbbt_s05e09_d80031;80031;s05e09;test;tbbt_s05e09.mp4;s05e09_seg02_clip_06;29.91;36.74;549.91;556.74;549.91;556.74;9:09.9;9:16.7;6.83;tvr;rejected;manual;no;no;;;Penny picks up the glass of wine and then drinks from it.
tbbt_s05e09_d42316;42316;s05e09;test;tbbt_s05e09.mp4;s05e09_seg02_clip_07;26.41;30.54;611.41;615.54;581.63;590.4;9:41.6;9:50.4;8.77;tvr;accepted;;yes;yes;;;Leonard extends his hand and holds it out in front of him, and Penny, at the bar, gives him something from her purse.
tbbt_s05e09_d42315;42315;s05e09;test;tbbt_s05e09.mp4;s05e09_seg02_clip_07;5.5;9.35;590.5;594.35;590.39;594.46;9:50.4;9:54.5;4.07;tvr;accepted;;yes;yes;;;Penny hangs her purse on her chair at the bar and elbows a nearby man with a laptop.
tbbt_s05e09_d42318;42318;s05e09;test;tbbt_s05e09.mp4;s05e09_seg02_clip_07;9.35;13.48;594.35;598.48;594.35;598.48;9:54.4;9:58.5;4.13;tvr;rejected;manual;no;no;;;Penny looks on what the guy behind him is doing and start a conversation.
tbbt_s05e09_d42317;42317;s05e09;test;tbbt_s05e09.mp4;s05e09_seg02_clip_07;38.52;40.17;623.52;625.17;620.19;625.31;10:20.2;10:25.3;5.12;tvr;accepted;;yes;yes;;;Leonard stands by Penny's table at the bar, then sets the table number down.
tbbt_s05e09_d79870;79870;s05e09;test;tbbt_s05e09.mp4;s05e09_seg02_clip_08;0.0;3.36;640.0;643.36;640.0;643.36;10:40.0;10:43.4;3.36;tvr;rejected;manual;no;no;;;Sheldon grabs the remote from the coffee table and places it back on the table.
tbbt_s05e09_d79873;79873;s05e09;test;tbbt_s05e09.mp4;s05e09_seg02_clip_08;1.53;5.8;641.53;645.8;641.53;645.8;10:41.5;10:45.8;4.27;tvr;rejected;manual;no;no;;;Sheldon turns off the TV and stand up.
tbbt_s05e09_d79871;79871;s05e09;test;tbbt_s05e09.mp4;s05e09_seg02_clip_08;11.9;16.78;651.9;656.78;652.94;657.52;10:52.9;10:57.5;4.58;tvr;accepted;;yes;yes;;;Sheldon opens the cracked window and, when he sees a bird on the sill, closes it quickly.
tbbt_s05e09_d79874;79874;s05e09;test;tbbt_s05e09.mp4;s05e09_seg02_clip_08;13.12;17.09;653.12;657.09;653.12;657.09;10:53.1;10:57.1;3.97;tvr;rejected;manual;no;no;;;Sheldon opens the window and he saw an animal.
tbbt_s05e09_d79872;79872;s05e09;test;tbbt_s05e09.mp4;s05e09_seg02_clip_08;25.94;35.09;665.94;675.09;670.9;674.09;11:10.9;11:14.1;3.19;tvr;accepted;;yes;yes;;;Sheldon goes out of the closet with a helmet on his head and holding a broom.
tbbt_s05e09_002;5090002;s05e09;test;tbbt_s05e09.mp4;;;;678.03;686.44;678.03;686.44;11:18.0;11:26.4;8.41;manual;accepted;;no;no;;;Sheldon, with a helmet on his head and holding a broom, opens the cracked window and leans over.
tbbt_s05e09_003;5090003;s05e09;test;tbbt_s05e09.mp4;;;;686.5;687.75;686.5;687.75;11:26.5;11:27.8;1.25;manual;accepted;;no;no;;;The bird flies into the apartment through the open window.
tbbt_s05e09_004;5090004;s05e09;test;tbbt_s05e09.mp4;;;;687.62;695.54;687.62;695.54;11:27.6;11:35.5;7.92;manual;accepted;;no;no;;;Sheldon gets up from the floor and takes off his helmet, seeing a bird sitting on the sofa in the apartment.
tbbt_s05e09_d42277;42277;s05e09;test;tbbt_s05e09.mp4;s05e09_seg02_clip_09;0.0;7.38;701.0;708.38;701.0;708.38;11:41.0;11:48.4;7.38;tvr;rejected;manual;no;no;;;Penny talks to a guy while waving her hands around
tbbt_s05e09_d42275;42275;s05e09;test;tbbt_s05e09.mp4;s05e09_seg02_clip_09;7.38;10.03;708.38;711.03;708.38;711.03;11:48.4;11:51.0;2.65;tvr;rejected;manual;no;no;;;Leonard is visably annoyed and rolls his eyes
tbbt_s05e09_d42276;42276;s05e09;test;tbbt_s05e09.mp4;s05e09_seg02_clip_09;15.05;21.54;716.05;722.54;756.73;764.22;12:36.7;12:44.2;7.49;tvr;accepted;;yes;yes;;;Leonard and Penny, in a dark grey blazer, both stand with crossed arms in the crowded bar.
tbbt_s05e09_d291;291;s05e09;test;tbbt_s05e09.mp4;s05e09_seg02_clip_10;6.0;9.9;766.0;769.9;765.59;770.45;12:45.6;12:50.5;4.86;tvr;accepted;;yes;yes;;;Amy and Bernadette look at a bird on the couch, then turn to Sheldon standing in the doorway with crossed arms.
tbbt_s05e09_d292;292;s05e09;test;tbbt_s05e09.mp4;s05e09_seg02_clip_10;31.81;34.82;791.81;794.82;791.01;793.75;13:11.0;13:13.8;2.74;tvr;accepted;;yes;yes;;;Amy opens the door wider where Sheldon stands and the bird hops on the back of the sofa.
tbbt_s05e09_d290;290;s05e09;test;tbbt_s05e09.mp4;s05e09_seg02_clip_10;34.82;42.92;794.82;802.92;794.02;803.33;13:14.0;13:23.3;9.31;tvr;accepted;;yes;no;;;Bernadette walks over to the couch and lets a bird jump on her arm.
tbbt_s05e09_d1325;1325;s05e09;test;tbbt_s05e09.mp4;s05e09_seg02_clip_11;11.79;21.71;831.79;841.71;833.82;844.52;13:53.8;14:04.5;10.7;tvr;accepted;;yes;yes;;;Sheldon slowly walks from doorway toward a bird that Bernadette is holding on her arm, to pet it.
tbbt_s05e09_d1328;1328;s05e09;test;tbbt_s05e09.mp4;s05e09_seg02_clip_11;27.91;34.43;847.91;854.43;848.26;855.99;14:08.3;14:16.0;7.73;tvr;accepted;;yes;yes;;;Sheldon touches the feathers of a bird slight then jumps back with a smile.
tbbt_s05e09_d1326;1326;s05e09;test;tbbt_s05e09.mp4;s05e09_seg02_clip_11;31.01;34.74;851.01;854.74;861.51;863.18;14:21.5;14:23.2;1.67;tvr;accepted;;yes;yes;;;Bernadette is holding a bird on her arm, looking angrily at Sheldon in a yellow shirt.
tbbt_s05e09_d1327;1327;s05e09;test;tbbt_s05e09.mp4;s05e09_seg02_clip_11;44.66;60.17;864.66;880.17;864.66;880.17;14:24.7;14:40.2;15.51;tvr;rejected;too_long;no;no;;;Leonard is standing at a table in a bar speaking to his date.
tbbt_s05e09_d295;295;s05e09;test;tbbt_s05e09.mp4;s05e09_seg02_clip_13;10.64;13.45;955.64;958.45;955.64;958.45;15:55.6;15:58.5;2.81;tvr;rejected;manual;no;no;;;A girl behind Penny and Leonard raises her drink, takes a sip and lowers her glass.
tbbt_s05e09_d297;297;s05e09;test;tbbt_s05e09.mp4;s05e09_seg02_clip_13;29.41;30.81;974.41;975.81;974.41;975.81;16:14.4;16:15.8;1.4;tvr;rejected;manual;no;no;;;Leonard and Penny walk from their table towards the door.
tbbt_s05e09_d296;296;s05e09;test;tbbt_s05e09.mp4;s05e09_seg02_clip_13;51.82;56.02;996.82;1001.02;994.09;1000.57;16:34.1;16:40.6;6.48;tvr;accepted;;yes;yes;;;Sheldon, with a bird on his arm, picks up a cup from a table near the sofa and offers it to the bird, who takes it.
tbbt_s05e09_d299;299;s05e09;test;tbbt_s05e09.mp4;s05e09_seg02_clip_13;50.7;53.22;995.7;998.22;995.7;998.22;16:35.7;16:38.2;2.52;tvr;rejected;manual;no;no;;;Sheldon grabs a cup of liquid to offer to his pet bird.
tbbt_s05e09_d270;270;s05e09;test;tbbt_s05e09.mp4;s05e09_seg02_clip_14;10.03;14.46;1011.03;1015.46;1011.03;1015.46;16:51.0;16:55.5;4.43;tvr;rejected;manual;no;no;;;Sheldon points to something for Bernadette to get.
tbbt_s05e09_d273;273;s05e09;test;tbbt_s05e09.mp4;s05e09_seg02_clip_14;18.0;22.43;1019.0;1023.43;1018.9;1024.51;16:58.9;17:04.5;5.61;tvr;accepted;;yes;yes;;;Bernadette walks towards Sheldon, who is seated on the couch with a bird on his arm, and takes his picture.
tbbt_s05e09_d271;271;s05e09;test;tbbt_s05e09.mp4;s05e09_seg02_clip_14;18.89;22.43;1019.89;1023.43;1019.89;1023.43;16:59.9;17:03.4;3.54;tvr;rejected;manual;no;no;;;Bernadette takes a picture of Sheldon and the bird on his arm with a cell phone.
tbbt_s05e09_d272;272;s05e09;test;tbbt_s05e09.mp4;s05e09_seg02_clip_14;46.63;51.65;1047.63;1052.65;1047.63;1052.65;17:27.6;17:32.7;5.02;tvr;rejected;manual;no;no;;;Sheldon points at the bird on his arm and then waves his hand and shakes his head.
tbbt_s05e09_d266;266;s05e09;test;tbbt_s05e09.mp4;s05e09_seg02_clip_15;18.06;22.33;1078.06;1082.33;1078.06;1082.33;17:58.1;18:02.3;4.27;tvr;rejected;manual;no;no;;;Sheldon is talking while setting his bird down on the arm of the couch.
tbbt_s05e09_d265;265;s05e09;test;tbbt_s05e09.mp4;s05e09_seg02_clip_15;23.28;34.21;1083.28;1094.21;1089.96;1097.97;18:10.0;18:18.0;8.01;tvr;accepted;;yes;yes;;;Sheldon opens the cracked window and the bird flies away through it, from the couch.
tbbt_s05e09_d267;267;s05e09;test;tbbt_s05e09.mp4;s05e09_seg02_clip_15;64.14;71.75;1124.14;1131.75;1124.14;1131.75;18:44.1;18:51.7;7.61;tvr;rejected;manual;no;no;;;Penny and Leonard walk into the apartment building and Penny looks at a LOST poster of Sheldon's.
tbbt_s05e09_d283;283;s05e09;test;tbbt_s05e09.mp4;s05e09_seg02_clip_16;0.0;3.25;1155.0;1158.25;1155.0;1158.25;19:15.0;19:18.2;3.25;tvr;rejected;manual;no;no;;;Leonard and Penny walk up the first flight of stairs.
tbbt_s05e09_d280;280;s05e09;test;tbbt_s05e09.mp4;s05e09_seg02_clip_16;17.02;21.9;1172.02;1176.9;1172.02;1176.9;19:32.0;19:36.9;4.88;tvr;rejected;manual;no;no;;;Penny walks up the last flight of stairs to their apartment
tbbt_s05e09_d281;281;s05e09;test;tbbt_s05e09.mp4;s05e09_seg02_clip_16;22.02;23.27;1177.02;1178.27;1177.02;1178.27;19:37.0;19:38.3;1.25;tvr;rejected;manual;no;no;;;Leonard grabs Penny on the back of shoulder
tbbt_s05e09_d284;284;s05e09;test;tbbt_s05e09.mp4;s05e09_seg02_clip_16;22.15;23.52;1177.15;1178.52;1177.15;1178.52;19:37.1;19:38.5;1.37;tvr;rejected;manual;no;no;;;Leonard reaches out to grab Penny's left shoulder.
tbbt_s05e09_d282;282;s05e09;test;tbbt_s05e09.mp4;s05e09_seg02_clip_16;23.02;25.03;1178.02;1180.03;1178.02;1180.03;19:38.0;19:40.0;2.01;tvr;rejected;manual;no;no;;;Penny stops walking to face Leonard and talk
tbbt_s05e09_d275;275;s05e09;test;tbbt_s05e09.mp4;s05e09_seg02_clip_17;0.0;13.6;1180.0;1193.6;1180.0;1193.6;19:40.0;19:53.6;13.6;tvr;rejected;manual;no;no;;;Leonard is with Penny in the hallway of their apartments.
tbbt_s05e09_d278;278;s05e09;test;tbbt_s05e09.mp4;s05e09_seg02_clip_17;0.0;52.38;1180.0;1232.38;1180.0;1232.38;19:40.0;20:32.4;52.38;tvr;rejected;too_long;no;no;;;Leonard and Penny are standing in the hallway as they converse with each other.
tbbt_s05e09_d276;276;s05e09;test;tbbt_s05e09.mp4;s05e09_seg02_clip_17;53.4;56.8;1233.4;1236.8;1233.4;1236.8;20:33.4;20:36.8;3.4;tvr;rejected;manual;no;no;;;Penny leaves Leonard and heads to her apartment.
tbbt_s05e09_d279;279;s05e09;test;tbbt_s05e09.mp4;s05e09_seg02_clip_17;62.58;68.02;1242.58;1248.02;1242.58;1248.02;20:42.6;20:48.0;5.44;tvr;rejected;manual;no;no;;;Leonard enters the apartment and Sheldon shows him a nest with an egg in it.
tbbt_s05e09_d277;277;s05e09;test;tbbt_s05e09.mp4;s05e09_seg02_clip_17;63.6;68.02;1243.6;1248.02;1243.6;1248.02;20:43.6;20:48.0;4.42;tvr;rejected;manual;no;no;;;Leonard walks into the apartment and Sheldon shows him his bird's nest.
tbbt_s05e13_d28855;28855;s05e13;test;tbbt_s05e13.mp4;s05e13_seg01_clip_00;38.04;46.82;38.04;46.82;38.04;46.82;0:38.0;0:46.8;8.78;tvr;rejected;manual;no;no;;;Sheldon and Leonard walks up the stairs to their front door.
tbbt_s05e13_d28856;28856;s05e13;test;tbbt_s05e13.mp4;s05e13_seg01_clip_00;45.52;53.65;45.52;53.65;45.52;53.65;0:45.5;0:53.6;8.13;tvr;rejected;manual;no;no;;;Leonard looks at Penny, Amy, and Bernadette standing in Penny's apartment unboxing something.
tbbt_s05e13_d28859;28859;s05e13;test;tbbt_s05e13.mp4;s05e13_seg01_clip_00;53.33;56.9;53.33;56.9;53.17;56.9;0:53.2;0:56.9;3.73;tvr;accepted;;yes;yes;;;Sheldon walks up and picks up a brown package that was sitting next to the apartment door.
tbbt_s05e13_d28857;28857;s05e13;test;tbbt_s05e13.mp4;s05e13_seg01_clip_00;60.48;62.76;60.48;62.76;60.38;62.59;1:00.4;1:02.6;2.21;tvr;accepted;;yes;yes;;;Sheldon, standing next to Leonard, in front of their doors, jumps up and down happily holding a cardboard box.
tbbt_s05e13_d28860;28860;s05e13;test;tbbt_s05e13.mp4;s05e13_seg01_clip_01;1.23;10.05;66.23;75.05;66.37;69.84;1:06.4;1:09.8;3.47;tvr;accepted;;yes;yes;;;Sheldon stands in the hallway with Leonard, holding a cardboard box and covering his mouth.
tbbt_s05e13_d28861;28861;s05e13;test;tbbt_s05e13.mp4;s05e13_seg01_clip_01;17.4;21.08;82.4;86.08;75.02;83.67;1:15.0;1:23.7;8.65;tvr;accepted;;yes;yes;;;While Penny, Amy, and Bernadette, are unboxing something, Leonard knocks on Penny's opened door .
tbbt_s05e13_d28862;28862;s05e13;test;tbbt_s05e13.mp4;s05e13_seg01_clip_01;42.16;49.02;107.16;114.02;107.47;116.49;1:47.5;1:56.5;9.02;tvr;accepted;;yes;no;;;Sheldon stands in the hallway talking to a Spock cutout.
tbbt_s05e13_d11693;11693;s05e13;test;tbbt_s05e13.mp4;s05e13_seg02_clip_00;0.0;9.3;137.0;146.3;137.0;146.3;2:17.0;2:26.3;9.3;tvr;rejected;manual;no;no;;;Bernadette invited Amy and Penny in a date.
tbbt_s05e13_d11690;11690;s05e13;test;tbbt_s05e13.mp4;s05e13_seg02_clip_00;4.03;11.79;141.03;148.79;155.75;163.6;2:35.8;2:43.6;7.85;tvr;accepted;;yes;yes;;;Amy and Bernadette are sitting on Penny's bed on a pile of clothes when Penny comes out of her bathroom in a green dress.
tbbt_s05e13_d11691;11691;s05e13;test;tbbt_s05e13.mp4;s05e13_seg02_clip_00;21.4;29.15;158.4;166.15;158.4;166.15;2:38.4;2:46.2;7.75;tvr;rejected;manual;no;no;;;Penny comes out of her bathroom in a green dress.
tbbt_s05e13_d66210;66210;s05e13;test;tbbt_s05e13.mp4;s05e13_seg02_clip_01;0.0;2.75;199.0;201.75;196.2;201.85;3:16.2;3:21.8;5.65;tvr;accepted;;yes;yes;;;Penny comes out of her bathroom in a grey vest on brown shirt, while Amy and Bernadette are sitting on Penny's bed on a pile of clothes.
tbbt_s05e13_d11692;11692;s05e13;test;tbbt_s05e13.mp4;s05e13_seg02_clip_00;59.55;62.03;196.55;199.03;196.55;199.03;3:16.6;3:19.0;2.48;tvr;rejected;manual;no;no;;;Penny comes out of her bathroom in a long sweater and long dress.
tbbt_s05e13_d66211;66211;s05e13;test;tbbt_s05e13.mp4;s05e13_seg02_clip_01;3.05;7.32;202.05;206.32;202.05;206.32;3:22.1;3:26.3;4.27;tvr;rejected;manual;no;no;;;Penny goes back into her bathroom after touching her clothes.
tbbt_s05e13_d66213;66213;s05e13;test;tbbt_s05e13.mp4;s05e13_seg02_clip_01;3.66;5.49;202.66;204.49;202.66;204.49;3:22.7;3:24.5;1.83;tvr;rejected;manual;no;no;;;Penny looks down at her clothes and goes into her bathroom.
tbbt_s05e13_d66212;66212;s05e13;test;tbbt_s05e13.mp4;s05e13_seg02_clip_01;42.41;47.3;241.41;246.3;241.41;246.3;4:01.4;4:06.3;4.89;tvr;rejected;manual;no;no;;;Penny exits her bathroom to sit on her chair.
tbbt_s05e13_d66214;66214;s05e13;test;tbbt_s05e13.mp4;s05e13_seg02_clip_01;43.94;47.3;242.94;246.3;242.94;246.3;4:02.9;4:06.3;3.36;tvr;rejected;manual;no;no;;;Penny exits her bathroom and sits on a chair as Amy and Bernadette are with her.
tbbt_s05e13_d66200;66200;s05e13;test;tbbt_s05e13.mp4;s05e13_seg02_clip_02;13.58;16.23;273.58;276.23;251.1;253.77;4:11.1;4:13.8;2.67;tvr;accepted;;yes;yes;;;Penny, while sitting in a green armchair, puts her hands up to the sides of her face.
tbbt_s05e13_d66203;66203;s05e13;test;tbbt_s05e13.mp4;s05e13_seg02_clip_02;0.0;15.64;260.0;275.64;270.6;275.64;4:30.6;4:35.6;5.04;tvr;accepted;;yes;yes;;;Bernadette, sitting on the bed full of clothes next to Amy, stands and runs up to grab Penny's arm to lift her up from the armchair.
tbbt_s05e13_d11676;11676;s05e13;test;tbbt_s05e13.mp4;s05e13_seg02_clip_03;30.08;39.08;349.08;358.08;277.3;280.81;4:37.3;4:40.8;3.51;tvr;accepted;;yes;yes;;;A shot of Sheldon rolling dice and pulling a car from the pile, near the board game set up on the glass table.
tbbt_s05e13_d66204;66204;s05e13;test;tbbt_s05e13.mp4;s05e13_seg02_clip_02;18.3;56.07;278.3;316.07;278.3;316.07;4:38.3;5:16.1;37.77;tvr;rejected;too_long;no;no;;;Three of the guys are playing a game, and Sheldon talks, while the others laugh.
tbbt_s05e13_d66201;66201;s05e13;test;tbbt_s05e13.mp4;s05e13_seg02_clip_02;18.89;25.38;278.89;285.38;278.89;285.38;4:38.9;4:45.4;6.49;tvr;rejected;manual;no;no;;;Sheldon picks a card off a deck and adds it to his hand.
tbbt_s05e13_d66202;66202;s05e13;test;tbbt_s05e13.mp4;s05e13_seg02_clip_02;48.99;54.6;308.99;314.6;309.35;314.41;5:09.4;5:14.4;5.06;tvr;accepted;;yes;yes;;;Sheldon takes two cards from his hand and shows them to laughing Raj and Howard while playing a board game at the glass table.
tbbt_s05e13_d11675;11675;s05e13;test;tbbt_s05e13.mp4;s05e13_seg02_clip_03;8.68;11.17;327.68;330.17;327.68;330.17;5:27.7;5:30.2;2.49;tvr;rejected;manual;no;no;;;Leonard walking toward table from beside Howards chair.
tbbt_s05e13_d11679;11679;s05e13;test;tbbt_s05e13.mp4;s05e13_seg02_clip_03;18.3;21.09;337.3;340.09;336.69;340.61;5:36.7;5:40.6;3.92;tvr;accepted;;yes;yes;;;Leonard, in a black suit, is looking at his computer while talking to his friends, who are playing a board game at the glass table.
tbbt_s05e13_d11678;11678;s05e13;test;tbbt_s05e13.mp4;s05e13_seg02_clip_03;49.93;53.66;368.93;372.66;368.93;372.66;6:08.9;6:12.7;3.73;tvr;rejected;manual;no;no;;;Leonard walks out from the room while Sheldon is still taking to Him.
tbbt_s05e13_d11677;11677;s05e13;test;tbbt_s05e13.mp4;s05e13_seg02_clip_03;51.79;53.97;370.79;372.97;370.79;372.97;6:10.8;6:13.0;2.18;tvr;rejected;manual;no;no;;;Leonard walking out the door and closing it behind him.
tbbt_s05e13_d66180;66180;s05e13;test;tbbt_s05e13.mp4;s05e13_seg02_clip_04;11.71;14.11;392.71;395.11;392.71;395.11;6:32.7;6:35.1;2.4;tvr;rejected;manual;no;no;;;Howard puts his hand up to his face and laughs.
tbbt_s05e13_d66181;66181;s05e13;test;tbbt_s05e13.mp4;s05e13_seg02_clip_04;17.71;20.71;398.71;401.71;398.62;401.71;6:38.6;6:41.7;3.09;tvr;accepted;;yes;yes;;;Howard puts his arm on his belly and bends over in his chair laughing, while holding cards in his hand.
tbbt_s05e13_d66182;66182;s05e13;test;tbbt_s05e13.mp4;s05e13_seg02_clip_04;45.32;47.72;426.32;428.72;426.32;428.72;7:06.3;7:08.7;2.4;tvr;rejected;manual;no;no;;;Penny closes her menu and sets it down on the table.
tbbt_s05e13_d11668;11668;s05e13;test;tbbt_s05e13.mp4;s05e13_seg02_clip_05;19.1;22.52;460.1;463.52;460.1;463.52;7:40.1;7:43.5;3.42;tvr;rejected;manual;no;no;;;Leonard moves his chair forward towards the table.
tbbt_s05e13_d11665;11665;s05e13;test;tbbt_s05e13.mp4;s05e13_seg02_clip_05;19.96;21.1;460.96;462.1;460.96;462.1;7:41.0;7:42.1;1.14;tvr;rejected;too_short;no;no;;;Howard grabs his chair and moves it slightly.
tbbt_s05e13_d11666;11666;s05e13;test;tbbt_s05e13.mp4;s05e13_seg02_clip_05;24.81;28.8;465.81;469.8;465.81;469.8;7:45.8;7:49.8;3.99;tvr;rejected;manual;no;no;;;A waiter arrives at a table to take their order.
tbbt_s05e13_d11667;11667;s05e13;test;tbbt_s05e13.mp4;s05e13_seg02_clip_05;37.35;39.92;478.35;480.92;478.35;480.92;7:58.4;8:00.9;2.57;tvr;rejected;manual;no;no;;;Howard moves his left hand to rest on the table he is seated at.
tbbt_s05e13_d11658;11658;s05e13;test;tbbt_s05e13.mp4;s05e13_seg02_clip_07;3.84;6.49;562.84;565.49;512.36;516.68;8:32.4;8:36.7;4.32;tvr;accepted;;yes;yes;;;Penny laughs and fixes her bangs while holding a glass of wine, at the restaurant with Leonard, in black suit.
tbbt_s05e13_d11660;11660;s05e13;test;tbbt_s05e13.mp4;s05e13_seg02_clip_06;18.92;21.05;516.92;519.05;516.92;519.05;8:36.9;8:39.0;2.13;tvr;rejected;manual;no;no;;;Leonard and Penny each take a sip of red wine.
tbbt_s05e13_d11662;11662;s05e13;test;tbbt_s05e13.mp4;s05e13_seg02_clip_06;25.94;27.77;523.94;525.77;523.94;525.77;8:43.9;8:45.8;1.83;tvr;rejected;manual;no;no;;;Penny puts her hands up in front of her.
tbbt_s05e13_d11661;11661;s05e13;test;tbbt_s05e13.mp4;s05e13_seg02_clip_06;39.06;48.21;537.06;546.21;537.06;546.21;8:57.1;9:06.2;9.15;tvr;rejected;manual;no;no;;;A member of the wait staff passes by Leonard and Penny and serves the diners at the table behind them.
tbbt_s05e13_d11655;11655;s05e13;test;tbbt_s05e13.mp4;s05e13_seg02_clip_07;3.54;5.61;562.54;564.61;562.54;564.61;9:22.5;9:24.6;2.07;tvr;rejected;manual;no;no;;;Leonard points his finger across the table at Penny
tbbt_s05e13_d11656;11656;s05e13;test;tbbt_s05e13.mp4;s05e13_seg02_clip_07;30.1;37.78;589.1;596.78;587.75;597.14;9:47.8;9:57.1;9.39;tvr;accepted;;yes;yes;;;Sheldon lays down some cards in a couple of places on the table while playing a card game with bored Raj and Howard.
tbbt_s05e13_d11657;11657;s05e13;test;tbbt_s05e13.mp4;s05e13_seg02_clip_07;41.61;43.97;600.61;602.97;600.61;602.97;10:00.6;10:03.0;2.36;tvr;rejected;manual;no;no;;;Leonard walks into the room and slams the door behind him.
tbbt_s05e13_d11659;11659;s05e13;test;tbbt_s05e13.mp4;s05e13_seg02_clip_07;41.32;44.86;600.32;603.86;600.98;604.44;10:01.0;10:04.4;3.46;tvr;accepted;;yes;yes;;;Leonard, in a black suit, comes into the apartment and slams the door, then Howard looks at his watch.
tbbt_s05e13_d11650;11650;s05e13;test;tbbt_s05e13.mp4;s05e13_seg02_clip_08;27.91;31.21;645.91;649.21;642.18;649.49;10:42.2;10:49.5;7.31;tvr;accepted;;yes;yes;;;Sheldon places a blue game piece on the game board while Raj and Howard laugh.
tbbt_s05e13_d11651;11651;s05e13;test;tbbt_s05e13.mp4;s05e13_seg02_clip_08;35.12;44.12;653.12;662.12;650.88;662.68;10:50.9;11:02.7;11.8;tvr;accepted;;yes;yes;;;Leonard rolls over in bed, with a blue cover, and puts his glasses on to check his phone.
tbbt_s05e13_d11654;11654;s05e13;test;tbbt_s05e13.mp4;s05e13_seg02_clip_08;48.62;57.93;666.62;675.93;666.62;675.93;11:06.6;11:15.9;9.31;tvr;rejected;manual;no;no;;;Leonard walks out of his apartment and Penny throws herself on Leonard as she kisses him.
tbbt_s05e13_d11652;11652;s05e13;test;tbbt_s05e13.mp4;s05e13_seg02_clip_08;47.42;59.43;665.42;677.43;668.46;678.04;11:08.5;11:18.0;9.58;tvr;accepted;;yes;yes;;;Leonard, in a red robe, standing in the hallway in front of the doors, gets kissed by Penny.
tbbt_s05e13_d11645;11645;s05e13;test;tbbt_s05e13.mp4;s05e13_seg02_clip_09;0.31;3.97;678.31;681.97;676.54;682.95;11:16.5;11:23.0;6.41;tvr;accepted;;yes;yes;;;Penny stops kissing Leonard, in a red robe, and leads him by the hand from his doorway to her apartment.
tbbt_s05e13_d11647;11647;s05e13;test;tbbt_s05e13.mp4;s05e13_seg02_clip_09;7.32;14.04;685.32;692.04;685.32;692.04;11:25.3;11:32.0;6.72;tvr;rejected;manual;no;no;;;Penny shuts her apartment door and then leads Leonard by the hand to the bedroom.
tbbt_s05e13_d11646;11646;s05e13;test;tbbt_s05e13.mp4;s05e13_seg02_clip_09;16.78;26.24;694.78;704.24;718.49;723.36;11:58.5;12:03.4;4.87;tvr;accepted;;yes;yes;;;Leonard rolls onto his side toward Penny, while they are lying together in bed on orange pillows.
tbbt_s05e13_d53270;53270;s05e13;test;tbbt_s05e13.mp4;s05e13_seg02_clip_10;0.0;5.31;739.0;744.31;739.0;744.31;12:19.0;12:24.3;5.31;tvr;rejected;manual;no;no;;;Leonard and Penny are lying together in Penny's bed.
tbbt_s05e13_d53271;53271;s05e13;test;tbbt_s05e13.mp4;s05e13_seg02_clip_10;15.35;21.54;754.35;760.54;754.35;760.54;12:34.4;12:40.5;6.19;tvr;rejected;manual;no;no;;;Penny stares at Leonard skeptical as he talks to her.
tbbt_s05e13_d53272;53272;s05e13;test;tbbt_s05e13.mp4;s05e13_seg02_clip_10;53.42;57.85;792.42;796.85;792.39;798.15;13:12.4;13:18.1;5.76;tvr;accepted;;yes;yes;;;Penny, while lying in bed with orange pillows, gets Leonard's inhaler from her bedroom side table drawer and hands it to him.
tbbt_s05e13_d53278;53278;s05e13;test;tbbt_s05e13.mp4;s05e13_seg02_clip_11;0.0;5.8;798.0;803.8;798.0;803.8;13:18.0;13:23.8;5.8;tvr;rejected;manual;no;no;;;Penny and Leonard are in bed and Leonard is holding an asthma inhaler that Penny saved for him.
tbbt_s05e13_d53275;53275;s05e13;test;tbbt_s05e13.mp4;s05e13_seg02_clip_11;7.63;10.98;805.63;808.98;805.63;809.46;13:25.6;13:29.5;3.83;tvr;accepted;;yes;yes;;;Leonard shakes and holds the inhaler up to his mouth while lying in bed with Penny on orange pillows.
tbbt_s05e13_d53276;53276;s05e13;test;tbbt_s05e13.mp4;s05e13_seg02_clip_11;19.22;25.94;817.22;823.94;817.22;823.94;13:37.2;13:43.9;6.72;tvr;rejected;manual;no;no;;;Sheldon and Leonard enter the living room at the same time.
tbbt_s05e13_d53279;53279;s05e13;test;tbbt_s05e13.mp4;s05e13_seg02_clip_11;20.14;34.48;818.14;832.48;819.45;825.9;13:39.5;13:45.9;6.45;tvr;accepted;;yes;yes;;;Leonard, in a red robe, sneaks into the apartment just as Sheldon turns on the light.
tbbt_s05e13_d53277;53277;s05e13;test;tbbt_s05e13.mp4;s05e13_seg02_clip_11;25.94;27.46;823.94;825.46;823.94;825.46;13:43.9;13:45.5;1.52;tvr;rejected;manual;no;no;;;Sheldon turns on the tall lamp in the living room.
tbbt_s05e13_d53284;53284;s05e13;test;tbbt_s05e13.mp4;s05e13_seg02_clip_12;37.53;42.49;896.53;901.49;896.82;901.04;14:56.8;15:01.0;4.22;tvr;accepted;;yes;yes;;;Leonard pulls his inhaler out of his red robe pocket and happily holds it up in the air.
tbbt_s05e13_d53280;53280;s05e13;test;tbbt_s05e13.mp4;s05e13_seg02_clip_12;38.15;47.76;897.15;906.76;897.15;906.76;14:57.1;15:06.8;9.61;tvr;rejected;manual;no;no;;;Leonard pulls out his asthma inhaler to show Sheldon and then Sheldon starts to walk into the kitchen.
tbbt_s05e13_d53281;53281;s05e13;test;tbbt_s05e13.mp4;s05e13_seg02_clip_12;47.76;56.45;906.76;915.45;906.76;915.45;15:06.8;15:15.5;8.69;tvr;rejected;manual;no;no;;;Sheldon is walking towards the kitchen and then stops and folds his arms.
tbbt_s05e13_d53282;53282;s05e13;test;tbbt_s05e13.mp4;s05e13_seg02_clip_12;57.07;62.03;916.07;921.03;916.07;921.03;15:16.1;15:21.0;4.96;tvr;rejected;manual;no;no;;;Sheldon unfolds his arms and walks towards his desk.
tbbt_s05e13_d53285;53285;s05e13;test;tbbt_s05e13.mp4;s05e13_seg02_clip_13;0.0;14.51;921.0;935.51;921.0;931.78;15:21.0;15:31.8;10.78;tvr;accepted;;yes;yes;;;Sheldon picks up some money from his desk drawer while Leonard stands in the back, in a red robe, with an inhaler in his hand.
tbbt_s05e13_d53286;53286;s05e13;test;tbbt_s05e13.mp4;s05e13_seg02_clip_13;20.6;25.82;941.6;946.82;958.15;964.29;15:58.1;16:04.3;6.14;tvr;accepted;;yes;yes;;;Leonard, in a red robe, looks at the ground and blinks a couple of times, then takes the money from Sheldon's hand.
tbbt_s05e13_d53287;53287;s05e13;test;tbbt_s05e13.mp4;s05e13_seg02_clip_13;48.45;51.64;969.45;972.64;969.45;972.64;16:09.5;16:12.6;3.19;tvr;rejected;manual;no;no;;;Sheldon walks over and sits down at the table next to Amy.
tbbt_s05e13_d53252;53252;s05e13;test;tbbt_s05e13.mp4;s05e13_seg02_clip_14;10.2;19.81;989.2;998.81;989.2;998.81;16:29.2;16:38.8;9.61;tvr;rejected;manual;no;no;;;Amy and Sheldon, sitting next to each other at the table turn towards each other to address each other.
tbbt_s05e13_d53250;53250;s05e13;test;tbbt_s05e13.mp4;s05e13_seg02_clip_14;21.61;25.21;1000.61;1004.21;1000.61;1004.21;16:40.6;16:44.2;3.6;tvr;rejected;manual;no;no;;;Leonard enters the room and sits down at the end of the table.
tbbt_s05e13_d53251;53251;s05e13;test;tbbt_s05e13.mp4;s05e13_seg02_clip_14;51.92;59.43;1030.92;1038.43;1030.92;1038.43;17:10.9;17:18.4;7.51;tvr;rejected;manual;no;no;;;Penny walks over to the table holding a pitcher and re-fills the water glasses.
tbbt_s05e13_d53258;53258;s05e13;test;tbbt_s05e13.mp4;s05e13_seg02_clip_15;5.03;9.05;1044.03;1048.05;1044.03;1048.05;17:24.0;17:28.0;4.02;tvr;rejected;manual;no;no;;;Penny pours water into a glass sitting on the table.
tbbt_s05e13_d53255;53255;s05e13;test;tbbt_s05e13.mp4;s05e13_seg02_clip_15;5.36;9.38;1044.36;1048.38;1044.36;1048.38;17:24.4;17:28.4;4.02;tvr;rejected;manual;no;no;;;Penny is filling a glass of water as Leonard speaks with Bernadette.
tbbt_s05e13_d53256;53256;s05e13;test;tbbt_s05e13.mp4;s05e13_seg02_clip_15;19.77;27.48;1058.77;1066.48;1058.77;1066.48;17:38.8;17:46.5;7.71;tvr;rejected;manual;no;no;;;Penny is holding is pitcher of water while speaking to Leonard.
tbbt_s05e13_d53257;53257;s05e13;test;tbbt_s05e13.mp4;s05e13_seg02_clip_15;61.33;67.02;1100.33;1106.02;1097.09;1107.79;18:17.1;18:27.8;10.7;tvr;accepted;;yes;yes;;;Leonard, at night in bed, rubs his head, then wakes up, puts on his glasses, and looks at his phone.
tbbt_s05e13_d53259;53259;s05e13;test;tbbt_s05e13.mp4;s05e13_seg02_clip_15;63.0;67.02;1102.0;1106.02;1102.0;1106.02;18:22.0;18:26.0;4.02;tvr;rejected;manual;no;no;;;Leonard puts on his glasses and looks at his cell phone.
tbbt_s05e13_d53263;53263;s05e13;test;tbbt_s05e13.mp4;s05e13_seg02_clip_16;0.0;4.24;1106.0;1110.24;1106.0;1110.24;18:26.0;18:30.2;4.24;tvr;rejected;manual;no;no;;;Leonard gets up from lying down in his bed.
tbbt_s05e13_d53261;53261;s05e13;test;tbbt_s05e13.mp4;s05e13_seg02_clip_16;1.86;4.51;1107.86;1110.51;1107.86;1110.51;18:27.9;18:30.5;2.65;tvr;rejected;manual;no;no;;;Leonard sits up and climbs out of his bed.
tbbt_s05e13_d53264;53264;s05e13;test;tbbt_s05e13.mp4;s05e13_seg02_clip_16;4.51;6.89;1110.51;1112.89;1114.09;1126.37;18:34.1;18:46.4;12.28;tvr;accepted;;yes;yes;;;Penny yells and gestures a lot with her hands, angry at Leonard, in a red robe, while standing in the hallway at his door.
tbbt_s05e13_d53262;53262;s05e13;test;tbbt_s05e13.mp4;s05e13_seg02_clip_16;5.04;7.69;1111.04;1113.69;1127.77;1139.29;18:47.8;18:59.3;11.52;tvr;accepted;;yes;yes;;;Leonard, in a red robe, walks away from Penny, stands in front of Penny's open door, yells, and gestures with his hand for her to go in.
tbbt_s05e13_d53260;53260;s05e13;test;tbbt_s05e13.mp4;s05e13_seg02_clip_16;35.26;39.77;1141.26;1145.77;1141.26;1145.77;19:01.3;19:05.8;4.51;tvr;rejected;manual;no;no;;;Leonard and Penny kiss each other in bed before Leonard stops and pulls away.
tbbt_s05e13_d53265;53265;s05e13;test;tbbt_s05e13.mp4;s05e13_seg02_clip_17;2.2;5.72;1161.2;1164.72;1161.2;1164.72;19:21.2;19:24.7;3.52;tvr;rejected;manual;no;no;;;Leonard turns to look into Penny's apartment and at the same time, Penny looks up to see Leonard.
tbbt_s05e13_d53268;53268;s05e13;test;tbbt_s05e13.mp4;s05e13_seg02_clip_17;16.72;19.81;1175.72;1178.81;1175.72;1178.81;19:35.7;19:38.8;3.09;tvr;rejected;manual;no;no;;;Sheldon holds the paper statue of Leonard Nimoy with his two hands.
tbbt_s05e13_d53266;53266;s05e13;test;tbbt_s05e13.mp4;s05e13_seg02_clip_17;38.73;41.81;1197.73;1200.81;1197.68;1200.8;19:57.7;20:00.8;3.12;tvr;accepted;;yes;no;;;Sheldon folds up the cardboard version of Spock.
tbbt_s05e13_d53267;53267;s05e13;test;tbbt_s05e13.mp4;s05e13_seg02_clip_17;67.78;73.5;1226.78;1232.5;1226.44;1233.5;20:26.4;20:33.5;7.06;tvr;accepted;;yes;yes;;;Penny and Leonard stand at the altar, and as they turn to face each other, Penny reveals a big pregnant belly.
tbbt_s06e01_d33113;33113;s06e01;test;tbbt_s06e01.mp4;s06e01_seg01_clip_00;3.78;8.82;3.7;8.74;3.79;8.89;0:03.8;0:08.9;5.1;tvr;accepted;;yes;yes;;;Howard and Bernadette kiss each other at their wedding on the roof with Amy, Sheldon, Penny, Leonard and Raj clapping behind them.
tbbt_s06e01_d33111;33111;s06e01;test;tbbt_s06e01.mp4;s06e01_seg01_clip_00;6.93;8.51;6.85;8.43;6.85;8.43;0:06.9;0:08.4;1.58;tvr;rejected;manual;no;no;;;Raj, Leonard, Penny, Sheldon, and Amy stand behind Bernadette and Howard clapping.
tbbt_s06e01_d33110;33110;s06e01;test;tbbt_s06e01.mp4;s06e01_seg01_clip_00;7.88;8.82;7.8;8.74;7.8;8.74;0:07.8;0:08.7;0.94;tvr;rejected;too_short;no;no;;;Bernadette and Howard, dressed up in Bride and Groom attire lean in to each other and kiss.
tbbt_s06e01_001;6010001;s06e01;test;tbbt_s06e01.mp4;;;;9.92;17.69;9.92;17.69;0:09.9;0:17.7;7.77;manual;accepted;;no;no;;;Howard sits with two other astronauts, all three of them strapped in and wearing full spacesuits with helmets.
tbbt_s06e01_d33112;33112;s06e01;test;tbbt_s06e01.mp4;s06e01_seg01_clip_00;19.54;63.03;19.46;62.95;23.78;25.96;0:23.8;0:26.0;2.18;tvr;accepted;;yes;yes;;;Leonard turns to a comic display and raises both his index fingers above his head.
tbbt_s06e01_d60792;60792;s06e01;test;tbbt_s06e01.mp4;s06e01_seg01_clip_01;4.02;8.03;66.94;70.95;66.94;70.95;1:06.9;1:11.0;4.01;tvr;rejected;manual;no;no;;;Leonard turns to look at Stuart, who is talking to him.
tbbt_s06e01_d60790;60790;s06e01;test;tbbt_s06e01.mp4;s06e01_seg01_clip_01;6.57;9.13;69.49;72.05;69.49;72.05;1:09.5;1:12.1;2.56;tvr;rejected;manual;no;no;;;Sheldon, Raj and Howard are all in a comic book store.
tbbt_s06e01_002;6010002;s06e01;test;tbbt_s06e01.mp4;;;;85.0;88.8;85.0;88.8;1:25.0;1:28.8;3.8;manual;accepted;;no;no;;;A wide shot of the space station with swirling clouds around it.
tbbt_s06e01_d60791;60791;s06e01;test;tbbt_s06e01.mp4;s06e01_seg01_clip_01;27.38;34.32;90.3;97.24;90.3;97.24;1:30.3;1:37.2;6.94;tvr;accepted;;no;no;;;Howard talks to his mom while floating in space.
tbbt_s06e01_003;6010003;s06e01;test;tbbt_s06e01.mp4;;;;135.9;139.36;135.9;139.36;2:15.9;2:19.4;3.46;manual;accepted;;no;no;;;Howard, in a green polo shirt and cap, pushes off from one wall to the opposite one, as he floats through the space station.
tbbt_s06e01_d3373;3373;s06e01;test;tbbt_s06e01.mp4;s06e01_seg02_clip_00;0.0;14.65;159.92;174.57;159.92;174.57;2:39.9;2:54.6;14.65;tvr;rejected;manual;no;no;;;Penny applies white cream to the skin above Amy's upper lip.
tbbt_s06e01_d3370;3370;s06e01;test;tbbt_s06e01.mp4;s06e01_seg02_clip_00;4.88;16.17;164.8;176.09;165.34;176.62;2:45.3;2:56.6;11.28;tvr;accepted;;yes;no;;;Penny applies white cream with a spatula on Amy's face between her lip and her nose.
tbbt_s06e01_d3371;3371;s06e01;test;tbbt_s06e01.mp4;s06e01_seg02_clip_00;27.77;29.9;187.69;189.82;186.33;191.28;3:06.3;3:11.3;4.95;tvr;accepted;;yes;yes;;;Penny closes the lid of some cream container tightly, while sitting next to Amy, who has a white mustache.
tbbt_s06e01_d3372;3372;s06e01;test;tbbt_s06e01.mp4;s06e01_seg02_clip_00;34.18;36.92;194.1;196.84;192.62;197.16;3:12.6;3:17.2;4.54;tvr;accepted;;yes;no;;;Penny wipes off the cream from the spatula with tissue.
tbbt_s06e01_d3374;3374;s06e01;test;tbbt_s06e01.mp4;s06e01_seg02_clip_00;49.74;58.28;209.66;218.2;209.66;218.2;3:29.7;3:38.2;8.54;tvr;rejected;manual;no;no;;;Penny stands up from the couch and walks to the kitchen.
tbbt_s06e01_d88795;88795;s06e01;test;tbbt_s06e01.mp4;s06e01_seg02_clip_01;0.0;4.65;220.92;225.57;220.92;225.57;3:40.9;3:45.6;4.65;tvr;rejected;manual;no;no;;;Penny is pouring wine into a wine glass while in her kitchen.
tbbt_s06e01_d88798;88798;s06e01;test;tbbt_s06e01.mp4;s06e01_seg02_clip_01;10.86;13.34;231.78;234.26;231.71;234.19;3:51.7;3:54.2;2.48;tvr;accepted;;no;yes;;;Penny sits down on the couch holding a glass of wine, next to Amy, who has a white mustache.
tbbt_s06e01_d88796;88796;s06e01;test;tbbt_s06e01.mp4;s06e01_seg02_clip_01;14.58;22.95;235.5;243.87;235.5;243.87;3:55.5;4:03.9;8.37;tvr;rejected;manual;no;no;;;Penny drinks her wine while she is talking to Amy on the couch.
tbbt_s06e01_d88797;88797;s06e01;test;tbbt_s06e01.mp4;s06e01_seg02_clip_01;26.67;33.19;247.59;254.11;247.59;254.11;4:07.6;4:14.1;6.52;tvr;rejected;manual;no;no;;;Sheldon is sitting across from Leonard at the cafeteria.
tbbt_s06e01_d3365;3365;s06e01;test;tbbt_s06e01.mp4;s06e01_seg02_clip_02;10.99;17.09;293.91;300.01;293.91;300.01;4:53.9;5:00.0;6.1;tvr;rejected;manual;no;no;;;Raj sits down at the table to join Leonard and Sheldon for lunch in the cafeteria.
tbbt_s06e01_d3368;3368;s06e01;test;tbbt_s06e01.mp4;s06e01_seg02_clip_02;12.51;17.7;295.43;300.62;295.43;300.62;4:55.4;5:00.6;5.19;tvr;rejected;manual;no;no;;;Raj sits down at the table with his lunch tray.
tbbt_s06e01_d3366;3366;s06e01;test;tbbt_s06e01.mp4;s06e01_seg02_clip_02;38.14;43.02;321.06;325.94;321.06;324.15;5:21.1;5:24.1;3.09;tvr;accepted;;yes;yes;;;Raj lifts up his foot above the table at the canteen, to show Sheldon and Leonard that he's wearing sandals.
tbbt_s06e01_d3367;3367;s06e01;test;tbbt_s06e01.mp4;s06e01_seg02_clip_02;56.45;61.03;339.37;343.95;339.37;343.95;5:39.4;5:44.0;4.58;tvr;rejected;manual;no;no;;;Sheldon smiles as he is sitting at the table with Raj and Leonard and Leonard smiles.
tbbt_s06e01_d3361;3361;s06e01;test;tbbt_s06e01.mp4;s06e01_seg02_clip_03;0.0;47.29;343.92;391.21;343.92;391.21;5:43.9;6:31.2;47.29;tvr;rejected;too_long;no;no;;;Sheldon, Raj, and Leonard all sit in the lunch room talking.
tbbt_s06e01_d3362;3362;s06e01;test;tbbt_s06e01.mp4;s06e01_seg02_clip_03;49.61;58.03;393.53;401.95;393.44;401.19;6:33.4;6:41.2;7.75;tvr;accepted;;yes;yes;;;Howard floats through the air in the International Space Station and waves at the laptop with a headset on it.
tbbt_s06e01_d3360;3360;s06e01;test;tbbt_s06e01.mp4;s06e01_seg02_clip_03;56.28;58.03;400.2;401.95;400.2;401.95;6:40.2;6:42.0;1.75;tvr;rejected;manual;no;no;;;Howards talks to Bernadette on the computer from the space station.
tbbt_s06e01_d3390;3390;s06e01;test;tbbt_s06e01.mp4;s06e01_seg02_clip_04;27.46;35.4;429.38;437.32;429.38;437.83;7:09.4;7:17.8;8.45;tvr;accepted;;yes;no;;;Howard releases a pen into outer space and it floats.
tbbt_s06e01_d3391;3391;s06e01;test;tbbt_s06e01.mp4;s06e01_seg02_clip_04;37.23;39.67;439.15;441.59;439.15;441.59;7:19.2;7:21.6;2.44;tvr;rejected;manual;no;no;;;Bernadette confronts Howard angrily regarding Howard's mother during the conversation.
tbbt_s06e01_d3394;3394;s06e01;test;tbbt_s06e01.mp4;s06e01_seg02_clip_04;57.67;61.03;459.59;462.95;459.83;462.95;7:39.8;7:42.9;3.12;tvr;accepted;;yes;yes;;;Bernadette adjusts her glasses when she's talking to Howard online.
tbbt_s06e01_d3392;3392;s06e01;test;tbbt_s06e01.mp4;s06e01_seg02_clip_04;58.28;61.03;460.2;462.95;460.2;462.95;7:40.2;7:43.0;2.75;tvr;rejected;manual;no;no;;;Bernadette slightly grabs her glasses using her left hand.
tbbt_s06e01_d3385;3385;s06e01;test;tbbt_s06e01.mp4;s06e01_seg02_clip_05;20.6;24.95;483.52;487.87;483.43;488.14;8:03.4;8:08.1;4.71;tvr;accepted;;yes;yes;;;A man floats across the International Space Station behind Howard at the laptop.
tbbt_s06e01_d3386;3386;s06e01;test;tbbt_s06e01.mp4;s06e01_seg02_clip_05;27.27;31.91;490.19;494.83;490.19;494.83;8:10.2;8:14.8;4.64;tvr;accepted;;no;yes;;;Sheldon, in a dark grey blazer, and Amy enter the restaurant dining area.
tbbt_s06e01_d3387;3387;s06e01;test;tbbt_s06e01.mp4;s06e01_seg02_clip_05;41.2;43.81;504.12;506.73;503.89;507.08;8:23.9;8:27.1;3.19;tvr;accepted;;yes;yes;;;Raj, sitting at the restaurant table, waves at Amy and Sheldon as they come into the restaurant.
tbbt_s06e01_d3380;3380;s06e01;test;tbbt_s06e01.mp4;s06e01_seg02_clip_06;1.83;3.05;522.75;523.97;522.96;524.39;8:43.0;8:44.4;1.43;tvr;accepted;;yes;yes;;;"Sheldon winks at Amy and makes the ""finger guns"" gesture, at the restaurant."
tbbt_s06e01_d3383;3383;s06e01;test;tbbt_s06e01.mp4;s06e01_seg02_clip_06;5.8;10.07;526.72;530.99;525.21;530.99;8:45.2;8:51.0;5.78;tvr;accepted;;yes;yes;;;Raj gets up and pulls out the chair for Amy as Sheldon sits at the restaurant table.
tbbt_s06e01_d3381;3381;s06e01;test;tbbt_s06e01.mp4;s06e01_seg02_clip_06;25.33;29.9;546.25;550.82;562.31;565.06;9:22.3;9:25.1;2.75;tvr;accepted;;yes;yes;;;Amy angrily closes the restaurant menu while sitting at the table.
tbbt_s06e01_d3382;3382;s06e01;test;tbbt_s06e01.mp4;s06e01_seg02_clip_06;53.09;56.45;574.01;577.37;574.24;577.32;9:34.2;9:37.3;3.08;tvr;accepted;;yes;yes;;;Raj turns to the waiter and gestures with his hand then holds three fingers up, while sitting at the table with Amy and Sheldon.
tbbt_s06e01_d3375;3375;s06e01;test;tbbt_s06e01.mp4;s06e01_seg02_clip_07;0.0;4.88;581.92;586.8;581.92;586.8;9:41.9;9:46.8;4.88;tvr;rejected;manual;no;no;;;Sheldon is holding a menu while sitting at the table.
tbbt_s06e01_d3377;3377;s06e01;test;tbbt_s06e01.mp4;s06e01_seg02_clip_07;6.41;8.54;588.33;590.46;588.42;590.54;9:48.4;9:50.5;2.12;tvr;accepted;;yes;yes;;;Leonard puts down a bowl on the living room table, covered with a red checkered tablecloth, with drinks and plates already on it.
tbbt_s06e01_d3376;3376;s06e01;test;tbbt_s06e01.mp4;s06e01_seg02_clip_07;30.82;32.65;612.74;614.57;612.66;614.57;10:12.7;10:14.6;1.91;tvr;accepted;;yes;yes;;;Leonard, in a green shirt, hands Penny a beer from the coffee table covered with a red checkered tablecloth.
tbbt_s06e01_d3378;3378;s06e01;test;tbbt_s06e01.mp4;s06e01_seg02_clip_07;31.73;34.18;613.65;616.1;613.65;616.1;10:13.7;10:16.1;2.45;tvr;accepted;;no;yes;;;Leonard, in green shirt, and Penny, each holding a beer, sit on the sofa.
tbbt_s06e01_d3405;3405;s06e01;test;tbbt_s06e01.mp4;s06e01_seg02_clip_08;7.15;11.38;650.07;654.3;650.07;654.3;10:50.1;10:54.3;4.23;tvr;accepted;;no;yes;;;Leonard taps Penny on the arm and then sits up, puts his beer on the table covered with a red checkered tablecloth.
tbbt_s06e01_d3406;3406;s06e01;test;tbbt_s06e01.mp4;s06e01_seg02_clip_08;12.68;20.49;655.6;663.41;656.5;658.52;10:56.5;10:58.5;2.02;tvr;accepted;;yes;yes;;;Leonard stands up and holds up his green shirt to show something written on his belly.
tbbt_s06e01_d3409;3409;s06e01;test;tbbt_s06e01.mp4;s06e01_seg02_clip_08;15.61;20.81;658.53;663.73;658.53;663.73;10:58.5;11:03.7;5.2;tvr;rejected;manual;no;no;;;Leonard open up the door of their apartment for Raj.
tbbt_s06e01_d3407;3407;s06e01;test;tbbt_s06e01.mp4;s06e01_seg02_clip_08;44.22;49.1;687.14;692.02;687.14;692.02;11:27.1;11:32.0;4.88;tvr;rejected;manual;no;no;;;While in a space shuttle Howard is messing with the dials to the spaceship while floating.
tbbt_s06e01_d3400;3400;s06e01;test;tbbt_s06e01.mp4;s06e01_seg02_clip_09;0.0;5.04;707.92;712.96;692.27;698.36;11:32.3;11:38.4;6.09;tvr;accepted;;yes;yes;;;Howard is in zero gravity, next to a computer console when someone's head show up from above.
tbbt_s06e01_d3401;3401;s06e01;test;tbbt_s06e01.mp4;s06e01_seg02_clip_09;15.11;20.15;723.03;728.07;723.03;728.07;12:03.0;12:08.1;5.04;tvr;rejected;manual;no;no;;;Howard has an annoyed expression on his face, and rolls his eyes gently.
tbbt_s06e01_d3402;3402;s06e01;test;tbbt_s06e01.mp4;s06e01_seg02_clip_09;31.81;38.44;739.73;746.36;739.73;746.36;12:19.7;12:26.4;6.63;tvr;rejected;manual;no;no;;;Howard widens his eyes and raises his eyebrows emphatically.
tbbt_s06e01_d45182;45182;s06e01;test;tbbt_s06e01.mp4;s06e01_seg02_clip_10;16.17;23.19;777.09;784.11;777.09;783.52;12:57.1;13:03.5;6.43;tvr;accepted;;yes;yes;;;Howard closes his eyes, then looks down while putting his hand on the spaceship console.
tbbt_s06e01_004;6010004;s06e01;test;tbbt_s06e01.mp4;;;;796.48;803.81;796.48;803.81;13:16.5;13:23.8;7.33;manual;accepted;;no;no;;;A wide shot of the International Space Station orbiting above the curve of the Earth.
tbbt_s06e01_d45180;45180;s06e01;test;tbbt_s06e01.mp4;s06e01_seg02_clip_10;44.25;47.3;805.17;808.22;805.17;808.22;13:25.2;13:28.2;3.05;tvr;rejected;manual;no;no;;;Penny takes a drink from her beer while she sits on the couch.
tbbt_s06e01_d45181;45181;s06e01;test;tbbt_s06e01.mp4;s06e01_seg02_clip_10;52.79;59.2;813.71;820.12;813.34;820.85;13:33.3;13:40.9;7.51;tvr;accepted;;yes;yes;;;Raj waves his left hand in the air while holding a beer bottle at the other, sitting on the couch in between Howard and Penny.
tbbt_s06e01_d45184;45184;s06e01;test;tbbt_s06e01.mp4;s06e01_seg02_clip_10;56.76;61.03;817.68;821.95;817.68;822.36;13:37.7;13:42.4;4.68;tvr;accepted;;yes;yes;;;Penny takes a sip of beer and then shakes the bottle while sitting on the couch with Raj and Leonard, in green shirt.
tbbt_s06e01_d45185;45185;s06e01;test;tbbt_s06e01.mp4;s06e01_seg02_clip_11;4.58;5.49;826.5;827.41;826.5;827.41;13:46.5;13:47.4;0.91;tvr;rejected;too_short;no;no;;;Penny puts her beer bottle down on the living room coffee table.
tbbt_s06e01_d45186;45186;s06e01;test;tbbt_s06e01.mp4;s06e01_seg02_clip_11;5.19;7.32;827.11;829.24;827.11;829.24;13:47.1;13:49.2;2.13;tvr;rejected;manual;no;no;;;Penny gets up from the couch and walks out of the room.
tbbt_s06e01_d45187;45187;s06e01;test;tbbt_s06e01.mp4;s06e01_seg02_clip_11;6.71;10.07;828.63;831.99;828.63;831.99;13:48.6;13:52.0;3.36;tvr;accepted;;no;yes;;;Raj sits up and puts his beer bottle down on the coffee table covered with a red checkered tablecloth.
tbbt_s06e01_d45188;45188;s06e01;test;tbbt_s06e01.mp4;s06e01_seg02_clip_11;6.71;10.07;828.63;831.99;828.63;831.99;13:48.6;13:52.0;3.36;tvr;rejected;manual;no;no;;;Raj sits up and puts a beer bottle on a table.
tbbt_s06e01_d45189;45189;s06e01;test;tbbt_s06e01.mp4;s06e01_seg02_clip_11;20.75;23.8;842.67;845.72;842.67;845.72;14:02.7;14:05.7;3.05;tvr;rejected;manual;no;no;;;Penny swings her leg over the armrest of a couch and sits on the armrest.
tbbt_s06e01_d45192;45192;s06e01;test;tbbt_s06e01.mp4;s06e01_seg02_clip_12;0.0;12.51;882.92;895.43;882.92;895.43;14:42.9;14:55.4;12.51;tvr;rejected;manual;no;no;;;Raj throws his hands up and tries to explain something to Penny.
tbbt_s06e01_d45190;45190;s06e01;test;tbbt_s06e01.mp4;s06e01_seg02_clip_12;35.09;42.11;918.01;925.03;917.89;925.72;15:17.9;15:25.7;7.83;tvr;accepted;;yes;yes;;;Raj, in an orange jacket, gets thrown out of the apartment and puts his hands in his pockets.
tbbt_s06e01_d45191;45191;s06e01;test;tbbt_s06e01.mp4;s06e01_seg02_clip_12;57.37;61.03;940.29;943.95;940.29;943.95;15:40.3;15:44.0;3.66;tvr;rejected;manual;no;no;;;Sheldon and Amy are sitting in a restaurant and Amy sets her wine glass on the table.
tbbt_s06e01_d45197;45197;s06e01;test;tbbt_s06e01.mp4;s06e01_seg02_clip_14;39.25;44.56;1042.17;1047.48;1042.17;1047.48;17:22.2;17:27.5;5.31;tvr;rejected;manual;no;no;;;Amy looks up, annoyed, then down and says something to Sheldon.
tbbt_s06e01_d45195;45195;s06e01;test;tbbt_s06e01.mp4;s06e01_seg02_clip_14;45.15;51.94;1048.07;1054.86;1051.78;1055.62;17:31.8;17:35.6;3.84;tvr;accepted;;yes;yes;;;Sheldon reaches for his wallet in his jacket pocket while sitting at the restaurant with Amy.
tbbt_s06e01_d45196;45196;s06e01;test;tbbt_s06e01.mp4;s06e01_seg02_clip_14;54.01;59.03;1056.93;1061.95;1056.99;1062.29;17:37.0;17:42.3;5.3;tvr;accepted;;yes;yes;;;Raj walks into the closed  comic book store while Stuart is folding a t-shirt.
tbbt_s06e01_d45200;45200;s06e01;test;tbbt_s06e01.mp4;s06e01_seg02_clip_15;13.28;18.59;1075.2;1080.51;1075.11;1080.96;17:55.1;18:01.0;5.85;tvr;accepted;;yes;yes;;;Stuart holds up a Chewbacca mug above the cash register.
tbbt_s06e01_d45201;45201;s06e01;test;tbbt_s06e01.mp4;s06e01_seg02_clip_15;22.73;28.33;1084.65;1090.25;1084.65;1090.25;18:04.7;18:10.3;5.6;tvr;rejected;manual;no;no;;;Stuart walks over and pours drinks for him and Raj.
tbbt_s06e01_d45204;45204;s06e01;test;tbbt_s06e01.mp4;s06e01_seg02_clip_15;35.71;39.55;1097.63;1101.47;1097.63;1101.47;18:17.6;18:21.5;3.84;tvr;rejected;manual;no;no;;;Stuart hands Raj a cup and they clink their cups together.
tbbt_s06e01_d45202;45202;s06e01;test;tbbt_s06e01.mp4;s06e01_seg02_clip_15;41.02;59.03;1102.94;1120.95;1102.94;1120.95;18:22.9;18:41.0;18.01;tvr;rejected;too_long;no;no;;;Raj and Stuart are dancing in the comic book store while they have a drink.
tbbt_s06e01_d45205;45205;s06e01;test;tbbt_s06e01.mp4;s06e01_seg02_clip_16;0.0;21.11;1120.92;1142.03;1120.92;1142.03;18:40.9;19:02.0;21.11;tvr;rejected;too_long;no;no;;;Raj and Stuart are dancing to music while holding cups.
tbbt_s06e01_d45206;45206;s06e01;test;tbbt_s06e01.mp4;s06e01_seg02_clip_16;31.17;36.86;1152.09;1157.78;1152.09;1157.78;19:12.1;19:17.8;5.69;tvr;accepted;;no;no;;;Raj places the cup he was holding on the counter.
tbbt_s06e01_d45208;45208;s06e01;test;tbbt_s06e01.mp4;s06e01_seg02_clip_16;31.5;35.52;1152.42;1156.44;1152.42;1156.44;19:12.4;19:16.4;4.02;tvr;rejected;manual;no;no;;;Raj puts his cup on the counter and thanks Stuart as he begins to head out.
tbbt_s06e01_d45207;45207;s06e01;test;tbbt_s06e01.mp4;s06e01_seg02_clip_16;39.54;45.58;1160.46;1166.5;1160.46;1166.5;19:20.5;19:26.5;6.04;tvr;rejected;manual;no;no;;;Stuart starts folding tee shirts as he is talking to Raj.
tbbt_s06e01_d35767;35767;s06e01;test;tbbt_s06e01.mp4;s06e01_seg02_clip_17;4.5;11.26;1192.42;1199.18;1192.42;1199.18;19:52.4;19:59.2;6.76;tvr;rejected;manual;no;no;;;Howard is on a computer while floating in the air.
tbbt_s06e01_d35765;35765;s06e01;test;tbbt_s06e01.mp4;s06e01_seg02_clip_17;33.02;38.77;1220.94;1226.69;1221.55;1225.48;20:21.5;20:25.5;3.93;tvr;accepted;;yes;yes;;;Howard does a two-finger salute and a wink at the spaceship.
tbbt_s06e01_d35769;35769;s06e01;test;tbbt_s06e01.mp4;s06e01_seg02_clip_17;37.77;39.02;1225.69;1226.94;1225.69;1226.94;20:25.7;20:26.9;1.25;tvr;rejected;manual;no;no;;;Howard ends his video chat with Bernadette while in space.
tbbt_s06e01_d35766;35766;s06e01;test;tbbt_s06e01.mp4;s06e01_seg02_clip_17;40.02;50.02;1227.94;1237.94;1227.94;1237.94;20:27.9;20:37.9;10.0;tvr;rejected;manual;no;no;;;Howard has a conversation with Dimitri while they are both floating in the air.
tbbt_s06e07_d92000;92000;s06e07;test;tbbt_s06e07.mp4;s06e07_seg01_clip_00;9.45;11.66;9.41;11.62;9.41;11.62;0:09.4;0:11.6;2.21;tvr;rejected;manual;no;no;;;Sheldon uses his hand to point to the white board behind him as he sits on the couch and talks to the camera.
tbbt_s06e07_d92001;92001;s06e07;test;tbbt_s06e07.mp4;s06e07_seg01_clip_00;41.28;43.81;41.24;43.77;41.24;45.36;0:41.2;0:45.4;4.12;tvr;accepted;;yes;yes;;;Sheldon sits on the couch, whiteboard and flags behind him, reaches over and picks up a toy figurine off of the end table.
tbbt_s06e07_d92002;92002;s06e07;test;tbbt_s06e07.mp4;s06e07_seg01_clip_00;53.58;55.47;53.54;55.43;53.54;55.43;0:53.5;0:55.4;1.89;tvr;accepted;;no;yes;;;Will Wheaton, with a blue flag in his hand, joins Sheldon on the couch.
tbbt_s06e07_d34291;34291;s06e07;test;tbbt_s06e07.mp4;s06e07_seg01_clip_01;14.46;16.53;77.42;79.49;77.42;79.49;1:17.4;1:19.5;2.07;tvr;rejected;manual;no;no;;;Sheldon gestures to Wil and introduces him on camera.
tbbt_s06e07_d34290;34290;s06e07;test;tbbt_s06e07.mp4;s06e07_seg01_clip_01;23.02;28.04;85.98;91.0;85.98;91.0;1:26.0;1:31.0;5.02;tvr;rejected;manual;no;no;;;Wil holds up a light blue flag and shows it to the camera.
tbbt_s06e07_d34292;34292;s06e07;test;tbbt_s06e07.mp4;s06e07_seg01_clip_01;31.28;35.12;94.24;98.08;90.71;92.1;1:30.7;1:32.1;1.39;tvr;accepted;;yes;yes;;;Amy nods her head left and right, and then straight up, while standing behind the camera on the tripod.
tbbt_s06e07_d30150;30150;s06e07;test;tbbt_s06e07.mp4;s06e07_seg01_clip_02;8.99;11.17;130.95;133.13;130.95;133.13;2:11.0;2:13.1;2.18;tvr;rejected;manual;no;no;;;The man sitting next to Sheldon on the sofa points towards Amy.
tbbt_s06e07_d30151;30151;s06e07;test;tbbt_s06e07.mp4;s06e07_seg01_clip_02;36.6;40.63;158.56;162.59;158.56;162.59;2:38.6;2:42.6;4.03;tvr;rejected;manual;no;no;;;The man in the black t-shirt picks up a flag from the coffee table and unfolds it.
tbbt_s06e07_d30154;30154;s06e07;test;tbbt_s06e07.mp4;s06e07_seg01_clip_02;39.08;52.41;161.04;174.37;161.04;174.37;2:41.0;2:54.4;13.33;tvr;rejected;manual;no;no;;;Will holds up a blue flag representing an alliance from a fictional universe.
tbbt_s06e07_d30152;30152;s06e07;test;tbbt_s06e07.mp4;s06e07_seg01_clip_02;54.59;58.31;176.55;180.27;176.55;180.27;2:56.6;3:00.3;3.72;tvr;rejected;manual;no;no;;;Amy steps away from the camera and approaches Sheldon and the other man.
tbbt_s06e07_d30155;30155;s06e07;test;tbbt_s06e07.mp4;s06e07_seg01_clip_03;4.32;6.84;188.28;190.8;188.7;190.59;3:08.7;3:10.6;1.89;tvr;accepted;;yes;yes;;;Amy, in a brown sweater and pink shirt, opens her mouth in surprise while standing near the kitchen.
tbbt_s06e07_d30159;30159;s06e07;test;tbbt_s06e07.mp4;s06e07_seg01_clip_03;30.97;34.57;214.93;218.53;214.75;219.4;3:34.8;3:39.4;4.65;tvr;accepted;;yes;yes;;;Sheldon hands Will a figurine from the glass table and gets up from the couch.
tbbt_s06e07_d30156;30156;s06e07;test;tbbt_s06e07.mp4;s06e07_seg01_clip_03;32.77;35.65;216.73;219.61;216.73;219.61;3:36.7;3:39.6;2.88;tvr;rejected;manual;no;no;;;Sheldon gets off the couch to go over and talk to Amy.
tbbt_s06e07_d30157;30157;s06e07;test;tbbt_s06e07.mp4;s06e07_seg01_clip_03;71.3;72.02;255.26;255.98;255.26;255.98;4:15.3;4:16.0;0.72;tvr;rejected;too_short;no;no;;;Sheldon points at Amy to give her a compliment.
tbbt_s06e07_d9398;9398;s06e07;test;tbbt_s06e07.mp4;s06e07_seg02_clip_00;2.48;8.37;281.44;287.33;281.44;287.33;4:41.4;4:47.3;5.89;tvr;rejected;manual;no;no;;;Bernadette comes in to Howard's bedroom at his mom's house.
tbbt_s06e07_d9395;9395;s06e07;test;tbbt_s06e07.mp4;s06e07_seg02_clip_00;3.72;10.54;282.68;289.5;282.68;289.5;4:42.7;4:49.5;6.82;tvr;rejected;manual;no;no;;;Howard is sitting on the bed looking at a magazine when Bernadette walks in.
tbbt_s06e07_d9399;9399;s06e07;test;tbbt_s06e07.mp4;s06e07_seg02_clip_00;19.23;27.91;298.19;306.87;298.19;306.87;4:58.2;5:06.9;8.68;tvr;accepted;;no;yes;;;Howard runs up and opens the dresser drawer, then takes out a red cloth, while Bernadette stands in the doorway.
tbbt_s06e07_d9397;9397;s06e07;test;tbbt_s06e07.mp4;s06e07_seg02_clip_00;20.47;26.67;299.43;305.63;299.43;305.63;4:59.4;5:05.6;6.2;tvr;rejected;manual;no;no;;;Howard takes clothes from the drawer while talking to Bernadette.
tbbt_s06e07_d9396;9396;s06e07;test;tbbt_s06e07.mp4;s06e07_seg02_clip_00;29.15;34.12;308.11;313.08;308.11;313.08;5:08.1;5:13.1;4.97;tvr;rejected;manual;no;no;;;Bernedette leans on the dresser while Howard is talking.
tbbt_s06e07_d9393;9393;s06e07;test;tbbt_s06e07.mp4;s06e07_seg02_clip_01;1.53;3.66;342.49;344.62;342.49;346.99;5:42.5;5:47.0;4.5;tvr;accepted;;yes;yes;;;Howard, all in turquoise, takes red clothing and puts it on his chair next to his desk.
tbbt_s06e07_d9390;9390;s06e07;test;tbbt_s06e07.mp4;s06e07_seg02_clip_01;1.83;3.66;342.79;344.62;342.79;344.62;5:42.8;5:44.6;1.83;tvr;rejected;manual;no;no;;;Howard picks up a hat and sets it down on a chair.
tbbt_s06e07_d9391;9391;s06e07;test;tbbt_s06e07.mp4;s06e07_seg02_clip_01;53.4;54.62;394.36;395.58;394.36;395.58;6:34.4;6:35.6;1.22;tvr;rejected;too_short;no;no;;;Sheldon enters the apartment and puts his keys in a bowl by the door.
tbbt_s06e07_d9392;9392;s06e07;test;tbbt_s06e07.mp4;s06e07_seg02_clip_01;53.4;61.03;394.36;401.99;394.36;401.99;6:34.4;6:42.0;7.63;tvr;rejected;manual;no;no;;;Leonard is sitting at a desk in his living room on his laptop.
tbbt_s06e07_d9394;9394;s06e07;test;tbbt_s06e07.mp4;s06e07_seg02_clip_01;54.01;56.45;394.97;397.41;394.97;397.41;6:35.0;6:37.4;2.44;tvr;rejected;manual;no;no;;;Sheldon enters the apartment when Leonard is at his desk in front of his laptop..
tbbt_s06e07_d9405;9405;s06e07;test;tbbt_s06e07.mp4;s06e07_seg02_clip_02;3.9;11.1;405.86;413.06;405.86;413.06;6:45.9;6:53.1;7.2;tvr;rejected;manual;no;no;;;Sheldon takes off his jacket and puts it on the back of his chair.
tbbt_s06e07_d9406;9406;s06e07;test;tbbt_s06e07.mp4;s06e07_seg02_clip_02;22.21;37.22;424.17;439.18;424.17;439.18;7:04.2;7:19.2;15.01;tvr;rejected;too_long;no;no;;;Sheldon walks over to the refrigerator and takes out a drink.
tbbt_s06e07_d9409;9409;s06e07;test;tbbt_s06e07.mp4;s06e07_seg02_clip_02;48.02;56.73;449.98;458.69;449.98;458.69;7:30.0;7:38.7;8.71;tvr;rejected;manual;no;no;;;Leonrd gets up and walks over to the fridge to open it.
tbbt_s06e07_d9407;9407;s06e07;test;tbbt_s06e07.mp4;s06e07_seg02_clip_02;48.32;54.02;450.28;455.98;450.28;455.98;7:30.3;7:36.0;5.7;tvr;rejected;manual;no;no;;;Leonard gets up from his chair and walks over to the refrigerator.
tbbt_s06e07_d9402;9402;s06e07;test;tbbt_s06e07.mp4;s06e07_seg02_clip_03;1.16;5.22;463.12;467.18;463.12;467.18;7:43.1;7:47.2;4.06;tvr;rejected;manual;no;no;;;Leonard walks over to Sheldon sat at his desk.
tbbt_s06e07_d9403;9403;s06e07;test;tbbt_s06e07.mp4;s06e07_seg02_clip_03;2.61;6.38;464.57;468.34;464.57;468.34;7:44.6;7:48.3;3.77;tvr;rejected;manual;no;no;;;Leonard walks a little near Sheldon and talk to Him.
tbbt_s06e07_d9400;9400;s06e07;test;tbbt_s06e07.mp4;s06e07_seg02_clip_03;19.44;22.63;481.4;484.59;481.56;484.59;8:01.6;8:04.6;3.03;tvr;accepted;;yes;yes;;;Leonard, with crossed arms, briefly scratches his nose while he is standing beside Sheldon sitting at his desk with a laptop.
tbbt_s06e07_d9401;9401;s06e07;test;tbbt_s06e07.mp4;s06e07_seg02_clip_03;42.07;46.42;504.03;508.38;502.43;506.73;8:22.4;8:26.7;4.3;tvr;accepted;;yes;yes;;;Leonard, in purple hoodie and jacket, looks uncomfortable and touches his brow while he is standing beside Sheldon sitting at his desk with a laptop.
tbbt_s06e07_d9404;9404;s06e07;test;tbbt_s06e07.mp4;s06e07_seg02_clip_03;41.78;46.71;503.74;508.67;503.74;508.67;8:23.7;8:28.7;4.93;tvr;rejected;manual;no;no;;;Sheldon talks to Amy via internet while Leonard is behind Him.
tbbt_s06e07_d9410;9410;s06e07;test;tbbt_s06e07.mp4;s06e07_seg02_clip_04;0.0;3.15;519.96;523.11;519.96;523.11;8:40.0;8:43.1;3.15;tvr;rejected;manual;no;no;;;Leonard walks away from Sheldon while uncrossing his arms.
tbbt_s06e07_d9411;9411;s06e07;test;tbbt_s06e07.mp4;s06e07_seg02_clip_04;9.77;11.35;529.73;531.31;525.03;531.39;8:45.0;8:51.4;6.36;tvr;accepted;;yes;yes;;;A shot of the laptop screen, where Amy reaches forward and presses a button that shuts the video off.
tbbt_s06e07_d9414;9414;s06e07;test;tbbt_s06e07.mp4;s06e07_seg02_clip_04;20.8;26.16;540.76;546.12;540.76;546.12;9:00.8;9:06.1;5.36;tvr;rejected;manual;no;no;;;Penny walks over to the table and sits Bernadette and Howard's food in front of them.
tbbt_s06e07_d9412;9412;s06e07;test;tbbt_s06e07.mp4;s06e07_seg02_clip_04;20.8;26.16;540.76;546.12;541.0;545.31;9:01.0;9:05.3;4.31;tvr;accepted;;yes;yes;;;Penny, at a restaurant, carries two plates of burgers and sets them in front of Howard and Bernadette, who is wearing a blue sweater.
tbbt_s06e07_d91736;91736;s06e07;test;tbbt_s06e07.mp4;s06e07_seg02_clip_05;45.33;48.47;628.29;631.43;566.39;568.87;9:26.4;9:28.9;2.48;tvr;accepted;;yes;yes;;;Howard lifts his hands up and aside, with a burger in one hand, at the restaurant.
tbbt_s06e07_d91735;91735;s06e07;test;tbbt_s06e07.mp4;s06e07_seg02_clip_05;0.29;5.13;583.25;588.09;583.25;588.09;9:43.3;9:48.1;4.84;tvr;rejected;manual;no;no;;;Penny uses a pitcher to fill Howard's glass with water.
tbbt_s06e07_d91737;91737;s06e07;test;tbbt_s06e07.mp4;s06e07_seg02_clip_05;54.74;57.02;637.7;639.98;637.7;639.98;10:37.7;10:40.0;2.28;tvr;rejected;manual;no;no;;;Sheldon walks over to Amy's front door and knocks on it.
tbbt_s06e07_d9420;9420;s06e07;test;tbbt_s06e07.mp4;s06e07_seg02_clip_06;0.0;4.88;639.96;644.84;639.96;644.84;10:40.0;10:44.8;4.88;tvr;rejected;manual;no;no;;;Sheldon is knocking at the front door of Amys apartment.
tbbt_s06e07_d9423;9423;s06e07;test;tbbt_s06e07.mp4;s06e07_seg02_clip_06;10.37;15.87;650.33;655.83;649.84;655.83;10:49.8;10:55.8;5.99;tvr;accepted;;yes;yes;;;Sheldon, at the doorway, gets a box from a red paper bag and handed it to Amy.
tbbt_s06e07_d9421;9421;s06e07;test;tbbt_s06e07.mp4;s06e07_seg02_clip_06;11.6;16.48;651.56;656.44;651.56;656.44;10:51.6;10:56.4;4.88;tvr;rejected;manual;no;no;;;Sheldon hands Amy a set of StarTrek DVD's at the doorway of her apartment.
tbbt_s06e07_d9424;9424;s06e07;test;tbbt_s06e07.mp4;s06e07_seg02_clip_06;35.09;38.75;675.05;678.71;675.49;678.99;11:15.5;11:19.0;3.5;tvr;accepted;;yes;yes;;;Someone shoves a box into Sheldon's chest and closes the door.
tbbt_s06e07_d9422;9422;s06e07;test;tbbt_s06e07.mp4;s06e07_seg02_clip_06;35.7;41.19;675.66;681.15;675.66;681.15;11:15.7;11:21.2;5.49;tvr;rejected;manual;no;no;;;Amy thrusts the DVD set back at Sheldon and slams her apartment door.
tbbt_s06e07_d9418;9418;s06e07;test;tbbt_s06e07.mp4;s06e07_seg02_clip_07;7.2;10.5;708.16;711.46;708.16;711.46;11:48.2;11:51.5;3.3;tvr;rejected;manual;no;no;;;Leonard uses a tool to help him put sealing tape on a packing box.
tbbt_s06e07_d9415;9415;s06e07;test;tbbt_s06e07.mp4;s06e07_seg02_clip_07;8.4;9.9;709.36;710.86;708.52;712.56;11:48.5;11:52.6;4.04;tvr;accepted;;yes;yes;;;Leonard is closing a box with packing tape, while Howard is taking a light-saber off the wall of his bedroom, behind him.
tbbt_s06e07_d9416;9416;s06e07;test;tbbt_s06e07.mp4;s06e07_seg02_clip_07;10.8;13.81;711.76;714.77;711.76;714.77;11:51.8;11:54.8;3.01;tvr;rejected;manual;no;no;;;Howard is taking a light-saber off the wall of his bedroom.
tbbt_s06e07_d9417;9417;s06e07;test;tbbt_s06e07.mp4;s06e07_seg02_clip_07;19.51;22.21;720.47;723.17;720.47;723.17;12:00.5;12:03.2;2.7;tvr;rejected;manual;no;no;;;Leonard carries the closed moving box from his room.
tbbt_s06e07_d91630;91630;s06e07;test;tbbt_s06e07.mp4;s06e07_seg02_clip_08;9.61;13.03;770.57;773.99;741.27;750.76;12:21.3;12:30.8;9.49;tvr;accepted;;yes;yes;;;Leonard looks at the doorframe and points at it with a marker.
tbbt_s06e07_d91633;91633;s06e07;test;tbbt_s06e07.mp4;s06e07_seg02_clip_08;17.37;21.71;778.33;782.67;778.33;782.67;12:58.3;13:02.7;4.34;tvr;rejected;manual;no;no;;;Leonard is closing a box in Howard's room.
tbbt_s06e07_d91632;91632;s06e07;test;tbbt_s06e07.mp4;s06e07_seg02_clip_08;38.77;41.87;799.73;802.83;799.73;802.77;13:19.7;13:22.8;3.04;tvr;accepted;;yes;yes;;;Raj and Leonard carry boxes out of the room, while Howard, in a yellow shirt, takes something covered in a purple blanket.
tbbt_s06e07_d91631;91631;s06e07;test;tbbt_s06e07.mp4;s06e07_seg02_clip_08;45.28;51.17;806.24;812.13;806.35;812.13;13:26.4;13:32.1;5.78;tvr;accepted;;yes;yes;;;Sheldon enters the bar and sits on a stool in front of Penny, with a snack lying on the bar counter.
tbbt_s06e07_d52445;52445;s06e07;test;tbbt_s06e07.mp4;s06e07_seg02_clip_09;0.0;13.93;822.96;836.89;832.31;836.56;13:52.3;13:56.6;4.25;tvr;accepted;;yes;yes;;;Penny pretends to throw up while standing behind the bar with a snack lying on the bar counter.
tbbt_s06e07_d52448;52448;s06e07;test;tbbt_s06e07.mp4;s06e07_seg02_clip_09;11.61;14.51;834.57;837.47;834.57;837.47;13:54.6;13:57.5;2.9;tvr;rejected;manual;no;no;;;Penny pretends that she's going to vomit in front of Sheldon.
tbbt_s06e07_d52446;52446;s06e07;test;tbbt_s06e07.mp4;s06e07_seg02_clip_09;36.85;42.36;859.81;865.32;859.81;865.32;14:19.8;14:25.3;5.51;tvr;rejected;manual;no;no;;;Penny begins making a drink while Sheldon sits, despondently.
tbbt_s06e07_d52447;52447;s06e07;test;tbbt_s06e07.mp4;s06e07_seg02_clip_09;51.06;58.03;874.02;880.99;874.02;880.99;14:34.0;14:41.0;6.97;tvr;rejected;manual;no;no;;;Penny is talking to Sheldon and then looks back down to finish making a drink.
tbbt_s06e07_d51055;51055;s06e07;test;tbbt_s06e07.mp4;s06e07_seg02_clip_10;2.95;5.61;883.91;886.57;883.91;886.57;14:43.9;14:46.6;2.66;tvr;rejected;manual;no;no;;;Penny grabs a red straw as Sheldon sits at the bar in the restaurant.
tbbt_s06e07_d51056;51056;s06e07;test;tbbt_s06e07.mp4;s06e07_seg02_clip_10;16.82;19.77;897.78;900.73;897.81;900.73;14:57.8;15:00.7;2.92;tvr;accepted;;yes;yes;;;Penny, standing in front of Sheldon at the bar, fills a glass with soda from the tap.
tbbt_s06e07_d51057;51057;s06e07;test;tbbt_s06e07.mp4;s06e07_seg02_clip_10;39.84;46.04;920.8;927.0;920.8;927.0;15:20.8;15:27.0;6.2;tvr;rejected;manual;no;no;;;Sheldon takes big gulps from the drink he has.
tbbt_s06e07_d51060;51060;s06e07;test;tbbt_s06e07.mp4;s06e07_seg02_clip_11;3.47;6.93;943.43;946.89;943.92;948.0;15:43.9;15:48.0;4.08;tvr;accepted;;yes;yes;;;Sheldon takes the last sip of his drink with a red straw and ice, then sets the glass down on the bar.
tbbt_s06e07_d51062;51062;s06e07;test;tbbt_s06e07.mp4;s06e07_seg02_clip_11;4.1;63.03;944.06;1002.99;944.06;1002.99;15:44.1;16:43.0;58.93;tvr;rejected;too_long;no;no;;;There's a bar full of people having conversations in the background.
tbbt_s06e07_d51061;51061;s06e07;test;tbbt_s06e07.mp4;s06e07_seg02_clip_11;46.96;50.42;986.92;990.38;986.92;990.38;16:26.9;16:30.4;3.46;tvr;rejected;manual;no;no;;;Penny puts a straw into a glass of tea and slides it across the bar to Sheldon.
tbbt_s06e07_d51045;51045;s06e07;test;tbbt_s06e07.mp4;s06e07_seg02_clip_12;0.0;1.5;1002.96;1004.46;993.01;1004.46;16:33.0;16:44.5;11.45;tvr;accepted;;yes;yes;;;Sheldon quickly drinks his whole drink while holding a red straw, then makes a happy face, at the bar.
tbbt_s06e07_d51048;51048;s06e07;test;tbbt_s06e07.mp4;s06e07_seg02_clip_12;3.3;6.6;1006.26;1009.56;1006.26;1009.56;16:46.3;16:49.6;3.3;tvr;rejected;manual;no;no;;;Howard was carefully carrying a huge brown box.
tbbt_s06e07_d51047;51047;s06e07;test;tbbt_s06e07.mp4;s06e07_seg02_clip_12;26.41;31.51;1029.37;1034.47;1006.47;1011.49;16:46.5;16:51.5;5.02;tvr;accepted;;yes;yes;;;Howard struggles to carry a large box into the room, leaning his whole body into it to set it down on the ground.
tbbt_s06e07_d51046;51046;s06e07;test;tbbt_s06e07.mp4;s06e07_seg02_clip_12;3.9;7.5;1006.86;1010.46;1006.86;1010.46;16:46.9;16:50.5;3.6;tvr;rejected;manual;no;no;;;Howard walks into Bernadette's apartment holding a large moving box.
tbbt_s06e07_d51051;51051;s06e07;test;tbbt_s06e07.mp4;s06e07_seg02_clip_13;31.51;38.72;1094.47;1101.68;1021.24;1026.57;17:01.2;17:06.6;5.33;tvr;accepted;;yes;yes;;;Bernadette hugs Howard, standing next to a cardboard box lying on the orange chair.
tbbt_s06e07_d51049;51049;s06e07;test;tbbt_s06e07.mp4;s06e07_seg02_clip_12;50.12;60.03;1053.08;1062.99;1044.46;1054.74;17:24.5;17:34.7;10.28;tvr;accepted;;yes;yes;;;Howard takes the magic wand out of the box and sits beside Bernadette on the couch.
tbbt_s06e07_d51053;51053;s06e07;test;tbbt_s06e07.mp4;s06e07_seg02_clip_13;0.0;12.91;1062.96;1075.87;1062.96;1075.87;17:43.0;17:55.9;12.91;tvr;rejected;manual;no;no;;;Howard was lounging on a couch with his blonde wife fiddling with a magic wand.
tbbt_s06e07_d51050;51050;s06e07;test;tbbt_s06e07.mp4;s06e07_seg02_clip_13;17.41;23.41;1080.37;1086.37;1080.37;1086.37;18:00.4;18:06.4;6.0;tvr;rejected;manual;no;no;;;Bernadette gets out of her seat and asks Howard to come with her while grabbing a box.
tbbt_s06e07_d51054;51054;s06e07;test;tbbt_s06e07.mp4;s06e07_seg02_clip_13;19.21;30.31;1082.17;1093.27;1080.9;1095.84;18:00.9;18:15.8;14.94;tvr;accepted;;yes;yes;;;Bernadette, angry, got up from the couch suddenly and grabbed a cardboard box, then left the apartment.
tbbt_s06e07_d51042;51042;s06e07;test;tbbt_s06e07.mp4;s06e07_seg02_clip_15;11.7;15.6;1192.66;1196.56;1103.8;1109.08;18:23.8;18:29.1;5.28;tvr;accepted;;yes;yes;;;Sheldon stumbles up to the porch of someone's house at night and knock on the doors.
tbbt_s06e07_d51052;51052;s06e07;test;tbbt_s06e07.mp4;s06e07_seg02_clip_13;44.12;49.22;1107.08;1112.18;1107.08;1112.18;18:27.1;18:32.2;5.1;tvr;accepted;;no;yes;;;Sheldon, in a beige-and-white jacket, knocks on the door with his whole fist, light glowing in the windows behind the curtains.
tbbt_s06e07_d51035;51035;s06e07;test;tbbt_s06e07.mp4;s06e07_seg02_clip_14;27.56;30.17;1150.52;1153.13;1150.77;1152.81;19:10.8;19:12.8;2.04;tvr;accepted;;yes;yes;;;Sheldon taps the wall threateningly while talking to Will.
tbbt_s06e07_d51036;51036;s06e07;test;tbbt_s06e07.mp4;s06e07_seg02_clip_14;35.4;54.54;1158.36;1177.5;1164.84;1178.53;19:24.8;19:38.5;13.69;tvr;accepted;;yes;yes;;;Sheldon holds up his fists and moves them in front of Will, while talking.
tbbt_s06e07_d51038;51038;s06e07;test;tbbt_s06e07.mp4;s06e07_seg02_clip_14;51.93;54.54;1174.89;1177.5;1174.89;1177.5;19:34.9;19:37.5;2.61;tvr;rejected;manual;no;no;;;Sheldon raises his balled hands at Wil Wheaton during a conversation.
tbbt_s06e07_d51037;51037;s06e07;test;tbbt_s06e07.mp4;s06e07_seg02_clip_14;53.96;58.03;1176.92;1180.99;1176.92;1184.62;19:36.9;19:44.6;7.7;tvr;accepted;;yes;yes;;;Sheldon lowers his fist and takes a step back while steadying himself against the wall with his hand.
tbbt_s06e07_d51040;51040;s06e07;test;tbbt_s06e07.mp4;s06e07_seg02_clip_15;0.0;24.97;1180.96;1205.93;1191.97;1197.61;19:52.0;19:57.6;5.64;tvr;accepted;;yes;yes;;;Sheldon places his hand on Will's chest and then walks away to lean against the porch railing.
tbbt_s06e07_d51041;51041;s06e07;test;tbbt_s06e07.mp4;s06e07_seg02_clip_15;55.01;58.91;1235.97;1239.87;1235.97;1239.87;20:36.0;20:39.9;3.9;tvr;accepted;;no;yes;;;A guy in an orange sweater walks over, shakes Sheldon's hand, and sits down on the couch, with a whiteboard and flags behind it.
tbbt_s06e24_d3436;3436;s06e24;test;tbbt_s06e24.mp4;s06e24_seg01_clip_00;3.66;39.67;3.67;39.67;3.67;39.67;0:03.7;0:39.7;36.0;tvr;rejected;too_long;no;no;;;Only Leonard, Sheldon and Raj are seated at the table.
tbbt_s06e24_d3438;3438;s06e24;test;tbbt_s06e24.mp4;s06e24_seg01_clip_00;4.88;37.23;4.88;37.23;4.88;37.23;0:04.9;0:37.2;32.35;tvr;rejected;too_long;no;no;;;Leonard, Sheldon, and Raj are sitting in the cafeteria table conversing with each other.
tbbt_s06e24_d3435;3435;s06e24;test;tbbt_s06e24.mp4;s06e24_seg01_clip_00;35.4;41.8;35.41;41.8;35.41;41.8;0:35.4;0:41.8;6.39;tvr;rejected;manual;no;no;;;Howard walks from behind Sheldon to the table and sits down with Sheldon, Leonard and Raj.
tbbt_s06e24_d3439;3439;s06e24;test;tbbt_s06e24.mp4;s06e24_seg01_clip_00;37.53;41.5;37.53;41.51;37.53;41.51;0:37.5;0:41.5;3.98;tvr;rejected;manual;no;no;;;Howard walks with his food tray and sits beside Raj in the cafeteria table.
tbbt_s06e24_d3437;3437;s06e24;test;tbbt_s06e24.mp4;s06e24_seg01_clip_00;43.33;52.48;43.34;52.48;43.34;52.48;0:43.3;0:52.5;9.14;tvr;rejected;manual;no;no;;;A man with grey hair, beard and glasses is sitting at the table behind Howard.
tbbt_s06e24_d72161;72161;s06e24;test;tbbt_s06e24.mp4;s06e24_seg01_clip_01;0.0;7.44;61.01;68.44;61.01;68.44;1:01.0;1:08.4;7.43;tvr;rejected;manual;no;no;;;Leonard and Howard sit at a table talking in front of food.
tbbt_s06e24_d72160;72160;s06e24;test;tbbt_s06e24.mp4;s06e24_seg01_clip_01;7.75;25.43;68.75;86.44;68.75;86.44;1:08.8;1:26.4;17.69;tvr;rejected;too_long;no;no;;;Sheldon sits while talking to his friends with his fork in hand.
tbbt_s06e24_d87555;87555;s06e24;test;tbbt_s06e24.mp4;s06e24_seg01_clip_02;8.22;10.87;131.22;133.88;131.22;133.88;2:11.2;2:13.9;2.66;tvr;rejected;manual;no;no;;;Leonard turns to look at Sheldon, rolls his eyes and then looks back at the road.
tbbt_s06e24_d87556;87556;s06e24;test;tbbt_s06e24.mp4;s06e24_seg01_clip_02;27.84;29.96;150.84;152.97;150.84;152.97;2:30.8;2:33.0;2.13;tvr;rejected;manual;no;no;;;Leonard takes his hand off the steering wheel to gesticulate while talking.
tbbt_s06e24_d87557;87557;s06e24;test;tbbt_s06e24.mp4;s06e24_seg01_clip_02;46.93;49.84;169.94;172.84;169.94;172.84;2:49.9;2:52.8;2.9;tvr;rejected;manual;no;no;;;Leonard brings the car to an abrupt stop and looks at Sheldon.
tbbt_s06e24_d72162;72162;s06e24;test;tbbt_s06e24.mp4;s06e24_seg01_clip_01;27.29;62.03;88.3;123.03;170.59;172.7;2:50.6;2:52.7;2.11;tvr;accepted;;yes;yes;;;Sheldon, in a beige jacket, and Leonard sit in the car, which suddenly stops, and Sheldon, with eyes wide open, looks at Leonard.
tbbt_s06e24_d15730;15730;s06e24;test;tbbt_s06e24.mp4;s06e24_seg02_clip_00;5.89;10.86;203.9;208.87;210.58;219.73;3:30.6;3:39.7;9.15;tvr;accepted;;yes;yes;;;A shot of a woman looking through a telescope, standing next to smiling Raj, seen through a window.
tbbt_s06e24_d15733;15733;s06e24;test;tbbt_s06e24.mp4;s06e24_seg02_clip_00;28.53;34.74;226.53;232.75;226.53;232.75;3:46.5;3:52.7;6.22;tvr;rejected;manual;no;no;;;Lucy follows Raj away from the large telescope.
tbbt_s06e24_d15731;15731;s06e24;test;tbbt_s06e24.mp4;s06e24_seg02_clip_00;29.77;36.91;227.78;234.91;227.78;234.91;3:47.8;3:54.9;7.13;tvr;rejected;manual;no;no;;;Raj walks to the dining table to pick up a glass of wine.
tbbt_s06e24_d15734;15734;s06e24;test;tbbt_s06e24.mp4;s06e24_seg02_clip_00;32.88;35.98;230.88;233.99;230.88;233.99;3:50.9;3:54.0;3.11;tvr;rejected;manual;no;no;;;Raj walks over to the table and picks up a glass of wine.
tbbt_s06e24_d15732;15732;s06e24;test;tbbt_s06e24.mp4;s06e24_seg02_clip_00;53.66;62.03;251.66;260.04;251.66;260.04;4:11.7;4:20.0;8.38;tvr;rejected;manual;no;no;;;Lucy walks towards the living room as she is talking to Raj.
tbbt_s06e24_d24970;24970;s06e24;test;tbbt_s06e24.mp4;s06e24_seg02_clip_01;0.0;7.97;260.0;267.98;260.0;267.98;4:20.0;4:28.0;7.98;tvr;rejected;manual;no;no;;;Raj asks Lucy to meet just one of his parents, and she asks if he will be there too.
tbbt_s06e24_d24971;24971;s06e24;test;tbbt_s06e24.mp4;s06e24_seg02_clip_01;14.76;19.48;274.76;279.49;274.76;279.49;4:34.8;4:39.5;4.73;tvr;rejected;manual;no;no;;;Penny and Leonard bring their food to the dinner table.
tbbt_s06e24_d24973;24973;s06e24;test;tbbt_s06e24.mp4;s06e24_seg02_clip_01;14.76;18.89;274.76;278.89;274.76;278.89;4:34.8;4:38.9;4.13;tvr;rejected;manual;no;no;;;Penny and Leonard bring their dinner to the table and sit down.
tbbt_s06e24_d24974;24974;s06e24;test;tbbt_s06e24.mp4;s06e24_seg02_clip_01;44.56;45.75;304.56;305.75;304.56;305.75;5:04.6;5:05.8;1.19;tvr;rejected;too_short;no;no;;;Penny takes a bite of her salad while sitting at the table.
tbbt_s06e24_d24972;24972;s06e24;test;tbbt_s06e24.mp4;s06e24_seg02_clip_01;50.76;59.03;310.76;319.04;310.76;319.04;5:10.8;5:19.0;8.28;tvr;rejected;manual;no;no;;;Leonard tells Penny he has been invited to join Steven Hawkings team for work and will have to leave.
tbbt_s06e24_d72760;72760;s06e24;test;tbbt_s06e24.mp4;s06e24_seg02_clip_02;7.8;16.81;326.81;335.81;326.81;335.81;5:26.8;5:35.8;9.0;tvr;rejected;manual;no;no;;;Penny puts her right hand onto a blue cup in front of her, then gestures with it, then puts it back onto the cup.
tbbt_s06e24_d72761;72761;s06e24;test;tbbt_s06e24.mp4;s06e24_seg02_clip_02;28.51;33.31;347.51;352.31;347.51;352.31;5:47.5;5:52.3;4.8;tvr;rejected;manual;no;no;;;Penny throws her two hands in the air in conversation.
tbbt_s06e24_d72762;72762;s06e24;test;tbbt_s06e24.mp4;s06e24_seg02_clip_02;46.22;51.62;365.23;370.62;365.23;370.62;6:05.2;6:10.6;5.39;tvr;rejected;manual;no;no;;;Leonard nods his head in agreeing with Penny, Penny nods as well.
tbbt_s06e24_d15748;15748;s06e24;test;tbbt_s06e24.mp4;s06e24_seg02_clip_03;0.0;22.64;379.0;401.64;379.0;401.64;6:19.0;6:41.6;22.64;tvr;rejected;too_long;no;no;;;Leonard and Penny are sitting at Penny's dining table eating and conversing.
tbbt_s06e24_d15745;15745;s06e24;test;tbbt_s06e24.mp4;s06e24_seg02_clip_03;5.89;7.44;384.89;386.44;400.16;402.11;6:40.2;6:42.1;1.95;tvr;accepted;;yes;yes;;;Penny bursts out laughing with mouth wide open, while sitting at the dinner table with salad in front of a smiling Leonard.
tbbt_s06e24_d15746;15746;s06e24;test;tbbt_s06e24.mp4;s06e24_seg02_clip_03;27.29;28.22;406.3;407.23;406.3;407.23;6:46.3;6:47.2;0.93;tvr;rejected;too_short;no;no;;;Bernadette sits down on the couch next to Amy as she holds a takeout container.
tbbt_s06e24_d15747;15747;s06e24;test;tbbt_s06e24.mp4;s06e24_seg02_clip_03;34.74;38.15;413.75;417.15;413.75;417.15;6:53.7;6:57.2;3.4;tvr;rejected;manual;no;no;;;Raj walks into the apartment and closes the door behind him.
tbbt_s06e24_d15753;15753;s06e24;test;tbbt_s06e24.mp4;s06e24_seg02_clip_04;2.1;5.4;443.11;446.4;443.11;446.4;7:23.1;7:26.4;3.29;tvr;rejected;manual;no;no;;;Penny picks the soy sauce up from the table.
tbbt_s06e24_d15750;15750;s06e24;test;tbbt_s06e24.mp4;s06e24_seg02_clip_04;3.0;4.2;444.0;445.2;444.0;445.2;7:24.0;7:25.2;1.2;tvr;rejected;too_short;no;no;;;Penny picks up a bottle of soy sauce off of the coffee table.
tbbt_s06e24_d15751;15751;s06e24;test;tbbt_s06e24.mp4;s06e24_seg02_clip_04;43.22;44.12;484.23;485.12;483.41;485.07;8:03.4;8:05.1;1.66;tvr;accepted;;yes;yes;;;Raj, while holding a beer bottle, reaches out and slaps Leonard on the back while he eats his food.
tbbt_s06e24_d15752;15752;s06e24;test;tbbt_s06e24.mp4;s06e24_seg02_clip_04;57.93;60.03;498.94;501.04;498.94;501.04;8:18.9;8:21.0;2.1;tvr;rejected;manual;no;no;;;Howard shrugs and leans back in his chair while holding a container of Chinese food.
tbbt_s06e24_d89001;89001;s06e24;test;tbbt_s06e24.mp4;s06e24_seg02_clip_05;41.49;48.16;542.5;549.16;517.65;520.64;8:37.6;8:40.6;2.99;tvr;accepted;;yes;yes;;;Howard, in orange plaid shirt, reach out a taps couple of times, Bernadette on the laps, next to food that she is holding.
tbbt_s06e24_d89002;89002;s06e24;test;tbbt_s06e24.mp4;s06e24_seg02_clip_05;20.89;22.34;521.89;523.35;521.89;523.35;8:41.9;8:43.3;1.46;tvr;rejected;manual;no;no;;;Amy leans forward and puts her food on the coffee table then says something that confuses Raj.
tbbt_s06e24_d89000;89000;s06e24;test;tbbt_s06e24.mp4;s06e24_seg02_clip_05;50.19;58.03;551.2;559.03;551.06;554.29;9:11.1;9:14.3;3.23;tvr;accepted;;yes;yes;;;Raj, in an orange apron, is serving  a bowl of salad to Lucy and Amy who are sitting at the table talking.
tbbt_s06e24_d15760;15760;s06e24;test;tbbt_s06e24.mp4;s06e24_seg02_clip_06;1.32;3.63;560.33;562.63;560.33;562.63;9:20.3;9:22.6;2.3;tvr;rejected;manual;no;no;;;Raj walks over and sets a bowl of salad on the table.
tbbt_s06e24_d15761;15761;s06e24;test;tbbt_s06e24.mp4;s06e24_seg02_clip_06;37.64;40.61;596.64;599.62;596.64;599.62;9:56.6;9:59.6;2.98;tvr;rejected;manual;no;no;;;Raj sits down at the dinner table with Amy and Lucy.
tbbt_s06e24_d15762;15762;s06e24;test;tbbt_s06e24.mp4;s06e24_seg02_clip_06;51.18;54.48;610.18;613.49;607.39;616.03;10:07.4;10:16.0;8.64;tvr;accepted;;yes;yes;;;Lucy puts aside an orange napkin and rushes away from the table where Amy and Raj are sitting.
tbbt_s06e24_d15763;15763;s06e24;test;tbbt_s06e24.mp4;s06e24_seg02_clip_06;48.53;51.18;607.53;610.18;607.53;610.18;10:07.5;10:10.2;2.65;tvr;rejected;manual;no;no;;;Raj and Amy are staring at Lucy as she sits across from them.
tbbt_s06e24_d15764;15764;s06e24;test;tbbt_s06e24.mp4;s06e24_seg02_clip_06;52.83;60.75;611.84;619.75;611.84;619.75;10:11.8;10:19.8;7.91;tvr;rejected;manual;no;no;;;Raj starts serving the salad on the table after Lucy leaves the table.
tbbt_s06e24_d15765;15765;s06e24;test;tbbt_s06e24.mp4;s06e24_seg02_clip_07;0.0;4.05;625.0;629.05;625.0;629.05;10:25.0;10:29.1;4.05;tvr;rejected;manual;no;no;;;Penny is in a grocery store with Sheldon following her.
tbbt_s06e24_d15768;15768;s06e24;test;tbbt_s06e24.mp4;s06e24_seg02_clip_07;5.67;9.72;630.67;634.73;629.86;634.39;10:29.9;10:34.4;4.53;tvr;accepted;;yes;yes;;;Penny, in a grocery store with Sheldon, grabs two bottles of vodka and puts them in a cart.
tbbt_s06e24_d15766;15766;s06e24;test;tbbt_s06e24.mp4;s06e24_seg02_clip_07;6.21;9.18;631.22;634.18;631.22;634.18;10:31.2;10:34.2;2.96;tvr;rejected;manual;no;no;;;Penny grabs two bottles of liquor from a shelf and puts them in her cart.
tbbt_s06e24_d15769;15769;s06e24;test;tbbt_s06e24.mp4;s06e24_seg02_clip_07;24.85;34.3;649.86;659.3;654.15;659.62;10:54.1;10:59.6;5.47;tvr;accepted;;yes;yes;;;Penny, in a grocery store with Sheldon, grabs a six pack of beer from a cooler and puts it in a cart.
tbbt_s06e24_d15767;15767;s06e24;test;tbbt_s06e24.mp4;s06e24_seg02_clip_07;30.52;33.77;655.52;658.77;655.52;658.77;10:55.5;10:58.8;3.25;tvr;rejected;manual;no;no;;;Penny takes a case of beer out of a fridge and puts it in her cart.
tbbt_s06e24_d15695;15695;s06e24;test;tbbt_s06e24.mp4;s06e24_seg02_clip_08;4.2;6.3;683.21;685.3;673.09;686.02;11:13.1;11:26.0;12.93;tvr;accepted;;yes;yes;;;Penny grabs a bottle of white wine from a shelf in the store and looks at it while talking to Sheldon, then puts it back on the shelf.
tbbt_s06e24_d15696;15696;s06e24;test;tbbt_s06e24.mp4;s06e24_seg02_clip_08;4.2;7.2;683.21;686.21;723.85;728.75;12:03.9;12:08.8;4.9;tvr;accepted;;yes;yes;;;Penny walks closer to the shelf with wine while talking to Sheldon, and puts two bottles of wine into the shopping cart.
tbbt_s06e24_d15697;15697;s06e24;test;tbbt_s06e24.mp4;s06e24_seg02_clip_08;48.02;51.32;727.02;730.33;727.02;730.33;12:07.0;12:10.3;3.31;tvr;rejected;manual;no;no;;;Penny puts two bottle of wine into the shopping cart.
tbbt_s06e24_d62847;62847;s06e24;test;tbbt_s06e24.mp4;s06e24_seg02_clip_10;16.78;21.97;815.78;820.98;815.58;820.4;13:35.6;13:40.4;4.82;tvr;accepted;;yes;yes;;;Leonard, at a house party, pours a shot from a shaker and hands it to Bernadette.
tbbt_s06e24_d62845;62845;s06e24;test;tbbt_s06e24.mp4;s06e24_seg02_clip_10;32.96;40.58;831.97;839.59;829.93;842.01;13:49.9;14:02.0;12.08;tvr;accepted;;yes;yes;;;Howard, at a house party, picks up a bottle of wine from the kitchen counter, pours himself a glass, and sets the bottle back down.
tbbt_s06e24_d62846;62846;s06e24;test;tbbt_s06e24.mp4;s06e24_seg02_clip_10;58.28;61.03;857.28;860.03;857.28;860.03;14:17.3;14:20.0;2.75;tvr;rejected;manual;no;no;;;Amy walks over and sits down on the couch next to Raj.
tbbt_s06e24_d13280;13280;s06e24;test;tbbt_s06e24.mp4;s06e24_seg02_clip_11;0.0;3.47;860.0;863.48;860.0;863.48;14:20.0;14:23.5;3.48;tvr;rejected;manual;no;no;;;Raj is sitting next to Amy while on the couch.
tbbt_s06e24_d13283;13283;s06e24;test;tbbt_s06e24.mp4;s06e24_seg02_clip_11;7.56;11.66;867.57;871.66;867.61;870.97;14:27.6;14:31.0;3.36;tvr;accepted;;yes;yes;;;Raj, in a brown shirt, stands up from the couch, where he was sitting next to Amy, and puts his hands in his pockets.
tbbt_s06e24_d13281;13281;s06e24;test;tbbt_s06e24.mp4;s06e24_seg02_clip_11;13.87;20.8;873.88;880.8;873.88;880.8;14:33.9;14:40.8;6.92;tvr;rejected;manual;no;no;;;Sheldon holds a glass of milk and taps it with a spoon.
tbbt_s06e24_d13284;13284;s06e24;test;tbbt_s06e24.mp4;s06e24_seg02_clip_11;13.55;18.28;873.55;878.28;874.09;879.7;14:34.1;14:39.7;5.61;tvr;accepted;;yes;yes;;;Sheldon, in a green shirt with a tie, hits a fork against his glass of milk as a toast.
tbbt_s06e24_d13266;13266;s06e24;test;tbbt_s06e24.mp4;s06e24_seg02_clip_12;24.37;30.17;947.38;953.17;904.51;913.47;15:04.5;15:13.5;8.96;tvr;accepted;;yes;yes;;;Sheldon, in a green shirt with a tie, lifts his glass of milk as a toast with everybody and drinks it.
tbbt_s06e24_d13282;13282;s06e24;test;tbbt_s06e24.mp4;s06e24_seg02_clip_11;61.45;63.03;921.46;923.03;921.46;923.03;15:21.5;15:23.0;1.57;tvr;rejected;manual;no;no;;;Raj is holding his cell phone while standing.
tbbt_s06e24_d13268;13268;s06e24;test;tbbt_s06e24.mp4;s06e24_seg02_clip_12;3.48;7.83;926.49;930.84;926.7;931.34;15:26.7;15:31.3;4.64;tvr;accepted;;yes;yes;;;Raj, in a brown shirt, shows Howard something on his cell phone.
tbbt_s06e24_d13265;13265;s06e24;test;tbbt_s06e24.mp4;s06e24_seg02_clip_12;4.06;7.25;927.07;930.25;931.34;933.42;15:31.3;15:33.4;2.08;tvr;accepted;;yes;yes;;;Bernadette, in red dress, walks up to upset Raj and Howard, looking at something on cell phone.
tbbt_s06e24_d13267;13267;s06e24;test;tbbt_s06e24.mp4;s06e24_seg02_clip_12;47.0;52.51;970.0;975.51;969.04;975.27;16:09.0;16:15.3;6.23;tvr;accepted;;yes;yes;;;Leonard and Penny both unbuckle their seat belts, while sitting in a red car, and turn toward each other.
tbbt_s06e24_d13269;13269;s06e24;test;tbbt_s06e24.mp4;s06e24_seg02_clip_12;49.32;58.03;972.33;981.03;972.33;981.03;16:12.3;16:21.0;8.7;tvr;rejected;manual;no;no;;;Sheldon interrupts Penny and Leonard right before they kiss in the car.
tbbt_s06e24_d51310;51310;s06e24;test;tbbt_s06e24.mp4;s06e24_seg02_clip_13;0.0;4.49;981.0;985.5;981.27;983.82;16:21.3;16:23.8;2.55;tvr;accepted;;yes;yes;;;Sheldon, in the back seat, gestures with his thumb out the rear window to Penny behind the wheel.
tbbt_s06e24_d51313;51313;s06e24;test;tbbt_s06e24.mp4;s06e24_seg02_clip_13;10.01;14.15;991.01;995.15;991.01;995.15;16:31.0;16:35.2;4.14;tvr;rejected;manual;no;no;;;Raj, Penny and Leonard are talking inside the car.
tbbt_s06e24_d51314;51314;s06e24;test;tbbt_s06e24.mp4;s06e24_seg02_clip_13;39.69;44.18;1020.7;1025.18;993.73;995.42;16:33.7;16:35.4;1.69;tvr;accepted;;yes;yes;;;Sheldon, in a grey shirt, taps the front seat where Leonard is sitting twice and leans forward toward him.
tbbt_s06e24_d51311;51311;s06e24;test;tbbt_s06e24.mp4;s06e24_seg02_clip_13;38.31;43.14;1019.32;1024.14;1019.36;1024.05;16:59.4;17:04.0;4.69;tvr;accepted;;yes;yes;;;Leonard picks up and then hands Penny a small gift in the car with Sheldon in the back seat.
tbbt_s06e24_d51312;51312;s06e24;test;tbbt_s06e24.mp4;s06e24_seg02_clip_13;54.53;65.57;1035.54;1046.58;1036.91;1047.12;17:16.9;17:27.1;10.21;tvr;accepted;;yes;yes;;;Sheldon puts his head out of the car window, then gives a thumbs up while Penny and Leonard are kissing and hugging in the car.
tbbt_s06e24_d51980;51980;s06e24;test;tbbt_s06e24.mp4;s06e24_seg02_clip_14;0.0;6.25;1050.01;1056.26;1050.01;1056.26;17:30.0;17:36.3;6.25;tvr;rejected;manual;no;no;;;Penny is in front of Raj's door waiting for him to open it.
tbbt_s06e24_d51981;51981;s06e24;test;tbbt_s06e24.mp4;s06e24_seg02_clip_14;14.26;20.51;1064.27;1070.52;1064.27;1070.52;17:44.3;17:50.5;6.25;tvr;rejected;manual;no;no;;;Raj opens the door for Penny and she closes as she enters.
tbbt_s06e24_d51983;51983;s06e24;test;tbbt_s06e24.mp4;s06e24_seg02_clip_14;44.27;48.77;1094.28;1098.78;1093.69;1096.74;18:13.7;18:16.7;3.05;tvr;accepted;;yes;yes;;;Penny scoots closer on the couch, then leans over and hugs sad Raj on the couch with colorful patterned pillows.
tbbt_s06e24_d51982;51982;s06e24;test;tbbt_s06e24.mp4;s06e24_seg02_clip_14;44.77;50.02;1094.78;1100.03;1094.78;1100.03;18:14.8;18:20.0;5.25;tvr;rejected;manual;no;no;;;Penny hugs Raj when she is sitting beside him.
tbbt_s06e24_d60540;60540;s06e24;test;tbbt_s06e24.mp4;s06e24_seg02_clip_15;0.0;3.97;1100.01;1103.97;1122.08;1130.22;18:42.1;18:50.2;8.14;tvr;accepted;;yes;yes;;;Penny raises her head while hugging Raj on the couch with colorful patterned pillows and stops hugging him to look at him
tbbt_s06e24_d60541;60541;s06e24;test;tbbt_s06e24.mp4;s06e24_seg02_clip_15;34.79;39.36;1134.8;1139.37;1135.45;1141.55;18:55.5;19:01.5;6.1;tvr;accepted;;yes;yes;;;Penny waves her hands over her face and hugs Raj, who starts to cry, on the couch with colorful patterned pillows.
tbbt_s06e24_d60542;60542;s06e24;test;tbbt_s06e24.mp4;s06e24_seg02_clip_15;46.69;49.43;1146.69;1149.43;1146.09;1150.86;19:06.1;19:10.9;4.77;tvr;accepted;;yes;yes;;;Penny is pouring herself wine as she stands in the kitchen with Amy, Raj, and Bernadette, who is wearing a green sweater.
tbbt_s06e24_d63729;63729;s06e24;test;tbbt_s06e24.mp4;s06e24_seg02_clip_16;10.21;15.81;1171.21;1176.82;1150.4;1152.32;19:10.4;19:12.3;1.92;tvr;accepted;;yes;yes;;;Penny points at the bottle of wine, then Raj grabs and lifts his bottle of water, while Bernadette and Amy are around the kitchen table.
tbbt_s06e24_d63727;63727;s06e24;test;tbbt_s06e24.mp4;s06e24_seg02_clip_16;0.0;4.0;1161.01;1165.01;1152.32;1154.88;19:12.3;19:14.9;2.56;tvr;accepted;;yes;yes;;;Penny looks uncomfortable at Amy and Bernadette, who are standing in front of Raj with glasses of wine, at the kitchen table.
tbbt_s06e24_d63725;63725;s06e24;test;tbbt_s06e24.mp4;s06e24_seg02_clip_16;9.21;14.81;1170.21;1175.82;1170.25;1175.78;19:30.2;19:35.8;5.53;tvr;accepted;;yes;yes;;;Amy, in a blue sweater, takes a drink from her wine glass as Raj continues to talk, at the kitchen table.
tbbt_s06e24_d63726;63726;s06e24;test;tbbt_s06e24.mp4;s06e24_seg02_clip_16;14.21;30.82;1175.21;1191.83;1175.21;1191.83;19:35.2;19:51.8;16.62;tvr;rejected;too_long;no;no;;;The credits are rolling while Raj continues to ramble on in the background.
tbbt_s07e13_d46840;46840;s07e13;test;tbbt_s07e13.mp4;s07e13_seg01_clip_00;4.27;9.76;4.28;9.77;4.28;9.77;0:04.3;0:09.8;5.49;tvr;rejected;manual;no;no;;;Penny is holding a glass of wine while talking to Leonard.
tbbt_s07e13_001;7130001;s07e13;test;tbbt_s07e13.mp4;;;;6.06;9.05;6.06;9.05;0:06.1;0:09.1;2.99;manual;accepted;;no;no;;;Penny walks past Leonard, covering her face with her hand, irritated, holding a glass of wine, while Leonard stands in the living room.
tbbt_s07e13_d46844;46844;s07e13;test;tbbt_s07e13.mp4;s07e13_seg01_clip_00;12.82;18.92;12.83;18.93;12.83;19.19;0:12.8;0:19.2;6.36;tvr;accepted;;yes;yes;;;Penny, with messy hair, puts her hand on Leonard's right shoulder and pushes him softly.
tbbt_s07e13_d46843;46843;s07e13;test;tbbt_s07e13.mp4;s07e13_seg01_clip_00;16.48;21.97;16.49;21.98;16.99;20.87;0:17.0;0:20.9;3.88;tvr;accepted;;yes;yes;;;Penny puts her wine glass on the table and gets down on one knee in front of Leonard.
tbbt_s07e13_d46841;46841;s07e13;test;tbbt_s07e13.mp4;s07e13_seg01_clip_00;19.22;26.24;19.23;26.25;19.23;26.25;0:19.2;0:26.2;7.02;tvr;rejected;manual;no;no;;;Penny gets down on a knee to propose to Leonard.
tbbt_s07e13_d46842;46842;s07e13;test;tbbt_s07e13.mp4;s07e13_seg01_clip_00;42.41;46.99;42.42;47.0;42.42;47.0;0:42.4;0:47.0;4.58;tvr;rejected;manual;no;no;;;Sheldon and Leonard are walking side by side up the stairs.
tbbt_s07e13_d18750;18750;s07e13;test;tbbt_s07e13.mp4;s07e13_seg01_clip_01;6.3;17.65;67.31;78.66;67.31;78.66;1:07.3;1:18.7;11.35;tvr;rejected;manual;no;no;;;Leonard and Sheldon go upstairs side by side.
tbbt_s07e13_d18751;18751;s07e13;test;tbbt_s07e13.mp4;s07e13_seg01_clip_01;24.27;35.61;85.28;96.62;85.28;96.62;1:25.3;1:36.6;11.34;tvr;rejected;manual;no;no;;;Leonard knocks on Penny's door as Sheldon stands at his apartment door.
tbbt_s07e13_d18752;18752;s07e13;test;tbbt_s07e13.mp4;s07e13_seg01_clip_01;41.91;44.75;102.92;105.76;102.92;105.76;1:42.9;1:45.8;2.84;tvr;rejected;manual;no;no;;;Penny gestures for Leonard to enter her apartment.
tbbt_s07e13_d18707;18707;s07e13;test;tbbt_s07e13.mp4;s07e13_seg01_clip_02;2.52;5.05;126.53;129.06;126.53;130.18;2:06.5;2:10.2;3.65;tvr;accepted;;yes;yes;;;Leonard, in a brown jacket, turns away and rubs his eye with his hand.
tbbt_s07e13_d18708;18708;s07e13;test;tbbt_s07e13.mp4;s07e13_seg01_clip_02;7.03;10.99;131.04;135.0;131.04;135.0;2:11.0;2:15.0;3.96;tvr;rejected;manual;no;no;;;Leonard and Penny sit together on a blue sofa.
tbbt_s07e13_d18705;18705;s07e13;test;tbbt_s07e13.mp4;s07e13_seg01_clip_02;7.75;10.09;131.76;134.1;131.76;134.1;2:11.8;2:14.1;2.34;tvr;rejected;manual;no;no;;;Leonard takes his bag off of his shoulder as he sits down on the sofa.
tbbt_s07e13_d18709;18709;s07e13;test;tbbt_s07e13.mp4;s07e13_seg01_clip_02;32.07;36.04;156.08;160.05;156.08;159.75;2:36.1;2:39.8;3.67;tvr;accepted;;yes;yes;;;Penny happily jumps toward Leonard on the sofa to give him a hug.
tbbt_s07e13_d18706;18706;s07e13;test;tbbt_s07e13.mp4;s07e13_seg01_clip_02;34.41;36.04;158.42;160.05;158.42;160.05;2:38.4;2:40.0;1.63;tvr;rejected;manual;no;no;;;Penny excitedly throws her arms around Leonard to hug him.
tbbt_s07e13_d37850;37850;s07e13;test;tbbt_s07e13.mp4;s07e13_seg02_clip_00;10.23;12.41;190.24;192.42;190.24;192.42;3:10.2;3:12.4;2.18;tvr;rejected;manual;no;no;;;Leonard picks up his laptop bag and throws it over his shoulder as he walks towards the door of the apartment.
tbbt_s07e13_d37851;37851;s07e13;test;tbbt_s07e13.mp4;s07e13_seg02_clip_00;30.39;52.1;210.4;232.11;210.0;224.1;3:30.0;3:44.1;14.1;tvr;accepted;;yes;yes;;;Leonard turns around while walking down the stairs, and extends his arm and hand towards Sheldon behind him.
tbbt_s07e13_002;7130002;s07e13;test;tbbt_s07e13.mp4;;;;210.75;213.47;210.75;213.47;3:30.8;3:33.5;2.72;manual;accepted;;no;no;;;Sheldon stumbles on the stairs, flailing as he searches for footing, when Leonard suddenly stops him.
tbbt_s07e13_d37852;37852;s07e13;test;tbbt_s07e13.mp4;s07e13_seg02_clip_00;53.97;56.76;233.98;236.77;233.51;236.7;3:53.5;3:56.7;3.19;tvr;accepted;;yes;yes;;;Sad Sheldon sits down on the stairs, folds his hands on his knees and looks at the floor.
tbbt_s07e13_d37845;37845;s07e13;test;tbbt_s07e13.mp4;s07e13_seg02_clip_01;0.0;2.1;242.01;244.11;238.1;245.02;3:58.1;4:05.0;6.92;tvr;accepted;;yes;yes;;;Stuart is leaning on the cashier counter at his comic store, very bored, when he is startled by Bernadette coming into the store.
tbbt_s07e13_d37848;37848;s07e13;test;tbbt_s07e13.mp4;s07e13_seg02_clip_01;10.2;15.91;252.21;257.92;252.21;257.92;4:12.2;4:17.9;5.71;tvr;accepted;;no;no;;;Bernadette takes a comic book out of her purse and shows Stuart.
tbbt_s07e13_d37846;37846;s07e13;test;tbbt_s07e13.mp4;s07e13_seg02_clip_01;11.71;18.61;253.72;260.62;253.72;260.62;4:13.7;4:20.6;6.9;tvr;rejected;manual;no;no;;;Bernadette opens her purse and pulls out a comic book. She present it to Stuart as she hands it to him
tbbt_s07e13_d37847;37847;s07e13;test;tbbt_s07e13.mp4;s07e13_seg02_clip_01;38.72;52.52;280.73;294.53;280.73;294.53;4:40.7;4:54.5;13.8;tvr;rejected;manual;no;no;;;Stuart picks up the comic book and holds it while as he and Bernadette converse then sets it down.
tbbt_s07e13_d37863;37863;s07e13;test;tbbt_s07e13.mp4;s07e13_seg02_clip_02;5.9;10.33;307.91;312.34;307.91;313.87;5:07.9;5:13.9;5.96;tvr;accepted;;yes;yes;;;Stuart dumps a whole shoe box full of prescription bottles on the counter in the comic book store, in front of Bernadette.
tbbt_s07e13_d37860;37860;s07e13;test;tbbt_s07e13.mp4;s07e13_seg02_clip_02;7.38;11.21;309.39;313.22;309.39;313.22;5:09.4;5:13.2;3.83;tvr;rejected;manual;no;no;;;Stuart dumps a box of bottles on the counter.
tbbt_s07e13_d37864;37864;s07e13;test;tbbt_s07e13.mp4;s07e13_seg02_clip_02;18.59;27.15;320.6;329.16;320.6;327.59;5:20.6;5:27.6;6.99;tvr;accepted;;yes;no;;;Amy is looking through a microscope when Howard and Raj walk into her lab.
tbbt_s07e13_d37861;37861;s07e13;test;tbbt_s07e13.mp4;s07e13_seg02_clip_02;22.13;25.68;324.14;327.69;324.14;327.69;5:24.1;5:27.7;3.55;tvr;rejected;manual;no;no;;;Raj and Howard walk into Amy's lab and greet her.
tbbt_s07e13_d37862;37862;s07e13;test;tbbt_s07e13.mp4;s07e13_seg02_clip_02;45.15;49.58;347.16;351.59;347.16;351.59;5:47.2;5:51.6;4.43;tvr;rejected;manual;no;no;;;Bert hands Amy a rock with his right hand.
tbbt_s07e13_d53140;53140;s07e13;test;tbbt_s07e13.mp4;s07e13_seg02_clip_03;9.92;14.58;370.93;375.59;370.93;375.59;6:10.9;6:15.6;4.66;tvr;rejected;manual;no;no;;;Bert leaves the lab by going through the front door.
tbbt_s07e13_d53144;53144;s07e13;test;tbbt_s07e13.mp4;s07e13_seg02_clip_03;13.03;15.82;374.04;376.83;374.04;376.83;6:14.0;6:16.8;2.79;tvr;rejected;manual;no;no;;;Amy puts down a small bottle on their work desk.
tbbt_s07e13_d53141;53141;s07e13;test;tbbt_s07e13.mp4;s07e13_seg02_clip_03;14.89;19.23;375.9;380.24;375.9;380.24;6:15.9;6:20.2;4.34;tvr;rejected;manual;no;no;;;Amy places an object on the desk and walks away.
tbbt_s07e13_d53142;53142;s07e13;test;tbbt_s07e13.mp4;s07e13_seg02_clip_03;25.74;30.08;386.75;391.09;386.75;391.09;6:26.7;6:31.1;4.34;tvr;rejected;manual;no;no;;;Raj and Howard are standing beside each other while talking to Amy.
tbbt_s07e13_d37870;37870;s07e13;test;tbbt_s07e13.mp4;s07e13_seg02_clip_04;4.8;6.9;427.81;429.91;427.81;429.91;7:07.8;7:09.9;2.1;tvr;rejected;manual;no;no;;;Penny leaves her apartment and closes the door.
tbbt_s07e13_d37873;37873;s07e13;test;tbbt_s07e13.mp4;s07e13_seg02_clip_04;5.1;15.01;428.11;438.02;428.52;441.92;7:08.5;7:21.9;13.4;tvr;accepted;;yes;yes;;;Penny closes the door and runs down the stairs carrying a box, when she passes Sheldon and goes back to him.
tbbt_s07e13_d37871;37871;s07e13;test;tbbt_s07e13.mp4;s07e13_seg02_clip_04;12.31;13.81;435.32;436.82;435.73;437.23;7:15.7;7:17.2;1.5;tvr;accepted;;no;yes;;;Penny, running down the stairs with a box, touches Sheldon on the shoulder while he's sitting on the stairs.
tbbt_s07e13_d37872;37872;s07e13;test;tbbt_s07e13.mp4;s07e13_seg02_clip_04;57.03;60.03;480.04;483.04;480.92;484.49;8:00.9;8:04.5;3.57;tvr;accepted;;yes;yes;;;Penny smacks her hand against her leg, while holding a box, and then Sheldon runs to her.
tbbt_s07e13_d24040;24040;s07e13;test;tbbt_s07e13.mp4;s07e13_seg02_clip_05;0.0;2.9;483.01;485.91;483.01;485.91;8:03.0;8:05.9;2.9;tvr;rejected;manual;no;no;;;Sheldon runs down the stairs past Penny.
tbbt_s07e13_d24043;24043;s07e13;test;tbbt_s07e13.mp4;s07e13_seg02_clip_05;0.0;3.48;483.01;486.49;483.01;486.49;8:03.0;8:06.5;3.48;tvr;rejected;manual;no;no;;;Sheldon runs across a hallway and down some stairs.
tbbt_s07e13_d24041;24041;s07e13;test;tbbt_s07e13.mp4;s07e13_seg02_clip_05;34.23;36.56;517.24;519.57;517.24;519.57;8:37.2;8:39.6;2.33;tvr;rejected;manual;no;no;;;Bernadette picks up a comic book off of the counter while talking to Stuart.
tbbt_s07e13_d24042;24042;s07e13;test;tbbt_s07e13.mp4;s07e13_seg02_clip_05;55.41;58.03;538.42;541.04;538.42;541.04;8:58.4;9:01.0;2.62;tvr;rejected;manual;no;no;;;Leonard picks up his cell phone off of the cafeteria room table.
tbbt_s07e13_d24044;24044;s07e13;test;tbbt_s07e13.mp4;s07e13_seg02_clip_05;55.41;58.03;538.42;541.04;538.42;541.04;8:58.4;9:01.0;2.62;tvr;rejected;manual;no;no;;;Leonard picks up a mobile phone and starts tapping on the screen.
tbbt_s07e13_d37881;37881;s07e13;test;tbbt_s07e13.mp4;s07e13_seg02_clip_06;0.0;6.3;541.01;547.31;541.01;547.31;9:01.0;9:07.3;6.3;tvr;rejected;manual;no;no;;;Leonard makes a phone call on his cell phone.
tbbt_s07e13_d37880;37880;s07e13;test;tbbt_s07e13.mp4;s07e13_seg02_clip_06;20.41;24.01;561.42;565.02;561.45;564.01;9:21.5;9:24.0;2.56;tvr;accepted;;yes;yes;;;Penny, holds up a hanger with her small work uniform hanging from it, while leaning on the bar and talking on the phone.
tbbt_s07e13_d37882;37882;s07e13;test;tbbt_s07e13.mp4;s07e13_seg02_clip_06;52.22;60.03;593.23;601.04;593.23;601.04;9:53.2;10:01.0;7.81;tvr;rejected;manual;no;no;;;Sheldon does some deep breathing while sitting alone in the xar,
tbbt_s07e13_d37878;37878;s07e13;test;tbbt_s07e13.mp4;s07e13_seg02_clip_07;0.0;10.99;601.01;612.0;601.01;612.0;10:01.0;10:12.0;10.99;tvr;rejected;manual;no;no;;;Sheldon is doing a breathing exercise with an app while waiting for Penny in the car.
tbbt_s07e13_d37875;37875;s07e13;test;tbbt_s07e13.mp4;s07e13_seg02_clip_07;11.9;14.65;612.91;615.66;612.3;615.06;10:12.3;10:15.1;2.76;tvr;accepted;;yes;yes;;;Penny jumps into the driver's seat of the car Sheldon is waiting in and closes the door angrily.
tbbt_s07e13_d37876;37876;s07e13;test;tbbt_s07e13.mp4;s07e13_seg02_clip_07;13.73;17.39;614.74;618.4;614.74;618.4;10:14.7;10:18.4;3.66;tvr;rejected;manual;no;no;;;Penny puts her seat belt on in the drivers seat of the car.
tbbt_s07e13_d37877;37877;s07e13;test;tbbt_s07e13.mp4;s07e13_seg02_clip_07;19.83;61.03;620.84;662.04;620.84;662.04;10:20.8;11:02.0;41.2;tvr;rejected;too_long;no;no;;;Penny pulls the car away and begins driving down the road with Sheldon.
tbbt_s07e13_d37835;37835;s07e13;test;tbbt_s07e13.mp4;s07e13_seg02_clip_09;34.18;38.14;755.19;759.15;687.14;692.51;11:27.1;11:32.5;5.37;tvr;accepted;;yes;yes;;;Amy working on her computer at the lab, when Bert walks in.
tbbt_s07e13_d37840;37840;s07e13;test;tbbt_s07e13.mp4;s07e13_seg02_clip_08;25.38;28.63;687.39;690.64;687.39;690.64;11:27.4;11:30.6;3.25;tvr;rejected;manual;no;no;;;Amy is typing on her laptop in her laboratory.
tbbt_s07e13_d37841;37841;s07e13;test;tbbt_s07e13.mp4;s07e13_seg02_clip_08;27.45;30.4;689.46;692.41;689.46;692.41;11:29.5;11:32.4;2.95;tvr;rejected;manual;no;no;;;Bert enters Amy's laboratory and starts to talk.
tbbt_s07e13_d37842;37842;s07e13;test;tbbt_s07e13.mp4;s07e13_seg02_clip_08;53.12;56.37;715.13;718.38;715.13;718.38;11:55.1;11:58.4;3.25;tvr;rejected;manual;no;no;;;Amy gets up from sitting behind her desk to face Bert.
tbbt_s07e13_d37836;37836;s07e13;test;tbbt_s07e13.mp4;s07e13_seg02_clip_09;42.41;54.93;763.42;775.94;763.42;775.94;12:43.4;12:55.9;12.52;tvr;rejected;manual;no;no;;;Bernadette and Stuart enter the comic book store and look around.
tbbt_s07e13_d37839;37839;s07e13;test;tbbt_s07e13.mp4;s07e13_seg02_clip_09;43.33;51.87;764.34;772.88;764.75;770.91;12:44.8;12:50.9;6.16;tvr;accepted;;yes;yes;;;Bernadette walks into comic book store with Stuart and is amazed when she looks around.
tbbt_s07e13_d37837;37837;s07e13;test;tbbt_s07e13.mp4;s07e13_seg02_clip_09;59.81;61.03;780.82;782.04;780.82;782.04;13:00.8;13:02.0;1.22;tvr;rejected;too_short;no;no;;;Jesse walks over to Bernadette and Stuart and greets them with a smile.
tbbt_s07e13_d79993;79993;s07e13;test;tbbt_s07e13.mp4;s07e13_seg02_clip_10;0.0;4.88;782.01;786.89;782.01;786.89;13:02.0;13:06.9;4.88;tvr;rejected;manual;no;no;;;Stuart and Jesse shake hands in the store.
tbbt_s07e13_d79990;79990;s07e13;test;tbbt_s07e13.mp4;s07e13_seg02_clip_10;0.92;4.27;782.93;786.28;782.93;786.28;13:02.9;13:06.3;3.35;tvr;rejected;manual;no;no;;;Stuart greets Jesse and they shake each other's hand.
tbbt_s07e13_d79994;79994;s07e13;test;tbbt_s07e13.mp4;s07e13_seg02_clip_10;18.0;21.05;800.01;803.06;800.01;803.06;13:20.0;13:23.1;3.05;tvr;rejected;manual;no;no;;;Bernadette hands over something for Jesse to look at.
tbbt_s07e13_d79991;79991;s07e13;test;tbbt_s07e13.mp4;s07e13_seg02_clip_10;18.61;25.02;800.62;807.03;800.62;807.03;13:20.6;13:27.0;6.41;tvr;rejected;manual;no;no;;;Bernadette hands Jesse a comic book and they walk away.
tbbt_s07e13_d79992;79992;s07e13;test;tbbt_s07e13.mp4;s07e13_seg02_clip_10;24.41;29.9;806.42;811.91;805.57;809.18;13:25.6;13:29.2;3.61;tvr;accepted;;yes;yes;;;Stuart walks over to a man sitting in an orange chair, eating popcorn.
tbbt_s07e13_d87245;87245;s07e13;test;tbbt_s07e13.mp4;s07e13_seg02_clip_12;8.71;10.05;910.72;912.06;910.72;912.06;15:10.7;15:12.1;1.34;tvr;rejected;manual;no;no;;;Amy takes her tools to put them on the worktop.
tbbt_s07e13_d87248;87248;s07e13;test;tbbt_s07e13.mp4;s07e13_seg02_clip_12;15.08;18.1;917.09;920.11;917.09;920.11;15:17.1;15:20.1;3.02;tvr;rejected;manual;no;no;;;Raj points to his face using four of his fingers.
tbbt_s07e13_d87246;87246;s07e13;test;tbbt_s07e13.mp4;s07e13_seg02_clip_12;53.95;59.32;955.96;961.33;955.96;961.33;15:56.0;16:01.3;5.37;tvr;rejected;manual;no;no;;;Raj and Howard comes out of the room.
tbbt_s07e13_d87249;87249;s07e13;test;tbbt_s07e13.mp4;s07e13_seg02_clip_12;60.99;67.02;963.0;969.03;963.0;969.03;16:03.0;16:09.0;6.03;tvr;rejected;manual;no;no;;;Sheldon does a yoga pose with Penny.
tbbt_s07e13_d87247;87247;s07e13;test;tbbt_s07e13.mp4;s07e13_seg02_clip_12;62.33;67.02;964.34;969.03;963.43;965.92;16:03.4;16:05.9;2.49;tvr;accepted;;yes;yes;;;Sheldon and Penny are doing yoga together in a living room, both raise their hands up.
tbbt_s07e13_d79988;79988;s07e13;test;tbbt_s07e13.mp4;s07e13_seg02_clip_13;0.0;12.16;969.01;981.17;969.01;981.17;16:09.0;16:21.2;12.16;tvr;rejected;manual;no;no;;;Penny and Sheldon stand with their arms straight up in the air.
tbbt_s07e13_d79989;79989;s07e13;test;tbbt_s07e13.mp4;s07e13_seg02_clip_13;43.49;46.19;1012.5;1015.2;1012.5;1015.2;16:52.5;16:55.2;2.7;tvr;rejected;manual;no;no;;;Leonard opens the front door and puts his keys in a bowl.
tbbt_s07e13_d79985;79985;s07e13;test;tbbt_s07e13.mp4;s07e13_seg02_clip_13;43.76;46.19;1012.77;1015.2;1013.19;1015.28;16:53.2;16:55.3;2.09;tvr;accepted;;yes;yes;;;Leonard comes into the apartment while Penny and Sheldon are exercising in the living room.
tbbt_s07e13_d79987;79987;s07e13;test;tbbt_s07e13.mp4;s07e13_seg02_clip_13;49.7;53.75;1018.71;1022.76;1019.18;1021.9;16:59.2;17:01.9;2.72;tvr;accepted;;yes;yes;;;Sheldon stands with one arm stretched straight up and the other arm down at his side, bending  his body backward, looking around uncomfortable.
tbbt_s07e13_d79978;79978;s07e13;test;tbbt_s07e13.mp4;s07e13_seg02_clip_14;0.0;18.57;1023.01;1041.58;1023.01;1041.58;17:03.0;17:21.6;18.57;tvr;rejected;too_long;no;no;;;Leonard has a conversation with Sheldon and Penny as they exercise.
tbbt_s07e13_d79975;79975;s07e13;test;tbbt_s07e13.mp4;s07e13_seg02_clip_14;9.86;13.06;1032.87;1036.07;1034.63;1036.41;17:14.6;17:16.4;1.78;tvr;accepted;;yes;yes;;;Sheldon looks with grimace at Penny while holding a yoga pose.
tbbt_s07e13_d79986;79986;s07e13;test;tbbt_s07e13.mp4;s07e13_seg02_clip_13;0.0;10.8;969.01;979.81;1040.19;1042.62;17:20.2;17:22.6;2.43;tvr;accepted;;yes;yes;;;Penny lowers her arms and turns her head to Sheldon, who is stopping, stretching his body.
tbbt_s07e13_d79976;79976;s07e13;test;tbbt_s07e13.mp4;s07e13_seg02_clip_14;19.44;23.79;1042.45;1046.8;1042.45;1046.8;17:22.4;17:26.8;4.35;tvr;rejected;manual;no;no;;;Sheldon puts his hands together and bows before heading to the kitchen.
tbbt_s07e13_003;7130003;s07e13;test;tbbt_s07e13.mp4;;;;1042.62;1044.39;1042.62;1044.39;17:22.6;17:24.4;1.77;manual;accepted;;no;no;;;Sheldon presses his palms together and bows, standing in socks on a blue mat in the living room.
tbbt_s07e13_d79977;79977;s07e13;test;tbbt_s07e13.mp4;s07e13_seg02_clip_14;44.39;47.29;1067.4;1070.3;1067.4;1070.3;17:47.4;17:50.3;2.9;tvr;rejected;manual;no;no;;;Sheldon walks back from the kitchen with a drink to join the conversation.
tbbt_s07e13_d79982;79982;s07e13;test;tbbt_s07e13.mp4;s07e13_seg02_clip_15;16.78;18.92;1097.79;1099.93;1097.79;1099.93;18:17.8;18:19.9;2.14;tvr;rejected;manual;no;no;;;Sheldon walks away from Leonard and Penny and toward the couch.
tbbt_s07e13_d79980;79980;s07e13;test;tbbt_s07e13.mp4;s07e13_seg02_clip_15;26.85;28.68;1107.86;1109.69;1108.28;1109.65;18:28.3;18:29.7;1.37;tvr;accepted;;yes;yes;;;Sheldon, in a green shirt, looks dirty at Penny, standing next to him, and shakes his head no.
tbbt_s07e13_d79981;79981;s07e13;test;tbbt_s07e13.mp4;s07e13_seg02_clip_15;39.67;41.8;1120.68;1122.81;1120.14;1123.23;18:40.1;18:43.2;3.09;tvr;accepted;;yes;yes;;;Leonard grabs Penny by the arms and walks her back a few steps, while standing in the living room in front of Sheldon.
tbbt_s07e13_d79970;79970;s07e13;test;tbbt_s07e13.mp4;s07e13_seg02_clip_16;1.34;7.71;1143.35;1149.72;1143.35;1149.72;19:03.3;19:09.7;6.37;tvr;rejected;manual;no;no;;;Sheldon walks from the living room to the kitchen.
tbbt_s07e13_d79973;79973;s07e13;test;tbbt_s07e13.mp4;s07e13_seg02_clip_16;1.68;5.03;1143.69;1147.04;1143.69;1147.04;19:03.7;19:07.0;3.35;tvr;rejected;manual;no;no;;;Sheldon walks past Penny and Leonard in the living room.
tbbt_s07e13_d79974;79974;s07e13;test;tbbt_s07e13.mp4;s07e13_seg02_clip_16;11.06;14.08;1153.07;1156.09;1153.07;1156.09;19:13.1;19:16.1;3.02;tvr;rejected;manual;no;no;;;Jesse turns around to face Bernadette in the store.
tbbt_s07e13_d79971;79971;s07e13;test;tbbt_s07e13.mp4;s07e13_seg02_clip_16;10.72;14.41;1152.73;1156.42;1153.15;1156.84;19:13.2;19:16.8;3.69;tvr;accepted;;no;yes;;;Bernadette, angry, enters the toy store and walks up to a man in a grey vest at the counter.
tbbt_s07e13_d79972;79972;s07e13;test;tbbt_s07e13.mp4;s07e13_seg02_clip_16;63.34;67.02;1205.35;1209.03;1205.77;1209.45;20:05.8;20:09.5;3.68;tvr;accepted;;no;yes;;;Bert pounds his left fist on the dashboard of a car.
tbbt_s07e13_004;7130004;s07e13;test;tbbt_s07e13.mp4;;;;1211.37;1214.18;1211.37;1214.18;20:11.4;20:14.2;2.81;manual;accepted;;no;no;;;A shot of a busy multi-lane highway with cars driving in both directions, trees lining the roadside.
tbbt_s08e04_d86685;86685;s08e04;test;tbbt_s08e04.mp4;s08e04_seg01_clip_00;3.75;12.0;5.1;13.35;5.1;13.35;0:05.1;0:13.4;8.25;tvr;rejected;manual;no;no;;;Leonard is sitting next to Sheldon eating in the cafeteria.
tbbt_s08e04_d86687;86687;s08e04;test;tbbt_s08e04.mp4;s08e04_seg01_clip_00;48.02;57.39;49.37;58.74;22.06;26.2;0:22.1;0:26.2;4.14;tvr;accepted;;yes;yes;;;Sheldon, in a red shirt, laughs hard and swings back and forth on the chair at the canteen while sitting with Howard and Leonard.
tbbt_s08e04_d86688;86688;s08e04;test;tbbt_s08e04.mp4;s08e04_seg01_clip_00;27.01;30.76;28.36;32.11;28.36;32.11;0:28.4;0:32.1;3.75;tvr;rejected;manual;no;no;;;Raj comes over to the table with a tray of food and sits down to join Howard, Sheldon, and Leonard.
tbbt_s08e04_d86686;86686;s08e04;test;tbbt_s08e04.mp4;s08e04_seg01_clip_00;27.76;32.26;29.11;33.61;29.11;33.61;0:29.1;0:33.6;4.5;tvr;rejected;manual;no;no;;;Raj comes with his food tray to sit at the table.
tbbt_s08e04_d84453;84453;s08e04;test;tbbt_s08e04.mp4;s08e04_seg02_clip_00;10.68;12.82;110.0;112.14;110.0;112.14;1:50.0;1:52.1;2.14;tvr;rejected;manual;no;no;;;Leonard sits beside Bernadette with a container of food.
tbbt_s08e04_d84451;84451;s08e04;test;tbbt_s08e04.mp4;s08e04_seg02_clip_00;45.47;46.69;144.79;146.01;125.31;130.35;2:05.3;2:10.3;5.04;tvr;accepted;;yes;yes;;;Raj enters the apartment, where everyone sits and eats, with a redheaded woman.
tbbt_s08e04_d84450;84450;s08e04;test;tbbt_s08e04.mp4;s08e04_seg02_clip_00;26.55;30.21;125.87;129.53;125.87;129.53;2:05.9;2:09.5;3.66;tvr;rejected;manual;no;no;;;Bernadette gets up from the couch and walks out of the living room.
tbbt_s08e04_d84452;84452;s08e04;test;tbbt_s08e04.mp4;s08e04_seg02_clip_00;57.37;60.11;156.69;159.43;143.5;145.0;2:23.5;2:25.0;1.5;tvr;accepted;;yes;yes;;;Raj takes the purse from a redheaded woman in a dark blue blazer.
tbbt_s08e04_d58103;58103;s08e04;test;tbbt_s08e04.mp4;s08e04_seg02_clip_01;24.91;27.31;185.19;187.59;183.55;186.85;3:03.6;3:06.8;3.3;tvr;accepted;;yes;yes;;;Sheldon, in a grey shirt, hands Amy, in a purple sweater next to him, food wrapped in foil.
tbbt_s08e04_d58100;58100;s08e04;test;tbbt_s08e04.mp4;s08e04_seg02_clip_01;24.91;27.91;185.19;188.19;185.19;188.19;3:05.2;3:08.2;3.0;tvr;rejected;manual;no;no;;;Sheldon passes a burrito wrapped in foil to Amy.
tbbt_s08e04_d58101;58101;s08e04;test;tbbt_s08e04.mp4;s08e04_seg02_clip_01;29.11;35.12;189.39;195.4;189.39;195.4;3:09.4;3:15.4;6.01;tvr;rejected;manual;no;no;;;Penny sits down to join Bernadette and Amy in conversation.
tbbt_s08e04_d58102;58102;s08e04;test;tbbt_s08e04.mp4;s08e04_seg02_clip_01;41.72;44.42;202.0;204.7;198.71;204.05;3:18.7;3:24.1;5.34;tvr;accepted;;yes;yes;;;Amy laughs and drinks a sip of tea out of a blue cup, while sitting next to Penny, who holds a green cup.
tbbt_s08e04_d58105;58105;s08e04;test;tbbt_s08e04.mp4;s08e04_seg02_clip_02;5.49;7.02;225.71;227.24;238.54;241.53;3:58.5;4:01.5;2.99;tvr;accepted;;yes;yes;;;Penny slides her hand from cheek to neck while holding a green cup on the couch, next to Amy.
tbbt_s08e04_d58106;58106;s08e04;test;tbbt_s08e04.mp4;s08e04_seg02_clip_02;43.64;48.21;263.86;268.43;263.86;268.43;4:23.9;4:28.4;4.57;tvr;rejected;manual;no;no;;;Leonard points to Sheldon as he stands talking at the comic book display.
tbbt_s08e04_d58107;58107;s08e04;test;tbbt_s08e04.mp4;s08e04_seg02_clip_02;58.59;61.03;278.81;281.25;278.81;281.25;4:38.8;4:41.2;2.44;tvr;rejected;manual;no;no;;;Howard awkwardly shakes his hand in front of him as he talks.
tbbt_s08e04_d56243;56243;s08e04;test;tbbt_s08e04.mp4;s08e04_seg02_clip_03;0.0;4.2;281.1;285.3;281.1;285.3;4:41.1;4:45.3;4.2;tvr;rejected;manual;no;no;;;Raj walks over to the table where Leonard, Sheldon and Howard are.
tbbt_s08e04_d56241;56241;s08e04;test;tbbt_s08e04.mp4;s08e04_seg02_clip_03;0.9;4.8;282.0;285.9;282.0;285.9;4:42.0;4:45.9;3.9;tvr;rejected;manual;no;no;;;Raj walks over to Howard, Leonard, and Sheldon.
tbbt_s08e04_d56244;56244;s08e04;test;tbbt_s08e04.mp4;s08e04_seg02_clip_03;5.7;8.7;286.8;289.8;286.37;288.08;4:46.4;4:48.1;1.71;tvr;accepted;;yes;yes;;;Sheldon, in a blue superman shirt, slams a comic book down on the table.
tbbt_s08e04_d56240;56240;s08e04;test;tbbt_s08e04.mp4;s08e04_seg02_clip_03;6.0;7.5;287.1;288.6;287.1;288.6;4:47.1;4:48.6;1.5;tvr;rejected;manual;no;no;;;Sheldon slams down the comic book he is reading.
tbbt_s08e04_d56242;56242;s08e04;test;tbbt_s08e04.mp4;s08e04_seg02_clip_03;54.32;56.43;335.42;337.53;335.42;337.53;5:35.4;5:37.5;2.11;tvr;rejected;manual;no;no;;;Raj points his finger down in protest while talked to Leonard.
tbbt_s08e04_d58117;58117;s08e04;test;tbbt_s08e04.mp4;s08e04_seg02_clip_04;7.97;18.3;349.0;359.33;349.0;359.33;5:49.0;5:59.3;10.33;tvr;rejected;manual;no;no;;;Sheldon says something that makes Leonard, Howard, and Raj look around the store.
tbbt_s08e04_d58115;58115;s08e04;test;tbbt_s08e04.mp4;s08e04_seg02_clip_04;21.25;24.5;362.28;365.53;360.66;365.53;6:00.7;6:05.5;4.87;tvr;accepted;;yes;yes;;;Penny, in suit and pink shirt, walks into Emily's office carrying a briefcase and coffees.
tbbt_s08e04_d58118;58118;s08e04;test;tbbt_s08e04.mp4;s08e04_seg02_clip_04;21.54;25.68;362.57;366.71;363.73;369.43;6:03.7;6:09.4;5.7;tvr;accepted;;yes;yes;;;Penny puts her briefcase and the coffees on the examination table in Emily's office.
tbbt_s08e04_d58116;58116;s08e04;test;tbbt_s08e04.mp4;s08e04_seg02_clip_04;24.5;29.81;365.53;370.84;365.53;370.84;6:05.5;6:10.8;5.31;tvr;rejected;manual;no;no;;;Penny sets her briefcase and coffee down on the patient seat.
tbbt_s08e04_d58119;58119;s08e04;test;tbbt_s08e04.mp4;s08e04_seg02_clip_04;41.61;45.15;382.64;386.18;379.67;381.94;6:19.7;6:21.9;2.27;tvr;accepted;;yes;yes;;;Emily sits down on the chair holding a clipboard, next to the examination table with Penny's briefcase.
tbbt_s08e04_d58121;58121;s08e04;test;tbbt_s08e04.mp4;s08e04_seg02_clip_05;22.89;25.63;423.02;425.76;388.69;396.8;6:28.7;6:36.8;8.11;tvr;accepted;;yes;yes;;;Penny opens the briefcase and hands Emily a flyer.
tbbt_s08e04_d58120;58120;s08e04;test;tbbt_s08e04.mp4;s08e04_seg02_clip_05;1.22;3.36;401.35;403.49;396.77;402.72;6:36.8;6:42.7;5.95;tvr;accepted;;yes;yes;;;Emily looks at the time on her watch while sitting on the chair in front of Penny, who is holding a pink package from the briefcase.
tbbt_s08e04_d58123;58123;s08e04;test;tbbt_s08e04.mp4;s08e04_seg02_clip_05;21.36;24.11;421.49;424.24;420.82;424.24;7:00.8;7:04.2;3.42;tvr;accepted;;yes;yes;;;Penny, in a suit and pink shirt, waves her hand down with resignation and closes the briefcase.
tbbt_s08e04_d58122;58122;s08e04;test;tbbt_s08e04.mp4;s08e04_seg02_clip_05;34.18;36.31;434.31;436.44;431.47;435.44;7:11.5;7:15.4;3.97;tvr;accepted;;yes;yes;;;Emily puts down a clipboard and pen on the examination table and stands up.
tbbt_s08e04_d58124;58124;s08e04;test;tbbt_s08e04.mp4;s08e04_seg02_clip_05;33.26;38.45;433.39;438.58;433.39;438.58;7:13.4;7:18.6;5.19;tvr;rejected;manual;no;no;;;The girl wearing white coat stands up and answer Penny's question quickly.
tbbt_s08e04_d58126;58126;s08e04;test;tbbt_s08e04.mp4;s08e04_seg02_clip_06;6.6;13.21;467.58;474.19;467.58;474.19;7:47.6;7:54.2;6.61;tvr;rejected;manual;no;no;;;Leonard walks into the apartment and sets his bag at his desk.
tbbt_s08e04_d58127;58127;s08e04;test;tbbt_s08e04.mp4;s08e04_seg02_clip_06;8.4;13.81;469.38;474.79;469.38;474.79;7:49.4;7:54.8;5.41;tvr;rejected;manual;no;no;;;Raj shuts the front door after everyone is in the apartment.
tbbt_s08e04_d58128;58128;s08e04;test;tbbt_s08e04.mp4;s08e04_seg02_clip_06;18.01;22.81;478.99;483.79;478.99;483.79;7:59.0;8:03.8;4.8;tvr;rejected;manual;no;no;;;Howard puts his hand in a bag and rummages around.
tbbt_s08e04_d58125;58125;s08e04;test;tbbt_s08e04.mp4;s08e04_seg02_clip_06;57.03;59.13;518.01;520.11;518.01;520.11;8:38.0;8:40.1;2.1;tvr;rejected;manual;no;no;;;Leonard throws his hands up and sits down at his desk.
tbbt_s08e04_d58129;58129;s08e04;test;tbbt_s08e04.mp4;s08e04_seg02_clip_06;57.03;58.53;518.01;519.51;518.01;519.51;8:38.0;8:39.5;1.5;tvr;rejected;manual;no;no;;;Leonard throws his hands up in the air in bafflement.
tbbt_s08e04_d94230;94230;s08e04;test;tbbt_s08e04.mp4;s08e04_seg02_clip_07;14.17;15.35;535.03;536.21;535.03;536.21;8:55.0;8:56.2;1.18;tvr;rejected;too_short;no;no;;;Raj holds his upturned hands out to his sides as he stands up from the couch.
tbbt_s08e04_d94233;94233;s08e04;test;tbbt_s08e04.mp4;s08e04_seg02_clip_07;30.1;34.53;550.96;555.39;538.83;542.05;8:58.8;9:02.0;3.22;tvr;accepted;;yes;yes;;;Leonard puts his head down and rubs his forehead while sitting at the desk, as Raj and Penny talk beside him.
tbbt_s08e04_d94231;94231;s08e04;test;tbbt_s08e04.mp4;s08e04_seg02_clip_07;20.07;22.13;540.93;542.99;540.93;542.99;9:00.9;9:03.0;2.06;tvr;rejected;manual;no;no;;;Leonard puts his hand to his forehead and rubs it as he sits at his desk.
tbbt_s08e04_d94232;94232;s08e04;test;tbbt_s08e04.mp4;s08e04_seg02_clip_07;48.4;53.12;569.26;573.98;570.64;573.06;9:30.6;9:33.1;2.42;tvr;accepted;;yes;yes;;;Sheldon stands at the kitchen counter with one hand resting on the lid of a water bottle, then laughs, turning his head to the side.
tbbt_s08e04_d58055;58055;s08e04;test;tbbt_s08e04.mp4;s08e04_seg02_clip_08;0.0;3.84;579.37;583.21;579.37;583.21;9:39.4;9:43.2;3.84;tvr;rejected;manual;no;no;;;Penny pours a glass of wine and puts the bottle down on the counter next to the sink.
tbbt_s08e04_d58058;58058;s08e04;test;tbbt_s08e04.mp4;s08e04_seg02_clip_08;2.56;5.44;581.92;584.8;581.92;584.8;9:41.9;9:44.8;2.88;tvr;rejected;manual;no;no;;;Penny puts the bottle of wine in the kitchen bar.
tbbt_s08e04_d58056;58056;s08e04;test;tbbt_s08e04.mp4;s08e04_seg02_clip_08;29.45;32.02;608.82;611.38;608.82;611.38;10:08.8;10:11.4;2.56;tvr;accepted;;no;yes;;;Penny switches which hand she's using to hold the wine glass while standing at the kitchen table with Amy, in a white and red striped sweater.
tbbt_s08e04_d58059;58059;s08e04;test;tbbt_s08e04.mp4;s08e04_seg02_clip_08;31.7;33.62;611.07;612.99;611.07;612.99;10:11.1;10:13.0;1.92;tvr;rejected;manual;no;no;;;Amy drinks from the glass of wine she is holding.
tbbt_s08e04_d58057;58057;s08e04;test;tbbt_s08e04.mp4;s08e04_seg02_clip_08;59.23;63.39;638.6;642.75;637.49;642.25;10:37.5;10:42.2;4.76;tvr;accepted;;yes;yes;;;Amy puts a finger on Penny's lips and then starts stroking Penny's cheek while she has a disgusted look on her face.
tbbt_s08e04_d58060;58060;s08e04;test;tbbt_s08e04.mp4;s08e04_seg02_clip_09;0.0;20.53;643.24;663.77;643.24;663.77;10:43.2;11:03.8;20.53;tvr;rejected;too_long;no;no;;;Sheldon and Harold are in the comic book store.
tbbt_s08e04_d58064;58064;s08e04;test;tbbt_s08e04.mp4;s08e04_seg02_clip_09;10.26;13.97;653.5;657.21;653.5;657.21;10:53.5;10:57.2;3.71;tvr;rejected;manual;no;no;;;Sheldon walks slowly to Howard while they are talking.
tbbt_s08e04_d58063;58063;s08e04;test;tbbt_s08e04.mp4;s08e04_seg02_clip_09;17.11;20.81;660.35;664.05;660.35;664.05;11:00.3;11:04.0;3.7;tvr;rejected;manual;no;no;;;Howard is browsing a books while talking to Sheldon.
tbbt_s08e04_d58061;58061;s08e04;test;tbbt_s08e04.mp4;s08e04_seg02_clip_09;19.96;35.64;663.2;678.88;663.2;678.88;11:03.2;11:18.9;15.68;tvr;rejected;too_long;no;no;;;Sheldon and Howard are in the comic book shop and Leonard arrives.
tbbt_s08e04_d58062;58062;s08e04;test;tbbt_s08e04.mp4;s08e04_seg02_clip_09;36.78;49.04;680.02;692.28;680.02;692.28;11:20.0;11:32.3;12.26;tvr;rejected;manual;no;no;;;Leonard asks Howard a question and Sheldon chooses to answer it for Howard.
tbbt_s08e04_d16410;16410;s08e04;test;tbbt_s08e04.mp4;s08e04_seg02_clip_10;0.0;2.95;700.23;703.18;700.23;703.18;11:40.2;11:43.2;2.95;tvr;rejected;manual;no;no;;;Howard looks at a comic book and puts it back.
tbbt_s08e04_d16414;16414;s08e04;test;tbbt_s08e04.mp4;s08e04_seg02_clip_10;0.0;43.38;700.23;743.61;700.23;743.61;11:40.2;12:23.6;43.38;tvr;rejected;too_long;no;no;;;Howard, Sheldon and Leonard are talking around the table with comics.
tbbt_s08e04_d16411;16411;s08e04;test;tbbt_s08e04.mp4;s08e04_seg02_clip_10;39.84;42.2;740.07;742.43;740.07;742.43;12:20.1;12:22.4;2.36;tvr;rejected;manual;no;no;;;Sheldon walks away from Howard and Leonard at the comic book store.
tbbt_s08e04_d16412;16412;s08e04;test;tbbt_s08e04.mp4;s08e04_seg02_clip_10;47.81;59.03;748.04;759.26;756.28;764.34;12:36.3;12:44.3;8.06;tvr;accepted;;yes;yes;;;Leonard and Penny, eating ice cream, walk up the stairs, passing a bike.
tbbt_s08e04_d8908;8908;s08e04;test;tbbt_s08e04.mp4;s08e04_seg02_clip_11;0.0;14.81;759.27;774.08;759.27;774.08;12:39.3;12:54.1;14.81;tvr;rejected;manual;no;no;;;Leonard and Penny have a conversation while walking upstairs and eating.
tbbt_s08e04_d8905;8905;s08e04;test;tbbt_s08e04.mp4;s08e04_seg02_clip_11;4.73;13.87;764.0;773.14;764.0;773.14;12:44.0;12:53.1;9.14;tvr;rejected;manual;no;no;;;Penny and Leonard are walking up the steps and Penny puts her spoon in her mouth.
tbbt_s08e04_d8907;8907;s08e04;test;tbbt_s08e04.mp4;s08e04_seg02_clip_11;21.12;30.25;780.39;789.52;780.39;789.52;13:00.4;13:09.5;9.13;tvr;rejected;manual;no;no;;;Bernadette takes two bites of food quickly and then starts stabbing at her plate.
tbbt_s08e04_d8906;8906;s08e04;test;tbbt_s08e04.mp4;s08e04_seg02_clip_11;54.21;61.45;813.48;820.72;813.48;820.72;13:33.5;13:40.7;7.24;tvr;rejected;manual;no;no;;;Howard puts his fork down and begins speaking while using his hands for emphasis.
tbbt_s08e04_d8909;8909;s08e04;test;tbbt_s08e04.mp4;s08e04_seg02_clip_11;56.41;60.51;815.68;819.78;815.68;819.78;13:35.7;13:39.8;4.1;tvr;rejected;manual;no;no;;;Howard touches his finger with one hand while he has a conversation with Bernadette over a meal.
tbbt_s08e04_d16400;16400;s08e04;test;tbbt_s08e04.mp4;s08e04_seg02_clip_12;0.0;1.77;822.06;823.83;822.06;823.83;13:42.1;13:43.8;1.77;tvr;rejected;manual;no;no;;;Howard places his hands together while talking to Bernadette.
tbbt_s08e04_d16403;16403;s08e04;test;tbbt_s08e04.mp4;s08e04_seg02_clip_12;13.28;15.05;835.34;837.11;835.34;837.11;13:55.3;13:57.1;1.77;tvr;rejected;manual;no;no;;;Bernadette shakes her head implicating that she don't have an idea.
tbbt_s08e04_d16404;16404;s08e04;test;tbbt_s08e04.mp4;s08e04_seg02_clip_12;18.59;24.2;840.65;846.26;840.17;852.27;14:00.2;14:12.3;12.1;tvr;accepted;;yes;yes;;;Bernadette, in a blue floral dress, reaches out and holds Howard's hand to comfort him while they are eating dinner.
tbbt_s08e04_d16401;16401;s08e04;test;tbbt_s08e04.mp4;s08e04_seg02_clip_12;28.92;30.4;850.98;852.46;850.98;852.46;14:11.0;14:12.5;1.48;tvr;rejected;manual;no;no;;;Bernadette is talking to Howard as she removes her hand from his.
tbbt_s08e04_d16402;16402;s08e04;test;tbbt_s08e04.mp4;s08e04_seg02_clip_12;56.66;58.73;878.72;880.79;854.08;859.51;14:14.1;14:19.5;5.43;tvr;accepted;;yes;yes;;;Amy is pouring something from the orange kettle into a yellow cup, while talking to Sheldon, who sits at the kitchen counter.
tbbt_s08e04_d16396;16396;s08e04;test;tbbt_s08e04.mp4;s08e04_seg02_clip_13;42.2;48.99;923.26;930.05;872.15;881.03;14:32.1;14:41.0;8.88;tvr;accepted;;yes;yes;;;Amy stands at the kitchen counter holding a plate with cookies, staring at Sheldon, before she puts it down.
tbbt_s08e04_d16398;16398;s08e04;test;tbbt_s08e04.mp4;s08e04_seg02_clip_13;50.76;54.89;931.82;935.95;932.15;936.83;15:32.1;15:36.8;4.68;tvr;accepted;;yes;yes;;;Penny opens the front door to her apartment, where Raj and Emily are standing outside.
tbbt_s08e04_d16395;16395;s08e04;test;tbbt_s08e04.mp4;s08e04_seg02_clip_13;51.35;59.03;932.41;940.09;932.41;940.09;15:32.4;15:40.1;7.68;tvr;rejected;manual;no;no;;;Penny opens the door and Raj and Emily walk in.
tbbt_s08e04_d16397;16397;s08e04;test;tbbt_s08e04.mp4;s08e04_seg02_clip_13;55.48;59.03;936.54;940.09;936.54;940.09;15:36.5;15:40.1;3.55;tvr;rejected;manual;no;no;;;Emily and Raj walk into Penny's apartment and Emily looks back at Penny.
tbbt_s08e04_d16399;16399;s08e04;test;tbbt_s08e04.mp4;s08e04_seg02_clip_13;55.78;58.44;936.84;939.5;959.14;960.42;15:59.1;16:00.4;1.28;tvr;accepted;;yes;yes;;;Penny puts her hand on Raj's shoulder as he stands between her and Emily.
tbbt_s08e04_d4063;4063;s08e04;test;tbbt_s08e04.mp4;s08e04_seg02_clip_15;0.0;3.97;1000.11;1004.08;1000.11;1004.08;16:40.1;16:44.1;3.97;tvr;rejected;manual;no;no;;;Stuart sits down in the chair while in the living room with Bernadette and Howard.
tbbt_s08e04_d4060;4060;s08e04;test;tbbt_s08e04.mp4;s08e04_seg02_clip_15;2.44;5.8;1002.55;1005.91;1000.26;1002.96;16:40.3;16:43.0;2.7;tvr;accepted;;yes;yes;;;A wide shot of Stuart, Howard and Bernadette sitting down together in a cozy, antique-filled living room.
tbbt_s08e04_d4061;4061;s08e04;test;tbbt_s08e04.mp4;s08e04_seg02_clip_15;18.0;19.22;1018.11;1019.33;1018.44;1020.25;16:58.4;17:00.2;1.81;tvr;accepted;;yes;yes;;;Bernadette, in a blue blazer, briefly puts a hand on Howard's arm while they sit on the light floral couch.
tbbt_s08e04_d4062;4062;s08e04;test;tbbt_s08e04.mp4;s08e04_seg02_clip_15;43.33;46.08;1043.44;1046.19;1043.77;1051.59;17:23.8;17:31.6;7.82;tvr;accepted;;yes;yes;;;Howard gets up from the couch in a rush and walks up the indoor stairs.
tbbt_s08e04_d16422;16422;s08e04;test;tbbt_s08e04.mp4;s08e04_seg02_clip_16;0.0;11.51;1060.7;1072.21;1062.29;1074.22;17:42.3;17:54.2;11.93;tvr;accepted;;yes;yes;;;Raj hugs Penny, then Emily does the same and they leaves the apartment.
tbbt_s08e04_d16420;16420;s08e04;test;tbbt_s08e04.mp4;s08e04_seg02_clip_16;10.93;19.12;1071.63;1079.82;1074.6;1079.54;17:54.6;17:59.5;4.94;tvr;accepted;;yes;yes;;;A shot of Penny and Emily separated by the door before they walk apart.
tbbt_s08e04_d16421;16421;s08e04;test;tbbt_s08e04.mp4;s08e04_seg02_clip_16;21.46;25.76;1082.16;1086.46;1099.16;1103.57;18:19.2;18:23.6;4.41;tvr;accepted;;yes;yes;;;A wide shot of Howard, Raj, Sheldon, and Leonard sitting in the living room, all reading comics.
tbbt_s08e08_d66768;66768;s08e08;test;tbbt_s08e08.mp4;s08e08_seg01_clip_00;1.84;5.06;1.83;5.05;1.83;5.05;0:01.8;0:05.1;3.22;tvr;rejected;manual;no;no;;;Howard joins Leonard, Sheldon and Raj at the table in their pantry.
tbbt_s08e08_d66765;66765;s08e08;test;tbbt_s08e08.mp4;s08e08_seg01_clip_00;3.22;6.44;3.21;6.43;3.21;6.43;0:03.2;0:06.4;3.22;tvr;rejected;manual;no;no;;;Howard is walking and sits on the table next to Sheldon.
tbbt_s08e08_d66766;66766;s08e08;test;tbbt_s08e08.mp4;s08e08_seg01_clip_00;4.14;4.6;4.13;4.59;4.13;4.59;0:04.1;0:04.6;0.46;tvr;rejected;too_short;no;no;;;Howard put the tray he is holding on the table
tbbt_s08e08_d66767;66767;s08e08;test;tbbt_s08e08.mp4;s08e08_seg01_clip_00;6.9;91.12;6.89;91.11;6.89;91.11;0:06.9;1:31.1;84.22;tvr;rejected;too_long;no;no;;;Howard, Sheldon, Raj y Leonard are sitting taking lunch and talking.
tbbt_s08e08_d66769;66769;s08e08;test;tbbt_s08e08.mp4;s08e08_seg01_clip_00;86.06;91.58;86.06;91.58;86.06;91.58;1:26.1;1:31.6;5.52;tvr;rejected;manual;no;no;;;Raj nods as he agrees with what does Sheldon says to Howard.
tbbt_s08e08_001;8080001;s08e08;test;tbbt_s08e08.mp4;;;;119.29;129.98;119.29;129.98;1:59.3;2:10.0;10.69;manual;accepted;;no;no;;;Bernadette walks in with Amy, holding up a white canvas bag by its handles, extending her arm out in front of her, at chest level.
tbbt_s08e08_d83405;83405;s08e08;test;tbbt_s08e08.mp4;s08e08_seg02_clip_00;14.65;15.26;125.53;126.14;125.53;126.14;2:05.5;2:06.1;0.61;tvr;rejected;too_short;no;no;;;Penny raises her arms above her head and claps her hands as she lowers them.
tbbt_s08e08_d83406;83406;s08e08;test;tbbt_s08e08.mp4;s08e08_seg02_clip_00;16.17;18.0;127.05;128.88;127.05;128.88;2:07.1;2:08.9;1.83;tvr;rejected;manual;no;no;;;Bernadette sets two tote bags down on bar stools at the kitchen island.
tbbt_s08e08_d83407;83407;s08e08;test;tbbt_s08e08.mp4;s08e08_seg02_clip_00;34.18;39.36;145.06;150.24;145.23;151.32;2:25.2;2:31.3;6.09;tvr;accepted;;yes;yes;;;Bernadette touches a red dress that Amy is holding up as they stand in front of the blue couch.
tbbt_s08e08_002;8080002;s08e08;test;tbbt_s08e08.mp4;;;;162.21;166.87;162.21;166.87;2:42.2;2:46.9;4.66;manual;accepted;;no;no;;;Amy folds a red dress against her body while standing next to Bernadette in front of the blue couch.
tbbt_s08e08_d11681;11681;s08e08;test;tbbt_s08e08.mp4;s08e08_seg02_clip_01;9.6;12.01;181.49;183.9;181.49;183.9;3:01.5;3:03.9;2.41;tvr;rejected;manual;no;no;;;Bernadette takes an object out of a bag and places it on the counter.
tbbt_s08e08_d11680;11680;s08e08;test;tbbt_s08e08.mp4;s08e08_seg02_clip_01;21.31;26.11;193.2;198.0;193.2;198.0;3:13.2;3:18.0;4.8;tvr;rejected;manual;no;no;;;Amy picks up a glass of wine from the counter.
tbbt_s08e08_d11682;11682;s08e08;test;tbbt_s08e08.mp4;s08e08_seg02_clip_01;21.91;60.03;193.8;231.92;193.8;231.92;3:13.8;3:51.9;38.12;tvr;rejected;too_long;no;no;;;Amy, Penny and Bernadette each hold a glass of wine.
tbbt_s08e08_d11684;11684;s08e08;test;tbbt_s08e08.mp4;s08e08_seg02_clip_01;22.21;27.91;194.1;199.8;194.1;199.8;3:14.1;3:19.8;5.7;tvr;rejected;manual;no;no;;;Amy picks up a glass of wine and takes a sip.
tbbt_s08e08_d44401;44401;s08e08;test;tbbt_s08e08.mp4;s08e08_seg02_clip_02;32.41;33.92;264.19;265.7;264.19;265.7;4:24.2;4:25.7;1.51;tvr;rejected;manual;no;no;;;Leonard walks away with an empty cardboard box.
tbbt_s08e08_d44402;44402;s08e08;test;tbbt_s08e08.mp4;s08e08_seg02_clip_02;44.42;60.03;276.2;291.81;276.2;291.81;4:36.2;4:51.8;15.61;tvr;rejected;too_long;no;no;;;Sheldon rambles for a long time on not going to prom.
tbbt_s08e08_d44400;44400;s08e08;test;tbbt_s08e08.mp4;s08e08_seg02_clip_02;10.5;12.91;242.28;244.69;284.02;287.81;4:44.0;4:47.8;3.79;tvr;accepted;;yes;yes;;;Raj, sitting on the couch between Sheldon and Howard, who are eating, rubs his eyes with a bored expression.
tbbt_s08e08_d55040;55040;s08e08;test;tbbt_s08e08.mp4;s08e08_seg02_clip_03;11.41;12.91;303.16;304.66;322.82;325.11;5:22.8;5:25.1;2.29;tvr;accepted;;yes;yes;;;Raj, in a red and blue track jacket, presses his palms together and taps his fingers excitedly, smiling on the couch.
tbbt_s08e08_d55041;55041;s08e08;test;tbbt_s08e08.mp4;s08e08_seg02_clip_03;34.82;36.92;326.57;328.67;326.57;328.67;5:26.6;5:28.7;2.1;tvr;rejected;manual;no;no;;;Howard pours wine from the bottle into the glass on the coffee table.
tbbt_s08e08_d55042;55042;s08e08;test;tbbt_s08e08.mp4;s08e08_seg02_clip_03;46.82;49.52;338.57;341.27;338.57;341.27;5:38.6;5:41.3;2.7;tvr;rejected;manual;no;no;;;Howard takes a sip of wine from the glass in his hand.
tbbt_s08e08_d66115;66115;s08e08;test;tbbt_s08e08.mp4;s08e08_seg02_clip_04;0.0;43.33;351.71;395.04;351.71;395.04;5:51.7;6:35.0;43.33;tvr;rejected;too_long;no;no;;;Bernadette sits on the couch with her laptop in her lap.
tbbt_s08e08_d66116;66116;s08e08;test;tbbt_s08e08.mp4;s08e08_seg02_clip_04;14.65;17.7;366.36;369.41;366.36;369.41;6:06.4;6:09.4;3.05;tvr;rejected;manual;no;no;;;Howard gets out his cell phone and calls Stuart.
tbbt_s08e08_d54461;54461;s08e08;test;tbbt_s08e08.mp4;s08e08_seg02_clip_05;0.0;5.61;412.66;418.27;412.66;418.27;6:52.7;6:58.3;5.61;tvr;rejected;manual;no;no;;;Penny is sitting on the couch and gets up to answer the door.
tbbt_s08e08_d66117;66117;s08e08;test;tbbt_s08e08.mp4;s08e08_seg02_clip_04;59.5;61.03;411.21;412.74;412.67;417.04;6:52.7;6:57.0;4.37;tvr;accepted;;yes;yes;;;Penny, wearing a blue shirt, sits on a couch scrolling through her phone, then puts the phone on the table while standing up.
tbbt_s08e08_d54462;54462;s08e08;test;tbbt_s08e08.mp4;s08e08_seg02_clip_05;25.68;28.33;438.34;440.99;438.34;440.99;7:18.3;7:21.0;2.65;tvr;rejected;manual;no;no;;;Sheldon smiles at Penny as she stands there, stone faced.
tbbt_s08e08_d54460;54460;s08e08;test;tbbt_s08e08.mp4;s08e08_seg02_clip_05;33.35;38.96;446.01;451.62;446.01;451.62;7:26.0;7:31.6;5.61;tvr;rejected;manual;no;no;;;Sheldon walks around Penny and enters her apartment.
tbbt_s08e08_d54550;54550;s08e08;test;tbbt_s08e08.mp4;s08e08_seg02_clip_06;0.0;4.5;471.42;475.92;471.42;475.92;7:51.4;7:55.9;4.5;tvr;rejected;manual;no;no;;;Penny is standing by her front door listening to Sheldon.
tbbt_s08e08_d54551;54551;s08e08;test;tbbt_s08e08.mp4;s08e08_seg02_clip_06;18.01;26.71;489.43;498.13;489.45;497.42;8:09.4;8:17.4;7.97;tvr;accepted;;yes;yes;;;Penny sighs and rolls her eyes, irritated, while standing in front of Sheldon, then walks to the fridge touching her forehead and opens it.
tbbt_s08e08_d54553;54553;s08e08;test;tbbt_s08e08.mp4;s08e08_seg02_clip_06;18.91;23.41;490.33;494.83;490.33;494.83;8:10.3;8:14.8;4.5;tvr;rejected;manual;no;no;;;Penny walks and go to the refrigerator and open it.
tbbt_s08e08_d54554;54554;s08e08;test;tbbt_s08e08.mp4;s08e08_seg02_clip_06;32.41;38.42;503.83;509.84;503.83;509.84;8:23.8;8:29.8;6.01;tvr;rejected;manual;no;no;;;Sheldon walks slowly where Penny is while he is still talking.
tbbt_s08e08_d54552;54552;s08e08;test;tbbt_s08e08.mp4;s08e08_seg02_clip_06;36.32;40.52;507.74;511.94;507.74;511.94;8:27.7;8:31.9;4.2;tvr;rejected;manual;no;no;;;Sheldon walks up to Penny's kitchen island that she is behind.
tbbt_s08e08_d11671;11671;s08e08;test;tbbt_s08e08.mp4;s08e08_seg02_clip_07;16.17;34.79;547.67;566.29;566.72;570.0;9:26.7;9:30.0;3.28;tvr;accepted;;yes;yes;;;Leonard finishes fixing Sheldon's bow tie, claps his hands in acceptance, and walks away.
tbbt_s08e08_d11672;11672;s08e08;test;tbbt_s08e08.mp4;s08e08_seg02_clip_07;37.84;40.89;569.35;572.39;571.52;573.03;9:31.5;9:33.0;1.51;tvr;accepted;;yes;yes;;;Sheldon swings the suit jacket over his shoulder to put the jacket on.
tbbt_s08e08_d11674;11674;s08e08;test;tbbt_s08e08.mp4;s08e08_seg02_clip_07;52.48;57.06;583.99;588.57;583.99;588.57;9:44.0;9:48.6;4.58;tvr;rejected;manual;no;no;;;Sheldon picks something up and puts it in his inside pocket.
tbbt_s08e08_d11670;11670;s08e08;test;tbbt_s08e08.mp4;s08e08_seg02_clip_07;52.18;57.67;583.68;589.17;584.93;591.06;9:44.9;9:51.1;6.13;tvr;accepted;;yes;no;;;Sheldon picks us a flask and places it in the inside pocket of his suit jacket.
tbbt_s08e08_d11635;11635;s08e08;test;tbbt_s08e08.mp4;s08e08_seg02_clip_08;0.0;7.63;592.55;600.18;592.55;600.18;9:52.5;10:00.2;7.63;tvr;rejected;manual;no;no;;;Sheldon goes from the kitchen to his desk.
tbbt_s08e08_d11638;11638;s08e08;test;tbbt_s08e08.mp4;s08e08_seg02_clip_08;3.97;8.85;596.52;601.4;596.52;601.4;9:56.5;10:01.4;4.88;tvr;rejected;manual;no;no;;;Wearing a tuxedo, Sheldon pats his chest and then walks over to the computer desk.
tbbt_s08e08_d11636;11636;s08e08;test;tbbt_s08e08.mp4;s08e08_seg02_clip_08;7.02;16.17;599.57;608.72;599.57;608.72;9:59.6;10:08.7;9.15;tvr;rejected;manual;no;no;;;Sheldon grabs his cell phone from his home desk.
tbbt_s08e08_d11639;11639;s08e08;test;tbbt_s08e08.mp4;s08e08_seg02_clip_08;27.46;29.9;620.01;622.45;620.01;622.45;10:20.0;10:22.4;2.44;tvr;rejected;manual;no;no;;;Leonard pulls his tuxedo jacket off the chair.
tbbt_s08e08_d11637;11637;s08e08;test;tbbt_s08e08.mp4;s08e08_seg02_clip_08;32.04;36.92;624.59;629.47;624.59;629.47;10:24.6;10:29.5;4.88;tvr;rejected;manual;no;no;;;Leonard puts on his jacket as he is talking to Sheldon.
tbbt_s08e08_d11643;11643;s08e08;test;tbbt_s08e08.mp4;s08e08_seg02_clip_09;6.9;8.4;659.3;660.8;659.3;660.8;10:59.3;11:00.8;1.5;tvr;rejected;manual;no;no;;;Leonard taps Sheldon on his arm as he walks past him.
tbbt_s08e08_d11640;11640;s08e08;test;tbbt_s08e08.mp4;s08e08_seg02_clip_09;6.0;7.5;658.4;659.9;661.08;663.55;11:01.1;11:03.5;2.47;tvr;accepted;;yes;yes;;;Leonard walks past Sheldon in suit and pats him on the shoulder.
tbbt_s08e08_d11641;11641;s08e08;test;tbbt_s08e08.mp4;s08e08_seg02_clip_09;15.01;18.31;667.41;670.71;669.96;671.7;11:10.0;11:11.7;1.74;tvr;accepted;;yes;yes;;;Leonard knocks on Penny's door, standing outside the door with Sheldon in a tuxedo.
tbbt_s08e08_003;8080003;s08e08;test;tbbt_s08e08.mp4;;;;671.55;678.69;671.55;678.69;11:11.5;11:18.7;7.14;manual;accepted;;no;no;;;Penny, in a red dress, comes out of her apartment to Leonard and Sheldon, both in suits, place her hands on hips, then greets Leonard with a kiss.
tbbt_s08e08_d11644;11644;s08e08;test;tbbt_s08e08.mp4;s08e08_seg02_clip_09;44.72;54.32;697.12;706.72;687.93;695.01;11:27.9;11:35.0;7.08;tvr;accepted;;yes;yes;;;Penny, in a red dress, rests her arms on Leonard's shoulder while smiling at him, as Amy, in a blue dress, stands at the doorway.
tbbt_s08e08_004;8080004;s08e08;test;tbbt_s08e08.mp4;;;;689.64;704.35;689.64;704.35;11:29.6;11:44.4;14.71;manual;accepted;;no;no;;;Stressed Sheldon, in a suit, gulps hard, then runs away through the hallway to the door.
tbbt_s08e08_d11642;11642;s08e08;test;tbbt_s08e08.mp4;s08e08_seg02_clip_09;45.62;48.02;698.02;700.42;698.02;700.42;11:38.0;11:40.4;2.4;tvr;rejected;manual;no;no;;;Sheldon walks back across the hall and opens the door back into his apartment.
tbbt_s08e08_d75195;75195;s08e08;test;tbbt_s08e08.mp4;s08e08_seg02_clip_10;2.9;6.38;715.24;718.72;717.96;721.63;11:58.0;12:01.6;3.67;tvr;accepted;;yes;yes;;;Emily is pouring champagne from a bottle into a glass, in the limousine with Raj, Howard, and Bernadette.
tbbt_s08e08_d75196;75196;s08e08;test;tbbt_s08e08.mp4;s08e08_seg02_clip_10;7.83;10.44;720.17;722.78;723.27;726.64;12:03.3;12:06.6;3.37;tvr;accepted;;yes;yes;;;Emily, while sitting in the limousine next to Raj on the phone, shows her tattoo on her shoulder blade.
tbbt_s08e08_d75197;75197;s08e08;test;tbbt_s08e08.mp4;s08e08_seg02_clip_10;33.36;38.59;745.7;750.93;745.7;750.93;12:25.7;12:30.9;5.23;tvr;rejected;manual;no;no;;;Howard and Bernadette are sitting next to each other in the limo.
tbbt_s08e08_d75194;75194;s08e08;test;tbbt_s08e08.mp4;s08e08_seg02_clip_11;7.2;10.8;777.59;781.19;777.59;781.19;12:57.6;13:01.2;3.6;tvr;rejected;manual;no;no;;;Emily and Bernadette drinks wine while on the car.
tbbt_s08e08_d75193;75193;s08e08;test;tbbt_s08e08.mp4;s08e08_seg02_clip_11;17.11;21.01;787.5;791.4;786.45;796.18;13:06.5;13:16.2;9.73;tvr;accepted;;yes;yes;;;A shot of a rooftop decorated for a party, as Penny and Leonard come in amazed.
tbbt_s08e08_d75190;75190;s08e08;test;tbbt_s08e08.mp4;s08e08_seg02_clip_11;17.71;20.71;788.1;791.1;788.1;791.1;13:08.1;13:11.1;3.0;tvr;rejected;manual;no;no;;;Penny and Leonard walk into a room that is decorated like the prom.
tbbt_s08e08_d75191;75191;s08e08;test;tbbt_s08e08.mp4;s08e08_seg02_clip_11;38.42;42.62;808.81;813.01;808.81;813.01;13:28.8;13:33.0;4.2;tvr;rejected;manual;no;no;;;Penny follows Leonard as he walks across the room.
tbbt_s08e08_d75192;75192;s08e08;test;tbbt_s08e08.mp4;s08e08_seg02_clip_11;58.23;60.03;828.62;830.42;828.62;830.42;13:48.6;13:50.4;1.8;tvr;rejected;manual;no;no;;;Penny puts a defiant hand on her hip in response to Leonard.
tbbt_s08e08_d56525;56525;s08e08;test;tbbt_s08e08.mp4;s08e08_seg02_clip_12;5.7;8.1;836.08;838.48;836.08;838.48;13:56.1;13:58.5;2.4;tvr;rejected;manual;no;no;;;Leonard and Penny share a hug while wearing formal clothes.
tbbt_s08e08_d56528;56528;s08e08;test;tbbt_s08e08.mp4;s08e08_seg02_clip_12;5.4;7.8;835.78;838.18;837.68;841.42;13:57.7;14:01.4;3.74;tvr;accepted;;yes;yes;;;Penny, in a red dress, starts to laugh at Leonard, and hugs him on the rooftop decorated for a party.
tbbt_s08e08_d56526;56526;s08e08;test;tbbt_s08e08.mp4;s08e08_seg02_clip_12;10.5;32.11;840.88;862.49;842.81;844.94;14:02.8;14:04.9;2.13;tvr;accepted;;yes;yes;;;Sheldon lies on his bed in a white shirt and suit pants, looking at his phone in silence.
tbbt_s08e08_d56527;56527;s08e08;test;tbbt_s08e08.mp4;s08e08_seg02_clip_12;47.42;53.42;877.8;883.8;877.8;883.8;14:37.8;14:43.8;6.0;tvr;rejected;manual;no;no;;;Sheldon gets up from his bed and goes to stand near the door to talk to Amy.
tbbt_s08e08_d9755;9755;s08e08;test;tbbt_s08e08.mp4;s08e08_seg02_clip_13;17.68;19.54;908.0;909.86;895.35;898.01;14:55.4;14:58.0;2.66;tvr;accepted;;yes;yes;;;A wide shot of Raj, Emily, Bernadette, Howard and Stuart with a woman, sitting in the limo, drinking champagne.
tbbt_s08e08_d9757;9757;s08e08;test;tbbt_s08e08.mp4;s08e08_seg02_clip_13;7.13;9.3;897.45;899.62;899.67;901.85;14:59.7;15:01.9;2.18;tvr;accepted;;yes;yes;;;Stuart, in a suit, points to the woman sitting next to him in the limo with his thumb.
tbbt_s08e08_d9756;9756;s08e08;test;tbbt_s08e08.mp4;s08e08_seg02_clip_13;59.86;62.03;950.18;952.35;950.18;952.35;15:50.2;15:52.3;2.17;tvr;rejected;manual;no;no;;;Penny puts a wine glass down on a table at a reception hall.
tbbt_s08e08_d9759;9759;s08e08;test;tbbt_s08e08.mp4;s08e08_seg02_clip_13;60.48;62.03;950.8;952.35;950.8;952.35;15:50.8;15:52.3;1.55;tvr;rejected;manual;no;no;;;Penny puts her glass onto a table beside Leonard.
tbbt_s08e08_d75136;75136;s08e08;test;tbbt_s08e08.mp4;s08e08_seg02_clip_14;0.0;11.02;952.25;963.27;952.25;963.27;15:52.2;16:03.3;11.02;tvr;rejected;manual;no;no;;;Penny puts something on the table, grabs Leonard's hand and they begin to dance.
tbbt_s08e08_d75137;75137;s08e08;test;tbbt_s08e08.mp4;s08e08_seg02_clip_14;8.99;15.09;961.24;967.34;963.96;970.06;16:04.0;16:10.1;6.1;tvr;accepted;;no;no;;;While dancing, Penny puts her hand in Leonard's hand, removes it and puts her arms around Leonard's neck.
tbbt_s08e08_005;8080005;s08e08;test;tbbt_s08e08.mp4;;;;964.04;968.18;964.04;968.18;16:04.0;16:08.2;4.14;manual;accepted;;no;no;;;Penny grabs Leonard to slow dance on the rooftop, her hand resting on his shoulder and their other hands clasped together.
tbbt_s08e08_d75138;75138;s08e08;test;tbbt_s08e08.mp4;s08e08_seg02_clip_14;13.06;15.09;965.31;967.34;968.03;970.06;16:08.0;16:10.1;2.03;tvr;accepted;;no;yes;;;Leonard, in a suit, moves his hands from Penny's hands to her waist while they dance together on the rooftop.
tbbt_s08e08_d75139;75139;s08e08;test;tbbt_s08e08.mp4;s08e08_seg02_clip_14;51.06;58.03;1003.31;1010.28;1003.31;1010.28;16:43.3;16:50.3;6.97;tvr;rejected;manual;no;no;;;Howard throttles a man in an open top vehicle.
tbbt_s08e08_d75135;75135;s08e08;test;tbbt_s08e08.mp4;s08e08_seg02_clip_14;51.06;58.03;1003.31;1010.28;1006.03;1014.66;16:46.0;16:54.7;8.63;tvr;accepted;;yes;no;;;Howard is angrily shaking Stuart in a car and Bernadette is trying to pull him off.
tbbt_s08e08_d56510;56510;s08e08;test;tbbt_s08e08.mp4;s08e08_seg02_clip_15;3.15;9.45;1013.35;1019.65;1013.35;1019.65;16:53.4;16:59.7;6.3;tvr;rejected;manual;no;no;;;Amy is talking to a door and then turns to walk away.
tbbt_s08e08_d56511;56511;s08e08;test;tbbt_s08e08.mp4;s08e08_seg02_clip_15;9.77;15.76;1019.97;1025.96;1019.97;1025.96;16:60.0;17:06.0;5.99;tvr;rejected;manual;no;no;;;Sheldon opens the door and says something to Amy that stops her in her tracks.
tbbt_s08e08_d56512;56512;s08e08;test;tbbt_s08e08.mp4;s08e08_seg02_clip_15;45.38;63.03;1055.58;1073.23;1055.58;1073.23;17:35.6;17:53.2;17.65;tvr;rejected;too_long;no;no;;;Amy walks up to Sheldon so she can say something close up.
tbbt_s08e08_d93500;93500;s08e08;test;tbbt_s08e08.mp4;s08e08_seg02_clip_16;31.38;38.42;1104.42;1111.46;1106.59;1113.08;18:26.6;18:33.1;6.49;tvr;accepted;;yes;yes;;;Amy starts breathing heavily, mouth wide open and hand placed on her chest, during her talk with Sheldon in a suit.
tbbt_s08e08_d93501;93501;s08e08;test;tbbt_s08e08.mp4;s08e08_seg02_clip_16;41.94;45.78;1114.98;1118.83;1118.14;1121.17;18:38.1;18:41.2;3.03;tvr;accepted;;yes;yes;;;Amy, in a blue dress, rushes past Sheldon, in a suit, to his bed during their conversation
tbbt_s08e08_d93502;93502;s08e08;test;tbbt_s08e08.mp4;s08e08_seg02_clip_16;60.83;64.02;1133.88;1137.07;1133.88;1137.07;18:53.9;18:57.1;3.19;tvr;rejected;manual;no;no;;;Leonard hugs Penny from behind and they prepare for a photo.
tbbt_s08e08_d93504;93504;s08e08;test;tbbt_s08e08.mp4;s08e08_seg02_clip_16;60.51;64.02;1133.56;1137.07;1136.58;1145.13;18:56.6;19:05.1;8.55;tvr;accepted;;yes;yes;;;Leonard and Penny are posing in front of a photographer at the rooftop party.
tbbt_s08e08_d75124;75124;s08e08;test;tbbt_s08e08.mp4;s08e08_seg02_clip_17;0.0;3.24;1136.7;1139.94;1136.7;1139.94;18:56.7;18:59.9;3.24;tvr;rejected;manual;no;no;;;Leonard and Penny pose and smile for a photograph.
tbbt_s08e08_d75120;75120;s08e08;test;tbbt_s08e08.mp4;s08e08_seg02_clip_17;1.26;3.42;1137.96;1140.12;1137.96;1140.12;18:58.0;19:00.1;2.16;tvr;rejected;manual;no;no;;;Leonard and Penny pose for a dance picture that Raj is taking.
tbbt_s08e08_d75123;75123;s08e08;test;tbbt_s08e08.mp4;s08e08_seg02_clip_17;5.76;9.01;1142.46;1145.71;1142.46;1145.71;19:02.5;19:05.7;3.25;tvr;rejected;manual;no;no;;;Sheldon blinks while a picture is being taken of him and Amy.
tbbt_s08e08_d75122;75122;s08e08;test;tbbt_s08e08.mp4;s08e08_seg02_clip_17;5.58;9.91;1142.28;1146.61;1145.11;1150.13;19:05.1;19:10.1;5.02;tvr;accepted;;yes;yes;;;Sheldon and Amy pose for a picture that Raj is taking, at the rooftop party.
tbbt_s08e08_008;8080008;s08e08;test;tbbt_s08e08.mp4;;;;1147.44;1150.12;1147.44;1150.12;19:07.4;19:10.1;2.68;manual;accepted;;no;no;;;A shot of a photo taken of Amy and Sheldon, standing under a blue-decorated arch, both smiling with their eyes closed.
tbbt_s08e08_d75121;75121;s08e08;test;tbbt_s08e08.mp4;s08e08_seg02_clip_17;12.61;14.23;1149.31;1150.93;1152.6;1155.39;19:12.6;19:15.4;2.79;tvr;accepted;;yes;yes;;;Howard and Bernadette pose for a picture that Raj is taking, at the rooftop party.
tbbt_s08e08_007;8080007;s08e08;test;tbbt_s08e08.mp4;;;;1153.29;1155.4;1153.29;1155.4;19:13.3;19:15.4;2.11;manual;accepted;;no;no;;;A shot of a photo taken of Bernadette and Howard standing under a blue-decorated arch, both making surprised, exaggerated faces at the camera.
tbbt_s08e08_006;8080006;s08e08;test;tbbt_s08e08.mp4;;;;1155.37;1164.54;1155.37;1164.54;19:15.4;19:24.5;9.17;manual;accepted;;no;no;;;Stuart and a woman, in a yellow dress, pose for a picture that Raj is taking, at the rooftop party, when he answers the phone.
tbbt_s09e22_d66900;66900;s09e22;test;tbbt_s09e22.mp4;s09e22_seg01_clip_00;3.97;7.93;5.14;9.1;5.14;9.1;0:05.1;0:09.1;3.96;tvr;rejected;manual;no;no;;;Leonard places take-out food containers onto the coffee table.
tbbt_s09e22_d66903;66903;s09e22;test;tbbt_s09e22.mp4;s09e22_seg01_clip_00;8.54;12.82;9.71;13.99;9.71;13.99;0:09.7;0:14.0;4.28;tvr;rejected;manual;no;no;;;Penny sits down and opens her food box.
tbbt_s09e22_d66901;66901;s09e22;test;tbbt_s09e22.mp4;s09e22_seg01_clip_00;12.51;17.09;13.68;18.26;13.25;16.62;0:13.2;0:16.6;3.37;tvr;accepted;;yes;yes;;;Howard, in a plaid shirt, puts his arm around Bernadette's shoulder as they smile at each other, while she holds a bottle of water.
tbbt_s09e22_d66902;66902;s09e22;test;tbbt_s09e22.mp4;s09e22_seg01_clip_00;41.5;43.64;42.67;44.81;42.67;44.81;0:42.7;0:44.8;2.14;tvr;rejected;manual;no;no;;;Leonard hands a food container to Raj who is on the floor.
tbbt_s09e22_d25014;25014;s09e22;test;tbbt_s09e22.mp4;s09e22_seg01_clip_01;0.0;5.14;62.23;67.37;62.23;67.37;1:02.2;1:07.4;5.14;tvr;rejected;manual;no;no;;;Amy is speaking while Sheldon is starting to eat.
tbbt_s09e22_d25012;25012;s09e22;test;tbbt_s09e22.mp4;s09e22_seg01_clip_01;1.58;3.95;63.81;66.18;63.81;66.18;1:03.8;1:06.2;2.37;tvr;rejected;manual;no;no;;;Sheldon pokes at his food with a fork while sitting next to Amy.
tbbt_s09e22_d25010;25010;s09e22;test;tbbt_s09e22.mp4;s09e22_seg01_clip_01;8.3;9.09;70.53;71.32;70.53;71.32;1:10.5;1:11.3;0.79;tvr;rejected;too_short;no;no;;;Amy points at Penny while sitting on the couch.
tbbt_s09e22_d25011;25011;s09e22;test;tbbt_s09e22.mp4;s09e22_seg01_clip_01;9.48;10.67;71.71;72.9;71.71;72.9;1:11.7;1:12.9;1.19;tvr;rejected;too_short;no;no;;;Amy stands up from a sittig position on the couch.
tbbt_s09e22_d25013;25013;s09e22;test;tbbt_s09e22.mp4;s09e22_seg01_clip_01;32.79;37.14;95.02;99.37;95.02;99.37;1:35.0;1:39.4;4.35;tvr;rejected;manual;no;no;;;The group are eating in the couch while they are talking.
tbbt_s09e22_d78975;78975;s09e22;test;tbbt_s09e22.mp4;s09e22_seg02_clip_00;6.3;9.45;167.42;170.57;165.97;168.3;2:46.0;2:48.3;2.33;tvr;accepted;;yes;yes;;;Leonard, in a beige jacket, leans over a cluttered workbench, while Raj checks his phone and Howard and Sheldon move in the background.
tbbt_s09e22_d78978;78978;s09e22;test;tbbt_s09e22.mp4;s09e22_seg02_clip_00;10.08;12.29;171.2;173.41;171.2;173.41;2:51.2;2:53.4;2.21;tvr;rejected;manual;no;no;;;Raj puts his cell phone in his left side pocket.
tbbt_s09e22_d78976;78976;s09e22;test;tbbt_s09e22.mp4;s09e22_seg02_clip_00;31.2;36.24;192.32;197.36;192.32;197.36;3:12.3;3:17.4;5.04;tvr;rejected;manual;no;no;;;Sheldon points his hand at Leonard and then points behind himself.
tbbt_s09e22_001;9220001;s09e22;test;tbbt_s09e22.mp4;;;;206.24;207.99;206.24;207.99;3:26.2;3:28.0;1.75;manual;accepted;;no;no;;;A shot of Howard touching a spinning contraption  at the office with workbench cluttered with tools and electronic parts.
tbbt_s09e22_d78971;78971;s09e22;test;tbbt_s09e22.mp4;s09e22_seg02_clip_01;23.21;28.43;247.46;252.68;207.99;210.9;3:28.0;3:30.9;2.91;tvr;accepted;;yes;yes;;;Sheldon takes his phone out of his pocket at an office with workbench cluttered with tools and electronic parts.
tbbt_s09e22_d78977;78977;s09e22;test;tbbt_s09e22.mp4;s09e22_seg02_clip_00;50.74;53.58;211.86;214.7;211.86;214.7;3:31.9;3:34.7;2.84;tvr;rejected;manual;no;no;;;Leonard rubs his hands together and begins to start typing on his laptop.
tbbt_s09e22_d78979;78979;s09e22;test;tbbt_s09e22.mp4;s09e22_seg02_clip_00;57.99;63.03;219.11;224.15;219.11;224.15;3:39.1;3:44.1;5.04;tvr;rejected;manual;no;no;;;Sheldon records a video of Leonard explaining the test.
tbbt_s09e22_d78970;78970;s09e22;test;tbbt_s09e22.mp4;s09e22_seg02_clip_01;0.0;6.38;224.25;230.63;224.25;230.63;3:44.2;3:50.6;6.38;tvr;rejected;manual;no;no;;;Sheldon is recording Leonard with his cell phone.
tbbt_s09e22_d78973;78973;s09e22;test;tbbt_s09e22.mp4;s09e22_seg02_clip_01;20.89;25.82;245.14;250.07;246.21;248.95;4:06.2;4:08.9;2.74;tvr;accepted;;yes;yes;;;Sheldon falls to the ground while capturing a video of a spinning contraption with his phone.
tbbt_s09e22_d78972;78972;s09e22;test;tbbt_s09e22.mp4;s09e22_seg02_clip_01;30.75;35.11;255.0;259.36;255.0;259.36;4:15.0;4:19.4;4.36;tvr;rejected;manual;no;no;;;Raj and Claire are on their phones talking to each other.
tbbt_s09e22_002;9220002;s09e22;test;tbbt_s09e22.mp4;;;;255.09;256.83;255.09;256.83;4:15.1;4:16.8;1.74;manual;accepted;;no;no;;;A blonde woman, in a pink shirt, sits at a small kitchen table, talking on the phone, smiling, and taking notes while looking at her laptop.
tbbt_s09e22_d49335;49335;s09e22;test;tbbt_s09e22.mp4;s09e22_seg02_clip_02;0.0;6.51;282.15;288.66;282.15;288.66;4:42.1;4:48.7;6.51;tvr;rejected;manual;no;no;;;Raj and Claire are on their cellphones talking to each other.
tbbt_s09e22_d49339;49339;s09e22;test;tbbt_s09e22.mp4;s09e22_seg02_clip_02;26.05;30.39;308.2;312.54;306.14;312.54;5:06.1;5:12.5;6.4;tvr;accepted;;yes;yes;;;Leonard, in a pink shirt, sits on the sofa, reading a wine tasting book with a grimace.
tbbt_s09e22_d49336;49336;s09e22;test;tbbt_s09e22.mp4;s09e22_seg02_clip_02;26.05;30.7;308.2;312.85;308.2;312.85;5:08.2;5:12.8;4.65;tvr;rejected;manual;no;no;;;Leonard is sitting on the couch reading a wine book.
tbbt_s09e22_d49337;49337;s09e22;test;tbbt_s09e22.mp4;s09e22_seg02_clip_02;33.81;38.46;315.96;320.61;314.76;320.53;5:14.8;5:20.5;5.77;tvr;accepted;;yes;yes;;;Penny, in dark purple dress, gets her handbag from the armchair and puts it on.
tbbt_s09e22_d78961;78961;s09e22;test;tbbt_s09e22.mp4;s09e22_seg02_clip_03;15.96;25.24;359.99;369.26;328.85;331.36;5:28.9;5:31.4;2.51;tvr;accepted;;yes;yes;;;Leonard, in a pink shirt, stands up from the couch and tosses a white book on the table in the living room.
tbbt_s09e22_d78960;78960;s09e22;test;tbbt_s09e22.mp4;s09e22_seg02_clip_03;0.0;2.61;344.02;346.63;344.02;346.63;5:44.0;5:46.6;2.61;tvr;rejected;manual;no;no;;;Sheldon is at his desk in front of his laptop.
tbbt_s09e22_d78963;78963;s09e22;test;tbbt_s09e22.mp4;s09e22_seg02_clip_03;22.05;26.4;366.07;370.43;366.16;367.98;6:06.2;6:08.0;1.82;tvr;accepted;;yes;yes;;;Leonard, in a pink shirt, whips his head around and walks out the door.
tbbt_s09e22_d78964;78964;s09e22;test;tbbt_s09e22.mp4;s09e22_seg02_clip_03;30.75;35.69;374.77;379.71;373.79;377.2;6:13.8;6:17.2;3.41;tvr;accepted;;yes;yes;;;Howard slowly walks up to Amy's a wine barrel table at vineyard.
tbbt_s09e22_d78962;78962;s09e22;test;tbbt_s09e22.mp4;s09e22_seg02_clip_03;31.33;33.94;375.36;377.96;375.36;377.96;6:15.4;6:18.0;2.6;tvr;rejected;manual;no;no;;;Howard walks toward Amy at a table in a bar.
tbbt_s09e22_d78990;78990;s09e22;test;tbbt_s09e22.mp4;s09e22_seg02_clip_05;1.83;4.88;464.96;468.01;463.71;466.57;7:43.7;7:46.6;2.86;tvr;accepted;;yes;yes;;;Raj, in a paisley shirt and argyle sweater vest, puts his hands together and bows his head.
tbbt_s09e22_d78991;78991;s09e22;test;tbbt_s09e22.mp4;s09e22_seg02_clip_05;6.1;10.99;469.23;474.12;467.99;476.2;7:48.0;7:56.2;8.21;tvr;accepted;;yes;no;;;Bernadette comes in the door and hands Sheldon a bottle of champagne.
tbbt_s09e22_d78994;78994;s09e22;test;tbbt_s09e22.mp4;s09e22_seg02_clip_05;46.38;61.03;509.51;524.16;508.25;511.02;8:28.2;8:31.0;2.77;tvr;accepted;;yes;yes;;;A wide shot of Raj, Leonard, Sheldon, and Amy stand around wine barrel tables, each smelling their wine inside their wine glasses.
tbbt_s09e22_d78992;78992;s09e22;test;tbbt_s09e22.mp4;s09e22_seg02_clip_05;53.09;59.81;516.22;522.94;516.22;522.94;8:36.2;8:42.9;6.72;tvr;rejected;manual;no;no;;;Leonard smells the wine in his glass while at the bar.
tbbt_s09e22_d78985;78985;s09e22;test;tbbt_s09e22.mp4;s09e22_seg02_clip_06;0.0;2.95;524.08;527.03;524.08;527.03;8:44.1;8:47.0;2.95;tvr;rejected;manual;no;no;;;Leonard sticks his nose in the wine glass and sniffs the wine.
tbbt_s09e22_d78988;78988;s09e22;test;tbbt_s09e22.mp4;s09e22_seg02_clip_06;0.0;4.43;524.08;528.51;524.08;528.51;8:44.1;8:48.5;4.43;tvr;rejected;manual;no;no;;;Leonard is smelling the wine in his bottle.
tbbt_s09e22_d78986;78986;s09e22;test;tbbt_s09e22.mp4;s09e22_seg02_clip_06;7.97;9.44;532.05;533.52;529.66;532.86;8:49.7;8:52.9;3.2;tvr;accepted;;yes;yes;;;A tall man points at Penny's hand at the wine barrel table, so she smiles while she looks at her wedding ring.
tbbt_s09e22_d78987;78987;s09e22;test;tbbt_s09e22.mp4;s09e22_seg02_clip_06;35.71;39.25;559.79;563.33;558.75;562.84;9:18.8;9:22.8;4.09;tvr;accepted;;yes;yes;;;A tall man stands between Raj and Penny around the wine barrel and counts with his fingers, while holding a wine glass in his other hand.
tbbt_s09e22_d37715;37715;s09e22;test;tbbt_s09e22.mp4;s09e22_seg02_clip_07;2.4;4.8;585.55;587.95;585.55;587.95;9:45.5;9:47.9;2.4;tvr;rejected;manual;no;no;;;Zack raises his wine glass and takes a sip.
tbbt_s09e22_d37719;37719;s09e22;test;tbbt_s09e22.mp4;s09e22_seg02_clip_07;2.4;4.8;585.55;587.95;585.55;587.95;9:45.5;9:47.9;2.4;tvr;rejected;manual;no;no;;;Zack drinks a wine while talking to the group.
tbbt_s09e22_d37716;37716;s09e22;test;tbbt_s09e22.mp4;s09e22_seg02_clip_07;43.82;50.42;626.97;633.57;625.21;632.27;10:25.2;10:32.3;7.06;tvr;accepted;;yes;yes;;;Happy Sheldon picks up small train toy, shows it to Bernadette, then puts it back down, while sitting next to each other on the couch.
tbbt_s09e22_d37717;37717;s09e22;test;tbbt_s09e22.mp4;s09e22_seg02_clip_07;48.92;51.62;632.07;634.77;632.07;634.77;10:32.1;10:34.8;2.7;tvr;rejected;manual;no;no;;;There is a short, gray book case only behind Bernadette.
tbbt_s09e22_d79010;79010;s09e22;test;tbbt_s09e22.mp4;s09e22_seg02_clip_08;0.0;3.25;642.98;646.23;641.69;647.62;10:41.7;10:47.6;5.93;tvr;accepted;;yes;yes;;;Bernadette and Sheldon sit on the couch, looking down at several toy trains lined up on the coffee table in front of them, then Bernadette grabs small one.
tbbt_s09e22_d79011;79011;s09e22;test;tbbt_s09e22.mp4;s09e22_seg02_clip_08;25.09;28.92;668.07;671.9;649.18;653.09;10:49.2;10:53.1;3.91;tvr;accepted;;yes;yes;;;Sheldon grabs a big toy train while Bernadette holds a small one, sitting on the couch.
tbbt_s09e22_d79012;79012;s09e22;test;tbbt_s09e22.mp4;s09e22_seg02_clip_08;34.83;38.07;677.81;681.05;677.81;681.05;11:17.8;11:21.0;3.24;tvr;rejected;manual;no;no;;;Leonard is sitting next to Howard at a wine bar.
tbbt_s09e22_d79005;79005;s09e22;test;tbbt_s09e22.mp4;s09e22_seg02_clip_09;0.0;4.5;701.98;706.48;701.98;706.48;11:42.0;11:46.5;4.5;tvr;rejected;manual;no;no;;;Penny takes a drink of her wine as she talks to Amy.
tbbt_s09e22_d79008;79008;s09e22;test;tbbt_s09e22.mp4;s09e22_seg02_clip_09;11.71;14.11;713.69;716.09;711.33;715.58;11:51.3;11:55.6;4.25;tvr;accepted;;yes;yes;;;A blonde woman walks up to Raj from behind and gives him a kiss on the cheek, at the vineyard.
tbbt_s09e22_d79006;79006;s09e22;test;tbbt_s09e22.mp4;s09e22_seg02_clip_09;13.21;15.01;715.19;716.99;715.19;716.99;11:55.2;11:57.0;1.8;tvr;rejected;manual;no;no;;;Raj kisses Claire on the cheek to greet her.
tbbt_s09e22_d79007;79007;s09e22;test;tbbt_s09e22.mp4;s09e22_seg02_clip_09;31.21;36.02;733.19;738.0;728.9;743.88;12:08.9;12:23.9;14.98;tvr;accepted;;yes;yes;;;A shot of Sheldon standing at the kitchen island in front of a row of toast, while Bernadette sits across from him.
tbbt_s09e22_d34110;34110;s09e22;test;tbbt_s09e22.mp4;s09e22_seg02_clip_10;0.0;3.36;761.97;765.33;761.97;765.33;12:42.0;12:45.3;3.36;tvr;rejected;manual;no;no;;;Sheldon hands Bernadette a clipboard and she sits down on the chair.
tbbt_s09e22_d34113;34113;s09e22;test;tbbt_s09e22.mp4;s09e22_seg02_clip_10;2.44;4.58;764.41;766.55;764.41;766.55;12:44.4;12:46.6;2.14;tvr;rejected;manual;no;no;;;Sheldon hands a clipboard to Bernadette as she takes a seat in a chair.
tbbt_s09e22_d34111;34111;s09e22;test;tbbt_s09e22.mp4;s09e22_seg02_clip_10;3.36;10.99;765.33;772.96;764.82;772.6;12:44.8;12:52.6;7.78;tvr;accepted;;yes;yes;;;Sheldon, in a green shirt, sits on the couch reading from a notebook, holding up a small game figure between his fingers as he talks to Bernadette.
tbbt_s09e22_d34112;34112;s09e22;test;tbbt_s09e22.mp4;s09e22_seg02_clip_10;54.93;61.03;816.9;823.0;816.9;823.0;13:36.9;13:43.0;6.1;tvr;rejected;manual;no;no;;;Claire looks at Raj who is shaking his head up and down and then says something to Penny and Amy.
tbbt_s09e22_d34118;34118;s09e22;test;tbbt_s09e22.mp4;s09e22_seg02_clip_11;2.95;5.31;825.95;828.31;824.42;827.29;13:44.4;13:47.3;2.87;tvr;accepted;;yes;yes;;;Penny rapidly turns her head and looks strangely at Amy, then nervously takes a drink of wine, while standing at the wine barrel table.
tbbt_s09e22_d34115;34115;s09e22;test;tbbt_s09e22.mp4;s09e22_seg02_clip_11;2.95;6.2;825.95;829.2;825.95;829.2;13:45.9;13:49.2;3.25;tvr;rejected;manual;no;no;;;Amy takes a drink of her wine as she sits next to Penny.
tbbt_s09e22_d34119;34119;s09e22;test;tbbt_s09e22.mp4;s09e22_seg02_clip_11;5.31;7.67;828.31;830.67;828.31;830.67;13:48.3;13:50.7;2.36;tvr;rejected;manual;no;no;;;Zacks walks over to the table with a glass of wine in his hand.
tbbt_s09e22_d34116;34116;s09e22;test;tbbt_s09e22.mp4;s09e22_seg02_clip_11;15.64;25.97;838.64;848.97;838.64;848.97;13:58.6;14:09.0;10.33;tvr;rejected;manual;no;no;;;Raj is standing next to Claire as he speaks with Zack.
tbbt_s09e22_d34120;34120;s09e22;test;tbbt_s09e22.mp4;s09e22_seg02_clip_12;0.0;5.19;881.97;887.16;851.78;856.66;14:11.8;14:16.7;4.88;tvr;accepted;;yes;yes;;;Howard and Leonard stand silently side by side in a men's restroom, in front of a wall-mounted urinal, against a wood-paneled wall.
tbbt_s09e22_d34117;34117;s09e22;test;tbbt_s09e22.mp4;s09e22_seg02_clip_11;32.76;37.19;855.76;860.19;855.76;860.19;14:15.8;14:20.2;4.43;tvr;rejected;manual;no;no;;;Howard and Leonard are standing together while in the restroom.
tbbt_s09e22_d34123;34123;s09e22;test;tbbt_s09e22.mp4;s09e22_seg02_clip_12;10.07;24.72;892.04;906.69;893.68;894.94;14:53.7;14:54.9;1.26;tvr;accepted;;yes;yes;;;Howard looks at Leonard while in the bathroom and taps the wall-mounted urinal twice with his fist, while walking away.
tbbt_s09e22_d34121;34121;s09e22;test;tbbt_s09e22.mp4;s09e22_seg02_clip_12;13.73;19.22;895.7;901.19;894.39;905.86;14:54.4;15:05.9;11.47;tvr;accepted;;yes;yes;;;Howard, while in the bathroom with Leonard, goes to the sink and washes his hands.
tbbt_s09e22_d34130;34130;s09e22;test;tbbt_s09e22.mp4;s09e22_seg02_clip_14;8.1;11.71;1011.19;1014.8;907.35;913.55;15:07.4;15:13.5;6.2;tvr;accepted;;yes;yes;;;Sheldon shouts excitedly and waves his hand while holding a notebook in it, sitting behind a board game on the coffee table, with Bernadette.
tbbt_s09e22_d34122;34122;s09e22;test;tbbt_s09e22.mp4;s09e22_seg02_clip_12;28.07;32.34;910.04;914.31;910.04;914.31;15:10.0;15:14.3;4.27;tvr;rejected;manual;no;no;;;Sheldon is sitting on the sofa with a note book in hand.
tbbt_s09e22_d34125;34125;s09e22;test;tbbt_s09e22.mp4;s09e22_seg02_clip_13;0.0;15.61;943.15;958.76;943.15;958.76;15:43.2;15:58.8;15.61;tvr;rejected;too_long;no;no;;;Sheldon is sitting on the couch holding and reading from a notebook.
tbbt_s09e22_d34126;34126;s09e22;test;tbbt_s09e22.mp4;s09e22_seg02_clip_13;28.81;32.41;971.97;975.57;971.97;975.57;16:12.0;16:15.6;3.6;tvr;rejected;manual;no;no;;;Sheldon points across the room and Bernadette turns her head to look.
tbbt_s09e22_d34127;34127;s09e22;test;tbbt_s09e22.mp4;s09e22_seg02_clip_13;57.33;59.43;1000.49;1002.59;998.69;1001.23;16:38.7;16:41.2;2.54;tvr;accepted;;yes;yes;;;Sheldon, while holding a book, makes a finger gun and points it to his head, then grimaces
tbbt_s09e22_d34134;34134;s09e22;test;tbbt_s09e22.mp4;s09e22_seg02_clip_14;8.7;12.61;1011.79;1015.7;1017.74;1020.13;16:57.7;17:00.1;2.39;tvr;accepted;;yes;yes;;;Sheldon sweeps his hand across the couch cushion as if brushing away dust, while talking to Bernadette, who sits across from him holding a clipboard.
tbbt_s09e22_d34131;34131;s09e22;test;tbbt_s09e22.mp4;s09e22_seg02_clip_14;47.12;49.82;1050.21;1052.91;1050.21;1052.91;17:30.2;17:32.9;2.7;tvr;rejected;manual;no;no;;;Raj lifts both hands to the side of his head while speaking to Zack.
tbbt_s09e22_d34132;34132;s09e22;test;tbbt_s09e22.mp4;s09e22_seg02_clip_14;52.52;57.03;1055.61;1060.12;1055.61;1060.12;17:35.6;17:40.1;4.51;tvr;rejected;manual;no;no;;;Zack places his hand on Raj's shoulder.
tbbt_s09e22_d34133;34133;s09e22;test;tbbt_s09e22.mp4;s09e22_seg02_clip_14;52.82;57.33;1055.91;1060.42;1055.91;1060.42;17:35.9;17:40.4;4.51;tvr;rejected;manual;no;no;;;Zack puts his hand on Raj's right shoulder.
tbbt_s09e22_d34135;34135;s09e22;test;tbbt_s09e22.mp4;s09e22_seg02_clip_15;3.3;7.5;1066.44;1070.64;1066.44;1070.64;17:46.4;17:50.6;4.2;tvr;accepted;;no;yes;;;Amy finishes the rest of her wine in one gulp, then chokes and covers her mouth with her hand, at the table with an appetizers and wine glasses.
tbbt_s09e22_d34139;34139;s09e22;test;tbbt_s09e22.mp4;s09e22_seg02_clip_15;16.51;19.81;1079.65;1082.95;1079.65;1082.95;17:59.6;18:02.9;3.3;tvr;rejected;manual;no;no;;;Raj walks up to the table and puts a drink on the table.
tbbt_s09e22_d34136;34136;s09e22;test;tbbt_s09e22.mp4;s09e22_seg02_clip_15;17.71;20.41;1080.85;1083.55;1080.85;1083.55;18:00.8;18:03.5;2.7;tvr;rejected;manual;no;no;;;Raj walks up to Claire's table and sets down two glasses of wine.
tbbt_s09e22_d34137;34137;s09e22;test;tbbt_s09e22.mp4;s09e22_seg02_clip_15;41.42;45.32;1104.56;1108.46;1085.16;1086.62;18:05.2;18:06.6;1.46;tvr;accepted;;yes;yes;;;A tall man, while standing at the vineyard near Leonard and Raj, makes an OK hand gesture with a wide-eyed, exaggerated expression and his mouth open.
tbbt_s09e22_d34140;34140;s09e22;test;tbbt_s09e22.mp4;s09e22_seg02_clip_16;1.44;3.9;1124.7;1127.16;1124.7;1127.16;18:44.7;18:47.2;2.46;tvr;rejected;manual;no;no;;;Sheldon is in the kitchen as Leonard comes from his room.
tbbt_s09e22_d34141;34141;s09e22;test;tbbt_s09e22.mp4;s09e22_seg02_clip_16;9.23;12.51;1132.49;1135.77;1132.49;1135.77;18:52.5;18:55.8;3.28;tvr;rejected;manual;no;no;;;Leonard pours himself a cup of coffee in the kitchen.
tbbt_s09e22_d34143;34143;s09e22;test;tbbt_s09e22.mp4;s09e22_seg02_clip_16;9.44;41.02;1132.7;1164.28;1132.7;1164.28;18:52.7;19:24.3;31.58;tvr;rejected;too_long;no;no;;;Sheldon was eating a piece of bread whilst talking to Leonard.
tbbt_s09e22_d34144;34144;s09e22;test;tbbt_s09e22.mp4;s09e22_seg02_clip_16;11.28;15.59;1134.54;1138.85;1134.54;1138.85;18:54.5;18:58.9;4.31;tvr;rejected;manual;no;no;;;Leonard puts coffee into his cup whilst talking to Sheldon.
tbbt_s09e22_d34142;34142;s09e22;test;tbbt_s09e22.mp4;s09e22_seg02_clip_16;19.69;23.59;1142.95;1146.85;1142.95;1146.85;19:03.0;19:06.9;3.9;tvr;rejected;manual;no;no;;;Leonard leans on the kitchen island as he listens to Sheldon.
