desc_id;vid_name;episode;split;segment;clip_no;ts_start;ts_end;clip_duration;desc
97650;s01e01_seg01_clip_00;s01e01;test;seg01;0;3.36;14.95;61.04;Sheldon and Leonard walk down a hallway talking and stop to continuing talking at a door.
97653;s01e01_seg01_clip_00;s01e01;test;seg01;0;15.56;18.92;61.04;Leonard opens the door to a doctor's reception area.
97651;s01e01_seg01_clip_00;s01e01;test;seg01;0;16.17;22.58;61.04;Leonard and Sheldon walk into an office and Sheldon shuts the door behind him.
97652;s01e01_seg01_clip_00;s01e01;test;seg01;0;22.28;31.73;61.04;Leonard walks over to the nurse's desk and looks to see what she's doing.
55211;s01e01_seg01_clip_01;s01e01;test;seg01;1;5.67;7.56;63.04;Doctor at the desk hands Leonard a clipboard and pen.
55213;s01e01_seg01_clip_01;s01e01;test;seg01;1;6.62;8.19;63.04;The receptionist hands Leonard a clipboard and a pen.
55210;s01e01_seg01_clip_01;s01e01;test;seg01;1;10.08;15.44;63.04;Doctor sits at the desk reading the newspaper.
55212;s01e01_seg01_clip_01;s01e01;test;seg01;1;15.76;24.27;63.04;Sheldon and Leonard sitting in office chairs filling out paperwork on a clipboard.
55214;s01e01_seg01_clip_01;s01e01;test;seg01;1;16.07;63.03;63.04;Sheldon and Leonard are sitting in the waiting room with clipboards as they converse.
86435;s01e01_seg01_clip_02;s01e01;test;seg01;2;0.0;18.86;58.03;Sheldon and Leonard sit in a waiting room having a conversation.
86436;s01e01_seg01_clip_02;s01e01;test;seg01;2;20.31;31.33;58.03;Sheldon and Leonard stand up and walk to the door to leave.
86437;s01e01_seg01_clip_02;s01e01;test;seg01;2;33.65;58.03;58.03;Leonard walks up the stair holding a brown bad and talking to Sheldon.
86433;s01e01_seg01_clip_03;s01e01;test;seg01;3;0.0;6.2;59.49;Leonard and Sheldon walk up a staircase in an apartment building.
86430;s01e01_seg01_clip_03;s01e01;test;seg01;3;4.43;20.95;59.49;Leonard stares at Penny through her open door while she is not looking.
86431;s01e01_seg01_clip_03;s01e01;test;seg01;3;20.66;23.91;59.49;Penny catches Leonard and Sheldon staring at her from the hallway.
86432;s01e01_seg01_clip_03;s01e01;test;seg01;3;43.68;46.63;59.49;Penny walks across the room to her door.
86445;s01e01_seg01_clip_04;s01e01;test;seg01;4;0.0;9.0;60.03;Penny stands at her front door talking to Leonard and Sheldon and then closes the door on them.
86448;s01e01_seg01_clip_04;s01e01;test;seg01;4;6.3;8.7;60.03;Penny closes the door in Leonard and Sheldon's faces.
86446;s01e01_seg01_clip_04;s01e01;test;seg01;4;10.5;15.61;60.03;Sheldon takes his keys out of his pocket and unlocks the front door to his apartment.
86447;s01e01_seg01_clip_04;s01e01;test;seg01;4;22.51;57.33;60.03;Leonard and Sheldon enter their apartment continuing their conversation and then turn around and walk back out..
86449;s01e01_seg01_clip_04;s01e01;test;seg01;4;23.41;27.91;60.03;Sheldon sits his computer bag down in the chair.
86440;s01e01_seg01_clip_05;s01e01;test;seg01;5;3.92;5.32;61.03;Leonard knocks on an apartment door while Sheldon stands behind him.
86443;s01e01_seg01_clip_05;s01e01;test;seg01;5;4.48;8.68;61.03;Leonard knocks on Penny's door and she answer it.
86441;s01e01_seg01_clip_05;s01e01;test;seg01;5;16.25;40.06;61.03;Leonard holds up a paper bag while talking to Penny.
86442;s01e01_seg01_clip_05;s01e01;test;seg01;5;50.42;54.34;61.03;Penny leaves her apartment and walks across the hallway.
80615;s01e01_seg02_clip_00;s01e01;test;seg02;0;0.0;5.19;61.32;Sheldon and leonard enter through the apartment door.
80616;s01e01_seg02_clip_00;s01e01;test;seg02;0;4.88;7.63;61.32;Leonard removes a bag from his shoulder and sets it on a desk.
80617;s01e01_seg02_clip_00;s01e01;test;seg02;0;12.21;15.56;61.32;Penny walks over to a white board with equations on it.
80620;s01e01_seg02_clip_01;s01e01;test;seg02;1;17.4;26.63;71.04;Leonard is standing behind Sheldon then walks over and sits down in the chair.
80621;s01e01_seg02_clip_01;s01e01;test;seg02;1;21.66;39.06;71.04;While talking, Sheldon puts his hand on his neck, for emphasis.
80622;s01e01_seg02_clip_01;s01e01;test;seg02;1;55.04;68.54;71.04;Sheldon walks over to his desk and spins around completely.
80605;s01e01_seg02_clip_02;s01e01;test;seg02;2;0.0;2.21;49.65;Sheldon sits down on the couch next to Penny after Leonard yells at him.
80609;s01e01_seg02_clip_02;s01e01;test;seg02;2;5.39;6.86;49.65;Leonard grabs his food from the table in the living room.
80607;s01e01_seg02_clip_02;s01e01;test;seg02;2;14.95;27.94;49.65;Sheldon and Leonard tell Penny about Klingon Boggle as they are sitting in the living room.
80606;s01e01_seg02_clip_02;s01e01;test;seg02;2;17.89;22.8;49.65;Penny, Sheldon, and Leonard are all sitting in the living room holding plates of food.
80610;s01e01_seg02_clip_03;s01e01;test;seg02;3;0.0;2.84;63.04;Sheldon is sitting on the sofa eating out of a foil tray.
80611;s01e01_seg02_clip_03;s01e01;test;seg02;3;7.56;9.77;63.04;Penny has her hand on the sofa near Sheldon.
80613;s01e01_seg02_clip_03;s01e01;test;seg02;3;28.05;29.94;63.04;Leonard is sitting in the armchair while shaking his head and looking up.
80612;s01e01_seg02_clip_03;s01e01;test;seg02;3;59.25;63.03;63.04;Leonard puts his hand on his mouth as he listens to Penny.
80614;s01e01_seg02_clip_03;s01e01;test;seg02;3;59.88;60.51;63.04;Leonard is sitting in the armchair while covering his mouth with his left hand.
80595;s01e01_seg02_clip_04;s01e01;test;seg02;4;13.69;20.24;57.77;Penny puts her hands in her face and starts to cry.
80598;s01e01_seg02_clip_04;s01e01;test;seg02;4;14.26;25.95;57.77;When Penny suddenly starts crying, Sheldon and Leonard are confused and don't know what's going on.
80596;s01e01_seg02_clip_04;s01e01;test;seg02;4;36.5;41.06;57.77;Sheldon slides to his spot on the couch after Penny gets up.
80599;s01e01_seg02_clip_04;s01e01;test;seg02;4;36.5;43.34;57.77;Penny jumps up and goes to the kitchen for a paper towel and Sheldon hurries over to his favorite spot on the couch.
80597;s01e01_seg02_clip_04;s01e01;test;seg02;4;47.62;51.89;57.77;Penny has a paper towel in her hand as she is speaking to Leonard and Sheldon.
80603;s01e01_seg02_clip_05;s01e01;test;seg02;5;7.88;13.55;63.04;Sheldon stands up and goes over to Penny.
80600;s01e01_seg02_clip_05;s01e01;test;seg02;5;8.82;13.87;63.04;Leonard gets up from the chair and walks towards Penny.
80601;s01e01_seg02_clip_05;s01e01;test;seg02;5;50.11;54.21;63.04;Penny walks down the hallway to the bathroom.
80602;s01e01_seg02_clip_05;s01e01;test;seg02;5;59.25;63.03;63.04;Sheldon sets his food container and fork on the coffee table before standing and walking away.
80604;s01e01_seg02_clip_05;s01e01;test;seg02;5;59.25;61.14;63.04;Sheldon puts his container of food on the coffee table.
80585;s01e01_seg02_clip_06;s01e01;test;seg02;6;0.58;6.09;58.03;Sheldon walks across the living room to the kitchen and opens the refrigerator door.
80588;s01e01_seg02_clip_06;s01e01;test;seg02;6;3.77;13.06;58.03;Leonard joins Sheldon in the kitchen while he grabs a couple of beers from the fridge.
80586;s01e01_seg02_clip_06;s01e01;test;seg02;6;9.57;19.15;58.03;Sheldon is holding two beers he removed from the refrigerator while he is conversing with Leonard. He then sets the beer down on the kitchen island.
80587;s01e01_seg02_clip_06;s01e01;test;seg02;6;45.26;57.73;58.03;Leonard and then Sheldon grab the beers from the kitchen island and walk to the living room Sheldon sits down on the couch and Leonard leans on the wall as they continue to conversing.
80589;s01e01_seg02_clip_06;s01e01;test;seg02;6;45.55;52.51;58.03;Sheldon walks over to the couch and sits down with his beer.
80591;s01e01_seg02_clip_07;s01e01;test;seg02;7;13.58;23.32;59.24;Leonard walks to the door, lets Howard and Raj in, then closes the door.
80594;s01e01_seg02_clip_07;s01e01;test;seg02;7;13.87;18.0;59.24;Leonard opens the door and find Howard and Raj on the other side.
80590;s01e01_seg02_clip_07;s01e01;test;seg02;7;27.74;31.28;59.24;Howard raises his hand then quickly moves his middle finger up and down on his lips.
80592;s01e01_seg02_clip_07;s01e01;test;seg02;7;34.83;36.6;59.24;The dart board is visible behind Leonard for the last time.
3020;s01e01_seg02_clip_08;s01e01;test;seg02;8;5.1;9.0;60.13;Penny runs out of the bathroom into the living room wearing only a towel.
3021;s01e01_seg02_clip_08;s01e01;test;seg02;8;34.22;37.22;60.13;Leonard looks back behind him and glares at Howard as he's walking.
3022;s01e01_seg02_clip_08;s01e01;test;seg02;8;54.02;57.03;60.13;Penny pulls back the shower curtain and climbs inside of the shower.
38400;s01e01_seg02_clip_10;s01e01;test;seg02;10;45.75;58.44;59.03;Penny sits on the same couch as Raj and starts speaking to him.
38402;s01e01_seg02_clip_10;s01e01;test;seg02;10;51.35;58.73;59.03;Raj puts a spoonful of food in his mouth and starts chewing.
38401;s01e01_seg02_clip_10;s01e01;test;seg02;10;58.44;59.03;59.03;Howard walks into the living room carrying two beverages.
38395;s01e01_seg02_clip_11;s01e01;test;seg02;11;1.22;3.05;61.04;Howard sits down on the arm of the chair while he is holding two juice boxes.
38396;s01e01_seg02_clip_11;s01e01;test;seg02;11;28.38;30.21;61.04;Leonard grabs Sheldon by the arm as he tries to walk away.
38397;s01e01_seg02_clip_11;s01e01;test;seg02;11;54.01;57.67;61.04;Leonard shakes the doors to the apartment building with both hands.
38410;s01e01_seg02_clip_12;s01e01;test;seg02;12;5.1;13.51;60.03;Two little girls pass Sheldon and Leonard and enter the building.
38413;s01e01_seg02_clip_12;s01e01;test;seg02;12;12.01;17.11;60.03;Sheldon and Leonard follow two girls into the apartment.
38412;s01e01_seg02_clip_12;s01e01;test;seg02;12;15.31;17.11;60.03;Sheldon and Leonard run through the building's open door.
38414;s01e01_seg02_clip_12;s01e01;test;seg02;12;49.22;53.12;60.03;Sheldon and Leonard exit the apartment building without wearing pants.
38411;s01e01_seg02_clip_12;s01e01;test;seg02;12;49.52;60.03;60.03;Leonard and Sheldon leave the building without their pants.
38405;s01e01_seg02_clip_13;s01e01;test;seg02;13;0.0;3.6;60.03;Leonard puts his hand inside his jacket pockets.
38408;s01e01_seg02_clip_13;s01e01;test;seg02;13;9.6;48.32;60.03;Leonard and Sheldon ascend several flights of stairs in their underwear.
38406;s01e01_seg02_clip_13;s01e01;test;seg02;13;11.41;16.21;60.03;Leonard and Sheldon walk up the first flight of stairs.
38407;s01e01_seg02_clip_13;s01e01;test;seg02;13;24.01;29.41;60.03;Leonard and Sheldon walk up the second flight of stairs.
2968;s01e01_seg02_clip_14;s01e01;test;seg02;14;14.46;16.53;59.03;Raj leans in to whisper into Howard's ear as he is sitting next to him.
2965;s01e01_seg02_clip_14;s01e01;test;seg02;14;17.12;23.02;59.03;Leonard and Sheldon enter the apartment and Sheldon closes the door.
2966;s01e01_seg02_clip_14;s01e01;test;seg02;14;39.84;44.86;59.03;Penny hugs Leonard and Sheldon then is no longer touching them.
2967;s01e01_seg02_clip_14;s01e01;test;seg02;14;56.66;59.03;59.03;Sheldon and Leonard stand in the doorway watching Penny go into her apartment.
38415;s01e01_seg02_clip_15;s01e01;test;seg02;15;0.0;13.24;64.3;Sheldon and Leonard stand next to each other in an open doorway as they stare into the hallway and have a conversation.
38418;s01e01_seg02_clip_15;s01e01;test;seg02;15;0.0;12.29;64.3;Sheldon and Leonard have a conversation as they stand in a doorway.
38416;s01e01_seg02_clip_15;s01e01;test;seg02;15;19.85;23.95;64.3;Penny sits in the back seat and shrugs her shoulders twice as she has a conversation with Sheldon.
38417;s01e01_seg02_clip_15;s01e01;test;seg02;15;42.86;45.07;64.3;Howard turns his head and looks out the car window as he sings.
39255;s01e06_seg01_clip_00;s01e06;test;seg01;0;0.0;12.51;61.04;Howard, Leonard, Sheldon, and Raj stumble though the front door, covered with blue paint.
39258;s01e06_seg01_clip_00;s01e06;test;seg01;0;2.14;10.68;61.04;Raj, Leonard, Sheldon, and Howard walk into the apartment building wearing paintball gear covered in paint.
39257;s01e06_seg01_clip_00;s01e06;test;seg01;0;34.18;46.38;61.04;Sheldon turns around to reveal a large red paint mark on his back.
39256;s01e06_seg01_clip_00;s01e06;test;seg01;0;55.23;59.5;61.04;Penny comes down the stairs, and is saluted by Leonard.
39259;s01e06_seg01_clip_00;s01e06;test;seg01;0;55.84;61.03;61.04;Penny walks down the stairs and runs into the guys covered in paint.
39260;s01e06_seg01_clip_01;s01e06;test;seg01;1;12.8;23.21;80.02;Penny invites Leonard, Sheldon, Raj, and Howard to a party at her place.
39262;s01e06_seg01_clip_01;s01e06;test;seg01;1;43.21;47.21;80.02;Howard, Raj, and Sheldon all look at Leonard silently pleading for him to accept the party invitation from Penny.
39263;s01e06_seg01_clip_01;s01e06;test;seg01;1;43.21;45.21;80.02;Howard turns around from facing Penny and raises his arms towards Raj,Leonard, and Sheldon.
39261;s01e06_seg01_clip_01;s01e06;test;seg01;1;74.42;78.82;80.02;Penny pats Sheldon on the face before walking down the stairs at the apartments.
39264;s01e06_seg01_clip_01;s01e06;test;seg01;1;74.82;78.42;80.02;Penny taps Sheldon on the face and she heads down the stairs.
38095;s01e06_seg02_clip_00;s01e06;test;seg02;0;11.48;22.64;62.04;Leonard answers the door while wearing a Flash costume.
38098;s01e06_seg02_clip_00;s01e06;test;seg02;0;20.47;23.57;62.04;Leonard answers the door wearing a Flash costume.
38096;s01e06_seg02_clip_00;s01e06;test;seg02;0;21.09;24.81;62.04;Leonard opens the door only to discover Howard is wearing the same costume as him.
38097;s01e06_seg02_clip_00;s01e06;test;seg02;0;21.09;34.43;62.04;The four guys all discover they are wearing the same costume.
38099;s01e06_seg02_clip_00;s01e06;test;seg02;0;33.81;35.98;62.04;Raj jumps into the apartment wearing a Flash costume.
38105;s01e06_seg02_clip_02;s01e06;test;seg02;2;0.0;2.57;57.02;Sheldon has a bottle of juice in his hands.
38106;s01e06_seg02_clip_02;s01e06;test;seg02;2;17.68;26.8;57.02;Sheldon pours a juice into his glass as he speaks to Leonard.
38107;s01e06_seg02_clip_02;s01e06;test;seg02;2;48.19;53.32;57.02;Leonard grabs a spatula from the kitchen to look at himself.
38109;s01e06_seg02_clip_02;s01e06;test;seg02;2;48.47;57.02;57.02;Leonard checks out his reflection in a spatula.
38103;s01e06_seg02_clip_03;s01e06;test;seg02;3;0.0;8.1;60.03;Leonard was looking at himself in the mirror he was holding.
38100;s01e06_seg02_clip_03;s01e06;test;seg02;3;6.0;7.5;60.03;Leonard views himself in a hand mirror while he is in a costume.
38101;s01e06_seg02_clip_03;s01e06;test;seg02;3;9.0;12.01;60.03;Leonard, Howard, Raj, and Sheldon walk up to the door of Penny's apartment while wearing costumes.
38104;s01e06_seg02_clip_03;s01e06;test;seg02;3;9.3;60.03;60.03;Leonard, Raj, Sheldon and Howard were all wearing their costumes.
38102;s01e06_seg02_clip_03;s01e06;test;seg02;3;17.71;21.01;60.03;Penny opens the door for the boys as they wait outside and begins a conversation with them.
54545;s01e06_seg02_clip_04;s01e06;test;seg02;4;0.0;4.27;61.04;Sheldon, Leonarda and Raj are standing in costumes while Sheldon talks
54548;s01e06_seg02_clip_04;s01e06;test;seg02;4;17.39;20.75;61.04;Sheldon turn his back off to Penny while they are talking.
54546;s01e06_seg02_clip_04;s01e06;test;seg02;4;28.38;35.09;61.04;Howard puts his foot on the coffee table and pretends to blow pixie dust.
54547;s01e06_seg02_clip_04;s01e06;test;seg02;4;60.11;61.03;61.04;Penny walks out of the room towards the bathroom.
18408;s01e06_seg02_clip_05;s01e06;test;seg02;5;3.0;7.8;60.27;Sheldon and friends in their costume sit in the sofa altogether.
18405;s01e06_seg02_clip_05;s01e06;test;seg02;5;7.2;9.3;60.27;Leonard crosses his ankle onto his knee as he sits on the couch between Raj and Sheldon.
18406;s01e06_seg02_clip_05;s01e06;test;seg02;5;13.51;18.61;60.27;Raj sits on the couch and shoves snack mix into his mouth.
18407;s01e06_seg02_clip_05;s01e06;test;seg02;5;37.82;40.52;60.27;Penny walks across the front of the living room wearing a cat costume.
54573;s01e06_seg02_clip_06;s01e06;test;seg02;6;0.0;28.68;61.33;Howard is dressed like Robin Hood, and he picks up a bow from next to his chair, then stands up and walks away, carrying the bow, and wearing arrows on his back.
54570;s01e06_seg02_clip_06;s01e06;test;seg02;6;4.27;7.02;61.33;Howard reaches for his bow and sets it in his lap.
54571;s01e06_seg02_clip_06;s01e06;test;seg02;6;25.94;30.51;61.33;Howard rises from his chair and walks out of scene.
54574;s01e06_seg02_clip_06;s01e06;test;seg02;6;31.12;61.03;61.33;Sheldon, Leonard, and Raj sit on a couch dressed in costumes, talking and watching Howard talk to a girl, then they talk to each other again.
54572;s01e06_seg02_clip_06;s01e06;test;seg02;6;50.04;52.18;61.33;Howard folds his arms while talking to a woman dressed as a nurse.
38120;s01e06_seg02_clip_07;s01e06;test;seg02;7;7.54;11.61;58.03;A girl in a pink costume walks up to get something off a coffee table
38121;s01e06_seg02_clip_07;s01e06;test;seg02;7;33.36;36.85;58.03;Leonard stands up to go socialize with other people
38123;s01e06_seg02_clip_07;s01e06;test;seg02;7;41.78;44.97;58.03;Sheldon stands up from the couch at the party.
38124;s01e06_seg02_clip_07;s01e06;test;seg02;7;53.67;58.03;58.03;Sheldon and Leonard approach a blonde woman wearing a pink costume.
38122;s01e06_seg02_clip_07;s01e06;test;seg02;7;54.25;58.03;58.03;Girl in a Hippie costume about walks into Sheldon
38060;s01e06_seg02_clip_08;s01e06;test;seg02;8;0.92;2.14;61.7;A girl waves her hand in front of Sheldon gesturing to his costume.
38061;s01e06_seg02_clip_08;s01e06;test;seg02;8;19.22;26.55;61.7;A girl sits down on the couch next to Raj and he can't answer her.
38064;s01e06_seg02_clip_08;s01e06;test;seg02;8;19.53;27.46;61.7;A girl dressed as a lady bug sits next to Raj on the sofa.
38062;s01e06_seg02_clip_08;s01e06;test;seg02;8;55.84;60.42;61.7;Leonard looks across the party to see Penny's sexy ex boyfriend in the doorway.
38055;s01e06_seg02_clip_09;s01e06;test;seg02;9;17.12;20.07;59.34;Penny hugs the shirtless guy standing in front of her.
38056;s01e06_seg02_clip_09;s01e06;test;seg02;9;24.2;27.74;59.34;The shirtless man flirtatiously tucks a stray hair behind Penny's ear.
38057;s01e06_seg02_clip_09;s01e06;test;seg02;9;52.83;56.96;59.34;Leonard places his hand briefly on Sheldon's shoulder while he's speaking.
94555;s01e06_seg02_clip_10;s01e06;test;seg02;10;9.46;16.48;61.04;Leonard walks over to Penny and starts a conversation.
94556;s01e06_seg02_clip_10;s01e06;test;seg02;10;11.29;61.03;61.04;Sheldon follows behind Leonard, and has a conversation with Penny and her friend.
94557;s01e06_seg02_clip_10;s01e06;test;seg02;10;17.39;61.03;61.04;Penny turns her body towards Leonard and Sheldon and speaks to them.
80260;s01e06_seg02_clip_11;s01e06;test;seg02;11;6.0;10.5;60.26;Kurt walks over to Leonard and rubs Leonard's hair.
80262;s01e06_seg02_clip_11;s01e06;test;seg02;11;8.7;11.71;60.26;A bowl of Halloween candy is on a table by the apartment door.
80264;s01e06_seg02_clip_11;s01e06;test;seg02;11;23.11;24.61;60.26;Penny nudges Kurt in the arm while smiling at Kurt.
80261;s01e06_seg02_clip_11;s01e06;test;seg02;11;59.43;60.03;60.26;Sheldon licks his lips while Leonard speaks to Kurt.
44940;s01e06_seg02_clip_12;s01e06;test;seg02;12;20.11;26.71;60.07;Sheldon whispers to Leonard as he is standing in front of Kurt.
44943;s01e06_seg02_clip_12;s01e06;test;seg02;12;29.71;33.31;60.07;The topless guy carries Leonard and Leonard was shocked.
44941;s01e06_seg02_clip_12;s01e06;test;seg02;12;32.11;36.02;60.07;Kurt lifts Leonard as he was talking to Sheldon.
44942;s01e06_seg02_clip_12;s01e06;test;seg02;12;47.12;52.22;60.07;Kurt drops Leonard onto Sheldon and walks away.
94550;s01e06_seg02_clip_13;s01e06;test;seg02;13;12.51;17.7;61.04;Sheldon and Leonard walk out of a Halloween party at Penny's apartment.
94551;s01e06_seg02_clip_13;s01e06;test;seg02;13;28.99;43.02;61.04;Sheldon brings a drink in a mug to Leonard who is sitting on the couch in a hobbit costume.
94552;s01e06_seg02_clip_13;s01e06;test;seg02;13;46.38;49.43;61.04;Sheldon pats Leonard on the back a couple times as Leonard sits on the couch.
80238;s01e06_seg02_clip_14;s01e06;test;seg02;14;3.05;9.46;61.04;Leonard looks despondant for a moment there there is a knock at the door and Penny comes in.
80235;s01e06_seg02_clip_14;s01e06;test;seg02;14;3.36;6.41;61.04;Leonard puts his cup and saucer down on the coffee table.
80236;s01e06_seg02_clip_14;s01e06;test;seg02;14;16.17;21.05;61.04;Penny walks into Leonard's apartment and sits down next to Leonard.
80237;s01e06_seg02_clip_14;s01e06;test;seg02;14;49.13;52.79;61.04;Penny puts her head on Leonard's shoulder while they are sitting on the couch.
80239;s01e06_seg02_clip_14;s01e06;test;seg02;14;49.43;54.31;61.04;Penny bursts into tears before burying her head in Leonards neck.
94545;s01e06_seg02_clip_15;s01e06;test;seg02;15;0.0;9.69;57.58;Penny is leaning her head on Howard's shoulder crying.
94548;s01e06_seg02_clip_15;s01e06;test;seg02;15;19.1;27.37;57.58;Penny kisses Leonard as they sit on the couch.
94546;s01e06_seg02_clip_15;s01e06;test;seg02;15;19.39;27.37;57.58;Penny kisses Howard as she is leaning on his shoulder.
94547;s01e06_seg02_clip_15;s01e06;test;seg02;15;31.93;37.92;57.58;Leonard puts his hand on Penny's shoulder as he talks to her.
94549;s01e06_seg02_clip_15;s01e06;test;seg02;15;54.46;57.02;57.58;Leonard moves his right hand from Penny's shoulder.
80225;s01e06_seg02_clip_16;s01e06;test;seg02;16;0.0;6.41;61.04;Penny and Leonard are sitting next to each other on the couch.
80226;s01e06_seg02_clip_16;s01e06;test;seg02;16;34.79;38.14;61.04;Penny kisses Leonard at the doorway of his apartment.
80228;s01e06_seg02_clip_16;s01e06;test;seg02;16;34.79;38.45;61.04;Penny puts her hands on Leonard's face and kisses him.
80227;s01e06_seg02_clip_16;s01e06;test;seg02;16;52.79;56.15;61.04;Leonard closes his front door quickly and locks his door.
80229;s01e06_seg02_clip_16;s01e06;test;seg02;16;53.4;56.45;61.04;After closing a door, Leonard connects the security chain on the door frame to the door.
80230;s01e06_seg02_clip_17;s01e06;test;seg02;17;5.04;8.61;44.98;Sheldon answers the door to see Howard, dressed in a Peter Pan costume.
80232;s01e06_seg02_clip_17;s01e06;test;seg02;17;15.13;18.28;44.98;Sheldon and Howard talk about Raj who is dressed like Thor.
80231;s01e06_seg02_clip_17;s01e06;test;seg02;17;25.42;27.11;44.98;Raj and a girl lay in bed with a flowered duvet.
80234;s01e06_seg02_clip_17;s01e06;test;seg02;17;28.58;42.02;44.98;Raj is under bed covers with a butterfly girl as she speaks to him.
50300;s01e15_seg01_clip_00;s01e15;dev;seg01;0;11.9;17.09;61.39;Raj and Leonard are walking in the hallway and go to read the notice board.
50303;s01e15_seg01_clip_00;s01e15;dev;seg01;0;17.09;28.68;61.39;Leonard and Raj take a look at the bulletin together.
50301;s01e15_seg01_clip_00;s01e15;dev;seg01;0;39.97;42.72;61.39;Howard is standing outside of Sheldon's office looking inside.
50304;s01e15_seg01_clip_00;s01e15;dev;seg01;0;41.5;61.03;61.39;Sheldon is talking to a woman in his office.
50302;s01e15_seg01_clip_00;s01e15;dev;seg01;0;52.79;54.62;61.39;Sheldon is seated in his office with Missy standing next to him.
37765;s01e15_seg01_clip_01;s01e15;dev;seg01;1;8.7;13.21;60.03;Leonard takes a drink from the water fountain.
37768;s01e15_seg01_clip_01;s01e15;dev;seg01;1;9.3;12.91;60.03;Leonard drinks on the faucet when Sheldon and the girl went out.
37769;s01e15_seg01_clip_01;s01e15;dev;seg01;1;19.81;25.51;60.03;Howard walks slowly to Sheldon while he is talking.
37766;s01e15_seg01_clip_01;s01e15;dev;seg01;1;33.31;38.12;60.03;Howard shakes the hand of the woman who was in Sheldon's office.
37767;s01e15_seg01_clip_01;s01e15;dev;seg01;1;53.12;56.73;60.03;The lady puts her arm around Sheldon's shoulders.
85003;s01e15_seg02_clip_00;s01e15;dev;seg02;0;0.0;6.2;62.04;Leonard steps closer to Sheldon's sister in the hallway.
85000;s01e15_seg02_clip_00;s01e15;dev;seg02;0;2.48;6.82;62.04;Missy is standing in between Leonard and Howard.
85001;s01e15_seg02_clip_00;s01e15;dev;seg02;0;11.48;21.09;62.04;Missy is holding a envelope folder as she speaks to Leonard and Howard.
85002;s01e15_seg02_clip_00;s01e15;dev;seg02;0;35.98;40.01;62.04;Leonard stops Sheldon with his arm as he was about to leave.
85013;s01e15_seg02_clip_02;s01e15;dev;seg02;2;0.0;12.01;60.03;Penny came in and she gave to Leonard his underwear.
85010;s01e15_seg02_clip_02;s01e15;dev;seg02;2;6.0;8.1;60.03;Penny walks into the apartment with a laundry basket.
85011;s01e15_seg02_clip_02;s01e15;dev;seg02;2;18.01;31.21;60.03;Penny is holding up a pair of underwear and Leonard grabs it from her.
85012;s01e15_seg02_clip_02;s01e15;dev;seg02;2;58.53;60.03;60.03;Raj runs through the front door behind Leonard.
85005;s01e15_seg02_clip_03;s01e15;dev;seg02;3;2.79;6.82;62.04;Penny is holding a laundry basket as she speaks to Raj.
85006;s01e15_seg02_clip_03;s01e15;dev;seg02;3;9.3;16.44;62.04;Raj is waving his hand uncontrollably as he greets Missy.
85007;s01e15_seg02_clip_03;s01e15;dev;seg02;3;60.79;62.03;62.04;Penny goes beside Leonard when he is in the kitchen.
85020;s01e15_seg02_clip_04;s01e15;dev;seg02;4;4.85;7.98;57.02;Penny puts the lid on the jar she is holding.
85022;s01e15_seg02_clip_04;s01e15;dev;seg02;4;17.39;21.95;57.02;Sheldon turns from his computer and makes a note in the notebook next to him.
85021;s01e15_seg02_clip_04;s01e15;dev;seg02;4;36.78;38.21;57.02;Leonard sets two dishes down on the coffee table.
85015;s01e15_seg02_clip_05;s01e15;dev;seg02;5;7.2;13.81;60.03;Missy leaves with Penny after getting up from the couch.
85016;s01e15_seg02_clip_05;s01e15;dev;seg02;5;33.92;40.82;60.03;Sheldon is at his laptop while speaking with Leonard, Raj and Howard.
85017;s01e15_seg02_clip_05;s01e15;dev;seg02;5;48.32;52.52;60.03;Sheldon gets up from his chair to go with Leonard to his bedroom.
85030;s01e15_seg02_clip_06;s01e15;dev;seg02;6;0.0;5.27;62.71;Raj is standing next to Howard while talking to him.
85033;s01e15_seg02_clip_06;s01e15;dev;seg02;6;0.0;7.13;62.71;A man wearing a blue jacket waves his hand rapidly.
85031;s01e15_seg02_clip_06;s01e15;dev;seg02;6;8.68;12.72;62.71;Leonard and Sheldon walk into Sheldon's room and Leonard closes the door.
85032;s01e15_seg02_clip_06;s01e15;dev;seg02;6;22.02;29.77;62.71;Sheldon sits onto his bed while he is talking to Leonard.
85034;s01e15_seg02_clip_06;s01e15;dev;seg02;6;24.5;25.12;62.71;A man in a black shirt sits down on the bed.
85025;s01e15_seg02_clip_07;s01e15;dev;seg02;7;0.0;7.25;63.04;Leonard stands in the bedroom talking to Sheldon with his arms crossed tightly in front of him.
85026;s01e15_seg02_clip_07;s01e15;dev;seg02;7;21.43;25.53;63.04;Leonard reaches out and rests his hand on Sheldon's shoulder.
85028;s01e15_seg02_clip_07;s01e15;dev;seg02;7;21.43;26.47;63.04;Leonard puts his hand on Sheldon's left shoulder.
85027;s01e15_seg02_clip_07;s01e15;dev;seg02;7;57.36;59.88;63.04;Sheldon quickly spins around, opens the door and leaves the bedroom.
84990;s01e15_seg02_clip_08;s01e15;dev;seg02;8;2.61;13.35;58.03;Raj and Howard are wrestling each other on the ground.
84991;s01e15_seg02_clip_08;s01e15;dev;seg02;8;14.51;19.73;58.03;Sheldon walks into the living room with Leonard and stand before Raj and Howard.
84992;s01e15_seg02_clip_08;s01e15;dev;seg02;8;57.44;58.03;58.03;Raj is sitting at the kitchen island drinking from a can.
84988;s01e15_seg02_clip_09;s01e15;dev;seg02;9;0.0;8.7;58.03;Howard holds a bag of frozen vegetables up to his neck while he looks in the fridge and then closes the refrigerator door.
84985;s01e15_seg02_clip_09;s01e15;dev;seg02;9;2.61;10.44;58.03;Sheldon is putting mayo on a slice of bread.
84986;s01e15_seg02_clip_09;s01e15;dev;seg02;9;9.86;12.48;58.03;Howard is holding a bag of frozen peas on his neck.
84989;s01e15_seg02_clip_09;s01e15;dev;seg02;9;38.01;45.26;58.03;Raj starts wagging his finger at Sheldon and Leonards moves Raj's hand down.
84987;s01e15_seg02_clip_09;s01e15;dev;seg02;9;41.2;44.39;58.03;Raj is shaking his finger uncontrollably and Leonard puts it down for him.
39985;s01e15_seg02_clip_10;s01e15;dev;seg02;10;11.1;17.11;60.44;Sheldon picks up a slice of cheese and holds it up in front of Leonard, Howard, and Raj.
39986;s01e15_seg02_clip_10;s01e15;dev;seg02;10;28.51;35.42;60.44;Missy walks down the hall and Sheldon then follows her.
39987;s01e15_seg02_clip_10;s01e15;dev;seg02;10;42.62;46.52;60.44;Missy closes the door and turns to face Sheldon.
39990;s01e15_seg02_clip_11;s01e15;dev;seg02;11;1.18;2.66;59.03;Missy crosses her arms in front of her as she takes a step towards Sheldon.
39991;s01e15_seg02_clip_11;s01e15;dev;seg02;11;47.22;48.4;59.03;Missy puts her hand on Sheldon's shoulder and pushes him away form her.
39992;s01e15_seg02_clip_11;s01e15;dev;seg02;11;49.88;52.24;59.03;Missy puts her knee onto the bed and sits down next to Sheldon.
39975;s01e15_seg02_clip_12;s01e15;dev;seg02;12;35.3;36.56;63.04;Sheldon covers his crotch with his hands as he crosses his legs.
39978;s01e15_seg02_clip_12;s01e15;dev;seg02;12;38.13;43.49;63.04;Sheldon raises his finger to Missy while he is sitting on the bed.
39976;s01e15_seg02_clip_12;s01e15;dev;seg02;12;46.01;47.59;63.04;Sheldon stands up from the bed as he talks to Missy.
39977;s01e15_seg02_clip_12;s01e15;dev;seg02;12;54.21;61.14;63.04;Sheldon slowly walks into the living room as he cups his crotch with both hands.
39979;s01e15_seg02_clip_12;s01e15;dev;seg02;12;55.15;63.03;63.04;Sheldon walks out of the bathroom holding himself.
96273;s01e15_seg02_clip_13;s01e15;dev;seg02;13;7.54;9.57;58.79;Howard sits down on the couch with a jar.
96270;s01e15_seg02_clip_13;s01e15;dev;seg02;13;8.12;13.93;58.79;Howard pours the contents of the jar he is holding into a bowl on the coffee table.
96274;s01e15_seg02_clip_13;s01e15;dev;seg02;13;31.04;37.43;58.79;Sheldon walks out of the hallway while Raj, Howard and Leonard are playing a video game.
96271;s01e15_seg02_clip_13;s01e15;dev;seg02;13;35.4;38.88;58.79;Leonard makes boxing moves as he plays a video game with Howard.
96272;s01e15_seg02_clip_13;s01e15;dev;seg02;13;41.78;49.03;58.79;Leonard excitedly jumps up and down with the nintendo controllers over his head.
39965;s01e15_seg02_clip_14;s01e15;dev;seg02;14;0.63;7.56;63.04;Confidently, Leonard walks over to Amy's apartment and knocks on the door.
39966;s01e15_seg02_clip_14;s01e15;dev;seg02;14;20.48;23.64;63.04;Penny walks away and Missy comes to the door to talk to Leonard.
39967;s01e15_seg02_clip_14;s01e15;dev;seg02;14;50.42;55.78;63.04;Leonard slowly walks back into the apartment, dejectedly.
39970;s01e15_seg02_clip_15;s01e15;dev;seg02;15;0.0;5.8;58.03;Howard is standing on the doorway of Penny's apartment.
39971;s01e15_seg02_clip_15;s01e15;dev;seg02;15;8.7;12.77;58.03;Penny calls Miss out and she comes to the door to Howard.
39972;s01e15_seg02_clip_15;s01e15;dev;seg02;15;29.3;32.49;58.03;Raj comes from the ground with a sign and shows it to Missy.
39973;s01e15_seg02_clip_15;s01e15;dev;seg02;15;29.3;31.62;58.03;Howard stands up holding a large yellow sign in front of himself.
39974;s01e15_seg02_clip_15;s01e15;dev;seg02;15;47.58;50.48;58.03;Missy closes the front door to the apartment.
39955;s01e15_seg02_clip_16;s01e15;dev;seg02;16;0.0;10.15;58.03;Raj is at the door of Penny's apartment speaking with her.
39956;s01e15_seg02_clip_16;s01e15;dev;seg02;16;14.8;23.79;58.03;Missy walks from behind Penny as she is speaking to Raj.
39958;s01e15_seg02_clip_16;s01e15;dev;seg02;16;36.27;47.0;58.03;Raj turns away from Penny and her friend then walks down the stairs.
39957;s01e15_seg02_clip_16;s01e15;dev;seg02;16;36.85;43.81;58.03;Raj turns around in fear in front of Missy and Penny to go downstairs.
55960;s01e15_seg02_clip_17;s01e15;dev;seg02;17;0.0;7.44;63.24;Sheldon is going downstairs with Missy beside him.
55961;s01e15_seg02_clip_17;s01e15;dev;seg02;17;20.78;26.36;63.24;Missy hugs Sheldon and he pats her back awkwardly.
55962;s01e15_seg02_clip_17;s01e15;dev;seg02;17;51.48;53.03;63.24;Sheldon follows Missy as she exits the building.
40030;s02e01_seg01_clip_00;s02e01;test;seg01;0;0.0;4.88;61.48;Leonard and Penny are walking up some stairs and Leonard is talking to Penny while she is eating.
40031;s02e01_seg01_clip_00;s02e01;test;seg01;0;32.65;36.92;61.48;Leonard and Penny kiss in the hall and a camera on the wall watches them .
40034;s02e01_seg01_clip_00;s02e01;test;seg01;0;34.48;61.03;61.48;Leonard kissed Penny while a camera traced their moves.
40032;s02e01_seg01_clip_00;s02e01;test;seg01;0;41.8;44.55;61.48;Leonard and Penny are kissing and walking towards a camera that is on a wall .
40105;s02e01_seg01_clip_01;s02e01;test;seg01;1;24.72;30.82;61.7;Penny kissed Leonard and walked towards the door.
40109;s02e01_seg01_clip_01;s02e01;test;seg01;1;31.73;42.72;61.7;When Leonard walks in the apartment, Howard and Raj sit back on the couch and try to pretend like they weren't spying on him.
40106;s02e01_seg01_clip_01;s02e01;test;seg01;1;32.65;36.31;61.7;Leonard opened the door and entered the room. He looked at Howard and Raj angrily.
40107;s02e01_seg01_clip_01;s02e01;test;seg01;1;38.45;42.72;61.7;Howard and Raj looked at Leonard surprisingly and welcomed him with the smiling face.
40210;s02e01_seg01_clip_02;s02e01;test;seg01;2;0.0;2.79;62.04;Howard looks at a laptop and points his hands towards it while talking to Leonard.
40213;s02e01_seg01_clip_02;s02e01;test;seg01;2;8.06;13.96;62.04;Leonard sits on the couch while talking to Raj and Howard.
40211;s02e01_seg01_clip_02;s02e01;test;seg01;2;10.23;18.3;62.04;Leonard walks over and sits in a chair and makes hand gestures.
40212;s02e01_seg01_clip_02;s02e01;test;seg01;2;34.12;36.6;62.04;Sheldon is sitting at his desk and puts a pencil in a pencil cup.
40214;s02e01_seg01_clip_02;s02e01;test;seg01;2;37.22;42.49;62.04;Leonard stands up and walk a little towards Sheldon.
30695;s02e01_seg01_clip_03;s02e01;test;seg01;3;0.0;5.53;65.29;Raj is sitting next to Howard while speaking with Leonard.
30696;s02e01_seg01_clip_03;s02e01;test;seg01;3;25.69;29.59;65.29;Sheldon walks in with a book in his hands.
30697;s02e01_seg01_clip_03;s02e01;test;seg01;3;52.35;56.58;65.29;Leonard walks to his room after speaking with Raj and Howard.
28225;s02e01_seg02_clip_00;s02e01;test;seg02;0;4.27;12.21;61.04;Howard folds a red shirt and places it on top of other folded shirts.
28226;s02e01_seg02_clip_00;s02e01;test;seg02;0;11.6;15.87;61.04;Penny walks through the door carrying a laundry basket.
28227;s02e01_seg02_clip_00;s02e01;test;seg02;0;33.26;36.01;61.04;Penny pours laundry detergent into the washing machine.
74080;s02e01_seg02_clip_01;s02e01;test;seg02;1;3.97;14.95;61.04;Penny walks behind Sheldon over to the table then picks up some socks, folds them together and put them back down.
74081;s02e01_seg02_clip_01;s02e01;test;seg02;1;25.94;32.96;61.04;Sheldon picks up the socks Penny folded and stares at them.
74083;s02e01_seg02_clip_01;s02e01;test;seg02;1;26.85;33.87;61.04;Sheldon picks up the tied-together pair of socks, stares at them awkwardly, then unties them.
74082;s02e01_seg02_clip_01;s02e01;test;seg02;1;32.65;40.28;61.04;Sheldon pull the socks apart and lays them on the laundry folder and folds them.
74084;s02e01_seg02_clip_01;s02e01;test;seg02;1;37.53;41.8;61.04;Sheldon puts the pair of socks in a plastic contraption and mechanistically folds them using it.
91603;s02e01_seg02_clip_02;s02e01;test;seg02;2;25.38;29.81;59.03;Penny points her finger at Sheldon while having a conversation in a laundromat.
91600;s02e01_seg02_clip_02;s02e01;test;seg02;2;25.97;29.22;59.03;Penny points at Sheldon while he is folding a blue shirt.
91601;s02e01_seg02_clip_02;s02e01;test;seg02;2;30.4;33.35;59.03;Sheldon shakes a shirt out and lays it down on the table.
91602;s02e01_seg02_clip_02;s02e01;test;seg02;2;38.66;44.27;59.03;Penny walks away from Sheldon to go get the laundry basket off the washing machine.
91604;s02e01_seg02_clip_02;s02e01;test;seg02;2;42.5;44.56;59.03;Penny picks a clothes basket up from on top of a washing mashine.
74070;s02e01_seg02_clip_03;s02e01;test;seg02;3;0.61;2.75;61.64;Sheldon walks towards Penny as he is talking.
74071;s02e01_seg02_clip_03;s02e01;test;seg02;3;35.4;43.33;61.64;Sheldon picks up a shirt and holds it as he unfolds it.
74074;s02e01_seg02_clip_03;s02e01;test;seg02;3;36.31;45.47;61.64;Sheldon picks up a shirt and starts to fold it.
74072;s02e01_seg02_clip_03;s02e01;test;seg02;3;43.33;45.16;61.64;Sheldon places a shirt on the table and flattens it out.
91595;s02e01_seg02_clip_04;s02e01;test;seg02;4;4.34;14.27;62.04;Sheldon and Leonard walk up the stairs to their apartment landing.
91596;s02e01_seg02_clip_04;s02e01;test;seg02;4;36.29;38.15;62.04;Sheldon is looking at Penny then turns his head away and stares at the wall.
91597;s02e01_seg02_clip_04;s02e01;test;seg02;4;57.69;61.1;62.04;Sheldon looks panicked and quickly runs upstairs away from Leonard.
7735;s02e01_seg02_clip_05;s02e01;test;seg02;5;0.0;7.41;57.02;Leonard follows Sheldon up a flight of stairs.
7736;s02e01_seg02_clip_05;s02e01;test;seg02;5;7.41;12.26;57.02;Sheldon walks into the room and sets down his bag.
7737;s02e01_seg02_clip_05;s02e01;test;seg02;5;22.52;32.5;57.02;Sheldon's eyes and mouth begin to twitch uncontrollably.
74056;s02e01_seg02_clip_06;s02e01;test;seg02;6;7.88;10.08;63.04;Sheldon grabs Penny by the arm to pull her away from work.
74055;s02e01_seg02_clip_06;s02e01;test;seg02;6;8.19;11.66;63.04;Sheldon pulls Penny away from the table she is waiting at work.
74058;s02e01_seg02_clip_06;s02e01;test;seg02;6;9.45;12.92;63.04;Sheldon pulls Penny to the side and starts a conversation with her.
74057;s02e01_seg02_clip_06;s02e01;test;seg02;6;54.21;57.36;63.04;Sheldon holds up both of his index fingers to either side of his head.
74100;s02e01_seg02_clip_08;s02e01;test;seg02;8;37.07;39.35;57.02;Leonard throws a pen that was in his hand elsewhere.
74103;s02e01_seg02_clip_08;s02e01;test;seg02;8;37.64;39.63;57.02;Leonard throw his pen in his working table.
74101;s02e01_seg02_clip_08;s02e01;test;seg02;8;41.34;45.33;57.02;Sheldon enters the room with Leonard, Raj and Howard.
74102;s02e01_seg02_clip_08;s02e01;test;seg02;8;47.62;49.04;57.02;Leonard pulls something from out of the refrigerator.
74095;s02e01_seg02_clip_09;s02e01;test;seg02;9;0.0;6.71;61.04;Howard leaves the apartment after Sheldon comes out carrying a duffel bag.
74096;s02e01_seg02_clip_09;s02e01;test;seg02;9;35.4;44.25;61.04;Raj opens the door for Sheldon and they both leave the apartment.
74098;s02e01_seg02_clip_09;s02e01;test;seg02;9;40.58;43.64;61.04;Raj opens the door and Sheldon drops his keys in the bowl.
74097;s02e01_seg02_clip_09;s02e01;test;seg02;9;50.35;53.4;61.04;Leonard jumps onto the couch and lies on it.
74099;s02e01_seg02_clip_09;s02e01;test;seg02;9;56.15;61.03;61.04;Sheldon walks towards the couch with a drink in his hand.
85400;s02e01_seg02_clip_10;s02e01;test;seg02;10;0.0;3.72;62.04;Sheldon places a can on the coffee table and sits.
85403;s02e01_seg02_clip_10;s02e01;test;seg02;10;0.0;4.34;62.04;Sheldon sits down next to Raj on the couch and puts the soda can on the coffee table.
85401;s02e01_seg02_clip_10;s02e01;test;seg02;10;8.37;15.51;62.04;Raj is sitting next to Sheldon as they are conversing in his apartment.
85402;s02e01_seg02_clip_10;s02e01;test;seg02;10;33.81;40.94;62.04;Sheldon and Raj are sitting on Raj's couch watching the tv.
90955;s02e01_seg02_clip_11;s02e01;test;seg02;11;0.0;4.56;57.41;Sheldon says something to Raj which make Raj give him a very dirty look.
90956;s02e01_seg02_clip_11;s02e01;test;seg02;11;14.54;20.24;57.41;Howard answers the door and Raj leaves Sheldon there and leaves quickly.
90957;s02e01_seg02_clip_11;s02e01;test;seg02;11;51.89;57.02;57.41;Howard gets up from the bed, walks over to where Sheldon lying down and makes him get up.
29615;s02e01_seg02_clip_12;s02e01;test;seg02;12;0.0;14.65;61.04;Sheldon stands up and gets in the bed, arranging the covers and pillow comfortably.
29618;s02e01_seg02_clip_12;s02e01;test;seg02;12;4.27;13.73;61.04;Sheldon gets into Howard's bed and lies down.
29616;s02e01_seg02_clip_12;s02e01;test;seg02;12;21.97;26.85;61.04;Howard walks over to his sleeping bag and sits down, pulling the covers over his legs.
29619;s02e01_seg02_clip_12;s02e01;test;seg02;12;21.97;30.21;61.04;Howard lies down on the blue air mattress.
29617;s02e01_seg02_clip_12;s02e01;test;seg02;12;58.59;61.03;61.04;Howard rolls his shoulders left and turns his head towards Sheldon, holding that position.
29620;s02e01_seg02_clip_13;s02e01;test;seg02;13;25.53;27.42;63.04;Howard grabs his pillow and puts it over his face.
29621;s02e01_seg02_clip_13;s02e01;test;seg02;13;30.25;32.78;63.04;Leonard answers the apartment door in his bathrobe.
29622;s02e01_seg02_clip_13;s02e01;test;seg02;13;55.78;57.36;63.04;Howard throws the bag off his shoulder and drops it on the floor in front of Leonard.
29595;s02e01_seg02_clip_14;s02e01;test;seg02;14;0.0;4.35;58.17;Sheldon is holding his hip as Leonard walks in the apartment.
29596;s02e01_seg02_clip_14;s02e01;test;seg02;14;9.57;16.25;58.17;Sheldon falls into the chair in the living room.
29597;s02e01_seg02_clip_14;s02e01;test;seg02;14;17.7;25.53;58.17;Leonard sits in the chair next to Sheldon to speak to him.
29598;s02e01_seg02_clip_14;s02e01;test;seg02;14;38.59;41.49;58.17;Leonard screws his hands into fists, and puts them up to his face due to frustration.
29600;s02e01_seg02_clip_15;s02e01;test;seg02;15;0.89;6.2;59.31;Sheldon lifts his right hand and stares at his fingers.
29601;s02e01_seg02_clip_15;s02e01;test;seg02;15;19.18;31.87;59.31;Sheldon gets out of his chair and walks behind it.
29604;s02e01_seg02_clip_15;s02e01;test;seg02;15;36.3;59.03;59.31;Leonard stands at Penny's door, and she opens it, they talk, and he hands her a paper.
29602;s02e01_seg02_clip_15;s02e01;test;seg02;15;55.19;57.25;59.31;Leonard hands Penny a piece of paper and she takes it.
29605;s02e01_seg02_clip_16;s02e01;test;seg02;16;0.0;5.29;46.53;Penny is holding a flyer while talking to Leonard.
29606;s02e01_seg02_clip_16;s02e01;test;seg02;16;34.75;36.82;46.53;Penny closes her apartment door in Leonard's face.
29607;s02e01_seg02_clip_16;s02e01;test;seg02;16;40.73;46.02;46.53;Leonard leaves Penny's apartment door to go inside his apartment.
77725;s02e13_seg01_clip_00;s02e13;test;seg01;0;1.65;8.25;66.03;Raj is eating out of a bowl in his hand and flinging his spoon in delight.
77728;s02e13_seg01_clip_00;s02e13;test;seg01;0;1.98;8.25;66.03;Raj is eating his food very seriously and talk to the group.
77726;s02e13_seg01_clip_00;s02e13;test;seg01;0;28.39;33.02;66.03;Howard is sitting across from Leonard as he sits in the cafeteria table.
77729;s02e13_seg01_clip_00;s02e13;test;seg01;0;36.32;42.59;66.03;Sheldon plays with his face while his friends are talking.
77727;s02e13_seg01_clip_00;s02e13;test;seg01;0;46.55;50.19;66.03;Sheldon is flickering his lips and twitching as he sits beside Howard.
77720;s02e13_seg01_clip_01;s02e13;test;seg01;1;0.0;6.72;56.2;Sheldon slams down his drink and hastily states a fact then scowls Leonard.
77721;s02e13_seg01_clip_01;s02e13;test;seg01;1;8.96;19.89;56.2;Kripke walks up, insults Leonard work and gives him two thumbs up.
77722;s02e13_seg01_clip_01;s02e13;test;seg01;1;19.33;37.82;56.2;Leonard slowly plays with his food looking disappointed.
77724;s02e13_seg01_clip_01;s02e13;test;seg01;1;42.02;44.54;56.2;Raj makes a slang agreement gesture with his hand.
77730;s02e13_seg01_clip_02;s02e13;test;seg01;2;11.9;13.95;43.04;Sheldon stands up and calls to a friend.
77731;s02e13_seg01_clip_02;s02e13;test;seg01;2;34.46;37.13;43.04;Kripke turns and walks away from Sheldon when they were done talking.
77732;s02e13_seg01_clip_02;s02e13;test;seg01;2;36.92;41.02;43.04;Sheldon is talking to his friends that are seat at a table, he then sits down at the table with them.
47836;s02e13_seg02_clip_00;s02e13;test;seg02;0;2.75;26.24;61.04;Leonard and Penny are sitting on the couch together while he fixes her e-mail.
47835;s02e13_seg02_clip_00;s02e13;test;seg02;0;26.55;34.79;61.04;Sheldon is pouring tea out of a red kettle while talking on the cell phone.
47839;s02e13_seg02_clip_00;s02e13;test;seg02;0;27.46;30.51;61.04;Sheldon makes a phone call while making a coffee.
47837;s02e13_seg02_clip_00;s02e13;test;seg02;0;44.86;46.38;61.04;Penny and Leonard are sitting on the couch and they look over dumbfounded by Sheldon's cell conversation.
47840;s02e13_seg02_clip_01;s02e13;test;seg02;1;5.8;7.02;61.04;Penny uses one hand to close her laptop.
47841;s02e13_seg02_clip_01;s02e13;test;seg02;1;7.93;10.37;61.04;Leonard uses a cloth napkin to wipe a spot on the coffee table.
47842;s02e13_seg02_clip_01;s02e13;test;seg02;1;55.54;59.2;61.04;Sheldon knocks repeatedly on the door to Penny's apartment.
47828;s02e13_seg02_clip_02;s02e13;test;seg02;2;0.0;9.76;61.28;Sheldon hands Penny a sheath of papers while standing at her open door and Penny begins flipping through them.
47825;s02e13_seg02_clip_02;s02e13;test;seg02;2;0.31;2.75;61.28;Sheldon hands Penny a stack of papers outside her apartment door.
47826;s02e13_seg02_clip_02;s02e13;test;seg02;2;36.92;38.45;61.28;Penny turns and walks into the apartment while reading the papers.
47827;s02e13_seg02_clip_02;s02e13;test;seg02;2;39.67;41.5;61.28;Sheldon walks into Penny's apartment behind her as she's reading the papers.
47832;s02e13_seg02_clip_03;s02e13;test;seg02;3;0.0;8.12;58.72;Penny is confused and annoyed about some papers she's looking at with Sheldon.
47830;s02e13_seg02_clip_03;s02e13;test;seg02;3;25.53;32.2;58.72;Sheldon points out something on Penny's papers and walk away.
47831;s02e13_seg02_clip_03;s02e13;test;seg02;3;34.23;43.52;58.72;Sheldon is working on some papers and it makes Leonard smirk at his computer.
47815;s02e13_seg02_clip_04;s02e13;test;seg02;4;2.1;7.5;60.78;Leonard gets up from his chair and walks over to Sheldon.
47816;s02e13_seg02_clip_04;s02e13;test;seg02;4;3.6;5.4;60.78;Leonard picks up some papers off of the table.
47817;s02e13_seg02_clip_04;s02e13;test;seg02;4;50.42;52.22;60.78;Leonard closes the door to the fridge after taking out a bottle of water.
47823;s02e13_seg02_clip_05;s02e13;test;seg02;5;0.0;3.35;67.03;Sheldon stops perusing through paperwork to look at Leonard with a concerned look on his face.
47822;s02e13_seg02_clip_05;s02e13;test;seg02;5;31.17;34.52;67.03;Sheldon takes the cap off of the red marker he is holding.
47824;s02e13_seg02_clip_05;s02e13;test;seg02;5;34.18;40.88;67.03;Sheldon gets up from the couch, walks over to his computer chair, and picks up his messenger bag.
47820;s02e13_seg02_clip_05;s02e13;test;seg02;5;38.2;41.55;67.03;Sheldon picks up his bag while listening to Leonard talk.
47821;s02e13_seg02_clip_05;s02e13;test;seg02;5;48.26;50.94;67.03;Sheldon puts his cross body bag on over his head.
47805;s02e13_seg02_clip_06;s02e13;test;seg02;6;0.0;16.53;56.02;Sheldon's attempt to talk to a woman causes her to leave the checkout line.
47806;s02e13_seg02_clip_06;s02e13;test;seg02;6;37.26;41.74;56.02;The employee points to the location of books that Sheldon wants.
47807;s02e13_seg02_clip_06;s02e13;test;seg02;6;48.74;54.06;56.02;Sheldon picks up a wooden train and immediately puts it back.
47809;s02e13_seg02_clip_06;s02e13;test;seg02;6;50.42;56.02;56.02;Sheldon touches a train set and walks towards the book shelf.
16301;s02e13_seg02_clip_07;s02e13;test;seg02;7;19.1;25.38;57.83;Sheldon finds a book that interests him and pulls it off the shelf.
16300;s02e13_seg02_clip_07;s02e13;test;seg02;7;30.22;37.35;57.83;Sheldon sits down at a kiddie table next to a little girl.
16304;s02e13_seg02_clip_07;s02e13;test;seg02;7;31.65;34.21;57.83;Sheldon sits down at the chair beside the little girl wearing purple shirt.
16302;s02e13_seg02_clip_07;s02e13;test;seg02;7;42.48;55.03;57.83;Sheldon looks at the little girl and says something but the little girl never looks at him.
47853;s02e13_seg02_clip_08;s02e13;test;seg02;8;22.21;27.31;60.14;Leonard grabs Sheldon's arm to pull him away from a small table with a little gitl.
47850;s02e13_seg02_clip_08;s02e13;test;seg02;8;22.51;26.11;60.14;Leonard pulls Sheldon away from the little girl he is speaking to.
47851;s02e13_seg02_clip_08;s02e13;test;seg02;8;32.71;35.42;60.14;Howard walks up the steps carrying a plastic bag with Raj and Leonard behind him.
47854;s02e13_seg02_clip_08;s02e13;test;seg02;8;33.61;45.62;60.14;Leonard unlocks his door and enters his apartment, followed by Howard and Raj.
47852;s02e13_seg02_clip_08;s02e13;test;seg02;8;45.02;49.82;60.14;Sheldon points to the giant white board behind him that he has set up in the apartment.
47856;s02e13_seg02_clip_09;s02e13;test;seg02;9;0.64;8.32;64.02;Sheldon walks over to his desk, picks up a book and hands it to Raj.
47857;s02e13_seg02_clip_09;s02e13;test;seg02;9;6.4;12.49;64.02;Sheldon walks behind Raj, picks up his phone and begins dialing.
47855;s02e13_seg02_clip_09;s02e13;test;seg02;9;17.29;23.69;64.02;Leonard and Howard are getting ready to eat lunch and Leonard hands Howard a utensil.
5810;s02e13_seg02_clip_10;s02e13;test;seg02;10;0.0;8.55;57.1;Sheldon moves his marker from the top box to the box beneath it and back to the top box.
5811;s02e13_seg02_clip_10;s02e13;test;seg02;10;9.69;14.83;57.1;Howard stands up then walks from the couch to the white board and stops.
5813;s02e13_seg02_clip_10;s02e13;test;seg02;10;12.55;18.25;57.1;Howard grabs an eraser and erases lines on a whiteboard.
5814;s02e13_seg02_clip_10;s02e13;test;seg02;10;30.51;40.77;57.1;Sheldon pauses his phone conversation to look at what Howard is writing on a whiteboard.
5812;s02e13_seg02_clip_10;s02e13;test;seg02;10;47.9;49.04;57.1;Raj stands next to Leonard and shrugs his shoulder.
5805;s02e13_seg02_clip_11;s02e13;test;seg02;11;0.0;4.65;62.04;Sheldon is on his phone as he is standing by his white board,
5806;s02e13_seg02_clip_11;s02e13;test;seg02;11;8.06;10.86;62.04;Sheldon sits at his desk chair and starts to use his laptop.
5807;s02e13_seg02_clip_11;s02e13;test;seg02;11;56.45;58.62;62.04;Barry is hooking himself in to the rock climbing rope as Sheldon speaks.
33248;s02e13_seg02_clip_12;s02e13;test;seg02;12;6.09;11.61;58.3;Sheldon gets his safety gear secured to climb the wall.
33245;s02e13_seg02_clip_12;s02e13;test;seg02;12;6.38;11.02;58.3;The climbing wall attendant hooks a rope onto Sheldon's harness.
33246;s02e13_seg02_clip_12;s02e13;test;seg02;12;22.63;41.2;58.3;Sheldon moves up the climbing wall as he has a conversation with Kripke.
33247;s02e13_seg02_clip_12;s02e13;test;seg02;12;41.49;42.94;58.3;Sheldon quickly pulls himself in and hugs the climbing wall.
41865;s02e13_seg02_clip_13;s02e13;test;seg02;13;7.44;12.41;62.04;Sheldon is rock climbing and anxiously talks to the instructor.
41866;s02e13_seg02_clip_13;s02e13;test;seg02;13;28.84;31.01;62.04;Penny grabs some Chinese food while Leonard, Raj and Howard eat.
41867;s02e13_seg02_clip_13;s02e13;test;seg02;13;54.9;57.07;62.04;Sheldon and Barry enter the apartment and Sheldon introduces him.
5830;s02e13_seg02_clip_14;s02e13;test;seg02;14;0.0;9.44;59.03;Sheldon and Kripke walk into the apartment and Kripke sits down on the couch.
5831;s02e13_seg02_clip_14;s02e13;test;seg02;14;8.26;12.4;59.03;Kripke sits down on the couch and begins waving his hands around.
5832;s02e13_seg02_clip_14;s02e13;test;seg02;14;23.32;29.51;59.03;Kripke talks to Leonard and gets up to go into another room.
5825;s02e13_seg02_clip_15;s02e13;test;seg02;15;7.5;11.1;60.23;Sheldon turns his sitting position to talk to Howard.
5828;s02e13_seg02_clip_15;s02e13;test;seg02;15;8.7;14.11;60.23;Sheldon turns his body to face Howard and starts conversing with him.
5826;s02e13_seg02_clip_15;s02e13;test;seg02;15;33.01;35.12;60.23;Penny puts her plate of food on the table.
5827;s02e13_seg02_clip_15;s02e13;test;seg02;15;46.22;49.22;60.23;Sheldon grabs a bag containing chop sticks off the table.
5829;s02e13_seg02_clip_15;s02e13;test;seg02;15;48.32;49.82;60.23;Sheldon takes a package of chopsticks from the coffee table.
5843;s02e13_seg02_clip_16;s02e13;test;seg02;16;0.0;22.02;62.12;A man wearing a blue shirt is taking a dental floss.
5840;s02e13_seg02_clip_16;s02e13;test;seg02;16;2.79;5.58;62.12;Raj is sitting on the arm of Leonard's chair. He leans over and whispers in Leonard's ear.
5841;s02e13_seg02_clip_16;s02e13;test;seg02;16;11.48;20.78;62.12;Barry walks into the lounge, flossing his teeth.
5842;s02e13_seg02_clip_16;s02e13;test;seg02;16;38.77;44.97;62.12;Howard walks past Penny, leans in as he talks, and Penny puts her face in her hand.
5835;s02e13_seg02_clip_17;s02e13;test;seg02;17;17.61;20.01;40.62;Sheldon snatches a container of dumplings from Barry and hands it to Raj.
5836;s02e13_seg02_clip_17;s02e13;test;seg02;17;24.21;27.82;40.62;Raj nods and eats a dumpling with a fork.
5837;s02e13_seg02_clip_17;s02e13;test;seg02;17;29.22;38.62;40.62;Howard, Leonard and Raj stare up at the ceiling.
5839;s02e13_seg02_clip_17;s02e13;test;seg02;17;30.22;40.02;40.62;Howard,Leonard and Raj are staring at Sheldon hanging from the ceiling in a harness.
38383;s02e21_seg01_clip_00;s02e21;test;seg01;0;1.58;43.81;63.1;Howard, Raj, Leonard, and Sheldon are eating Chinese food and conversing.
38382;s02e21_seg01_clip_00;s02e21;test;seg01;0;7.56;11.03;63.1;Howard points to Sheldon with his left hand.
38380;s02e21_seg01_clip_00;s02e21;test;seg01;0;44.75;48.53;63.1;Howard puts down his plate and pulls his phone out of his pocket.
38384;s02e21_seg01_clip_00;s02e21;test;seg01;0;45.7;49.48;63.1;Howard takes his phone out of his pocket and answers it.
38381;s02e21_seg01_clip_00;s02e21;test;seg01;0;49.16;52.95;63.1;Howard stands up and talks on his cellphone.
21710;s02e21_seg01_clip_01;s02e21;test;seg01;1;16.48;21.34;57.04;Sheldon, Leonard and Raj are sitting on the lounge eating take out.
21711;s02e21_seg01_clip_01;s02e21;test;seg01;1;29.17;34.58;57.04;Howard walks over to the couch and sits next to Sheldon.
21713;s02e21_seg01_clip_01;s02e21;test;seg01;1;32.41;35.39;57.04;Howard sits down on the couch wearing all red.
21712;s02e21_seg01_clip_01;s02e21;test;seg01;1;46.46;48.89;57.04;Howard sobs, holds his hand to his face and turns away from the other guys.
66270;s02e21_seg02_clip_00;s02e21;test;seg02;0;1.83;11.29;61.04;Raj asks Howard to explain why Leslie dumped him.
66271;s02e21_seg02_clip_00;s02e21;test;seg02;0;17.09;24.41;61.04;Sheldon is questioning Howard for being too emotional.
66272;s02e21_seg02_clip_00;s02e21;test;seg02;0;24.72;34.18;61.04;Howard is discussing his feelings for Leslie to Sheldon and Leonard.
66274;s02e21_seg02_clip_00;s02e21;test;seg02;0;35.4;38.45;61.04;Leonard places his carton of food on the coffee table.
66280;s02e21_seg02_clip_02;s02e21;test;seg02;2;5.8;8.85;61.04;Sheldon walks into the apartment building with a bag of take-out food.
66281;s02e21_seg02_clip_02;s02e21;test;seg02;2;10.99;15.26;61.04;Sheldon gestures for Penny to walk first on the stairway as he follows.
66282;s02e21_seg02_clip_02;s02e21;test;seg02;2;41.19;44.86;61.04;Penny is holding her mail as she walks beside Sheldon up the stairs.
66275;s02e21_seg02_clip_03;s02e21;test;seg02;3;0.0;6.38;58.63;Sheldon and Penny walk up the stairs to their floor.
66278;s02e21_seg02_clip_03;s02e21;test;seg02;3;1.45;4.35;58.63;Sheldon and Penny are walking upstairs while talking.
66276;s02e21_seg02_clip_03;s02e21;test;seg02;3;29.3;38.59;58.63;Sheldon searches through his pockets for the apartment keys.
66279;s02e21_seg02_clip_03;s02e21;test;seg02;3;30.75;35.11;58.63;Sheldon tries to find the key on his pockets.
66277;s02e21_seg02_clip_03;s02e21;test;seg02;3;52.22;57.73;58.63;Leonard plucks his eyebrows and Raj combs his hair.
87538;s02e21_seg02_clip_04;s02e21;test;seg02;4;0.0;10.2;60.03;Leonard plucks his eyebrow as Raj combs his hair.
87535;s02e21_seg02_clip_04;s02e21;test;seg02;4;7.8;10.2;60.03;Raj runs a comb through his hair in the bathroom.
87536;s02e21_seg02_clip_04;s02e21;test;seg02;4;31.81;43.22;60.03;Raj picks up a large strip of condoms.
87537;s02e21_seg02_clip_04;s02e21;test;seg02;4;44.42;48.32;60.03;Howard is typing on his laptop sitting at a desk.
87539;s02e21_seg02_clip_04;s02e21;test;seg02;4;46.22;57.93;60.03;Leonard picks up his jacket from the bed and puts it on.
66245;s02e21_seg02_clip_05;s02e21;test;seg02;5;1.24;12.41;62.79;Howard sits at a laptop while having a conversation with Raj and Leonard who are standing next to him.
66248;s02e21_seg02_clip_05;s02e21;test;seg02;5;13.65;31.32;62.79;Leonard opens the room door and Raj closes it behind them.
66246;s02e21_seg02_clip_05;s02e21;test;seg02;5;32.26;35.98;62.79;Sheldon enters the apartment holding a plastic bag and closes the door behind him.
66247;s02e21_seg02_clip_05;s02e21;test;seg02;5;43.73;46.21;62.79;Penny reaches down and gets an orange box from a shelf under the kitchen island.
88800;s02e21_seg02_clip_06;s02e21;test;seg02;6;16.25;20.02;58.03;Penny goes to her kitchen to get her house phone.
88803;s02e21_seg02_clip_06;s02e21;test;seg02;6;19.15;22.05;58.03;Penny picks the phone up off the counter.
88801;s02e21_seg02_clip_06;s02e21;test;seg02;6;33.36;38.59;58.03;Sheldon grabs his plastic bag close to his body.
88802;s02e21_seg02_clip_06;s02e21;test;seg02;6;42.36;44.68;58.03;A bartender hands Raj and Leonard drinks at the bar.
88804;s02e21_seg02_clip_06;s02e21;test;seg02;6;50.77;52.8;58.03;Raj and Leonard toast each other at the casino.
87540;s02e21_seg02_clip_07;s02e21;test;seg02;7;0.0;3.66;61.04;Raj is drinking a cocktail at a bar with Leonard.
87544;s02e21_seg02_clip_07;s02e21;test;seg02;7;3.66;10.37;61.04;Leonard holds his beer in his left hand while sitting at the bar.
87541;s02e21_seg02_clip_07;s02e21;test;seg02;7;9.15;14.95;61.04;Mikayla approaches Raj at the bar and places her glass down.
87542;s02e21_seg02_clip_07;s02e21;test;seg02;7;56.45;59.81;61.04;Leonard gets up from the bar and leaves Raj with Mikayla.
66290;s02e21_seg02_clip_08;s02e21;test;seg02;8;7.63;9.76;61.04;Raj runs over to Leonard then points at the girl.
66294;s02e21_seg02_clip_08;s02e21;test;seg02;8;29.6;32.65;61.04;The hooker waves her purse in acknowledgment to Raj.
66291;s02e21_seg02_clip_08;s02e21;test;seg02;8;31.12;32.65;61.04;The girl waves her purse at Raj and Leonard.
66292;s02e21_seg02_clip_08;s02e21;test;seg02;8;50.35;56.76;61.04;Raj bows at the woman then she walks away.
7826;s02e21_seg02_clip_10;s02e21;test;seg02;10;0.0;24.27;63.04;Sheldon and Penny talk while holding forks and eating dinner.
7825;s02e21_seg02_clip_10;s02e21;test;seg02;10;25.53;52.31;63.04;Lenard and Raj approach a woman and ask if she is a prostitute.
7827;s02e21_seg02_clip_10;s02e21;test;seg02;10;26.47;31.83;63.04;A woman seated at a bar touches her wine glass.
7945;s02e21_seg02_clip_11;s02e21;test;seg02;11;0.0;4.68;52.03;Leonard and Raj are standing next to each other while talking to Micheala.
7948;s02e21_seg02_clip_11;s02e21;test;seg02;11;0.0;44.48;52.03;Leonard and Howard have a conversation with a woman in a black dress at a bar
7946;s02e21_seg02_clip_11;s02e21;test;seg02;11;17.43;21.33;52.03;Micheala is sitting at the bar while talking to Leonard and Raj.
7949;s02e21_seg02_clip_11;s02e21;test;seg02;11;45.78;52.02;52.03;Sheldon and Penny have a conversation as they sit on the sofa.
7947;s02e21_seg02_clip_11;s02e21;test;seg02;11;47.34;50.46;52.03;Penny and Sheldon are sitting on her couch conversing.
21695;s02e21_seg02_clip_12;s02e21;test;seg02;12;15.13;17.65;63.04;Sheldon picks up a soda can off of Penny's coffee table.
21698;s02e21_seg02_clip_12;s02e21;test;seg02;12;16.7;19.22;63.04;Penny puts her hand to her temple in exasperation while having a conversation with Sheldon.
21696;s02e21_seg02_clip_12;s02e21;test;seg02;12;17.96;20.17;63.04;Penny rubs her fingers against her right temple.
21697;s02e21_seg02_clip_12;s02e21;test;seg02;12;25.84;27.73;63.04;Penny uncrosses her right leg and places it on the floor.
7728;s02e21_seg02_clip_13;s02e21;test;seg02;13;13.07;17.09;67.03;Penny gets up off the couch and walks to the refridgerator.
7725;s02e21_seg02_clip_13;s02e21;test;seg02;13;14.41;17.09;67.03;Penny gets up from the couch and walks to the refrigerator.
7726;s02e21_seg02_clip_13;s02e21;test;seg02;13;58.65;59.99;67.03;Raj raises both hands and gives a thumbs-up sign.
7727;s02e21_seg02_clip_13;s02e21;test;seg02;13;60.32;67.02;67.03;Howard turns slowly around and walks up to the tall woman in the purple dress.
97625;s02e21_seg02_clip_14;s02e21;test;seg02;14;0.26;6.5;52.03;Howard shakes hands with the pretty woman next to him.
97626;s02e21_seg02_clip_14;s02e21;test;seg02;14;11.18;15.35;52.03;Penny walks across the room and places a pillow and blanket on the sofa.
97627;s02e21_seg02_clip_14;s02e21;test;seg02;14;42.14;45.26;52.03;Sheldon stretches his body out on top of the sofa.
21731;s02e21_seg02_clip_15;s02e21;test;seg02;15;0.0;3.97;61.04;Sheldon is sitting sideways on the couch with his legs up then puts them down on the floor.
21732;s02e21_seg02_clip_15;s02e21;test;seg02;15;8.85;22.58;61.04;Sheldon stands up from the couch then walks away from Penny until out of sight.
21730;s02e21_seg02_clip_15;s02e21;test;seg02;15;51.26;61.03;61.04;Howard leaves his chair, walks over to Leonard and Raj at the bar and talks.
38435;s02e21_seg02_clip_16;s02e21;test;seg02;16;2.07;4.72;59.03;Raj stands up and leans across the bar .
38436;s02e21_seg02_clip_16;s02e21;test;seg02;16;45.15;47.22;59.03;Penny throws the covers off and gets up off the couch.
38437;s02e21_seg02_clip_16;s02e21;test;seg02;16;49.29;52.83;59.03;Penny goes to the bedroom door where Sheldon is sleeping.
38462;s02e21_seg02_clip_17;s02e21;test;seg02;17;6.79;9.74;59.03;There is a tall book case in Sheldon's bedroom.
38460;s02e21_seg02_clip_17;s02e21;test;seg02;17;7.67;11.81;59.03;Penny walks over to Shedon's bed and stops.
38463;s02e21_seg02_clip_17;s02e21;test;seg02;17;15.64;18.59;59.03;Penny sits down on the bed next to Sheldon.
38461;s02e21_seg02_clip_17;s02e21;test;seg02;17;16.82;18.89;59.03;Penny gets onto Sheldon's bed and sits down.
38265;s02e21_seg02_clip_18;s02e21;test;seg02;18;14.07;15.97;38.04;Penny gets up and leave the room while Sheldon goes to sleep.
38266;s02e21_seg02_clip_18;s02e21;test;seg02;18;17.49;20.53;38.04;Lenord comes up the stairs and unlocks the apartment door.
38269;s02e21_seg02_clip_18;s02e21;test;seg02;18;20.15;25.29;38.04;Sheldon came out from his house and saw Leonard.
38267;s02e21_seg02_clip_18;s02e21;test;seg02;18;21.29;25.29;38.04;Sheldon leaves Penny's apartment and walks across the hall to speak with Lenord.
43325;s03e02_seg01_clip_01;s03e02;dev;seg01;1;0.0;10.08;76.02;Sheldon is in front of the comic stands next to Leonard.
43326;s03e02_seg01_clip_01;s03e02;dev;seg01;1;26.29;30.97;76.02;Leonard is holding a stack of comic books in front of the comic stand.
43327;s03e02_seg01_clip_01;s03e02;dev;seg01;1;58.34;64.46;76.02;Sheldon comes with a comic book in his hand and show it to Howard.
73185;s03e02_seg02_clip_00;s03e02;dev;seg02;0;4.73;9.14;63.04;Leonard takes food out of a bag and passes it to Raj and Howard.
73187;s03e02_seg02_clip_00;s03e02;dev;seg02;0;16.7;17.65;63.04;Leonard lifts the bag and shows it to Sheldon.
73186;s03e02_seg02_clip_00;s03e02;dev;seg02;0;38.13;40.65;63.04;Leonard sits down in the living room chair.
73165;s03e02_seg02_clip_01;s03e02;dev;seg02;1;6.2;12.99;59.2;Leonard walks across the room and exits the room through the front door.
73167;s03e02_seg02_clip_01;s03e02;dev;seg02;1;21.54;24.79;59.2;Sheldon puts the tray of food he's holding down onto the table.
73169;s03e02_seg02_clip_01;s03e02;dev;seg02;1;48.4;51.35;59.2;Leonard closes the door while talking to Penny.
73166;s03e02_seg02_clip_01;s03e02;dev;seg02;1;48.99;51.35;59.2;Leonard walks across the room and closes the door.
27755;s03e02_seg02_clip_02;s03e02;dev;seg02;2;1.18;4.43;59.03;Penny reaching arms out to near where howard is standing.
27758;s03e02_seg02_clip_02;s03e02;dev;seg02;2;27.45;33.94;59.03;Penny walks to the refrigerator and get some drink.
27756;s03e02_seg02_clip_02;s03e02;dev;seg02;2;29.22;34.83;59.03;Penny walking to the fridge to get some wine.
27759;s03e02_seg02_clip_02;s03e02;dev;seg02;2;38.66;42.79;59.03;Leonard walks to Penny while Penny is putting a drink on a glass.
27757;s03e02_seg02_clip_02;s03e02;dev;seg02;2;40.73;51.65;59.03;Penny handing Howard a glass of wine after she pouring one for herself.
27750;s03e02_seg02_clip_03;s03e02;dev;seg02;3;15.56;17.09;61.57;Howard makes a gesture with his finger on his nose to Sheldon.
27751;s03e02_seg02_clip_03;s03e02;dev;seg02;3;23.8;25.94;61.57;Sheldon picks up a paper bowl of food to eat.
27753;s03e02_seg02_clip_03;s03e02;dev;seg02;3;30.51;35.7;61.57;Sheldon looks on his wrist watch while they are eating.
27752;s03e02_seg02_clip_03;s03e02;dev;seg02;3;31.73;38.45;61.57;Sheldon looks at his watch while sitting on the couch.
27754;s03e02_seg02_clip_03;s03e02;dev;seg02;3;57.37;61.03;61.57;Raj, Howard and Sheldon are talking while they are eating.
27745;s03e02_seg02_clip_04;s03e02;dev;seg02;4;7.93;13.12;61.67;Sheldon takes a bit of his food as he listens to Howard.
27746;s03e02_seg02_clip_04;s03e02;dev;seg02;4;21.66;26.55;61.67;Sheldon and Howard are eating together as they sit on the couch.
27747;s03e02_seg02_clip_04;s03e02;dev;seg02;4;43.02;46.08;61.67;Raj gets up from the floor by the coffee table.
73081;s03e02_seg02_clip_05;s03e02;dev;seg02;5;27.61;29.71;60.03;Sheldon places his fork and box on the table.
73080;s03e02_seg02_clip_05;s03e02;dev;seg02;5;42.92;45.32;60.03;Howard and Sheldon reach towards each other and shake hands.
73082;s03e02_seg02_clip_05;s03e02;dev;seg02;5;56.43;60.03;60.03;Howard, Sheldon, and Raj are gathered around the refrigerator.
89805;s03e02_seg02_clip_06;s03e02;dev;seg02;6;0.0;5.8;61.04;Raj has both hands on the fridge with Howard and Sheldon near him.
89806;s03e02_seg02_clip_06;s03e02;dev;seg02;6;7.93;11.9;61.04;Leonard and Penny are kissing each other on her sofa.
89809;s03e02_seg02_clip_06;s03e02;dev;seg02;6;31.12;42.11;61.04;Sheldon, Raj and Howard try numerous times to unsuccessfully get out of the closet simultaneously.
89807;s03e02_seg02_clip_06;s03e02;dev;seg02;6;32.34;40.89;61.04;Sheldon, Howard, and Raj try to exit the closet at the same time.
27730;s03e02_seg02_clip_07;s03e02;dev;seg02;7;9.0;14.11;60.03;Howard, Raj, and Sheldon hear a noise in the elevator shaft and Sheldon tears off the yellow tape.
27731;s03e02_seg02_clip_07;s03e02;dev;seg02;7;23.71;29.41;60.03;Howard takes the sign off the elevator door and he and Sheldon try to open it.
27732;s03e02_seg02_clip_07;s03e02;dev;seg02;7;50.42;55.83;60.03;Raj says something to Sheldon that makes Sheldon turn around and give him a dirty look.
34348;s03e02_seg02_clip_08;s03e02;dev;seg02;8;0.0;3.19;58.03;Penny is pouring liquor into her glass as she sits beside Leonard.
34345;s03e02_seg02_clip_08;s03e02;dev;seg02;8;2.32;4.35;58.03;Penny giggles and pours herself an alcoholic drink.
34346;s03e02_seg02_clip_08;s03e02;dev;seg02;8;19.44;21.76;58.03;Penny and Leonard giggle as they drink together on the couch.
34347;s03e02_seg02_clip_08;s03e02;dev;seg02;8;43.81;46.13;58.03;Raj and Howard use the stairs after hearing a cricket.
73055;s03e02_seg02_clip_09;s03e02;dev;seg02;9;4.2;5.7;60.22;Leonard is on the floor, vomiting in the toilet.
73058;s03e02_seg02_clip_09;s03e02;dev;seg02;9;4.2;6.9;60.22;Penny walks into the bathroom as Leonard has his head in the toilet vomiting.
73056;s03e02_seg02_clip_09;s03e02;dev;seg02;9;5.4;12.91;60.22;Penny walks in and starts a conversation with Leonard.
73057;s03e02_seg02_clip_09;s03e02;dev;seg02;9;22.51;30.01;60.22;Penny runs and throws up in the sink and then Leonard throws up in toilet.
73059;s03e02_seg02_clip_09;s03e02;dev;seg02;9;52.22;54.32;60.22;Howard walks up to Raj and Sheldon's table and places a book on it.
88925;s03e02_seg02_clip_10;s03e02;dev;seg02;10;0.0;3.72;62.04;Howard opens a book in front of Sheldon.
88928;s03e02_seg02_clip_10;s03e02;dev;seg02;10;0.0;4.03;62.04;Howard opens a book in front of Sheldon and hits the pages as he speaks.
88926;s03e02_seg02_clip_10;s03e02;dev;seg02;10;13.96;18.3;62.04;Howard grabs a clear container from the table.
88929;s03e02_seg02_clip_10;s03e02;dev;seg02;10;22.95;24.19;62.04;Sheldon picks up a open book and shows it to Raj.
88927;s03e02_seg02_clip_10;s03e02;dev;seg02;10;54.28;58.93;62.04;Howard grabs the container and leaves the cafeteria with Sheldon following.
63697;s03e02_seg02_clip_11;s03e02;dev;seg02;11;9.57;11.02;58.42;Raj opens the door to the room full of insects.
63699;s03e02_seg02_clip_11;s03e02;dev;seg02;11;20.31;23.21;58.42;Howard taps the back of Raj's neck and scares Raj.
63695;s03e02_seg02_clip_11;s03e02;dev;seg02;11;21.18;22.92;58.42;Howard scares Raj but touching the back of his neck.
63696;s03e02_seg02_clip_11;s03e02;dev;seg02;11;22.92;24.08;58.42;Raj screams, turns around and covers his mouth.
63708;s03e02_seg02_clip_12;s03e02;dev;seg02;12;25.12;29.15;62.27;Proffesor Crawley sits a box on the table and starts putting stuff in it.
63705;s03e02_seg02_clip_12;s03e02;dev;seg02;12;25.74;28.53;62.27;Prof Crawley walks over and starts putting stuff instide a white box.
63706;s03e02_seg02_clip_12;s03e02;dev;seg02;12;28.22;36.29;62.27;Sheldon, Howard, and Raj follow Prof Crawley across the room
63707;s03e02_seg02_clip_12;s03e02;dev;seg02;12;56.14;62.03;62.27;Raj walks over to an aquarium with a critter in it at Prof Crawleys.
69007;s03e02_seg02_clip_13;s03e02;dev;seg02;13;0.0;4.5;60.03;Professor Crawley is packing his things when Sheldon says something to him and he stops.
69006;s03e02_seg02_clip_13;s03e02;dev;seg02;13;13.51;20.71;60.03;Professor Crawley is talking and begins having a meltdown.
69008;s03e02_seg02_clip_13;s03e02;dev;seg02;13;27.91;30.61;60.03;Professor Crawley takes a small container with a cricket from Howard.
69005;s03e02_seg02_clip_13;s03e02;dev;seg02;13;28.21;37.52;60.03;Professor Crawley takes the jar from Howard and hands it back.
69009;s03e02_seg02_clip_13;s03e02;dev;seg02;13;37.22;38.12;60.03;Howard takes the cricket from Professor Crawley and Sheldon takes the container from Howard.
88918;s03e02_seg02_clip_14;s03e02;dev;seg02;14;2.0;14.83;57.02;Prof Crawley explains what happened while he was in the Bornean rain forests.
88915;s03e02_seg02_clip_14;s03e02;dev;seg02;14;35.07;36.21;57.02;Sheldon hands a specimen container to Howard as he talks to him in a lab.
88916;s03e02_seg02_clip_14;s03e02;dev;seg02;14;40.49;42.77;57.02;Professor Crawley lays a plastic lid down on the table as he stares into a box.
88917;s03e02_seg02_clip_14;s03e02;dev;seg02;14;51.04;53.6;57.02;Raj turns away from Professor Crawley and walks out of the lab.
88919;s03e02_seg02_clip_14;s03e02;dev;seg02;14;54.74;56.17;57.02;Sheldon walks through the front door of the apartment complex.
68975;s03e02_seg02_clip_15;s03e02;dev;seg02;15;2.75;8.54;61.12;Sheldon walks toward the mailboxes with a comic in his hands.
68977;s03e02_seg02_clip_15;s03e02;dev;seg02;15;14.65;54.31;61.12;Penny sorts through the mail in her hand.
68976;s03e02_seg02_clip_15;s03e02;dev;seg02;15;21.66;30.51;61.12;Sheldon opens his mail box and takes out mail.
79560;s03e02_seg02_clip_16;s03e02;dev;seg02;16;24.11;26.24;61.47;Sheldon walks away from Penny and toward the stairs.
79561;s03e02_seg02_clip_16;s03e02;dev;seg02;16;28.07;30.82;61.47;Sheldon walks into the apartment and closes the door.
79563;s03e02_seg02_clip_16;s03e02;dev;seg02;16;28.07;31.73;61.47;Sheldon enters the apartment and puts his keys in the bowl next to the door.
79562;s03e02_seg02_clip_16;s03e02;dev;seg02;16;38.14;43.94;61.47;Sheldon sets down his mail and his satchel.
79564;s03e02_seg02_clip_16;s03e02;dev;seg02;16;39.06;43.33;61.47;Sheldon places his bag on the chair in front of his desk.
68988;s03e02_seg02_clip_17;s03e02;dev;seg02;17;0.0;2.59;75.17;Sheldon is holding a comic of the Flash as he speaks to Leonard.
68987;s03e02_seg02_clip_17;s03e02;dev;seg02;17;15.55;25.91;75.17;Sheldon thinks about something and decides just to go to his room with his comic book.
68986;s03e02_seg02_clip_17;s03e02;dev;seg02;17;30.35;34.05;75.17;Penny opens the door and Leonard starts talking to her.
68989;s03e02_seg02_clip_17;s03e02;dev;seg02;17;58.85;66.62;75.17;Leonard and Penny hug each other and then they end up kissing each other.
68985;s03e02_seg02_clip_17;s03e02;dev;seg02;17;63.29;74.02;75.17;Leonard kisses Penny and they go into her apartment and he shuts the door.
49030;s03e15_seg01_clip_00;s03e15;test;seg01;0;3.15;18.28;63.35;Howard talks on his cell phone then lowers it out of sight.
49033;s03e15_seg01_clip_00;s03e15;test;seg01;0;3.47;8.82;63.35;Howard is talking with someone on the phone while Raj is looking at him very seriously.
49032;s03e15_seg01_clip_00;s03e15;test;seg01;0;36.56;40.97;63.35;The balding man raises his water bottle, takes a drink, then lowers it out of sight.
49031;s03e15_seg01_clip_00;s03e15;test;seg01;0;37.82;41.6;63.35;Leonard walks into the cafeteria towards the table.
49034;s03e15_seg01_clip_00;s03e15;test;seg01;0;42.86;45.38;63.35;Leonard suddenly sits on the table where the group are.
49035;s03e15_seg01_clip_01;s03e15;test;seg01;1;0.0;3.0;60.03;Howard hold both of his hand up in the air in front of himself.
49037;s03e15_seg01_clip_01;s03e15;test;seg01;1;14.41;24.31;60.03;Sheldon is sitting at the cafeteria table explaining the origins of Valentines day.
49036;s03e15_seg01_clip_01;s03e15;test;seg01;1;32.41;42.02;60.03;Raj sits at the lunch table telling the other guys what he is going to do for valentines day.
48709;s03e15_seg01_clip_02;s03e15;test;seg01;2;5.61;13.87;70.03;The group are talking while they are eating on the restaurant.
48705;s03e15_seg01_clip_02;s03e15;test;seg01;2;48.53;53.16;70.03;Sheldon gets up from the lunch table at the cafeteria while eating with the other guys.
48708;s03e15_seg01_clip_02;s03e15;test;seg01;2;52.83;56.79;70.03;Sheldon stands up and run away from the group quickly.
48706;s03e15_seg01_clip_02;s03e15;test;seg01;2;54.48;55.8;70.03;Sheldon runs out of the cafeteria to go pack at the apartment.
48707;s03e15_seg01_clip_02;s03e15;test;seg01;2;61.41;63.06;70.03;Leonard looks over at Raj at the cafeteria and rolls his eyes.
62365;s03e15_seg02_clip_00;s03e15;test;seg02;0;5.19;13.12;61.06;Sheldon is taking his clothes out of his dresser to pack them.
62366;s03e15_seg02_clip_00;s03e15;test;seg02;0;16.17;19.83;61.06;Sheldon holds up two beanies by his head.
62367;s03e15_seg02_clip_00;s03e15;test;seg02;0;57.37;61.03;61.06;Sheldon follows Leonard out of his room after he leaves.
82970;s03e15_seg02_clip_01;s03e15;test;seg02;1;5.4;18.31;60.03;Leonard carries over a tray of fondue items and sets it on the coffee table.
82972;s03e15_seg02_clip_01;s03e15;test;seg02;1;18.91;24.31;60.03;Penny picks up a chocolate bar from the tray and sets it back down.
82971;s03e15_seg02_clip_01;s03e15;test;seg02;1;44.12;49.22;60.03;Leonard starts slicing the cheese with a knife.
82965;s03e15_seg02_clip_02;s03e15;test;seg02;2;28.22;39.7;62.69;Penny gets really excited and she and Leonard hug each other.
82966;s03e15_seg02_clip_02;s03e15;test;seg02;2;40.32;44.35;62.69;Leonard turns around to see Sheldon standing there.
82969;s03e15_seg02_clip_02;s03e15;test;seg02;2;40.63;43.11;62.69;Sheldon interrupts Penny and Leonard's embrace as he stands in the living room.
82967;s03e15_seg02_clip_02;s03e15;test;seg02;2;41.87;62.03;62.69;While Sheldon is talking, Penny and Leonard look at him like he's crazy.
82963;s03e15_seg02_clip_03;s03e15;test;seg02;3;4.43;6.49;59.03;Sheldon holds up a document to show Leonard.
82960;s03e15_seg02_clip_03;s03e15;test;seg02;3;5.61;8.56;59.03;Sheldon shows Leonard their roommate agreement and Leonard can't believe he did.
82961;s03e15_seg02_clip_03;s03e15;test;seg02;3;39.55;49.29;59.03;Penny put her hand on an upset Leonard's shoulder.
82964;s03e15_seg02_clip_03;s03e15;test;seg02;3;46.63;50.76;59.03;Penny reaches out and pats Leonard on his shoulder.
82962;s03e15_seg02_clip_03;s03e15;test;seg02;3;51.94;57.85;59.03;Sheldon opens up the roommate agreement and points at something in it.
70910;s03e15_seg02_clip_04;s03e15;test;seg02;4;0.0;6.93;63.04;Sheldon reads from an open binder and shuts it.
70911;s03e15_seg02_clip_04;s03e15;test;seg02;4;9.45;15.44;63.04;Sheldon grabs his throat and moves his mouth in weird positions.
70912;s03e15_seg02_clip_04;s03e15;test;seg02;4;46.33;63.03;63.04;Sheldon sits in silence in the car giving annoyed looks as Leonard drives.
82950;s03e15_seg02_clip_05;s03e15;test;seg02;5;0.0;10.08;56.02;Sheldon is ignoring him but Leonard is trying to make him talk.
82951;s03e15_seg02_clip_05;s03e15;test;seg02;5;10.08;14.01;56.02;Leonard says something and Sheldon quickly gives him a dirty look.
82952;s03e15_seg02_clip_05;s03e15;test;seg02;5;49.86;56.02;56.02;Leonard gives Sheldon a questioning look and Sheldon looks at him and replies.
62310;s03e15_seg02_clip_06;s03e15;test;seg02;6;0.0;4.58;61.63;Leonard is driving as Sheldon is in the passenger seat.
62311;s03e15_seg02_clip_06;s03e15;test;seg02;6;8.85;13.12;61.63;Raj and Howard are eating in the university cafeteria across from each other.
62312;s03e15_seg02_clip_06;s03e15;test;seg02;6;23.8;27.77;61.63;Leonard arrives at the table Howard and Raj are seated at.
62314;s03e15_seg02_clip_06;s03e15;test;seg02;6;39.67;45.47;61.63;Sheldon walks up to the table, puts down a tray and walks away.
62300;s03e15_seg02_clip_07;s03e15;test;seg02;7;0.0;14.41;60.78;Leonard wakes up to find Sheldon standing by his bed, playing a wooden flute.
62301;s03e15_seg02_clip_07;s03e15;test;seg02;7;19.51;26.41;60.78;Sheldon picks up a breakfast tray and sets it in front of Leonard.
62304;s03e15_seg02_clip_07;s03e15;test;seg02;7;20.11;26.41;60.78;Sheldon walks over to a small table covered with breakfast items and grabs it to bring over to Leonard who is laying bed.
62302;s03e15_seg02_clip_07;s03e15;test;seg02;7;35.12;45.32;60.78;Sheldon picks up a beret and puts it on Leonard's pancakes to keep them warm.
70615;s03e15_seg02_clip_08;s03e15;test;seg02;8;0.0;3.47;63.04;Sheldon hands Leonard a scone with kitchen tongs.
70618;s03e15_seg02_clip_08;s03e15;test;seg02;8;0.0;4.41;63.04;Sheldon offers a scone to Leonard, which he takes with his right hand.
70616;s03e15_seg02_clip_08;s03e15;test;seg02;8;30.57;34.35;63.04;Leonard takes the coffee mug from the bed tray and drinks it.
70619;s03e15_seg02_clip_08;s03e15;test;seg02;8;42.55;44.44;63.04;Sheldon removes the tray from Leonard's bed and walks out of the room.
70617;s03e15_seg02_clip_08;s03e15;test;seg02;8;48.85;53.26;63.04;Sheldon goes to Penny in the laundry room with his laptop.
62275;s03e15_seg02_clip_09;s03e15;test;seg02;9;27.27;29.88;58.03;Sheldon sets his laptop down on a table in the laundry room.
62278;s03e15_seg02_clip_09;s03e15;test;seg02;9;27.56;32.2;58.03;Sheldon places a laptop on a table next to Penny.
62276;s03e15_seg02_clip_09;s03e15;test;seg02;9;37.14;38.01;58.03;Sheldon flips the light switch to turn off the lights.
62277;s03e15_seg02_clip_09;s03e15;test;seg02;9;41.49;42.94;58.03;Sheldon uses a remote control to turn the light of the projector on.
37865;s03e15_seg02_clip_10;s03e15;test;seg02;10;0.0;43.52;58.03;Penny and Sheldon are standing in the laundry room watching a projection.
37866;s03e15_seg02_clip_10;s03e15;test;seg02;10;39.46;42.36;58.03;Sheldon points the remote in his hand to the projector.
37869;s03e15_seg02_clip_10;s03e15;test;seg02;10;44.68;48.16;58.03;Penny walks towards the wall with a light switch and turns on the lights.
37867;s03e15_seg02_clip_10;s03e15;test;seg02;10;45.55;49.32;58.03;Penny walks toward the light switch and turns on the lights.
53173;s03e15_seg02_clip_11;s03e15;test;seg02;11;0.0;3.66;61.22;Penny is folding clothes as Sheldon closes his laptop as they are in the laundry room.
53170;s03e15_seg02_clip_11;s03e15;test;seg02;11;1.83;9.46;61.22;Sheldon closes his computer and gathers it to take it out of the laundry room.
53171;s03e15_seg02_clip_11;s03e15;test;seg02;11;26.85;39.67;61.22;Sheldon runs back into the laundry room and give Penny a hug.
53172;s03e15_seg02_clip_11;s03e15;test;seg02;11;46.69;61.03;61.22;Howard and Raj eat pizza and talk about Valentine's Day.
53185;s03e15_seg02_clip_12;s03e15;test;seg02;12;5.49;7.93;61.24;Leonard enters the apartment and closes the door.
53186;s03e15_seg02_clip_12;s03e15;test;seg02;12;15.87;18.92;61.24;Sheldon turns around and puts down a frying pan.
53187;s03e15_seg02_clip_12;s03e15;test;seg02;12;39.67;43.64;61.24;Sheldon leaves the kitchen and walks to his desk.
53205;s03e15_seg02_clip_13;s03e15;test;seg02;13;20.07;25.09;59.03;Sheldon walks away, angrily and Leonard shakes his head.
53207;s03e15_seg02_clip_13;s03e15;test;seg02;13;24.79;29.22;59.03;Howard makes some faces and Leonard scratches his head.
53206;s03e15_seg02_clip_13;s03e15;test;seg02;13;49.88;56.96;59.03;Penny suddenly sneezes and quickly grabs a tissue.
95208;s03e15_seg02_clip_14;s03e15;test;seg02;14;0.0;19.48;59.53;Penny is sneezing and blowing her nose as she is in bed with Leonard.
95207;s03e15_seg02_clip_14;s03e15;test;seg02;14;4.72;6.79;59.53;Penny sneezes while lying in bed with Leonard.
95206;s03e15_seg02_clip_14;s03e15;test;seg02;14;13.58;20.66;59.53;Leonard talks to Penny as she blows her nose.
95209;s03e15_seg02_clip_14;s03e15;test;seg02;14;23.02;25.68;59.53;Leonard wakes up and notices that Penny is not in bed.
95205;s03e15_seg02_clip_14;s03e15;test;seg02;14;38.96;59.03;59.53;Leonard talks outside the bathroom door as he talks to Penny.
53115;s03e15_seg02_clip_15;s03e15;test;seg02;15;0.0;6.9;60.03;Leonard is outside the bathroom door and hears Penny vomiting.
53116;s03e15_seg02_clip_15;s03e15;test;seg02;15;8.7;19.21;60.03;Leonard goes to Sheldon's door and knocks on it.
53119;s03e15_seg02_clip_15;s03e15;test;seg02;15;25.51;30.31;60.03;Sheldon walks out of the bathroom with a tissue in his hand.
53117;s03e15_seg02_clip_15;s03e15;test;seg02;15;46.82;57.03;60.03;Sheldon and Penny are both sick and Penny gets them some chicken soup.
37855;s03e15_seg02_clip_16;s03e15;test;seg02;16;0.0;6.75;75.5;Penny hands Sheldon a bowl with a spoon in it.
37858;s03e15_seg02_clip_16;s03e15;test;seg02;16;4.88;9.0;75.5;Penny hands Sheldon a bowl with a spoon in it.
37856;s03e15_seg02_clip_16;s03e15;test;seg02;16;9.38;16.13;75.5;Penny sits besides Sheldon on the couch with a bowl in hand.
37857;s03e15_seg02_clip_16;s03e15;test;seg02;16;52.89;58.52;75.5;Leonard opens a hotel room with Raj behind him.
37859;s03e15_seg02_clip_16;s03e15;test;seg02;16;52.89;60.02;75.5;Leonard and Raj walk into the hotel room.
54440;s03e19_seg01_clip_00;s03e19;test;seg01;0;3.12;12.02;94.02;Leonard is lying next to Penny in her bed.
54443;s03e19_seg01_clip_00;s03e19;test;seg01;0;40.95;46.74;94.02;Leonard holds the back of Penny's head and kisses her.
54441;s03e19_seg01_clip_00;s03e19;test;seg01;0;41.4;46.74;94.02;Leonard kisses Penny as he is lying with her.
54442;s03e19_seg01_clip_00;s03e19;test;seg01;0;55.19;65.88;94.02;Penny places her hand on Leonard's chest as she lies with him.
54444;s03e19_seg01_clip_00;s03e19;test;seg01;0;81.01;83.68;94.02;Penny fluffs her fingers through the back of her hair.
96735;s03e19_seg02_clip_00;s03e19;test;seg02;0;6.41;10.37;61.42;Leonard walks into the living room from his bedroom.
96738;s03e19_seg02_clip_00;s03e19;test;seg02;0;13.73;15.56;61.42;Leonard opens the refrigerator while Howard is talking to Him.
96736;s03e19_seg02_clip_00;s03e19;test;seg02;0;14.34;22.28;61.42;Leonard opens the fridge as Raj is speaking to him.
96739;s03e19_seg02_clip_00;s03e19;test;seg02;0;20.14;23.8;61.42;Leonard puts a drink on a glass while listening to the group.
96737;s03e19_seg02_clip_00;s03e19;test;seg02;0;39.06;46.38;61.42;Leonard takes a glass of juice with him to his bedroom.
19955;s03e19_seg02_clip_01;s03e19;test;seg02;1;11.41;16.21;60.03;Raj points toward Howard and Howard acts confused.
19958;s03e19_seg02_clip_01;s03e19;test;seg02;1;13.51;16.81;60.03;Howard points his hand to his chest and shakes his head.
19956;s03e19_seg02_clip_01;s03e19;test;seg02;1;18.01;20.11;60.03;A guy in the background with a brown top walks from left to right.
19957;s03e19_seg02_clip_01;s03e19;test;seg02;1;41.12;43.52;60.03;Raj pulls a new comic out from the display case.
19959;s03e19_seg02_clip_01;s03e19;test;seg02;1;41.42;43.52;60.03;Raj picks a comic book up out of a rack full of them.
19953;s03e19_seg02_clip_02;s03e19;test;seg02;2;0.0;2.52;63.42;Leonardo at the comic shop looking through comics.
19951;s03e19_seg02_clip_02;s03e19;test;seg02;2;21.43;25.21;63.42;Howard points his hand toward Sheldon while speaking to him.
19950;s03e19_seg02_clip_02;s03e19;test;seg02;2;37.82;41.91;63.42;Sheldon assumes that Leonard is going to talk about Penny and leaves due to that.
19952;s03e19_seg02_clip_02;s03e19;test;seg02;2;61.45;63.03;63.42;Raj closes his comic book while speaking to Leonard.
28637;s03e19_seg02_clip_03;s03e19;test;seg02;3;3.99;5.99;57.81;Stewart turns around holding a comic book to face toward Sheldon.
28639;s03e19_seg02_clip_03;s03e19;test;seg02;3;41.34;48.76;57.81;Leonard looks at Howard in disbelief and walks away from him and Raj.
28635;s03e19_seg02_clip_03;s03e19;test;seg02;3;45.9;47.62;57.81;Leonard turns and walks away from Howard and Raj.
28636;s03e19_seg02_clip_03;s03e19;test;seg02;3;54.46;57.02;57.81;Sheldon, Howard, Raj, and Leonard are walking up the stairs.
28795;s03e19_seg02_clip_04;s03e19;test;seg02;4;0.0;9.0;60.03;Leonard, Howard, Raj, and Sheldon come up the stairs and meet Penny coming down the stairs.
28798;s03e19_seg02_clip_04;s03e19;test;seg02;4;0.0;3.9;60.03;Leonard, Howard, Raj and Sheldon are going upstairs in the apartment building.
28796;s03e19_seg02_clip_04;s03e19;test;seg02;4;30.91;43.22;60.03;Penny walks around Leonard, Howard, Raj, and Sheldon to walk downstairs.
28797;s03e19_seg02_clip_04;s03e19;test;seg02;4;51.02;60.03;60.03;Howard puts on shoes, Sheldon sprays a shoe
28799;s03e19_seg02_clip_04;s03e19;test;seg02;4;52.22;60.03;60.03;Sheldon is spray very vigorously his shoes with disinfectant spray.
19970;s03e19_seg02_clip_05;s03e19;test;seg02;5;0.0;5.58;62.06;Sheldon is spraying his shoe with a aerosol can.
19973;s03e19_seg02_clip_05;s03e19;test;seg02;5;2.48;6.2;62.06;Sheldon sprays a chemical into the shoes before putting them on.
19971;s03e19_seg02_clip_05;s03e19;test;seg02;5;9.92;13.65;62.06;Stuart greets Penny as he walks into the bowling alley.
19974;s03e19_seg02_clip_05;s03e19;test;seg02;5;26.36;36.29;62.06;Sheldon crosses his arms over his chest while addressing Wil Wheaton.
19972;s03e19_seg02_clip_05;s03e19;test;seg02;5;42.49;45.9;62.06;Wil goes to pick up a bowling ball while speaking with Sheldon.
19965;s03e19_seg02_clip_06;s03e19;test;seg02;6;8.56;11.21;59.03;Penny looks up towards the man in the black shirt and winks at him.
19969;s03e19_seg02_clip_06;s03e19;test;seg02;6;48.11;52.83;59.03;Sheldon throws a bowling ball into a bowling lane and gets a strike.
19966;s03e19_seg02_clip_06;s03e19;test;seg02;6;48.7;50.47;59.03;Sheldon walks up towards the bowling lane and throws his ball.
19967;s03e19_seg02_clip_06;s03e19;test;seg02;6;52.24;53.71;59.03;A bowling ball strikes the pins and all of them fall over.
19963;s03e19_seg02_clip_07;s03e19;test;seg02;7;0.0;14.65;61.1;Each of them were eating in a cafeteria.
19960;s03e19_seg02_clip_07;s03e19;test;seg02;7;25.33;29.29;61.1;Raj raises his beer up and then takes a sip of it.
19961;s03e19_seg02_clip_07;s03e19;test;seg02;7;31.43;34.79;61.1;Penny picks up a chili cheese fry and puts it in her mouth.
19962;s03e19_seg02_clip_07;s03e19;test;seg02;7;36.92;50.35;61.1;Leonard ties his shoe while talking to Penny.
26760;s03e19_seg02_clip_08;s03e19;test;seg02;8;17.71;19.48;59.03;Penny suddenly gets up from the chair and leaves Leonard alone.
26761;s03e19_seg02_clip_08;s03e19;test;seg02;8;36.3;43.09;59.03;Sheldon knocks the green colored door repeatedly with his fist.
26762;s03e19_seg02_clip_08;s03e19;test;seg02;8;46.63;48.11;59.03;Sheldon gives something in a paper bag to Penny.
28540;s03e19_seg02_clip_09;s03e19;test;seg02;9;9.6;15.01;60.09;Penny motions for Sheldon to come in and Sheldon enters the apartment.
28541;s03e19_seg02_clip_09;s03e19;test;seg02;9;16.21;19.21;60.09;Penny puts the bag in the freezer and turns around to say something.
28543;s03e19_seg02_clip_09;s03e19;test;seg02;9;16.21;19.51;60.09;Penny opens a refridgerator, puts something inside, and closes the door.
28544;s03e19_seg02_clip_09;s03e19;test;seg02;9;48.62;51.02;60.09;Penny raises her hands in the air and shakes them vigorously side to side.
28542;s03e19_seg02_clip_09;s03e19;test;seg02;9;51.02;55.52;60.09;Sheldon sits down on the arm of the couch to talk to Penny.
61515;s03e19_seg02_clip_10;s03e19;test;seg02;10;0.0;3.66;61.04;Sheldon moves from the arm of the sofa to sit next to Penny.
61517;s03e19_seg02_clip_10;s03e19;test;seg02;10;24.41;26.55;61.04;Penny gets up off the sofa and begins to walk away.
61516;s03e19_seg02_clip_10;s03e19;test;seg02;10;28.38;61.03;61.04;Leonard folds his laundry while talking to Penny.
61520;s03e19_seg02_clip_11;s03e19;test;seg02;11;8.56;23.02;59.03;Leonard puts two white shirts into his laundry basket.
61523;s03e19_seg02_clip_11;s03e19;test;seg02;11;22.72;28.63;59.03;Leonard puts bleach and detergent on top of a basket of laundry.
61521;s03e19_seg02_clip_11;s03e19;test;seg02;11;23.02;28.04;59.03;Leonard puts a bottle of bleach and a box of detergent into his laundry basket.
61524;s03e19_seg02_clip_11;s03e19;test;seg02;11;34.53;39.84;59.03;Sheldon takes a yellow bowling jersey out of a bag and holds it up to show the others.
61522;s03e19_seg02_clip_11;s03e19;test;seg02;11;36.01;40.14;59.03;Sheldon removes a shirt from a bag and holds it up for everyone to see.
61526;s03e19_seg02_clip_12;s03e19;test;seg02;12;6.3;8.1;60.03;Penny points toward Sheldon and waves her finger around.
61525;s03e19_seg02_clip_12;s03e19;test;seg02;12;36.02;39.32;60.03;Sheldon puts a yellow shirt in a bag and puts the bag on a table.
61527;s03e19_seg02_clip_12;s03e19;test;seg02;12;36.32;40.22;60.03;Wil Wheaton turns to his right and walks away.
78580;s03e19_seg02_clip_14;s03e19;test;seg02;14;26.27;28.33;59.43;Stuart gets up from his seat to bowl.
78581;s03e19_seg02_clip_14;s03e19;test;seg02;14;29.51;31.58;59.43;Howard takes a bowling ball from the tray.
78582;s03e19_seg02_clip_14;s03e19;test;seg02;14;47.52;50.76;59.43;Leonard sits down in the seat next to Penny.
53935;s03e19_seg02_clip_15;s03e19;test;seg02;15;28.81;31.81;60.07;Sheldon rolls his bowling ball down the bowling alley.
53938;s03e19_seg02_clip_15;s03e19;test;seg02;15;29.71;32.11;60.07;Sheldon takes a few steps and bowls at a bowling alley.
53936;s03e19_seg02_clip_15;s03e19;test;seg02;15;33.92;36.62;60.07;Sheldon jumps up with his arms open showing excitement.
53939;s03e19_seg02_clip_15;s03e19;test;seg02;15;34.52;36.32;60.07;Sheldon jumps into the air to celebrate good bowling.
53937;s03e19_seg02_clip_15;s03e19;test;seg02;15;42.92;44.72;60.07;Leonard rolls his bowling ball down the bowling lane.
61545;s03e19_seg02_clip_16;s03e19;test;seg02;16;19.51;21.61;60.3;Wil stands up from his seat to take his turn bowling.
61546;s03e19_seg02_clip_16;s03e19;test;seg02;16;39.02;42.32;60.3;Wil throws the bowling ball and makes a strike.
61547;s03e19_seg02_clip_16;s03e19;test;seg02;16;52.22;54.92;60.3;Wil bumps the fists of all of his teammates after making a strike.
61553;s03e19_seg02_clip_17;s03e19;test;seg02;17;2.33;5.58;95.81;Leonard rubs Penny's back with his right hand.
61550;s03e19_seg02_clip_17;s03e19;test;seg02;17;7.44;93.03;95.81;Penny is tying the laces of her shoes.
61551;s03e19_seg02_clip_17;s03e19;test;seg02;17;22.79;28.84;95.81;Penny walks away from Leonard and leaves the bowling alley.
61552;s03e19_seg02_clip_17;s03e19;test;seg02;17;78.14;89.31;95.81;Howard, Leonard, Sheldon and Raj enter the comic book store dressed in costumes.
13988;s04e01_seg01_clip_00;s04e01;test;seg01;0;4.41;23.64;63.1;Robotic arm reaches in a paper bag and pulls out containers of food one at a time.
13985;s04e01_seg01_clip_00;s04e01;test;seg01;0;7.56;9.14;63.1;Howard points his hand towards the coffee table while sitting in a chair with his laptop.
13986;s04e01_seg01_clip_00;s04e01;test;seg01;0;18.59;20.17;63.1;Sheldon claps his hands and smiles while sitting on the couch.
13987;s04e01_seg01_clip_00;s04e01;test;seg01;0;58.3;63.03;63.1;Howard rubs his chin while talking to Penny.
80200;s04e01_seg01_clip_01;s04e01;test;seg01;1;0.0;4.74;79.91;Howard is sitting with his laptop on his lap while speaking to Penny.
80203;s04e01_seg01_clip_01;s04e01;test;seg01;1;48.61;53.75;79.91;The robotic hand drops the packet into Penny's hand.
80201;s04e01_seg01_clip_01;s04e01;test;seg01;1;49.79;53.75;79.91;Penny puts out her hand as she stands in front of Howard's machine.
80202;s04e01_seg01_clip_01;s04e01;test;seg01;1;51.77;56.51;79.91;Howard's robotic arm hands Penny a packet of soy sauce.
80204;s04e01_seg01_clip_01;s04e01;test;seg01;1;70.74;76.67;79.91;The robotic hand holds up two fingers for Sheldon.
96750;s04e01_seg02_clip_00;s04e01;test;seg02;0;5.89;9.92;62.11;Leonard grabs a napkin and sits down in a chair.
96753;s04e01_seg02_clip_00;s04e01;test;seg02;0;9.61;19.23;62.11;The group are having a conversation while they are eating.
96751;s04e01_seg02_clip_00;s04e01;test;seg02;0;23.57;25.43;62.11;Sheldon puts down his food and picks up his cell phone.
96754;s04e01_seg02_clip_00;s04e01;test;seg02;0;24.81;31.32;62.11;Sheldon read a message from his phone out loud.
96752;s04e01_seg02_clip_00;s04e01;test;seg02;0;60.17;62.03;62.11;Sheldon picks his food back up from the table.
62902;s04e01_seg02_clip_01;s04e01;test;seg02;1;0.0;2.07;59.03;Penny puts her food on the coffee table and looks at Leonard.
62901;s04e01_seg02_clip_01;s04e01;test;seg02;1;38.37;50.47;59.03;Sheldon starts to walk away then stops and talks to penny.
62900;s04e01_seg02_clip_01;s04e01;test;seg02;1;47.52;59.03;59.03;Penny spits water out onto Howard and the robot hands penny a napkin.
62913;s04e01_seg02_clip_02;s04e01;test;seg02;2;0.0;1.28;64.02;Penny sips from a blue cup and then puts it down.
62910;s04e01_seg02_clip_02;s04e01;test;seg02;2;4.48;6.72;64.02;Leonard raises his eyebrows in reaction to Sheldon.
62914;s04e01_seg02_clip_02;s04e01;test;seg02;2;18.57;20.81;64.02;Sheldon quickly turns, walks, and reaches up into a cabinet.
62912;s04e01_seg02_clip_02;s04e01;test;seg02;2;20.17;23.69;64.02;Howards talks to Raj, who is sitting on the couch.
62911;s04e01_seg02_clip_02;s04e01;test;seg02;2;29.13;31.7;64.02;Penny gets up from the couch and walks over to Sheldon.
62905;s04e01_seg02_clip_03;s04e01;test;seg02;3;10.08;17.37;56.68;Sheldon is standing holding a glass of juice while speaking to Penny.
62906;s04e01_seg02_clip_03;s04e01;test;seg02;3;19.89;23.81;56.68;Leonard is sitting in his chair eating out of a Chinese take out container.
62907;s04e01_seg02_clip_03;s04e01;test;seg02;3;35.58;38.38;56.68;Sheldon and Penny are conversing while standing in front of each other.
96742;s04e01_seg02_clip_04;s04e01;test;seg02;4;3.3;4.2;60.22;Sheldon walks away with his drink in his hand.
96740;s04e01_seg02_clip_04;s04e01;test;seg02;4;5.4;10.5;60.22;Sheldon knocks on Penny's door repeatedly while calling her name.
96743;s04e01_seg02_clip_04;s04e01;test;seg02;4;6.0;11.41;60.22;Sheldon stands and continues to knock at the door.
96741;s04e01_seg02_clip_04;s04e01;test;seg02;4;11.1;14.41;60.22;Penny opens the door for Sheldon after hes done knocking.
62893;s04e01_seg02_clip_05;s04e01;test;seg02;5;0.0;28.81;60.03;Sheldon asking permission of Penny having a date tonight.
62890;s04e01_seg02_clip_05;s04e01;test;seg02;5;7.2;10.5;60.03;Penny smacks her hands together while talking to Sheldon.
62891;s04e01_seg02_clip_05;s04e01;test;seg02;5;27.91;29.41;60.03;Penny turns turns around and walks away from Sheldon.
62892;s04e01_seg02_clip_05;s04e01;test;seg02;5;56.43;60.03;60.03;Howard slowly turns his head around and looks at the robot hand massaging his shoulder.
96745;s04e01_seg02_clip_06;s04e01;test;seg02;6;0.0;2.44;61.76;The hand of a robot massages Howard's right shoulder.
96748;s04e01_seg02_clip_06;s04e01;test;seg02;6;0.0;3.05;61.76;A robot arm massages Howard's right shoulder.
96746;s04e01_seg02_clip_06;s04e01;test;seg02;6;9.15;11.29;61.76;Howard glances down to look at Penny's shoes.
96747;s04e01_seg02_clip_06;s04e01;test;seg02;6;30.82;33.87;61.76;Penny briefly closes her eyes and gives a big sigh.
62895;s04e01_seg02_clip_07;s04e01;test;seg02;7;0.0;20.26;75.03;Penny is driving and conversing with Sheldon, the passenger.
62896;s04e01_seg02_clip_07;s04e01;test;seg02;7;42.76;60.77;75.03;Leonard picks up his phone and talks (to Howard).
62897;s04e01_seg02_clip_07;s04e01;test;seg02;7;63.77;75.02;75.03;Penny is driving, Sheldon is in the front seat, Amy is in the back seat.
62925;s04e01_seg02_clip_08;s04e01;test;seg02;8;15.63;18.27;44.61;Sheldon raises his hand and then lowers it.
62927;s04e01_seg02_clip_08;s04e01;test;seg02;8;15.85;36.32;44.61;Penny, Sheldon and Amy pass trees decorated with white lights in the median.
62926;s04e01_seg02_clip_08;s04e01;test;seg02;8;33.68;36.32;44.61;Penny turns her head slightly to look up into her rear view mirror, then straightens her head.
62920;s04e01_seg02_clip_09;s04e01;test;seg02;9;5.8;8.24;61.04;Penny reaches down and tries to turn on the radio in the car.
62921;s04e01_seg02_clip_09;s04e01;test;seg02;9;33.87;35.09;61.04;Amy nods her head to acknowledge what Sheldon just said to her.
62922;s04e01_seg02_clip_09;s04e01;test;seg02;9;60.42;61.03;61.04;Sheldon rolls his eyes and looks towards Amy in the back seat of the car.
18110;s04e01_seg02_clip_10;s04e01;test;seg02;10;0.0;3.97;61.43;Penny is driving in her car with Sheldon and Amy inside.
18111;s04e01_seg02_clip_10;s04e01;test;seg02;10;40.89;42.41;61.43;Leonard goes to touch Howard's laptop that is sitting on the bed.
18112;s04e01_seg02_clip_10;s04e01;test;seg02;10;59.81;61.03;61.43;Leonard crosses his arms with disappointment at Raj.
18115;s04e01_seg02_clip_11;s04e01;test;seg02;11;0.0;12.99;59.03;Raj and Leonard are trying to figure out how to help Howard with his problem.
18118;s04e01_seg02_clip_11;s04e01;test;seg02;11;0.0;2.95;59.03;Raj does a gesture with both hands as he stands beside Leonard.
18116;s04e01_seg02_clip_11;s04e01;test;seg02;11;14.46;28.04;59.03;Howard is sitting in his bed with a blanket over his private parts.
18117;s04e01_seg02_clip_11;s04e01;test;seg02;11;54.89;59.03;59.03;Penny is having dinner with Sheldon and Amy in a restaurant.
18119;s04e01_seg02_clip_11;s04e01;test;seg02;11;55.48;59.03;59.03;Penny is sitting with Amy and Sheldon as they are eating at a restaurant.
18100;s04e01_seg02_clip_12;s04e01;test;seg02;12;0.0;7.25;63.04;Penny takes a bite of her food with a fork.
18101;s04e01_seg02_clip_12;s04e01;test;seg02;12;21.75;31.83;63.04;Sheldon is sitting across from Amy while eating at a restaurant.
18102;s04e01_seg02_clip_12;s04e01;test;seg02;12;57.67;61.45;63.04;Amy takes a bite of her food while at the table with Sheldon and Penny.
18105;s04e01_seg02_clip_13;s04e01;test;seg02;13;1.68;3.08;56.27;Penny lifts her shoulders and slightly lifts her body out of the chair.
18106;s04e01_seg02_clip_13;s04e01;test;seg02;13;36.42;38.94;56.27;Sheldon points his left hand up and moves it along a curve.
18107;s04e01_seg02_clip_13;s04e01;test;seg02;13;52.66;53.78;56.27;Penny puts her head down on her hand.
18108;s04e01_seg02_clip_13;s04e01;test;seg02;13;52.66;54.06;56.27;Penny drops her face on the back of her hand in shame.
96013;s04e01_seg02_clip_14;s04e01;test;seg02;14;28.81;32.41;60.03;Penny calls the waiter over to the table.
96010;s04e01_seg02_clip_14;s04e01;test;seg02;14;29.71;32.41;60.03;Penny hold her hand up and points repeatedly toward the table while looking at the waiter.
96012;s04e01_seg02_clip_14;s04e01;test;seg02;14;30.01;32.41;60.03;The waiter walks away from the table he was serving.
96011;s04e01_seg02_clip_14;s04e01;test;seg02;14;47.72;51.02;60.03;Penny lifts her fork and takes two bites of her salad.
96018;s04e01_seg02_clip_15;s04e01;test;seg02;15;6.71;9.15;61.43;Sheldon had a taste of the food in his plate.
96015;s04e01_seg02_clip_15;s04e01;test;seg02;15;12.21;27.77;61.43;Leonard and Raj walk into a clinic pulling a robotic arm that is attached, underneath a blanket, to Howard.
96019;s04e01_seg02_clip_15;s04e01;test;seg02;15;12.82;20.75;61.43;Leonard and Raj bring large equipment while Howard follows being connected to the equipment.
96016;s04e01_seg02_clip_15;s04e01;test;seg02;15;29.29;40.58;61.43;The nurse takes off her glasses and walks over and looks underneath the Howard's blanket.
96017;s04e01_seg02_clip_15;s04e01;test;seg02;15;54.62;61.03;61.43;The nurse walks over to the desk and picks up the phone receiver and begins talking in it.
96020;s04e01_seg02_clip_16;s04e01;test;seg02;16;0.0;2.1;60.7;A hospital nurse is speaking through a phone intercom.
96021;s04e01_seg02_clip_16;s04e01;test;seg02;16;22.21;25.81;60.7;Howard's robotic arm releases Howard after the nurse pressed the switch on the laptop.
96024;s04e01_seg02_clip_16;s04e01;test;seg02;16;44.12;60.03;60.7;Penny and Sheldon are walking beside each other as they go upstairs.
96022;s04e01_seg02_clip_16;s04e01;test;seg02;16;47.72;51.32;60.7;Penny and Sheldon walk side by side going up stairs.
47090;s04e01_seg02_clip_17;s04e01;test;seg02;17;0.0;32.26;75.03;Sheldon and Penny walk up four flights of stairs.
47091;s04e01_seg02_clip_17;s04e01;test;seg02;17;49.52;59.64;75.03;Penny walks away from Sheldon to her front door.
47092;s04e01_seg02_clip_17;s04e01;test;seg02;17;62.64;67.9;75.03;Sheldon opens the door to his apartment, walks in, and closes the door.
47094;s04e01_seg02_clip_17;s04e01;test;seg02;17;65.27;75.02;75.03;Leonard talks on his cell phone with Howard.
89472;s04e05_seg01_clip_00;s04e05;dev;seg01;0;4.58;12.51;61.36;Leonard holds out his hand then leans his head on his fist.
89470;s04e05_seg01_clip_00;s04e05;dev;seg01;0;17.39;21.05;61.36;Sheldon picks up the television remote and puts it back down.
89471;s04e05_seg01_clip_00;s04e05;dev;seg01;0;27.16;61.03;61.36;Leonard crosses both legs while sitting on the couch.
89473;s04e05_seg01_clip_00;s04e05;dev;seg01;0;35.09;36.62;61.36;Sheldon makes a set of air quotations with his fingers.
89474;s04e05_seg01_clip_00;s04e05;dev;seg01;0;37.53;40.89;61.36;Leonard stretches out and picks up a bottle from a table.
70060;s04e05_seg01_clip_01;s04e05;dev;seg01;1;22.58;24.02;51.16;Leonard while holding his drink sitting on a couch rubs his lips together.
70061;s04e05_seg01_clip_01;s04e05;dev;seg01;1;37.47;40.59;51.16;Sheldon aims the remote at the TV, presses it and puts it down.
70062;s04e05_seg01_clip_01;s04e05;dev;seg01;1;41.8;48.04;51.16;Sheldon turns toward Leonard and makes Hulk arms.
21110;s04e05_seg02_clip_00;s04e05;dev;seg02;0;4.58;9.46;61.21;Sheldon and Leonard place a brown bag over their shoulders.
21113;s04e05_seg02_clip_00;s04e05;dev;seg02;0;4.58;44.55;61.21;Leonard and Sheldon simultaneously lift their bags over their shoulders, and they talk and walk out the door and down the stairs.
21111;s04e05_seg02_clip_00;s04e05;dev;seg02;0;26.55;29.6;61.21;Leonard closes the door and locks it while Sheldon speaks to him.
21112;s04e05_seg02_clip_00;s04e05;dev;seg02;0;35.7;61.03;61.21;Leonard and Sheldon walk down the stairs while speaking to each other.
21114;s04e05_seg02_clip_00;s04e05;dev;seg02;0;46.69;61.03;61.21;Leonard and Sheldon walk out of a stairway, past a broken elevator, and into another stairway.
75516;s04e05_seg02_clip_01;s04e05;dev;seg02;1;7.63;18.0;61.04;Sheldon and Leonard walk down a flight of stairs and stop in front of a bike in the hallway.
75515;s04e05_seg02_clip_01;s04e05;dev;seg02;1;38.14;43.02;61.04;Howard takes his phone outof his pocket and puts it to his ear.
75517;s04e05_seg02_clip_01;s04e05;dev;seg02;1;44.25;45.47;61.04;Howard walks away from the records while talking on the phone.
13250;s04e05_seg02_clip_02;s04e05;dev;seg02;2;8.26;9.15;59.71;Raj raises his right hand up and shakes his head while talking to Leonard.
13251;s04e05_seg02_clip_02;s04e05;dev;seg02;2;20.07;25.97;59.71;Sheldon turns away from Raj and Leonard and walks across the comic book store.
13252;s04e05_seg02_clip_02;s04e05;dev;seg02;2;52.53;53.12;59.71;Stuart points his left hand towards Leonard as he talks to him.
13245;s04e05_seg02_clip_03;s04e05;dev;seg02;3;0.0;27.31;60.51;Raj and Leonard have a conversation over comic books.
13249;s04e05_seg02_clip_03;s04e05;dev;seg02;3;52.22;54.62;60.51;Leonard is laying along the entire couch, Leonard bends his knees freeing up one end of the couch where Sheldon sits down. with a magazine in his hands.
13246;s04e05_seg02_clip_03;s04e05;dev;seg02;3;52.82;55.83;60.51;Leonard moves his feet out of Sheldon's spot on the couch.
13247;s04e05_seg02_clip_03;s04e05;dev;seg02;3;54.32;55.83;60.51;Sheldon sits down on the couch with a comic book in his hands.
75625;s04e05_seg02_clip_04;s04e05;dev;seg02;4;2.75;5.8;61.68;Leonard reaches for his glasses on the coffee table and puts them on.
75628;s04e05_seg02_clip_04;s04e05;dev;seg02;4;3.05;6.41;61.68;Leonard approach to the table and grab his glasses and put them on.
75626;s04e05_seg02_clip_04;s04e05;dev;seg02;4;7.63;10.99;61.68;Sheldon sets down his comic book on the arm of the sofa.
75629;s04e05_seg02_clip_04;s04e05;dev;seg02;4;35.7;49.74;61.68;Sheldon get up grabs the laptop and put it on the coffee table.
75627;s04e05_seg02_clip_04;s04e05;dev;seg02;4;40.28;48.52;61.68;Sheldon picks up the laptop and continues to talk to Amy as he walks back to the sofa.
13255;s04e05_seg02_clip_05;s04e05;dev;seg02;5;3.36;8.85;61.86;Leonard gets up off the couch and exits the apartment.
13256;s04e05_seg02_clip_05;s04e05;dev;seg02;5;12.51;16.17;61.86;Sheldon moves the laptop on the table to face him.
13258;s04e05_seg02_clip_05;s04e05;dev;seg02;5;28.07;33.57;61.86;Sheldon starts to close his laptop up before opening it again.
13257;s04e05_seg02_clip_05;s04e05;dev;seg02;5;43.33;57.67;61.86;Sheldon darts up from the couch and rushes down three flights of stairs shouting for Leonard.
13259;s04e05_seg02_clip_05;s04e05;dev;seg02;5;46.69;57.98;61.86;Sheldon runs frantically down the stairs of an apartment building.
21569;s04e05_seg02_clip_06;s04e05;dev;seg02;6;11.31;15.38;58.25;Leonard starts going down the stairs and Sheldon jogs after him.
21565;s04e05_seg02_clip_06;s04e05;dev;seg02;6;13.64;15.67;58.25;Sheldon runs to catch up to Leonard on the stairs.
21566;s04e05_seg02_clip_06;s04e05;dev;seg02;6;22.05;26.69;58.25;Leonard and Sheldon walk down the last flight of stairs.
21567;s04e05_seg02_clip_06;s04e05;dev;seg02;6;42.65;52.22;58.25;Leonard puts his hand on the doorknob and holds it while talking.
13275;s04e05_seg02_clip_08;s04e05;dev;seg02;8;48.7;50.47;59.03;Howard closes his front door behind him as he is talking to Leonard.
13276;s04e05_seg02_clip_08;s04e05;dev;seg02;8;54.3;56.96;59.03;Leonard comes walking out into the living room in a suit.
13277;s04e05_seg02_clip_08;s04e05;dev;seg02;8;56.07;59.03;59.03;Sheldon turns from his computer desk at home to check out what Leonard is wearing.
13270;s04e05_seg02_clip_09;s04e05;dev;seg02;9;0.0;3.47;63.04;Sheldon is sitting at his desk as he speaks to Leonard.
13273;s04e05_seg02_clip_09;s04e05;dev;seg02;9;7.25;12.29;63.04;Leonard turns around and opens the fridge and looks inside as Sheldon speaks.
13271;s04e05_seg02_clip_09;s04e05;dev;seg02;9;8.51;11.66;63.04;Leonard goes to the fridge and opens it.
13272;s04e05_seg02_clip_09;s04e05;dev;seg02;9;39.71;44.12;63.04;Sheldon takes number 2 sign off of his desk and shows it to Leonard.
55105;s04e05_seg02_clip_10;s04e05;dev;seg02;10;10.73;13.35;58.33;Sheldon gets up from his chair and goes to Leonard.
55108;s04e05_seg02_clip_10;s04e05;dev;seg02;10;10.73;13.93;58.33;Sheldon stands up and walks over to Leonard.
55106;s04e05_seg02_clip_10;s04e05;dev;seg02;10;30.17;35.11;58.33;Sheldon leaves Leonard's side to hide in the hallway.
55107;s04e05_seg02_clip_10;s04e05;dev;seg02;10;55.12;58.03;58.33;Leonard is sitting across from Howard and Bernadette in a restaurant.
66685;s04e05_seg02_clip_11;s04e05;dev;seg02;11;1.53;11.29;61.04;Bernadette rests her her hand on the table in front of her as she sits at the table talking.
66686;s04e05_seg02_clip_11;s04e05;dev;seg02;11;27.77;31.12;61.04;Joy uses a cloth napkin to dab each of her armpits.
66689;s04e05_seg02_clip_11;s04e05;dev;seg02;11;35.7;39.97;61.04;Joy shakes Leonard's hand as she sits beside her at the restaurant table.
66687;s04e05_seg02_clip_11;s04e05;dev;seg02;11;39.67;41.19;61.04;Joy slaps Leonard on the front of his shoulder as she laughs.
66656;s04e05_seg02_clip_12;s04e05;dev;seg02;12;0.0;4.5;60.03;Leonard says something and Joy pretends to hit him and laughs hysterically.
66657;s04e05_seg02_clip_12;s04e05;dev;seg02;12;5.4;7.8;60.03;Bernadette leans over to say something to Leonard and makes Joy laugh.
66658;s04e05_seg02_clip_12;s04e05;dev;seg02;12;9.3;14.11;60.03;Dr. Cooper locks his door and pauses before starting to walk down the stairs.
66655;s04e05_seg02_clip_12;s04e05;dev;seg02;12;10.2;12.61;60.03;Sheldon locks the front door and then stops at the top of the stairwell.
87695;s04e05_seg02_clip_13;s04e05;dev;seg02;13;4.13;15.64;59.09;Sheldon walks down the apartment stairs and jumps off the last step.
87697;s04e05_seg02_clip_13;s04e05;dev;seg02;13;18.3;20.95;59.09;Amy is standing outside the glass doors of Sheldon's apartment building.
87696;s04e05_seg02_clip_13;s04e05;dev;seg02;13;25.09;28.92;59.09;Sheldon sprints from the lobby back up the apartment stairs.
87698;s04e05_seg02_clip_13;s04e05;dev;seg02;13;25.97;27.74;59.09;Sheldon dashes up a flight of steps to avoid being seen by Amy.
87699;s04e05_seg02_clip_13;s04e05;dev;seg02;13;49.29;51.65;59.09;A woman wipes the sides of her mouth with a napkin.
55090;s04e05_seg02_clip_14;s04e05;dev;seg02;14;1.2;2.1;60.09;Joy turns and points behind her as she is leaving the restaurant dining room.
55093;s04e05_seg02_clip_14;s04e05;dev;seg02;14;21.01;27.91;60.09;Sheldon walks slowly and Amy stares at Him.
55094;s04e05_seg02_clip_14;s04e05;dev;seg02;14;29.71;35.42;60.09;Amy takes on her bag and walk slowly to Sheldon.
55091;s04e05_seg02_clip_14;s04e05;dev;seg02;14;31.81;33.01;60.09;Amy puts her laptop bag over her shoulder and stands up from the steps.
55092;s04e05_seg02_clip_14;s04e05;dev;seg02;14;35.42;36.92;60.09;Sheldon takes off a pair of funny novelty glasses while talking to Amy.
66635;s04e05_seg02_clip_15;s04e05;dev;seg02;15;0.0;29.41;60.05;Sheldon and Amy are having a conversation in front of doors.
66636;s04e05_seg02_clip_15;s04e05;dev;seg02;15;30.91;36.02;60.05;Sheldon opens a door and he and Amy walk through it.
66637;s04e05_seg02_clip_15;s04e05;dev;seg02;15;49.52;51.62;60.05;Howard folds his hands together while talking to Leonard.
55080;s04e05_seg02_clip_16;s04e05;dev;seg02;16;16.17;20.75;61.04;Joy walks over and sits down at the table in the restaurant next to Leonard.
55083;s04e05_seg02_clip_16;s04e05;dev;seg02;16;18.0;21.97;61.04;Joy and Bernadette sit at the table with Leonard and Howard at the same time.
55081;s04e05_seg02_clip_16;s04e05;dev;seg02;16;32.04;38.45;61.04;Joy picks up a glass of white wine and takes a drink.
55082;s04e05_seg02_clip_16;s04e05;dev;seg02;16;47.91;61.03;61.04;Sheldon and Amy sit next to each other on the couch and talk to Amy's mother through a video chat on a laptop.
55084;s04e05_seg02_clip_16;s04e05;dev;seg02;16;48.21;61.03;61.04;Sheldon is speaking to Amy's mother through Skype on his laptop.
55085;s04e05_seg02_clip_17;s04e05;dev;seg02;17;0.0;30.69;52.61;Amy and Sheldon sit on the couch video chatting with Mrs Fowler on a red laptop.
55087;s04e05_seg02_clip_17;s04e05;dev;seg02;17;19.51;20.55;52.61;On the laptop screen Mrs Fowler raises up her hand and waves bye.
55086;s04e05_seg02_clip_17;s04e05;dev;seg02;17;30.95;31.99;52.61;Sheldon closes a red laptop that's sitting on Amy's lap.
48485;s04e12_seg01_clip_00;s04e12;test;seg01;0;3.66;35.09;61.55;Howard talks on his cell phone to his mother.
48487;s04e12_seg01_clip_00;s04e12;test;seg01;0;53.7;57.98;61.55;Leonard comes and sits at the table with Raj, Howard, and Sheldon.
48489;s04e12_seg01_clip_00;s04e12;test;seg01;0;55.23;57.06;61.55;Leonard places a lunch tray on top of a table.
48486;s04e12_seg01_clip_00;s04e12;test;seg01;0;55.54;58.28;61.55;Howard takes a bite of food from his plate.
90578;s04e12_seg01_clip_01;s04e12;test;seg01;1;6.41;10.99;61.9;Howard continues to eat while Leonard is speaking.
90575;s04e12_seg01_clip_01;s04e12;test;seg01;1;7.32;10.07;61.9;Sheldon is sitting beside Leonard at the cafeteria table.
90576;s04e12_seg01_clip_01;s04e12;test;seg01;1;19.83;22.58;61.9;Raj is beside Howard at the cafeteria table.
90579;s04e12_seg01_clip_01;s04e12;test;seg01;1;21.05;26.85;61.9;Leonard and Sheldon looks disappointed on what Raj says.
90577;s04e12_seg01_clip_01;s04e12;test;seg01;1;58.28;61.03;61.9;Leonard gestures with his hands to Howard and Raj.
84010;s04e12_seg02_clip_00;s04e12;test;seg02;0;4.27;7.93;61.31;Leonard comes from the kitchen and seats on the chair.
84011;s04e12_seg02_clip_00;s04e12;test;seg02;0;19.53;26.85;61.31;Penny is sitting in a chair eating with chopsticks.
84012;s04e12_seg02_clip_00;s04e12;test;seg02;0;42.41;45.47;61.31;Sheldon starts to clap as he is singing a song.
84005;s04e12_seg02_clip_01;s04e12;test;seg02;1;0.0;9.0;60.03;Sheldon gets up from his spot to stand next to Penny.
84006;s04e12_seg02_clip_01;s04e12;test;seg02;1;12.61;14.41;60.03;Howard is holding a fork and a Chinese food container in his hands.
84007;s04e12_seg02_clip_01;s04e12;test;seg02;1;54.02;56.43;60.03;Penny gets up from the chair to exit the apartment.
68675;s04e12_seg02_clip_02;s04e12;test;seg02;2;0.0;4.8;60.38;Sheldon gets up from his spot to get papers from a desk.
68678;s04e12_seg02_clip_02;s04e12;test;seg02;2;0.0;4.2;60.38;Sheldon gets up from his seat and goes to a desk to pick up documents.
68676;s04e12_seg02_clip_02;s04e12;test;seg02;2;6.6;11.41;60.38;Sheldon hands papers to Leonard, Howard, and Raj.
68677;s04e12_seg02_clip_02;s04e12;test;seg02;2;39.92;45.62;60.38;Sheldon is sitting next to Howard on the couch as he speaks.
68665;s04e12_seg02_clip_03;s04e12;test;seg02;3;0.0;3.0;60.14;Sheldon is holding paperwork as he is conversing with Leonard.
68666;s04e12_seg02_clip_03;s04e12;test;seg02;3;43.52;45.32;60.14;Raj and Howard are on their laptops as they listen to Leonard.
68667;s04e12_seg02_clip_03;s04e12;test;seg02;3;47.72;50.12;60.14;Leonard is standing in front of a dry erase board.
68669;s04e12_seg02_clip_03;s04e12;test;seg02;3;57.63;60.03;60.14;Sheldon points to the dry erase board Leonard is standing beside.
83990;s04e12_seg02_clip_04;s04e12;test;seg02;4;10.37;12.21;61.24;Sheldon stands up from the couch he was sitting on with Howard.
83992;s04e12_seg02_clip_04;s04e12;test;seg02;4;26.24;28.38;61.24;Sheldon sits down on the couch next to Howard.
83994;s04e12_seg02_clip_04;s04e12;test;seg02;4;38.14;46.38;61.24;While Sheldon, along with Rag and Leonard are gathered around Howard who is seated in front of a computer, Sheldon shakes his right index finger, makes an okay sign with his right hand and then puts his right index finger to his lips.
83991;s04e12_seg02_clip_04;s04e12;test;seg02;4;43.64;46.38;61.24;Sheldon places his index finger over his lips.
83985;s04e12_seg02_clip_05;s04e12;test;seg02;5;44.56;51.94;59.73;"Sheldon holds his left hand up in the ""stop"" position then lowers it to his side."
83987;s04e12_seg02_clip_05;s04e12;test;seg02;5;45.75;47.22;59.73;Raj raises his right hand to his face and face palms.
83986;s04e12_seg02_clip_05;s04e12;test;seg02;5;54.89;57.85;59.73;Sheldon raises his right hand next to his head.
68595;s04e12_seg02_clip_06;s04e12;test;seg02;6;1.58;6.3;63.04;Howard is sitting in front of the laptop as Sheldon and Leonard argue.
68598;s04e12_seg02_clip_06;s04e12;test;seg02;6;17.65;21.12;63.04;Leonard walks into the living room to find Sheldon surrounded by white boards.
68596;s04e12_seg02_clip_06;s04e12;test;seg02;6;18.91;22.69;63.04;Leonard comes out of his bedroom tying his robe as he sees Sheldon.
68597;s04e12_seg02_clip_06;s04e12;test;seg02;6;46.64;52.31;63.04;Sheldon caps his marker and places by his white board.
68599;s04e12_seg02_clip_06;s04e12;test;seg02;6;46.96;52.63;63.04;Sheldon puts the cap on the marker and sets it under the board.
83998;s04e12_seg02_clip_07;s04e12;test;seg02;7;20.36;32.17;59.03;Leonard pour himself a cup of coffee in a red mug.
83995;s04e12_seg02_clip_07;s04e12;test;seg02;7;21.25;24.79;59.03;Leonard pours himself a cup of coffee at the kitchen counter.
83996;s04e12_seg02_clip_07;s04e12;test;seg02;7;31.58;34.24;59.03;Sheldon walks away from the kitchen toward his bedroom.
83997;s04e12_seg02_clip_07;s04e12;test;seg02;7;38.07;59.03;59.03;Raj and Howard are sitting at a cafeteria table eating food.
84038;s04e12_seg02_clip_08;s04e12;test;seg02;8;15.01;17.71;60.4;Sheldon hands Raj a mug as he is sitting at a table..
84035;s04e12_seg02_clip_08;s04e12;test;seg02;8;16.21;19.51;60.4;Raj picks up a black coffee mug and reads the print on it.
84036;s04e12_seg02_clip_08;s04e12;test;seg02;8;35.72;39.32;60.4;Sheldon sits down at the table while holding a paper bag.
84037;s04e12_seg02_clip_08;s04e12;test;seg02;8;57.33;60.03;60.4;Sheldon reaches into as paper bag and pulls out two key chains.
84030;s04e12_seg02_clip_09;s04e12;test;seg02;9;0.0;2.9;58.03;Sheldon is holding two key-chains in his hands.
84033;s04e12_seg02_clip_09;s04e12;test;seg02;9;8.7;12.48;58.03;Sheldon puts both his hands in a bag and pulls out two cans.
84031;s04e12_seg02_clip_09;s04e12;test;seg02;9;9.28;14.8;58.03;Sheldon takes two can cozies from a box on his lap.
84034;s04e12_seg02_clip_09;s04e12;test;seg02;9;22.05;25.24;58.03;Howards hold a mobile phone up to a whiteboard and uses it to take a photo.
84032;s04e12_seg02_clip_09;s04e12;test;seg02;9;24.08;26.69;58.03;Howard takes a picture of the white board with his phone.
38730;s04e12_seg02_clip_10;s04e12;test;seg02;10;2.7;6.6;60.79;Sheldon sets a speaker on the desk and then sits down.
38733;s04e12_seg02_clip_10;s04e12;test;seg02;10;5.1;6.9;60.79;Sheldon sits at his desk chair as the turns on his speaker.
38732;s04e12_seg02_clip_10;s04e12;test;seg02;10;7.2;12.61;60.79;Leonard is having a conversation with Howard who sits down and starts to work on his laptop.
38731;s04e12_seg02_clip_10;s04e12;test;seg02;10;20.11;32.71;60.79;Leonard says something to Sheldon and Sheldon stops playing the theremin to turn around to talk to Leonard.
38735;s04e12_seg02_clip_11;s04e12;test;seg02;11;4.88;9.76;61.58;Leonard gets up from the couch and goes to Sheldon's desk, bends over then stands up straight.
38736;s04e12_seg02_clip_11;s04e12;test;seg02;11;26.24;35.09;61.58;Sheldon walks out of the apartment then heads towards the stairs.
38737;s04e12_seg02_clip_11;s04e12;test;seg02;11;49.74;52.79;61.58;Penny enters the apartment building and stops when she sees Sheldon.
38720;s04e12_seg02_clip_12;s04e12;test;seg02;12;18.59;23.02;59.03;Penny walks over to Sheldon and sits on the stairs next to him
38721;s04e12_seg02_clip_12;s04e12;test;seg02;12;33.35;36.3;59.03;Penny opes her purse to retrieve her phone.
38722;s04e12_seg02_clip_12;s04e12;test;seg02;12;51.65;55.19;59.03;Penny taps her phone screen with her finger.
38725;s04e12_seg02_clip_13;s04e12;test;seg02;13;18.01;19.81;60.59;Penny stands up from sitting on the stairs next to Sheldon.
38726;s04e12_seg02_clip_13;s04e12;test;seg02;13;38.72;43.22;60.59;Sheldon gets up to go up stairs with Penny for hot cocoa.
38729;s04e12_seg02_clip_13;s04e12;test;seg02;13;40.52;44.72;60.59;Sheldon stands up and unplugs his keyboard from the outlet.
38727;s04e12_seg02_clip_13;s04e12;test;seg02;13;52.22;56.13;60.59;Leonard turns away from his computer screen to face Howard and Raj in the living room.
38750;s04e12_seg02_clip_14;s04e12;test;seg02;14;13.21;17.11;60.03;Penny opens the door and starts talking to the guys.
38751;s04e12_seg02_clip_14;s04e12;test;seg02;14;22.81;25.81;60.03;Leonard looks away from his computer while talking to Penny.
38752;s04e12_seg02_clip_14;s04e12;test;seg02;14;27.91;33.92;60.03;Leonard gets up from the chair, walks over to and sits on the couch.
38754;s04e12_seg02_clip_14;s04e12;test;seg02;14;28.81;32.71;60.03;Leonard gets up from his desk and sits next to Howard on the couch.
38758;s04e12_seg02_clip_15;s04e12;test;seg02;15;0.0;4.58;61.24;Raj talks to Leonard and Howard while sitting behind a laptop.
38759;s04e12_seg02_clip_15;s04e12;test;seg02;15;21.05;27.46;61.24;Sheldon plays an electronic instrument while having a conversation with Penny.
38755;s04e12_seg02_clip_15;s04e12;test;seg02;15;21.66;26.85;61.24;Sheldon moves his hand back and forth in the air over an electronic device that is laying in his lap.
38756;s04e12_seg02_clip_15;s04e12;test;seg02;15;47.3;48.82;61.24;Penny puts her hands together and quickly claps twice as she is talking to Sheldon.
38757;s04e12_seg02_clip_15;s04e12;test;seg02;15;56.15;60.11;61.24;Penny points at Sheldon with both hands as they are sitting on the couch talking.
38740;s04e12_seg02_clip_16;s04e12;test;seg02;16;12.69;16.23;59.03;"Penny stands up from the couch and faces Sheldon. Sheldon readies himself to stand up from the couch but before he does he picks up his cup of ""Coco"" and thanks Penny for it."
38741;s04e12_seg02_clip_16;s04e12;test;seg02;16;39.55;41.91;59.03;"Penny and Sheldon are sitting on the couch and Sheldon winks at her after ""apologizing"" to Leonard."
38742;s04e12_seg02_clip_16;s04e12;test;seg02;16;43.38;53.12;59.03;Leonard is standing next to Sheldon who is sitting on the couch. Leonard is showing Sheldon how to utilize an app on the phone for uploading photos.
38745;s04e12_seg02_clip_17;s04e12;test;seg02;17;5.28;8.16;48.03;Sheldon stands up and walks away from the couch.
38746;s04e12_seg02_clip_17;s04e12;test;seg02;17;9.6;11.77;48.03;Sheldon erases the equations from the dry-erase white board.
38747;s04e12_seg02_clip_17;s04e12;test;seg02;17;15.37;19.93;48.03;Penny picks up the purple shoes and sets them down.
1340;s05e09_seg01_clip_00;s05e09;test;seg01;0;3.97;5.19;61.06;Leonard closes his mailbox door as Penny enters the building.
1341;s05e09_seg01_clip_00;s05e09;test;seg01;0;8.24;9.76;61.06;Penny shows Leonard the plastic bag she is holding as he walks towards her.
1342;s05e09_seg01_clip_00;s05e09;test;seg01;0;10.68;61.03;61.06;Penny and Leonard walk upstairs side by side.
288;s05e09_seg01_clip_01;s05e09;test;seg01;1;0.0;4.88;78.02;Penny and Leonard climb the stairs up together.
285;s05e09_seg01_clip_01;s05e09;test;seg01;1;3.0;9.0;78.02;Leonard opens the door and he and Penny enter his apartment.
289;s05e09_seg01_clip_01;s05e09;test;seg01;1;6.38;9.38;78.02;Penny and Leonard enters the apartment of Leonard and Sheldon.
286;s05e09_seg01_clip_01;s05e09;test;seg01;1;16.13;20.63;78.02;Sheldon as seen through the window shooing a bird sitting on the ledge outside the window by waving his hands.
287;s05e09_seg01_clip_01;s05e09;test;seg01;1;61.52;66.4;78.02;Sheldon pulls the cord on the curtains causing the drapes to draw closed.
42300;s05e09_seg02_clip_00;s05e09;test;seg02;0;3.55;22.37;71.04;A blue bird sits outside on the windowsill as Sheldon makes noises at it through the window.
42303;s05e09_seg02_clip_00;s05e09;test;seg02;0;4.97;10.3;71.04;Sheldon is trying to tease the little bird outside the window.
42304;s05e09_seg02_clip_00;s05e09;test;seg02;0;23.79;29.12;71.04;Leonard suddenly came in and talk to Sheldon.
42302;s05e09_seg02_clip_00;s05e09;test;seg02;0;65.34;68.54;71.04;Leonard takes off his jacket and walks out of the room.
42301;s05e09_seg02_clip_00;s05e09;test;seg02;0;69.6;71.02;71.04;Sheldon dials a number on his cell phone and holds it up to his ear.
42305;s05e09_seg02_clip_01;s05e09;test;seg02;1;0.0;39.27;50.24;Sheldon stands in front of a bookcase and has a conversation on his cell phone.
42306;s05e09_seg02_clip_01;s05e09;test;seg02;1;39.52;40.77;50.24;Sheldon pulls his cell phone from his ear and hits the button to hang it up.
42307;s05e09_seg02_clip_01;s05e09;test;seg02;1;44.77;46.02;50.24;Leonard stands in the apartment and throws his hands out from his sides while talking.
42290;s05e09_seg02_clip_02;s05e09;test;seg02;2;5.8;9.46;61.34;Leonard turns around and takes off his baseball hat.
42293;s05e09_seg02_clip_02;s05e09;test;seg02;2;9.46;14.65;61.34;Sheldon gets a pen and a paper and write there suddenly.
42294;s05e09_seg02_clip_02;s05e09;test;seg02;2;16.17;21.66;61.34;Sheldon tries to scare the bird in the window.
42291;s05e09_seg02_clip_02;s05e09;test;seg02;2;27.16;31.73;61.34;Penny and Leonard walk into the movie theater.
42292;s05e09_seg02_clip_02;s05e09;test;seg02;2;48.52;52.48;61.34;Leonard stops and turns around to talk to Penny.
42295;s05e09_seg02_clip_03;s05e09;test;seg02;3;9.9;12.91;60.03;Penny points to the movie times with her right hand
42297;s05e09_seg02_clip_03;s05e09;test;seg02;3;21.91;24.91;60.03;Leonard gestures with his right hand as he talks to Penny.
42296;s05e09_seg02_clip_03;s05e09;test;seg02;3;36.92;39.62;60.03;Leonard cross his arms as he talks with Penny.
42320;s05e09_seg02_clip_04;s05e09;test;seg02;4;6.0;8.7;60.03;Leonard gestures with both hands while talking to Penny.
42321;s05e09_seg02_clip_04;s05e09;test;seg02;4;34.22;36.92;60.03;Howard is sitting in a chair resting his chin on his hand.
42322;s05e09_seg02_clip_04;s05e09;test;seg02;4;36.92;38.72;60.03;Howard picks up a remote control off of the coffee table.
97505;s05e09_seg02_clip_05;s05e09;test;seg02;5;6.79;9.74;59.52;Sheldon walks towards the couch and sits down.
97506;s05e09_seg02_clip_05;s05e09;test;seg02;5;37.78;38.37;59.52;Sheldon points his finger at his mouth while talking to Raj.
97507;s05e09_seg02_clip_05;s05e09;test;seg02;5;52.24;56.07;59.52;Sheldon stands up and walk towards Howard.
80032;s05e09_seg02_clip_06;s05e09;test;seg02;6;0.0;9.43;65.02;Sheldon adjusts a machine while looking at it.
80030;s05e09_seg02_clip_06;s05e09;test;seg02;6;10.73;11.71;65.02;A bird hops on the ledge of the window.
80033;s05e09_seg02_clip_06;s05e09;test;seg02;6;14.31;19.51;65.02;Sheldon, Raj and Howard look at the window together.
80034;s05e09_seg02_clip_06;s05e09;test;seg02;6;29.59;34.47;65.02;Penny drinks alcohol while seriously talking to Leonard.
80031;s05e09_seg02_clip_06;s05e09;test;seg02;6;29.91;36.74;65.02;Penny picks up the glass of wine and then drinks from it.
42315;s05e09_seg02_clip_07;s05e09;test;seg02;7;5.5;9.35;55.04;Penny hangs her purse on the back of her chair as she turns in her seat.
42318;s05e09_seg02_clip_07;s05e09;test;seg02;7;9.35;13.48;55.04;Penny looks on what the guy behind him is doing and start a conversation.
42316;s05e09_seg02_clip_07;s05e09;test;seg02;7;26.41;30.54;55.04;Kevin turns in his seat and shakes Penny's hand.
42317;s05e09_seg02_clip_07;s05e09;test;seg02;7;38.52;40.17;55.04;Leonard sets a table number down on the table.
79870;s05e09_seg02_clip_08;s05e09;test;seg02;8;0.0;3.36;61.04;Sheldon grabs the remote from the coffee table and places it back on the table.
79873;s05e09_seg02_clip_08;s05e09;test;seg02;8;1.53;5.8;61.04;Sheldon turns off the TV and stand up.
79871;s05e09_seg02_clip_08;s05e09;test;seg02;8;11.9;16.78;61.04;Sheldon goes to his window and opens it to see a bird on the seal.
79874;s05e09_seg02_clip_08;s05e09;test;seg02;8;13.12;17.09;61.04;Sheldon opens the window and he saw an animal.
79872;s05e09_seg02_clip_08;s05e09;test;seg02;8;25.94;35.09;61.04;Sheldon goes into a closet and comes out in a helmet and holding a broom.
42277;s05e09_seg02_clip_09;s05e09;test;seg02;9;0.0;7.38;59.03;Penny talks to a guy while waving her hands around
42275;s05e09_seg02_clip_09;s05e09;test;seg02;9;7.38;10.03;59.03;Leonard is visably annoyed and rolls his eyes
42276;s05e09_seg02_clip_09;s05e09;test;seg02;9;15.05;21.54;59.03;Leonard has Penny come over to talk to him
291;s05e09_seg02_clip_10;s05e09;test;seg02;10;6.0;9.9;60.03;Amy and Bernadatte are looking at a bird on the couch and Amy turns around to Sheldon, hiding behind the door.
292;s05e09_seg02_clip_10;s05e09;test;seg02;10;31.81;34.82;60.03;Amy opens the door and Sheldon moves towards the dresser.
290;s05e09_seg02_clip_10;s05e09;test;seg02;10;34.82;42.92;60.03;Bernadette walks over to the couch and lets a bird jump on her arm.
1325;s05e09_seg02_clip_11;s05e09;test;seg02;11;11.79;21.71;62.42;Sheldon slowly walks toward a bird that Bernadette is holding.
1328;s05e09_seg02_clip_11;s05e09;test;seg02;11;27.91;34.43;62.42;Sheldon touches the feathers of a bird slight then jumps back.
1326;s05e09_seg02_clip_11;s05e09;test;seg02;11;31.01;34.74;62.42;Sheldon gently pets a bird that Bernadette is holding.
1327;s05e09_seg02_clip_11;s05e09;test;seg02;11;44.66;60.17;62.42;Leonard is standing at a table in a bar speaking to his date.
295;s05e09_seg02_clip_13;s05e09;test;seg02;13;10.64;13.45;56.02;A girl behind Penny and Leonard raises her drink, takes a sip and lowers her glass.
297;s05e09_seg02_clip_13;s05e09;test;seg02;13;29.41;30.81;56.02;Leonard and Penny walk from their table towards the door.
299;s05e09_seg02_clip_13;s05e09;test;seg02;13;50.7;53.22;56.02;Sheldon grabs a cup of liquid to offer to his pet bird.
296;s05e09_seg02_clip_13;s05e09;test;seg02;13;51.82;56.02;56.02;Sheldon picks up a cup of water and offers it to the bird, who drinks it.
270;s05e09_seg02_clip_14;s05e09;test;seg02;14;10.03;14.46;59.03;Sheldon points to something for Bernadette to get.
273;s05e09_seg02_clip_14;s05e09;test;seg02;14;18.0;22.43;59.03;Bernadette walks towards Sheldon, who is seated o n the couch with a blue and white bird perched on his left arm, she stops and points the phone at Sheldon and the bird, Sheldon poses and she takes his picture finally setting the phone down in front of Sheldon.
271;s05e09_seg02_clip_14;s05e09;test;seg02;14;18.89;22.43;59.03;Bernadette takes a picture of Sheldon and the bird on his arm with a cell phone.
272;s05e09_seg02_clip_14;s05e09;test;seg02;14;46.63;51.65;59.03;Sheldon points at the bird on his arm and then waves his hand and shakes his head.
266;s05e09_seg02_clip_15;s05e09;test;seg02;15;18.06;22.33;95.04;Sheldon is talking while setting his bird down on the arm of the couch.
265;s05e09_seg02_clip_15;s05e09;test;seg02;15;23.28;34.21;95.04;Sheldon gets up from the couch and opens the window.
267;s05e09_seg02_clip_15;s05e09;test;seg02;15;64.14;71.75;95.04;Penny and Leonard walk into the apartment building and Penny looks at a LOST poster of Sheldon's.
283;s05e09_seg02_clip_16;s05e09;test;seg02;16;0.0;3.25;25.22;Leonard and Penny walk up the first flight of stairs.
280;s05e09_seg02_clip_16;s05e09;test;seg02;16;17.02;21.9;25.22;Penny walks up the last flight of stairs to their apartment
281;s05e09_seg02_clip_16;s05e09;test;seg02;16;22.02;23.27;25.22;Leonard grabs Penny on the back of shoulder
284;s05e09_seg02_clip_16;s05e09;test;seg02;16;22.15;23.52;25.22;Leonard reaches out to grab Penny's left shoulder.
282;s05e09_seg02_clip_16;s05e09;test;seg02;16;23.02;25.03;25.22;Penny stops walking to face Leonard and talk
275;s05e09_seg02_clip_17;s05e09;test;seg02;17;0.0;13.6;69.58;Leonard is with Penny in the hallway of their apartments.
278;s05e09_seg02_clip_17;s05e09;test;seg02;17;0.0;52.38;69.58;Leonard and Penny are standing in the hallway as they converse with each other.
276;s05e09_seg02_clip_17;s05e09;test;seg02;17;53.4;56.8;69.58;Penny leaves Leonard and heads to her apartment.
279;s05e09_seg02_clip_17;s05e09;test;seg02;17;62.58;68.02;69.58;Leonard enters the apartment and Sheldon shows him a nest with an egg in it.
277;s05e09_seg02_clip_17;s05e09;test;seg02;17;63.6;68.02;69.58;Leonard walks into the apartment and Sheldon shows him his bird's nest.
28855;s05e13_seg01_clip_00;s05e13;test;seg01;0;38.04;46.82;65.02;Sheldon and Leonard walks up the stairs to their front door.
28856;s05e13_seg01_clip_00;s05e13;test;seg01;0;45.52;53.65;65.02;Leonard looks at Penny, Amy, and Bernadette standing in Penny's apartment unboxing something.
28859;s05e13_seg01_clip_00;s05e13;test;seg01;0;53.33;56.9;65.02;Sheldon picks up a brown package that was setting next to the apartment door.
28857;s05e13_seg01_clip_00;s05e13;test;seg01;0;60.48;62.76;65.02;Sheldon jumps up and down holding a cardboard box.
28860;s05e13_seg01_clip_01;s05e13;test;seg01;1;1.23;10.05;52.03;Sheldon stands in the hallway with Leonard holding a large package.
28861;s05e13_seg01_clip_01;s05e13;test;seg01;1;17.4;21.08;52.03;Sheldon knocks on Penny's door and starts a conversation.
28862;s05e13_seg01_clip_01;s05e13;test;seg01;1;42.16;49.02;52.03;Sheldon stands in the hallway talking to a Spock cutout.
11693;s05e13_seg02_clip_00;s05e13;test;seg02;0;0.0;9.3;62.04;Bernadette invited Amy and Penny in a date.
11690;s05e13_seg02_clip_00;s05e13;test;seg02;0;4.03;11.79;62.04;Amy and Bernadette are sitting on Penny's bed on a pile of clothes.
11691;s05e13_seg02_clip_00;s05e13;test;seg02;0;21.4;29.15;62.04;Penny comes out of her bathroom in a green dress.
11692;s05e13_seg02_clip_00;s05e13;test;seg02;0;59.55;62.03;62.04;Penny comes out of her bathroom in a long sweater and long dress.
66210;s05e13_seg02_clip_01;s05e13;test;seg02;1;0.0;2.75;61.68;Amy and Bernadette are sitting on Penny's bed.
66211;s05e13_seg02_clip_01;s05e13;test;seg02;1;3.05;7.32;61.68;Penny goes back into her bathroom after touching her clothes.
66213;s05e13_seg02_clip_01;s05e13;test;seg02;1;3.66;5.49;61.68;Penny looks down at her clothes and goes into her bathroom.
66212;s05e13_seg02_clip_01;s05e13;test;seg02;1;42.41;47.3;61.68;Penny exits her bathroom to sit on her chair.
66214;s05e13_seg02_clip_01;s05e13;test;seg02;1;43.94;47.3;61.68;Penny exits her bathroom and sits on a chair as Amy and Bernadette are with her.
66203;s05e13_seg02_clip_02;s05e13;test;seg02;2;0.0;15.64;59.69;Penny and the girls sit in a bedroom talking, then one of them runs over and grabs Penny's arm to get her to stand up.
66200;s05e13_seg02_clip_02;s05e13;test;seg02;2;13.58;16.23;59.69;Bernadette grabs Penny's arm and leads her out of the room.
66204;s05e13_seg02_clip_02;s05e13;test;seg02;2;18.3;56.07;59.69;Three of the guys are playing a game, and Sheldon talks, while the others laugh.
66201;s05e13_seg02_clip_02;s05e13;test;seg02;2;18.89;25.38;59.69;Sheldon picks a card off a deck and adds it to his hand.
66202;s05e13_seg02_clip_02;s05e13;test;seg02;2;48.99;54.6;59.69;Sheldon takes two cards from his hand and shows them to Raj and Howard.
11675;s05e13_seg02_clip_03;s05e13;test;seg02;3;8.68;11.17;62.04;Leonard walking toward table from beside Howards chair.
11679;s05e13_seg02_clip_03;s05e13;test;seg02;3;18.3;21.09;62.04;Leonard is looking on his computer while talking to his friends.
11676;s05e13_seg02_clip_03;s05e13;test;seg02;3;30.08;39.08;62.04;Sheldon talking about Leonard about his fixation on Penny.
11678;s05e13_seg02_clip_03;s05e13;test;seg02;3;49.93;53.66;62.04;Leonard walks out from the room while Sheldon is still taking to Him.
11677;s05e13_seg02_clip_03;s05e13;test;seg02;3;51.79;53.97;62.04;Leonard walking out the door and closing it behind him.
66180;s05e13_seg02_clip_04;s05e13;test;seg02;4;11.71;14.11;60.69;Howard puts his hand up to his face and laughs.
66181;s05e13_seg02_clip_04;s05e13;test;seg02;4;17.71;20.71;60.69;Howard puts his arm across him and bends over in his chair laughing.
66182;s05e13_seg02_clip_04;s05e13;test;seg02;4;45.32;47.72;60.69;Penny closes her menu and sets it down on the table.
11668;s05e13_seg02_clip_05;s05e13;test;seg02;5;19.1;22.52;57.02;Leonard moves his chair forward towards the table.
11665;s05e13_seg02_clip_05;s05e13;test;seg02;5;19.96;21.1;57.02;Howard grabs his chair and moves it slightly.
11666;s05e13_seg02_clip_05;s05e13;test;seg02;5;24.81;28.8;57.02;A waiter arrives at a table to take their order.
11667;s05e13_seg02_clip_05;s05e13;test;seg02;5;37.35;39.92;57.02;Howard moves his left hand to rest on the table he is seated at.
11660;s05e13_seg02_clip_06;s05e13;test;seg02;6;18.92;21.05;61.56;Leonard and Penny each take a sip of red wine.
11662;s05e13_seg02_clip_06;s05e13;test;seg02;6;25.94;27.77;61.56;Penny puts her hands up in front of her.
11661;s05e13_seg02_clip_06;s05e13;test;seg02;6;39.06;48.21;61.56;A member of the wait staff passes by Leonard and Penny and serves the diners at the table behind them.
11655;s05e13_seg02_clip_07;s05e13;test;seg02;7;3.54;5.61;59.45;Leonard points his finger across the table at Penny
11658;s05e13_seg02_clip_07;s05e13;test;seg02;7;3.84;6.49;59.45;Leonard points his finger at Penny while they are at dinner.
11656;s05e13_seg02_clip_07;s05e13;test;seg02;7;30.1;37.78;59.45;Sheldon lays down some cards while playing a card game with Raj and Howard.
11659;s05e13_seg02_clip_07;s05e13;test;seg02;7;41.32;44.86;59.45;Leonard comes in the apartment and slams the door.
11657;s05e13_seg02_clip_07;s05e13;test;seg02;7;41.61;43.97;59.45;Leonard walks into the room and slams the door behind him.
11650;s05e13_seg02_clip_08;s05e13;test;seg02;8;27.91;31.21;60.03;Sheldon places a game piece on the game board.
11651;s05e13_seg02_clip_08;s05e13;test;seg02;8;35.12;44.12;60.03;Leonard rolls over in bed and checks his phone.
11652;s05e13_seg02_clip_08;s05e13;test;seg02;8;47.42;59.43;60.03;Leonard opens the door and is kissed by Penny.
11654;s05e13_seg02_clip_08;s05e13;test;seg02;8;48.62;57.93;60.03;Leonard walks out of his apartment and Penny throws herself on Leonard as she kisses him.
11645;s05e13_seg02_clip_09;s05e13;test;seg02;9;0.31;3.97;61.15;Penny leads Leonard by the hand from his apartment to her apartment.
11647;s05e13_seg02_clip_09;s05e13;test;seg02;9;7.32;14.04;61.15;Penny shuts her apartment door and then leads Leonard by the hand to the bedroom.
11646;s05e13_seg02_clip_09;s05e13;test;seg02;9;16.78;26.24;61.15;Leonard and Penny are lying naked in bed after just having sex.
53270;s05e13_seg02_clip_10;s05e13;test;seg02;10;0.0;5.31;59.03;Leonard and Penny are lying together in Penny's bed.
53271;s05e13_seg02_clip_10;s05e13;test;seg02;10;15.35;21.54;59.03;Penny stares at Leonard skeptical as he talks to her.
53272;s05e13_seg02_clip_10;s05e13;test;seg02;10;53.42;57.85;59.03;Penny gets Leonard's inhaler from her bedroom side table drawer.
53278;s05e13_seg02_clip_11;s05e13;test;seg02;11;0.0;5.8;61.07;Penny and Leonard are in bed and Leonard is holding an asthma inhaler that Penny saved for him.
53275;s05e13_seg02_clip_11;s05e13;test;seg02;11;7.63;10.98;61.07;Leonard holds the inhaler up to his mouth and takes a hit from it.
53276;s05e13_seg02_clip_11;s05e13;test;seg02;11;19.22;25.94;61.07;Sheldon and Leonard enter the living room at the same time.
53279;s05e13_seg02_clip_11;s05e13;test;seg02;11;20.14;34.48;61.07;Leonard sneaks in the apartment just as Sheldon turns on the light.
53277;s05e13_seg02_clip_11;s05e13;test;seg02;11;25.94;27.46;61.07;Sheldon turns on the tall lamp in the living room.
53284;s05e13_seg02_clip_12;s05e13;test;seg02;12;37.53;42.49;62.75;Leonard pulls out his inhaler and happily shows it to Sheldon.
53280;s05e13_seg02_clip_12;s05e13;test;seg02;12;38.15;47.76;62.75;Leonard pulls out his asthma inhaler to show Sheldon and then Sheldon starts to walk into the kitchen.
53281;s05e13_seg02_clip_12;s05e13;test;seg02;12;47.76;56.45;62.75;Sheldon is walking towards the kitchen and then stops and folds his arms.
53282;s05e13_seg02_clip_12;s05e13;test;seg02;12;57.07;62.03;62.75;Sheldon unfolds his arms and walks towards his desk.
53285;s05e13_seg02_clip_13;s05e13;test;seg02;13;0.0;14.51;58.03;Sheldon picks up some money from his desk and walks back to give it to Sheldon.
53286;s05e13_seg02_clip_13;s05e13;test;seg02;13;20.6;25.82;58.03;Leonard looks on the ground and then looks up at Sheldon and shakes his head no.
53287;s05e13_seg02_clip_13;s05e13;test;seg02;13;48.45;51.64;58.03;Sheldon walks over and sits down at the table next to Amy.
53252;s05e13_seg02_clip_14;s05e13;test;seg02;14;10.2;19.81;60.03;Amy and Sheldon, sitting next to each other at the table turn towards each other to address each other.
53250;s05e13_seg02_clip_14;s05e13;test;seg02;14;21.61;25.21;60.03;Leonard enters the room and sits down at the end of the table.
53251;s05e13_seg02_clip_14;s05e13;test;seg02;14;51.92;59.43;60.03;Penny walks over to the table holding a pitcher and re-fills the water glasses.
53258;s05e13_seg02_clip_15;s05e13;test;seg02;15;5.03;9.05;67.03;Penny pours water into a glass sitting on the table.
53255;s05e13_seg02_clip_15;s05e13;test;seg02;15;5.36;9.38;67.03;Penny is filling a glass of water as Leonard speaks with Bernadette.
53256;s05e13_seg02_clip_15;s05e13;test;seg02;15;19.77;27.48;67.03;Penny is holding is pitcher of water while speaking to Leonard.
53257;s05e13_seg02_clip_15;s05e13;test;seg02;15;61.33;67.02;67.03;Leonard puts on his glasses and picks up his phone.
53259;s05e13_seg02_clip_15;s05e13;test;seg02;15;63.0;67.02;67.03;Leonard puts on his glasses and looks at his cell phone.
53263;s05e13_seg02_clip_16;s05e13;test;seg02;16;0.0;4.24;53.04;Leonard gets up from lying down in his bed.
53261;s05e13_seg02_clip_16;s05e13;test;seg02;16;1.86;4.51;53.04;Leonard sits up and climbs out of his bed.
53264;s05e13_seg02_clip_16;s05e13;test;seg02;16;4.51;6.89;53.04;Leonard opens his door for Penny who is in her night gown.
53262;s05e13_seg02_clip_16;s05e13;test;seg02;16;5.04;7.69;53.04;Leonard opens the apartment door to see Penny standing in the hall.
53260;s05e13_seg02_clip_16;s05e13;test;seg02;16;35.26;39.77;53.04;Leonard and Penny kiss each other in bed before Leonard stops and pulls away.
53265;s05e13_seg02_clip_17;s05e13;test;seg02;17;2.2;5.72;90.5;Leonard turns to look into Penny's apartment and at the same time, Penny looks up to see Leonard.
53268;s05e13_seg02_clip_17;s05e13;test;seg02;17;16.72;19.81;90.5;Sheldon holds the paper statue of Leonard Nimoy with his two hands.
53266;s05e13_seg02_clip_17;s05e13;test;seg02;17;38.73;41.81;90.5;Sheldon folds up the cardboard version of Spock.
53267;s05e13_seg02_clip_17;s05e13;test;seg02;17;67.78;73.5;90.5;Penny and Leonard are standing at the altar together facing a priest and as they turn to face each other, Penny reveals a big pregnant belly.
66983;s05e20_seg01_clip_00;s05e20;dev;seg01;0;3.41;31.63;62.06;Penny was eating her plate of food whilst sitting on the couch.
66980;s05e20_seg01_clip_00;s05e20;dev;seg01;0;4.03;7.44;62.06;Leonard takes out a food container out of a bag and places it on the coffee table.
66981;s05e20_seg01_clip_00;s05e20;dev;seg01;0;13.96;19.23;62.06;Penny takes a bite of her food as she speaks to Sheldon.
66982;s05e20_seg01_clip_00;s05e20;dev;seg01;0;30.39;36.29;62.06;Howard uncovers his food container and grabs a fork.
66985;s05e20_seg01_clip_01;s05e20;dev;seg01;1;0.59;4.68;43.02;Howard moves his fork up and down like he is eating but doesn't.
66986;s05e20_seg01_clip_01;s05e20;dev;seg01;1;9.17;11.9;43.02;Raj moves his fork up and down when talking.
66987;s05e20_seg01_clip_01;s05e20;dev;seg01;1;15.02;16.59;43.02;All the guys head lifts up from something Raj says.
28106;s05e20_seg02_clip_00;s05e20;dev;seg02;0;5.27;7.13;62.04;Raj types something on his keyboard and then puts his hands in his lap.
28108;s05e20_seg02_clip_00;s05e20;dev;seg02;0;6.2;62.03;62.04;Raj is sitting in his apartment conversing with his parents on skype.
28107;s05e20_seg02_clip_00;s05e20;dev;seg02;0;23.26;25.74;62.04;Dr. Koothrappali looks at and says something to Mrs. Koothrappali and they both suddenly look at Raj with serious faces, at the same time.
28105;s05e20_seg02_clip_00;s05e20;dev;seg02;0;58.31;62.03;62.04;Mrs. Koothrappali cocks her head slightly to one side and raises her eyebrows saying something to Raj.
28100;s05e20_seg02_clip_01;s05e20;dev;seg02;1;0.89;18.89;59.03;Dr Koothrappali talks to his parents on video.
28103;s05e20_seg02_clip_01;s05e20;dev;seg02;1;36.89;42.5;59.03;Penny opens the door to an apartment and then closes it.
28101;s05e20_seg02_clip_01;s05e20;dev;seg02;1;37.48;42.5;59.03;Penny walks into Sheldon and Leonard's apartment.
28102;s05e20_seg02_clip_01;s05e20;dev;seg02;1;50.76;54.6;59.03;Penny and Leonard make awkward glances in Sheldon's direction.
28115;s05e20_seg02_clip_02;s05e20;dev;seg02;2;11.04;14.84;69.04;Penny carries the paper bag over to the coffee table and sits it down.
28116;s05e20_seg02_clip_02;s05e20;dev;seg02;2;28.3;31.75;69.04;Leonard gets up out of his chair and walks over to Sheldon to look at the gift Penny got him.
28117;s05e20_seg02_clip_02;s05e20;dev;seg02;2;52.46;58.67;69.04;Sheldon Takes his gift and walks to the desk to put it away.
28112;s05e20_seg02_clip_03;s05e20;dev;seg02;3;8.91;11.35;54.04;Leonard throws a toy when Penny hands him a transporter.
28110;s05e20_seg02_clip_03;s05e20;dev;seg02;3;46.19;49.16;54.04;Raj takes a drink of wine as Bernadette talks to him.
28111;s05e20_seg02_clip_03;s05e20;dev;seg02;3;47.81;49.7;54.04;Howard places a napkin on his lap while Bernedette talks to Raj
28125;s05e20_seg02_clip_04;s05e20;dev;seg02;4;4.93;6.96;58.03;Howard is holding a menu while sitting at a restaurant table.
28126;s05e20_seg02_clip_04;s05e20;dev;seg02;4;33.65;36.27;58.03;Bernadette puts down her wine glass onto the table.
28127;s05e20_seg02_clip_04;s05e20;dev;seg02;4;44.1;46.13;58.03;Raj takes a drink out of his wine glass.
28120;s05e20_seg02_clip_05;s05e20;dev;seg02;5;4.5;6.0;60.32;Raj leans over to speak to Bernadette in private at a restaurant.
28121;s05e20_seg02_clip_05;s05e20;dev;seg02;5;12.61;21.61;60.32;Sheldon looks around the room while sitting at his laptop.
28122;s05e20_seg02_clip_05;s05e20;dev;seg02;5;57.63;60.03;60.32;Spock figurine sets on table next to transporter box.
28135;s05e20_seg02_clip_06;s05e20;dev;seg02;6;34.22;36.62;60.03;Sheldon sets a box down on the desk while talking to a Spock figurine.
28136;s05e20_seg02_clip_06;s05e20;dev;seg02;6;39.62;42.92;60.03;Sheldon opens his eyes and jumps up out of bed.
28139;s05e20_seg02_clip_06;s05e20;dev;seg02;6;40.82;60.03;60.03;Sheldon got out of bed and opened the box with the toy in it.
28137;s05e20_seg02_clip_06;s05e20;dev;seg02;6;57.03;60.03;60.03;Sheldon opens the lid on a box and looks inside.
28130;s05e20_seg02_clip_07;s05e20;dev;seg02;7;0.0;5.31;59.73;Sheldon smells a figurine box as he opens it.
28133;s05e20_seg02_clip_07;s05e20;dev;seg02;7;3.84;7.38;59.73;Sheldon pulls a Star Wars toy out of a box it sets it down.
28131;s05e20_seg02_clip_07;s05e20;dev;seg02;7;11.21;19.18;59.73;Sheldon is playing with a toy and a figurine.
28134;s05e20_seg02_clip_07;s05e20;dev;seg02;7;56.66;59.03;59.73;Raj starts putting on a pair of blue oven mits.
28132;s05e20_seg02_clip_07;s05e20;dev;seg02;7;57.26;59.03;59.73;Raj is standing in his kitchen with oven mitts.
28148;s05e20_seg02_clip_08;s05e20;dev;seg02;8;2.14;6.41;61.33;Raj bends down to retrieve a pan out of the oven.
28145;s05e20_seg02_clip_08;s05e20;dev;seg02;8;2.44;5.8;61.33;Raj opens up the oven and pulls out food using an oven mitt.
28146;s05e20_seg02_clip_08;s05e20;dev;seg02;8;5.8;10.07;61.33;Raj takes the food over to the dining table and gives some to Lakshmi.
28147;s05e20_seg02_clip_08;s05e20;dev;seg02;8;21.05;23.8;61.33;Raj takes off his oven mitt and walks back to the dining table to sit down with Lakshmi.
28140;s05e20_seg02_clip_09;s05e20;dev;seg02;9;0.0;7.44;62.04;Raj is across from Lakshmi at a dinner table.
28143;s05e20_seg02_clip_09;s05e20;dev;seg02;9;0.0;22.95;62.04;Raj was having dinner with an Indian woman in a purple dress.
28141;s05e20_seg02_clip_09;s05e20;dev;seg02;9;27.91;31.94;62.04;Lakshmi is making hand gestures as she speaks to Raj.
28142;s05e20_seg02_clip_09;s05e20;dev;seg02;9;59.24;62.03;62.04;Lakshmi grabs her fork and starts to eat from her plate.
69450;s05e20_seg02_clip_10;s05e20;dev;seg02;10;0.0;3.48;58.45;Raj stops Laskmi from putting her food into her mouth.
69451;s05e20_seg02_clip_10;s05e20;dev;seg02;10;5.8;9.57;58.45;Raj gets up from the dining table and goes into the kitchen.
69453;s05e20_seg02_clip_10;s05e20;dev;seg02;10;28.43;32.78;58.45;Sheldon pulls off the covers and gets out of bed.
69452;s05e20_seg02_clip_10;s05e20;dev;seg02;10;31.04;34.52;58.45;Sheldon gets out of his bed to speak to a toy figurine of Spock.
65660;s05e20_seg02_clip_11;s05e20;dev;seg02;11;47.45;53.97;62.04;Sheldon stands up and takes the toy and trow it away.
65663;s05e20_seg02_clip_11;s05e20;dev;seg02;11;50.24;55.21;62.04;Sheldon grabs the action figure and throws it across the room.
65662;s05e20_seg02_clip_11;s05e20;dev;seg02;11;56.45;60.17;62.04;Sheldon is laying down in bed and look back when a moster came.
65664;s05e20_seg02_clip_11;s05e20;dev;seg02;11;58.0;61.41;62.04;A monster walks up behind Sheldon and he screams and runs away.
65661;s05e20_seg02_clip_11;s05e20;dev;seg02;11;58.31;61.72;62.04;A moster comes and Sheldon gets scared and runs away from it.
69440;s05e20_seg02_clip_12;s05e20;dev;seg02;12;0.0;59.026;59.32;Howard places his retainer inside of his mouth and looks at Raj.
69443;s05e20_seg02_clip_12;s05e20;dev;seg02;12;5.31;7.38;59.32;Howard applies some solder to a project he is working on.
69442;s05e20_seg02_clip_12;s05e20;dev;seg02;12;9.74;11.81;59.32;Raj enters the room to talk to Howard in his lab.
69441;s05e20_seg02_clip_12;s05e20;dev;seg02;12;23.02;26.56;59.32;Howard returns to his desk from washing his hands.
69449;s05e20_seg02_clip_13;s05e20;dev;seg02;13;11.1;13.51;60.03;Howard ravels up some electrical wiring connected to soldering iron.
69445;s05e20_seg02_clip_13;s05e20;dev;seg02;13;17.71;23.41;60.03;Howard moves some equipment from one side of the room to the shelves.
69448;s05e20_seg02_clip_13;s05e20;dev;seg02;13;29.11;31.81;60.03;Raj quickly and repeatedly taps both hands on his belly to indicate gaining weight.
69447;s05e20_seg02_clip_13;s05e20;dev;seg02;13;33.62;37.52;60.03;Howard puts equipment down on the table behind him.
69446;s05e20_seg02_clip_13;s05e20;dev;seg02;13;55.52;60.03;60.03;Raj and Howard leave the office at the same time.
89105;s05e20_seg02_clip_14;s05e20;dev;seg02;14;23.71;27.91;60.03;Sheldon grabs a box, and leaves his chair with it.
89106;s05e20_seg02_clip_14;s05e20;dev;seg02;14;29.41;32.41;60.03;Sheldon replaces the original box with another box.
89109;s05e20_seg02_clip_14;s05e20;dev;seg02;14;36.92;41.42;60.03;Sheldon puts a box on his desk and sits down.
89107;s05e20_seg02_clip_14;s05e20;dev;seg02;14;47.12;51.92;60.03;Penny and Leonard walk into the room and shock Sheldon.
69437;s05e20_seg02_clip_15;s05e20;dev;seg02;15;4.72;5.61;59.03;Leonard rubs Penny's arm as he walks away.
69438;s05e20_seg02_clip_15;s05e20;dev;seg02;15;7.38;10.33;59.03;Sheldon squeals and jumps to his feet after Penny picks up a box.
69435;s05e20_seg02_clip_15;s05e20;dev;seg02;15;36.01;39.25;59.03;Penny puts the box down in front on Leonard on the kitchen island.
69436;s05e20_seg02_clip_15;s05e20;dev;seg02;15;44.56;53.42;59.03;Leonard opens the top of the toy box.
69427;s05e20_seg02_clip_16;s05e20;dev;seg02;16;3.05;5.8;61.04;Leonard is trying to put something back together as he talks to Penny and Sheldon.
69428;s05e20_seg02_clip_16;s05e20;dev;seg02;16;15.87;19.22;61.04;Sheldon steps over to his desk chair and sits down.
69425;s05e20_seg02_clip_16;s05e20;dev;seg02;16;16.17;21.36;61.04;Sheldon sits down at his computer desk while talking to Penny and Leonard.
69429;s05e20_seg02_clip_16;s05e20;dev;seg02;16;24.11;27.16;61.04;Penny and Leonard walk towards the front door but turn back towards Sheldon.
69426;s05e20_seg02_clip_16;s05e20;dev;seg02;16;27.16;31.43;61.04;Sheldon stands up from his computer desk to stop Leonard and Penny.
69470;s05e20_seg02_clip_18;s05e20;dev;seg02;18;6.5;8.58;53.93;Bernadette, sitting on a couch with Howard sets down a beer she is holding on the coffee table.
69472;s05e20_seg02_clip_18;s05e20;dev;seg02;18;24.71;29.39;53.93;Howard leans back on the couch, puts his hands on his thighs and then stands up.
69471;s05e20_seg02_clip_18;s05e20;dev;seg02;18;30.43;48.12;53.93;Raj takes a puppy from Bernadette and stands there holding it while talking to Bernadette and Howard.
33113;s06e01_seg01_clip_00;s06e01;test;seg01;0;3.78;8.82;63.04;Howard and Bernadette kiss each other at their wedding.
33111;s06e01_seg01_clip_00;s06e01;test;seg01;0;6.93;8.51;63.04;Raj, Leonard, Penny, Sheldon, and Amy stand behind Bernadette and Howard clapping.
33110;s06e01_seg01_clip_00;s06e01;test;seg01;0;7.88;8.82;63.04;Bernadette and Howard, dressed up in Bride and Groom attire lean in to each other and kiss.
33112;s06e01_seg01_clip_00;s06e01;test;seg01;0;19.54;63.03;63.04;Leonard, Sheldon and Raj stand in the comic book store looking through comics while having a conversation.
60792;s06e01_seg01_clip_01;s06e01;test;seg01;1;4.02;8.03;77.02;Leonard turns to look at Stuart, who is talking to him.
60790;s06e01_seg01_clip_01;s06e01;test;seg01;1;6.57;9.13;77.02;Sheldon, Raj and Howard are all in a comic book store.
60791;s06e01_seg01_clip_01;s06e01;test;seg01;1;27.38;34.32;77.02;Howard talks to his mom while floating in space.
3373;s06e01_seg02_clip_00;s06e01;test;seg02;0;0.0;14.65;61.41;Penny applies white cream to the skin above Amy's upper lip.
3370;s06e01_seg02_clip_00;s06e01;test;seg02;0;4.88;16.17;61.41;Penny applies white cream with a spatula on Amy's face between her lip and her nose.
3371;s06e01_seg02_clip_00;s06e01;test;seg02;0;27.77;29.9;61.41;Penny closes the lid of some cream container tightly.
3372;s06e01_seg02_clip_00;s06e01;test;seg02;0;34.18;36.92;61.41;Penny wipes off the cream from the spatula with tissue.
3374;s06e01_seg02_clip_00;s06e01;test;seg02;0;49.74;58.28;61.41;Penny stands up from the couch and walks to the kitchen.
88795;s06e01_seg02_clip_01;s06e01;test;seg02;1;0.0;4.65;62.04;Penny is pouring wine into a wine glass while in her kitchen.
88798;s06e01_seg02_clip_01;s06e01;test;seg02;1;10.86;13.34;62.04;Penny sits down on the couch holding a glass of wine.
88796;s06e01_seg02_clip_01;s06e01;test;seg02;1;14.58;22.95;62.04;Penny drinks her wine while she is talking to Amy on the couch.
88797;s06e01_seg02_clip_01;s06e01;test;seg02;1;26.67;33.19;62.04;Sheldon is sitting across from Leonard at the cafeteria.
3365;s06e01_seg02_clip_02;s06e01;test;seg02;2;10.99;17.09;61.04;Raj sits down at the table to join Leonard and Sheldon for lunch in the cafeteria.
3368;s06e01_seg02_clip_02;s06e01;test;seg02;2;12.51;17.7;61.04;Raj sits down at the table with his lunch tray.
3366;s06e01_seg02_clip_02;s06e01;test;seg02;2;38.14;43.02;61.04;Raj lefts up his foot to show Sheldon and Leonard that he's wearing sandals.
3367;s06e01_seg02_clip_02;s06e01;test;seg02;2;56.45;61.03;61.04;Sheldon smiles as he is sitting at the table with Raj and Leonard and Leonard smiles.
3361;s06e01_seg02_clip_03;s06e01;test;seg02;3;0.0;47.29;58.03;Sheldon, Raj, and Leonard all sit in the lunch room talking.
3362;s06e01_seg02_clip_03;s06e01;test;seg02;3;49.61;58.03;58.03;Howard floats through the air in the international space station.
3360;s06e01_seg02_clip_03;s06e01;test;seg02;3;56.28;58.03;58.03;Howards talks to Bernadette on the computer from the space station.
3390;s06e01_seg02_clip_04;s06e01;test;seg02;4;27.46;35.4;61.04;Howard releases a pen into outer space and it floats.
3391;s06e01_seg02_clip_04;s06e01;test;seg02;4;37.23;39.67;61.04;Bernadette confronts Howard angrily regarding Howard's mother during the conversation.
3394;s06e01_seg02_clip_04;s06e01;test;seg02;4;57.67;61.03;61.04;Bernadette adjusts her glasses when she's talking to Howard.
3392;s06e01_seg02_clip_04;s06e01;test;seg02;4;58.28;61.03;61.04;Bernadette slightly grabs her glasses using her left hand.
3385;s06e01_seg02_clip_05;s06e01;test;seg02;5;20.6;24.95;58.22;Dmitri floats across the international space station behind Howard.
3386;s06e01_seg02_clip_05;s06e01;test;seg02;5;27.27;31.91;58.22;Sheldon and Amy enter into the restaurant dining area.
3387;s06e01_seg02_clip_05;s06e01;test;seg02;5;41.2;43.81;58.22;Raj waves at Amy and Sheldon as they come into the restaurant.
3380;s06e01_seg02_clip_06;s06e01;test;seg02;6;1.83;3.05;61.04;"Sheldon winks at Amy and makes the ""finger guns"" gesture in agreement."
3383;s06e01_seg02_clip_06;s06e01;test;seg02;6;5.8;10.07;61.04;Raj pulls out the chair for Amy as he gets up from the restaurant table and Sheldon sits at the table.
3381;s06e01_seg02_clip_06;s06e01;test;seg02;6;25.33;29.9;61.04;Amy and Sheldon look intently at their menus.
3382;s06e01_seg02_clip_06;s06e01;test;seg02;6;53.09;56.45;61.04;Raj turns to the waiter and gestures with his hand then holds three fingers up.
3375;s06e01_seg02_clip_07;s06e01;test;seg02;7;0.0;4.88;61.04;Sheldon is holding a menu while sitting at the table.
3377;s06e01_seg02_clip_07;s06e01;test;seg02;7;6.41;8.54;61.04;Leonard walks to coffee table and sits down a bowl of popcorn.
3376;s06e01_seg02_clip_07;s06e01;test;seg02;7;30.82;32.65;61.04;Leonard hands Penny a beer from the coffee table.
3378;s06e01_seg02_clip_07;s06e01;test;seg02;7;31.73;34.18;61.04;Leonard hands Penny a beer and they both sit at the sofa.
3405;s06e01_seg02_clip_08;s06e01;test;seg02;8;7.15;11.38;65.02;Leonard sits up and taps Penny on the left arm and then puts his beer on the center table in the living room.
3406;s06e01_seg02_clip_08;s06e01;test;seg02;8;12.68;20.49;65.02;Someone knocks at the front door, so Leonard gets up and answers the door to find Raj there.
3409;s06e01_seg02_clip_08;s06e01;test;seg02;8;15.61;20.81;65.02;Leonard open up the door of their apartment for Raj.
3407;s06e01_seg02_clip_08;s06e01;test;seg02;8;44.22;49.1;65.02;While in a space shuttle Howard is messing with the dials to the spaceship while floating.
3400;s06e01_seg02_clip_09;s06e01;test;seg02;9;0.0;5.04;53.23;Howard is in zero gravity, next to a computer console.
3401;s06e01_seg02_clip_09;s06e01;test;seg02;9;15.11;20.15;53.23;Howard has an annoyed expression on his face, and rolls his eyes gently.
3402;s06e01_seg02_clip_09;s06e01;test;seg02;9;31.81;38.44;53.23;Howard widens his eyes and raises his eyebrows emphatically.
45182;s06e01_seg02_clip_10;s06e01;test;seg02;10;16.17;23.19;61.04;Howard closes his eyes, then lowers and raises his head twice.
45180;s06e01_seg02_clip_10;s06e01;test;seg02;10;44.25;47.3;61.04;Penny takes a drink from her beer while she sits on the couch.
45181;s06e01_seg02_clip_10;s06e01;test;seg02;10;52.79;59.2;61.04;Raj waves his left hand in the air while he talks to Penny.
45184;s06e01_seg02_clip_10;s06e01;test;seg02;10;56.76;61.03;61.04;Penny takes a sip of beer and then shakes the bottle.
45185;s06e01_seg02_clip_11;s06e01;test;seg02;11;4.58;5.49;61.08;Penny puts her beer bottle down on the living room coffee table.
45186;s06e01_seg02_clip_11;s06e01;test;seg02;11;5.19;7.32;61.08;Penny gets up from the couch and walks out of the room.
45187;s06e01_seg02_clip_11;s06e01;test;seg02;11;6.71;10.07;61.08;Raj sits up and puts his beer bottle down on the coffee table.
45188;s06e01_seg02_clip_11;s06e01;test;seg02;11;6.71;10.07;61.08;Raj sits up and puts a beer bottle on a table.
45189;s06e01_seg02_clip_11;s06e01;test;seg02;11;20.75;23.8;61.08;Penny swings her leg over the armrest of a couch and sits on the armrest.
45192;s06e01_seg02_clip_12;s06e01;test;seg02;12;0.0;12.51;61.04;Raj throws his hands up and tries to explain something to Penny.
45190;s06e01_seg02_clip_12;s06e01;test;seg02;12;35.09;42.11;61.04;Raj gets thrown out of the apartment and puts his hands in his pockets.
45191;s06e01_seg02_clip_12;s06e01;test;seg02;12;57.37;61.03;61.04;Sheldon and Amy are sitting in a restaurant and Amy sets her wine glass on the table.
45197;s06e01_seg02_clip_14;s06e01;test;seg02;14;39.25;44.56;59.22;Amy looks up, annoyed, then down and says something to Sheldon.
45195;s06e01_seg02_clip_14;s06e01;test;seg02;14;45.15;51.94;59.22;Amy is staring at Sheldon then Sheldon points and reaches for his wallet in his jacket pocket.
45196;s06e01_seg02_clip_14;s06e01;test;seg02;14;54.01;59.03;59.22;Raj walks into the store and Stuart is folding a t-shirt.
45200;s06e01_seg02_clip_15;s06e01;test;seg02;15;13.28;18.59;59.03;Stuart holds up a Chewbacca mug for Raj to see.
45201;s06e01_seg02_clip_15;s06e01;test;seg02;15;22.73;28.33;59.03;Stuart walks over and pours drinks for him and Raj.
45204;s06e01_seg02_clip_15;s06e01;test;seg02;15;35.71;39.55;59.03;Stuart hands Raj a cup and they clink their cups together.
45202;s06e01_seg02_clip_15;s06e01;test;seg02;15;41.02;59.03;59.03;Raj and Stuart are dancing in the comic book store while they have a drink.
45205;s06e01_seg02_clip_16;s06e01;test;seg02;16;0.0;21.11;67.03;Raj and Stuart are dancing to music while holding cups.
45206;s06e01_seg02_clip_16;s06e01;test;seg02;16;31.17;36.86;67.03;Raj places the cup he was holding on the counter.
45208;s06e01_seg02_clip_16;s06e01;test;seg02;16;31.5;35.52;67.03;Raj puts his cup on the counter and thanks Stuart as he begins to head out.
45207;s06e01_seg02_clip_16;s06e01;test;seg02;16;39.54;45.58;67.03;Stuart starts folding tee shirts as he is talking to Raj.
35767;s06e01_seg02_clip_17;s06e01;test;seg02;17;4.5;11.26;51.17;Howard is on a computer while floating in the air.
35765;s06e01_seg02_clip_17;s06e01;test;seg02;17;33.02;38.77;51.17;Howard ends a phone call with Bernadette with a two-finger salute.
35769;s06e01_seg02_clip_17;s06e01;test;seg02;17;37.77;39.02;51.17;Howard ends his video chat with Bernadette while in space.
35766;s06e01_seg02_clip_17;s06e01;test;seg02;17;40.02;50.02;51.17;Howard has a conversation with Dimitri while they are both floating in the air.
92000;s06e07_seg01_clip_00;s06e07;test;seg01;0;9.45;11.66;63.04;Sheldon uses his hand to point to the white board behind him as he sits on the couch and talks to the camera.
92001;s06e07_seg01_clip_00;s06e07;test;seg01;0;41.28;43.81;63.04;Sheldon reaches over and picks up a toy figurine off of the end table.
92002;s06e07_seg01_clip_00;s06e07;test;seg01;0;53.58;55.47;63.04;Wil Wheaton sits down on the couch next to Sheldon.
34291;s06e07_seg01_clip_01;s06e07;test;seg01;1;14.46;16.53;59.22;Sheldon gestures to Wil and introduces him on camera.
34290;s06e07_seg01_clip_01;s06e07;test;seg01;1;23.02;28.04;59.22;Wil holds up a light blue flag and shows it to the camera.
34292;s06e07_seg01_clip_01;s06e07;test;seg01;1;31.28;35.12;59.22;Amy walks away from the camera and speaks to Wil.
30150;s06e07_seg01_clip_02;s06e07;test;seg01;2;8.99;11.17;62.04;The man sitting next to Sheldon on the sofa points towards Amy.
30151;s06e07_seg01_clip_02;s06e07;test;seg01;2;36.6;40.63;62.04;The man in the black t-shirt picks up a flag from the coffee table and unfolds it.
30154;s06e07_seg01_clip_02;s06e07;test;seg01;2;39.08;52.41;62.04;Will holds up a blue flag representing an alliance from a fictional universe.
30152;s06e07_seg01_clip_02;s06e07;test;seg01;2;54.59;58.31;62.04;Amy steps away from the camera and approaches Sheldon and the other man.
30155;s06e07_seg01_clip_03;s06e07;test;seg01;3;4.32;6.84;75.02;Amy opens her mouth in surprise when Will insults her.
30159;s06e07_seg01_clip_03;s06e07;test;seg01;3;30.97;34.57;75.02;Sheldon hands Wil a figurine and gets up from his seat.
30156;s06e07_seg01_clip_03;s06e07;test;seg01;3;32.77;35.65;75.02;Sheldon gets off the couch to go over and talk to Amy.
30157;s06e07_seg01_clip_03;s06e07;test;seg01;3;71.3;72.02;75.02;Sheldon points at Amy to give her a compliment.
9398;s06e07_seg02_clip_00;s06e07;test;seg02;0;2.48;8.37;62.34;Bernadette comes in to Howard's bedroom at his mom's house.
9395;s06e07_seg02_clip_00;s06e07;test;seg02;0;3.72;10.54;62.34;Howard is sitting on the bed looking at a magazine when Bernadette walks in.
9399;s06e07_seg02_clip_00;s06e07;test;seg02;0;19.23;27.91;62.34;Howard opens and closes the drawer of his old dresser.
9397;s06e07_seg02_clip_00;s06e07;test;seg02;0;20.47;26.67;62.34;Howard takes clothes from the drawer while talking to Bernadette.
9396;s06e07_seg02_clip_00;s06e07;test;seg02;0;29.15;34.12;62.34;Bernedette leans on the dresser while Howard is talking.
9393;s06e07_seg02_clip_01;s06e07;test;seg02;1;1.53;3.66;61.4;Howard takes his clothing and puts it on his chair.
9390;s06e07_seg02_clip_01;s06e07;test;seg02;1;1.83;3.66;61.4;Howard picks up a hat and sets it down on a chair.
9391;s06e07_seg02_clip_01;s06e07;test;seg02;1;53.4;54.62;61.4;Sheldon enters the apartment and puts his keys in a bowl by the door.
9392;s06e07_seg02_clip_01;s06e07;test;seg02;1;53.4;61.03;61.4;Leonard is sitting at a desk in his living room on his laptop.
9394;s06e07_seg02_clip_01;s06e07;test;seg02;1;54.01;56.45;61.4;Sheldon enters the apartment when Leonard is at his desk in front of his laptop..
9405;s06e07_seg02_clip_02;s06e07;test;seg02;2;3.9;11.1;60.59;Sheldon takes off his jacket and puts it on the back of his chair.
9406;s06e07_seg02_clip_02;s06e07;test;seg02;2;22.21;37.22;60.59;Sheldon walks over to the refrigerator and takes out a drink.
9409;s06e07_seg02_clip_02;s06e07;test;seg02;2;48.02;56.73;60.59;Leonrd gets up and walks over to the fridge to open it.
9407;s06e07_seg02_clip_02;s06e07;test;seg02;2;48.32;54.02;60.59;Leonard gets up from his chair and walks over to the refrigerator.
9402;s06e07_seg02_clip_03;s06e07;test;seg02;3;1.16;5.22;58.08;Leonard walks over to Sheldon sat at his desk.
9403;s06e07_seg02_clip_03;s06e07;test;seg02;3;2.61;6.38;58.08;Leonard walks a little near Sheldon and talk to Him.
9400;s06e07_seg02_clip_03;s06e07;test;seg02;3;19.44;22.63;58.08;Leonard briefly scratches his nose while he is listening to Sheldon.
9404;s06e07_seg02_clip_03;s06e07;test;seg02;3;41.78;46.71;58.08;Sheldon talks to Amy via internet while Leonard is behind Him.
9401;s06e07_seg02_clip_03;s06e07;test;seg02;3;42.07;46.42;58.08;Leonard looks uncomfortable and touches his brow while listening to Sheldon and Amy.
9410;s06e07_seg02_clip_04;s06e07;test;seg02;4;0.0;3.15;63.04;Leonard walks away from Sheldon while uncrossing his arms.
9411;s06e07_seg02_clip_04;s06e07;test;seg02;4;9.77;11.35;63.04;Amy reaches forward to press a button that shuts the video off.
9412;s06e07_seg02_clip_04;s06e07;test;seg02;4;20.8;26.16;63.04;Penny carries two plates of food to a table and places them on the table.
9414;s06e07_seg02_clip_04;s06e07;test;seg02;4;20.8;26.16;63.04;Penny walks over to the table and sits Bernadette and Howard's food in front of them.
91735;s06e07_seg02_clip_05;s06e07;test;seg02;5;0.29;5.13;57.77;Penny uses a pitcher to fill Howard's glass with water.
91736;s06e07_seg02_clip_05;s06e07;test;seg02;5;45.33;48.47;57.77;Penny walks away from Howard and Bernadette's table.
91737;s06e07_seg02_clip_05;s06e07;test;seg02;5;54.74;57.02;57.77;Sheldon walks over to Amy's front door and knocks on it.
9420;s06e07_seg02_clip_06;s06e07;test;seg02;6;0.0;4.88;61.04;Sheldon is knocking at the front door of Amys apartment.
9423;s06e07_seg02_clip_06;s06e07;test;seg02;6;10.37;15.87;61.04;Sheldon gets something from a red paper bag and handed it to Amy.
9421;s06e07_seg02_clip_06;s06e07;test;seg02;6;11.6;16.48;61.04;Sheldon hands Amy a set of StarTrek DVD's at the doorway of her apartment.
9424;s06e07_seg02_clip_06;s06e07;test;seg02;6;35.09;38.75;61.04;Amy rudely returned the box to Sheldon and shuts her door.
9422;s06e07_seg02_clip_06;s06e07;test;seg02;6;35.7;41.19;61.04;Amy thrusts the DVD set back at Sheldon and slams her apartment door.
9418;s06e07_seg02_clip_07;s06e07;test;seg02;7;7.2;10.5;60.62;Leonard uses a tool to help him put sealing tape on a packing box.
9415;s06e07_seg02_clip_07;s06e07;test;seg02;7;8.4;9.9;60.62;Leonard is closing a box with box tape.
9416;s06e07_seg02_clip_07;s06e07;test;seg02;7;10.8;13.81;60.62;Howard is taking a light-saber off the wall of his bedroom.
9417;s06e07_seg02_clip_07;s06e07;test;seg02;7;19.51;22.21;60.62;Leonard carries the closed moving box from his room.
91630;s06e07_seg02_clip_08;s06e07;test;seg02;8;9.61;13.03;62.55;Leonard grimaces, looks at Raj and Raj shakes his head.
91633;s06e07_seg02_clip_08;s06e07;test;seg02;8;17.37;21.71;62.55;Leonard is closing a box in Howard's room.
91632;s06e07_seg02_clip_08;s06e07;test;seg02;8;38.77;41.87;62.55;Raj and Leonard carry boxes out of the room.
91631;s06e07_seg02_clip_08;s06e07;test;seg02;8;45.28;51.17;62.55;Sheldon enter the bar and sits on a stool.
52445;s06e07_seg02_clip_09;s06e07;test;seg02;9;0.0;13.93;58.03;Sheldon says something to Penny and she pretends to throw up.
52448;s06e07_seg02_clip_09;s06e07;test;seg02;9;11.61;14.51;58.03;Penny pretends that she's going to vomit in front of Sheldon.
52446;s06e07_seg02_clip_09;s06e07;test;seg02;9;36.85;42.36;58.03;Penny begins making a drink while Sheldon sits, despondently.
52447;s06e07_seg02_clip_09;s06e07;test;seg02;9;51.06;58.03;58.03;Penny is talking to Sheldon and then looks back down to finish making a drink.
51055;s06e07_seg02_clip_10;s06e07;test;seg02;10;2.95;5.61;59.03;Penny grabs a red straw as Sheldon sits at the bar in the restaurant.
51056;s06e07_seg02_clip_10;s06e07;test;seg02;10;16.82;19.77;59.03;Penny fills a glass with soda from the tap.
51057;s06e07_seg02_clip_10;s06e07;test;seg02;10;39.84;46.04;59.03;Sheldon takes big gulps from the drink he has.
51060;s06e07_seg02_clip_11;s06e07;test;seg02;11;3.47;6.93;63.04;Sheldon takes the last sip of his tea and sets the glass down on the bar.
51062;s06e07_seg02_clip_11;s06e07;test;seg02;11;4.1;63.03;63.04;There's a bar full of people having conversations in the background.
51061;s06e07_seg02_clip_11;s06e07;test;seg02;11;46.96;50.42;63.04;Penny puts a straw into a glass of tea and slides it across the bar to Sheldon.
51045;s06e07_seg02_clip_12;s06e07;test;seg02;12;0.0;1.5;60.12;Sheldon is holding a straw in his cup while sitting at a bar.
51048;s06e07_seg02_clip_12;s06e07;test;seg02;12;3.3;6.6;60.12;Howard was carefully carrying a huge brown box.
51046;s06e07_seg02_clip_12;s06e07;test;seg02;12;3.9;7.5;60.12;Howard walks into Bernadette's apartment holding a large moving box.
51047;s06e07_seg02_clip_12;s06e07;test;seg02;12;26.41;31.51;60.12;Howard takes a picture frame from the box and places on a side table.
51049;s06e07_seg02_clip_12;s06e07;test;seg02;12;50.12;60.03;60.12;Howard was sitting beside Bernadette at the couch.
51053;s06e07_seg02_clip_13;s06e07;test;seg02;13;0.0;12.91;60.03;Howard was lounging on a couch with his blonde wife fiddling with a magic wand.
51050;s06e07_seg02_clip_13;s06e07;test;seg02;13;17.41;23.41;60.03;Bernadette gets out of her seat and asks Howard to come with her while grabbing a box.
51054;s06e07_seg02_clip_13;s06e07;test;seg02;13;19.21;30.31;60.03;Bernadette got up suddenly and grabbed a cardboard box.
51051;s06e07_seg02_clip_13;s06e07;test;seg02;13;31.51;38.72;60.03;Bernadette storms outside of the room and Howard follows her.
51052;s06e07_seg02_clip_13;s06e07;test;seg02;13;44.12;49.22;60.03;Sheldon knocks on a door while shouting Wil Wheaton's name.
51035;s06e07_seg02_clip_14;s06e07;test;seg02;14;27.56;30.17;58.03;Sheldon taps the wall threateningly while talking to Wil.
51036;s06e07_seg02_clip_14;s06e07;test;seg02;14;35.4;54.54;58.03;Sheldon holds up his fists and moves them.
51038;s06e07_seg02_clip_14;s06e07;test;seg02;14;51.93;54.54;58.03;Sheldon raises his balled hands at Wil Wheaton during a conversation.
51037;s06e07_seg02_clip_14;s06e07;test;seg02;14;53.96;58.03;58.03;Sheldon puts down his fists and starts to walk away.
51040;s06e07_seg02_clip_15;s06e07;test;seg02;15;0.0;24.97;78.39;Sheldon and Will Wheaton stand on Will's porch and talk and puke.
51042;s06e07_seg02_clip_15;s06e07;test;seg02;15;11.7;15.6;78.39;Sheldon touches Will Wheaton's chest, trots to the porch railing and places both hands on the railing.
51041;s06e07_seg02_clip_15;s06e07;test;seg02;15;55.01;58.91;78.39;A guy walks over to Sheldon, shakes his hand and sits down.
3436;s06e24_seg01_clip_00;s06e24;test;seg01;0;3.66;39.67;61.53;Only Leonard, Sheldon and Raj are seated at the table.
3438;s06e24_seg01_clip_00;s06e24;test;seg01;0;4.88;37.23;61.53;Leonard, Sheldon, and Raj are sitting in the cafeteria table conversing with each other.
3435;s06e24_seg01_clip_00;s06e24;test;seg01;0;35.4;41.8;61.53;Howard walks from behind Sheldon to the table and sits down with Sheldon, Leonard and Raj.
3439;s06e24_seg01_clip_00;s06e24;test;seg01;0;37.53;41.5;61.53;Howard walks with his food tray and sits beside Raj in the cafeteria table.
3437;s06e24_seg01_clip_00;s06e24;test;seg01;0;43.33;52.48;61.53;A man with grey hair, beard and glasses is sitting at the table behind Howard.
72161;s06e24_seg01_clip_01;s06e24;test;seg01;1;0.0;7.44;62.52;Leonard and Howard sit at a table talking in front of food.
72160;s06e24_seg01_clip_01;s06e24;test;seg01;1;7.75;25.43;62.52;Sheldon sits while talking to his friends with his fork in hand.
72162;s06e24_seg01_clip_01;s06e24;test;seg01;1;27.29;62.03;62.52;Sheldon and Leonard sit and talk in the car while Leonard drives.
87555;s06e24_seg01_clip_02;s06e24;test;seg01;2;8.22;10.87;55.02;Leonard turns to look at Sheldon, rolls his eyes and then looks back at the road.
87556;s06e24_seg01_clip_02;s06e24;test;seg01;2;27.84;29.96;55.02;Leonard takes his hand off the steering wheel to gesticulate while talking.
87557;s06e24_seg01_clip_02;s06e24;test;seg01;2;46.93;49.84;55.02;Leonard brings the car to an abrupt stop and looks at Sheldon.
15730;s06e24_seg02_clip_00;s06e24;test;seg02;0;5.89;10.86;62.04;Lucy is looking through a telescope in Raj's apartment.
15733;s06e24_seg02_clip_00;s06e24;test;seg02;0;28.53;34.74;62.04;Lucy follows Raj away from the large telescope.
15731;s06e24_seg02_clip_00;s06e24;test;seg02;0;29.77;36.91;62.04;Raj walks to the dining table to pick up a glass of wine.
15734;s06e24_seg02_clip_00;s06e24;test;seg02;0;32.88;35.98;62.04;Raj walks over to the table and picks up a glass of wine.
15732;s06e24_seg02_clip_00;s06e24;test;seg02;0;53.66;62.03;62.04;Lucy walks towards the living room as she is talking to Raj.
24970;s06e24_seg02_clip_01;s06e24;test;seg02;1;0.0;7.97;59.18;Raj asks Lucy to meet just one of his parents, and she asks if he will be there too.
24971;s06e24_seg02_clip_01;s06e24;test;seg02;1;14.76;19.48;59.18;Penny and Leonard bring their food to the dinner table.
24973;s06e24_seg02_clip_01;s06e24;test;seg02;1;14.76;18.89;59.18;Penny and Leonard bring their dinner to the table and sit down.
24974;s06e24_seg02_clip_01;s06e24;test;seg02;1;44.56;45.75;59.18;Penny takes a bite of her salad while sitting at the table.
24972;s06e24_seg02_clip_01;s06e24;test;seg02;1;50.76;59.03;59.18;Leonard tells Penny he has been invited to join Steven Hawkings team for work and will have to leave.
72760;s06e24_seg02_clip_02;s06e24;test;seg02;2;7.8;16.81;60.03;Penny puts her right hand onto a blue cup in front of her, then gestures with it, then puts it back onto the cup.
72761;s06e24_seg02_clip_02;s06e24;test;seg02;2;28.51;33.31;60.03;Penny throws her two hands in the air in conversation.
72762;s06e24_seg02_clip_02;s06e24;test;seg02;2;46.22;51.62;60.03;Leonard nods his head in agreeing with Penny, Penny nods as well.
15748;s06e24_seg02_clip_03;s06e24;test;seg02;3;0.0;22.64;62.04;Leonard and Penny are sitting at Penny's dining table eating and conversing.
15745;s06e24_seg02_clip_03;s06e24;test;seg02;3;5.89;7.44;62.04;Penny takes a bite from her salad as she is sitting at the table having a conversation with Leonard.
15746;s06e24_seg02_clip_03;s06e24;test;seg02;3;27.29;28.22;62.04;Bernadette sits down on the couch next to Amy as she holds a takeout container.
15747;s06e24_seg02_clip_03;s06e24;test;seg02;3;34.74;38.15;62.04;Raj walks into the apartment and closes the door behind him.
15753;s06e24_seg02_clip_04;s06e24;test;seg02;4;2.1;5.4;60.03;Penny picks the soy sauce up from the table.
15750;s06e24_seg02_clip_04;s06e24;test;seg02;4;3.0;4.2;60.03;Penny picks up a bottle of soy sauce off of the coffee table.
15751;s06e24_seg02_clip_04;s06e24;test;seg02;4;43.22;44.12;60.03;Raj reaches out and slaps Leonard on the shoulder.
15752;s06e24_seg02_clip_04;s06e24;test;seg02;4;57.93;60.03;60.03;Howard shrugs and leans back in his chair while holding a container of Chinese food.
89002;s06e24_seg02_clip_05;s06e24;test;seg02;5;20.89;22.34;58.42;Amy leans forward and puts her food on the coffee table then says something that confuses Raj.
89001;s06e24_seg02_clip_05;s06e24;test;seg02;5;41.49;48.16;58.42;In a quiet moment among all the friends, Sheldon jerks around and holds his food up.
89000;s06e24_seg02_clip_05;s06e24;test;seg02;5;50.19;58.03;58.42;Raj is serving food to Lucy and Amy who are sitting at the table talking.
15760;s06e24_seg02_clip_06;s06e24;test;seg02;6;1.32;3.63;66.03;Raj walks over and sets a bowl of salad on the table.
15761;s06e24_seg02_clip_06;s06e24;test;seg02;6;37.64;40.61;66.03;Raj sits down at the dinner table with Amy and Lucy.
15763;s06e24_seg02_clip_06;s06e24;test;seg02;6;48.53;51.18;66.03;Raj and Amy are staring at Lucy as she sits across from them.
15762;s06e24_seg02_clip_06;s06e24;test;seg02;6;51.18;54.48;66.03;Lucy gets up from the table and runs away.
15764;s06e24_seg02_clip_06;s06e24;test;seg02;6;52.83;60.75;66.03;Raj starts serving the salad on the table after Lucy leaves the table.
15765;s06e24_seg02_clip_07;s06e24;test;seg02;7;0.0;4.05;54.04;Penny is in a grocery store with Sheldon following her.
15768;s06e24_seg02_clip_07;s06e24;test;seg02;7;5.67;9.72;54.04;Penny grabs two bottles of vodka off of a grocery shelf and puts them in a cart.
15766;s06e24_seg02_clip_07;s06e24;test;seg02;7;6.21;9.18;54.04;Penny grabs two bottles of liquor from a shelf and puts them in her cart.
15769;s06e24_seg02_clip_07;s06e24;test;seg02;7;24.85;34.3;54.04;Penny grabs a six pack of beer from a cooler and puts it in a cart.
15767;s06e24_seg02_clip_07;s06e24;test;seg02;7;30.52;33.77;54.04;Penny takes a case of beer out of a fridge and puts it in her cart.
15695;s06e24_seg02_clip_08;s06e24;test;seg02;8;4.2;6.3;60.04;Penny sets a bottle of white wine onto a shelf in the store as she pulls a shopping cart forward with her other hand.
15696;s06e24_seg02_clip_08;s06e24;test;seg02;8;4.2;7.2;60.04;Sheldon walks closer to the shopping cart as he talks to Penny.
15697;s06e24_seg02_clip_08;s06e24;test;seg02;8;48.02;51.32;60.04;Penny puts two bottle of wine into the shopping cart.
62847;s06e24_seg02_clip_10;s06e24;test;seg02;10;16.78;21.97;61.48;Leonard pours a shot from a martini shaker and hands it to Bernadette.
62845;s06e24_seg02_clip_10;s06e24;test;seg02;10;32.96;40.58;61.48;Howard picks up a bottle of wine from the kitchen counter, pours himself a glass and sits the bottle back down.
62846;s06e24_seg02_clip_10;s06e24;test;seg02;10;58.28;61.03;61.48;Amy walks over and sits down on the couch next to Raj.
13280;s06e24_seg02_clip_11;s06e24;test;seg02;11;0.0;3.47;63.04;Raj is sitting next to Amy while on the couch.
13283;s06e24_seg02_clip_11;s06e24;test;seg02;11;7.56;11.66;63.04;Raj stands up from the couch and puts his hands in his pockets.
13284;s06e24_seg02_clip_11;s06e24;test;seg02;11;13.55;18.28;63.04;Sheldon hits a fork against his glass of milk.
13281;s06e24_seg02_clip_11;s06e24;test;seg02;11;13.87;20.8;63.04;Sheldon holds a glass of milk and taps it with a spoon.
13282;s06e24_seg02_clip_11;s06e24;test;seg02;11;61.45;63.03;63.04;Raj is holding his cell phone while standing.
13268;s06e24_seg02_clip_12;s06e24;test;seg02;12;3.48;7.83;58.03;Raj shows Howard something on his cell phone.
13265;s06e24_seg02_clip_12;s06e24;test;seg02;12;4.06;7.25;58.03;Raj shakes his head and hands Howard his cell phone.
13266;s06e24_seg02_clip_12;s06e24;test;seg02;12;24.37;30.17;58.03;Raj walks out of the room looking upset.
13267;s06e24_seg02_clip_12;s06e24;test;seg02;12;47.0;52.51;58.03;Leonard and Penny both unbuckle their seat belts and turn toward each other.
13269;s06e24_seg02_clip_12;s06e24;test;seg02;12;49.32;58.03;58.03;Sheldon interrupts Penny and Leonard right before they kiss in the car.
51310;s06e24_seg02_clip_13;s06e24;test;seg02;13;0.0;4.49;69.04;Sheldon gestures with his thumb out the the rear window.
51313;s06e24_seg02_clip_13;s06e24;test;seg02;13;10.01;14.15;69.04;Raj, Penny and Leonard are talking inside the car.
51311;s06e24_seg02_clip_13;s06e24;test;seg02;13;38.31;43.14;69.04;Leonard picks up and then hands Penny a small gift.
51314;s06e24_seg02_clip_13;s06e24;test;seg02;13;39.69;44.18;69.04;Leonard gets a present a give it to Penny.
51312;s06e24_seg02_clip_13;s06e24;test;seg02;13;54.53;65.57;69.04;Sheldon puts his head out of the car window, then gives a thumbs up.
51980;s06e24_seg02_clip_14;s06e24;test;seg02;14;0.0;6.25;50.43;Penny is in front of Raj's door waiting for him to open it.
51981;s06e24_seg02_clip_14;s06e24;test;seg02;14;14.26;20.51;50.43;Raj opens the door for Penny and she closes as she enters.
51983;s06e24_seg02_clip_14;s06e24;test;seg02;14;44.27;48.77;50.43;The blonde woman leans over and hugs the man.
51982;s06e24_seg02_clip_14;s06e24;test;seg02;14;44.77;50.02;50.43;Penny hugs Raj when she is sitting beside him.
60540;s06e24_seg02_clip_15;s06e24;test;seg02;15;0.0;3.97;61.36;Penny is sitting beside Raj and is hugging him.
60541;s06e24_seg02_clip_15;s06e24;test;seg02;15;34.79;39.36;61.36;Penny hugs Raj and starts to cry along side him.
60542;s06e24_seg02_clip_15;s06e24;test;seg02;15;46.69;49.43;61.36;Penny is pouring herself wine as she stands in the kitchen.
63727;s06e24_seg02_clip_16;s06e24;test;seg02;16;0.0;4.0;40.1;Raj grabs his water bottle as he is talking to the group of girls.
63725;s06e24_seg02_clip_16;s06e24;test;seg02;16;9.21;14.81;40.1;Amy takes a drink from her wine glass as Raj continues to talk.
63729;s06e24_seg02_clip_16;s06e24;test;seg02;16;10.21;15.81;40.1;Amy drinks from the bottle of wine while she is talking with Penny, Bernadette and Raj.
63726;s06e24_seg02_clip_16;s06e24;test;seg02;16;14.21;30.82;40.1;The credits are rolling while Raj continues to ramble on in the background.
6160;s07e02_seg01_clip_00;s07e02;dev;seg01;0;3.6;51.76;93.02;Sheldon and Penny walk up a few flights of stairs then stop.
6161;s07e02_seg01_clip_00;s07e02;dev;seg01;0;3.6;14.4;93.02;A bicycle is standing stationary against the elevator.
6163;s07e02_seg01_clip_00;s07e02;dev;seg01;0;52.21;54.01;93.02;Sheldon and Penny turn to walk in opposite directions away from one another.
6162;s07e02_seg01_clip_00;s07e02;dev;seg01;0;57.62;65.27;93.02;Penny unlocks her apartment door, enters the apartment and closes the door.
6164;s07e02_seg01_clip_00;s07e02;dev;seg01;0;65.27;66.17;93.02;Out of fright, Penny drops a paper bag full of shopping.
12515;s07e02_seg02_clip_00;s07e02;dev;seg02;0;6.62;7.25;63.65;Sheldon was starring at a figurine as Stuart passes by.
12519;s07e02_seg02_clip_00;s07e02;dev;seg02;0;30.25;35.3;63.65;Stuart grabs a superhero figure and shows it to Sheldon.
12516;s07e02_seg02_clip_00;s07e02;dev;seg02;0;33.72;35.61;63.65;Stuart grabs an Aquaman statue from shelf behind him.
12517;s07e02_seg02_clip_00;s07e02;dev;seg02;0;57.04;60.82;63.65;Stuart takes out a Batman squirt gun from behind the counter.
12513;s07e02_seg02_clip_01;s07e02;dev;seg02;1;2.95;5.9;59.03;Raj move his way towards the comic book section where does Howard stays.
12510;s07e02_seg02_clip_01;s07e02;dev;seg02;1;3.54;16.23;59.03;Raj and Howard are discussing comic books at the comic book store.
12514;s07e02_seg02_clip_01;s07e02;dev;seg02;1;7.67;10.92;59.03;Howard returns a comic book he pulls out from one section.
12511;s07e02_seg02_clip_01;s07e02;dev;seg02;1;25.09;33.94;59.03;Howard explains that he's snippy because of the new diet he's on.
12512;s07e02_seg02_clip_01;s07e02;dev;seg02;1;47.81;59.03;59.03;Sheldon negotiates with Stuart for an Aquaman figurine.
12505;s07e02_seg02_clip_02;s07e02;dev;seg02;2;0.0;4.5;60.03;Stuart is holding a figurine in his hands while talking to Sheldon.
12506;s07e02_seg02_clip_02;s07e02;dev;seg02;2;13.51;17.11;60.03;Leonard is showing Penny pictures on his cell phone.
12507;s07e02_seg02_clip_02;s07e02;dev;seg02;2;32.71;36.92;60.03;Penny opens her apartment door for a pizza guy.
12502;s07e02_seg02_clip_03;s07e02;dev;seg02;3;1.18;3.25;59.19;The pizza delivery man turns and looks at Sheldon while he walks away.
12503;s07e02_seg02_clip_03;s07e02;dev;seg02;3;39.55;46.93;59.19;Sheldon walks into Penny's apartment and puts his bags on her counter.
12500;s07e02_seg02_clip_03;s07e02;dev;seg02;3;41.02;45.45;59.19;Sheldon walks into Penny's apartment and sets a plastic bag on the counter.
12501;s07e02_seg02_clip_03;s07e02;dev;seg02;3;56.07;57.55;59.19;Sheldon points to the wine glasses sitting on the coffee table.
12538;s07e02_seg02_clip_04;s07e02;dev;seg02;4;9.92;12.1;62.56;Sheldon turns round and puts his hands on his hips.
12535;s07e02_seg02_clip_04;s07e02;dev;seg02;4;10.54;12.1;62.56;Sheldon puts his arms on his hips while facing a trash can.
12536;s07e02_seg02_clip_04;s07e02;dev;seg02;4;28.22;29.46;62.56;Sheldon picks up a take out bag from the kitchen island.
12537;s07e02_seg02_clip_04;s07e02;dev;seg02;4;47.14;48.69;62.56;Bernadette sets a glass mixing bowl into a dish drainer tray.
12534;s07e02_seg02_clip_05;s07e02;dev;seg02;5;0.0;9.61;62.04;Howard walks over to the refrigerator and pulls out a bottle of water.
12530;s07e02_seg02_clip_05;s07e02;dev;seg02;5;4.34;5.58;62.04;Howard opens the fridge to grab a bottle of water.
12533;s07e02_seg02_clip_05;s07e02;dev;seg02;5;19.54;30.7;62.04;Howard pulls a tube of cream out of his pocket and hands it to Amy.
12531;s07e02_seg02_clip_05;s07e02;dev;seg02;5;20.16;21.09;62.04;Howard reaches into his back pocket to grab the bottle of cream his mother uses.
12532;s07e02_seg02_clip_05;s07e02;dev;seg02;5;29.46;39.08;62.04;Bernadette reads the information on the bottle of cream and realizes it contains a high amount of estrogen.
71425;s07e02_seg02_clip_06;s07e02;dev;seg02;6;0.0;6.09;58.03;Amy takes the hormone cream container and sets it on the table
71428;s07e02_seg02_clip_06;s07e02;dev;seg02;6;4.06;7.25;58.03;Bernadette sits down on the couch next to Howard.
71426;s07e02_seg02_clip_06;s07e02;dev;seg02;6;7.25;23.21;58.03;Howard grabs a pillow and hugs it for comfort.
71427;s07e02_seg02_clip_06;s07e02;dev;seg02;6;54.54;58.03;58.03;Amy picks up her coffee cup and walks out of the kitchen
71429;s07e02_seg02_clip_06;s07e02;dev;seg02;6;54.83;58.03;58.03;Amy grabs a mug and walks from the kitchen to the living room.
71318;s07e02_seg02_clip_08;s07e02;dev;seg02;8;2.1;6.3;60.06;Amy and Sheldon are quietly listening to the door.
71315;s07e02_seg02_clip_08;s07e02;dev;seg02;8;21.01;27.61;60.06;Amy puts her ear up to Penny's door.
71319;s07e02_seg02_clip_08;s07e02;dev;seg02;8;35.42;39.32;60.06;Sheldon gets the key on his pocket and opens the door.
71316;s07e02_seg02_clip_08;s07e02;dev;seg02;8;37.52;41.72;60.06;Sheldon unlocks the front door of Penny's apartment.
71317;s07e02_seg02_clip_08;s07e02;dev;seg02;8;41.42;43.82;60.06;A Leonard stands up as Sheldon and Amy enter the apartment.
12475;s07e02_seg02_clip_09;s07e02;dev;seg02;9;0.0;3.0;60.03;Leonard is sitting with his elbow on his knee next to Penny.
12476;s07e02_seg02_clip_09;s07e02;dev;seg02;9;8.7;16.51;60.03;Sheldon is standing at the door entrance as he speaks to Leonard.
12477;s07e02_seg02_clip_09;s07e02;dev;seg02;9;58.83;60.03;60.03;Amy ends up sitting next to Penny in the kitchen.
54260;s07e02_seg02_clip_11;s07e02;dev;seg02;11;5.27;9.92;62.04;Raj picks up a piece of cake from the coffee table and starts eating it.
54261;s07e02_seg02_clip_11;s07e02;dev;seg02;11;21.09;24.81;62.04;Howard lifts up his shirt to show Raj his stomach.
54263;s07e02_seg02_clip_11;s07e02;dev;seg02;11;35.98;43.42;62.04;Howard jumps up and down with his shirt pulled up.
54264;s07e02_seg02_clip_11;s07e02;dev;seg02;11;47.76;51.79;62.04;Raj shakes his chest from side to side.
54262;s07e02_seg02_clip_11;s07e02;dev;seg02;11;56.14;59.86;62.04;Howard sticks the bottom of his shirt up over his head.
54265;s07e02_seg02_clip_12;s07e02;dev;seg02;12;0.0;3.0;60.03;Howard stands in front of the couch with his shirt pulled up and shimmies his torso.
54266;s07e02_seg02_clip_12;s07e02;dev;seg02;12;8.1;9.3;60.03;Raj pulls his shirt up over his head to expose his chest.
54268;s07e02_seg02_clip_12;s07e02;dev;seg02;12;8.7;15.61;60.03;Raj pulls his shirt over his head as he shakes his body in front of Howard.
54269;s07e02_seg02_clip_12;s07e02;dev;seg02;12;27.01;31.51;60.03;Raj puts his hand on Howard's bar chest as Bernadette walks into the room.
54267;s07e02_seg02_clip_12;s07e02;dev;seg02;12;42.02;60.03;60.03;Raj and Howard stand talking as they both have one hand on their own chest and one hand on the other's chest.
54273;s07e02_seg02_clip_13;s07e02;dev;seg02;13;3.84;6.4;64.02;Bernadette walks away after seeing Raj and Howard holding each others chests.
54270;s07e02_seg02_clip_13;s07e02;dev;seg02;13;10.89;12.81;64.02;Leonard pours coffee from the coffee pot into a travel mug.
54274;s07e02_seg02_clip_13;s07e02;dev;seg02;13;16.97;24.33;64.02;Sheldon picks up his jacket from the back of the chair and puts it on.
54271;s07e02_seg02_clip_13;s07e02;dev;seg02;13;26.25;31.38;64.02;Sheldon puts the strap of his bag over his shoulders.
54272;s07e02_seg02_clip_13;s07e02;dev;seg02;13;61.47;64.02;64.02;Leonard goes out the front door behind Sheldon.
92486;s07e02_seg02_clip_14;s07e02;dev;seg02;14;0.0;5.88;56.02;Leonard closes the apartment door and locks it with his key.
92488;s07e02_seg02_clip_14;s07e02;dev;seg02;14;0.0;8.12;56.02;Leonard turn and locked the door before leaving with Sheldon.
92485;s07e02_seg02_clip_14;s07e02;dev;seg02;14;4.76;43.14;56.02;Sheldon walks down three flights of stairs to the lobby of his apartment building.
92487;s07e02_seg02_clip_14;s07e02;dev;seg02;14;53.5;56.02;56.02;Sheldon opens the door in the lobby and looks outside.
54277;s07e02_seg02_clip_15;s07e02;dev;seg02;15;0.0;4.35;58.81;Sheldon holds the buildings door open while talking to someone.
54275;s07e02_seg02_clip_15;s07e02;dev;seg02;15;5.51;8.7;58.81;Penny locks her apartment door and walks toward the stair way.
54278;s07e02_seg02_clip_15;s07e02;dev;seg02;15;5.51;7.54;58.81;Penny locks the door and turns to see Amy in the hallway.
54276;s07e02_seg02_clip_15;s07e02;dev;seg02;15;24.95;28.14;58.81;Sheldon opens his apartment door and walks out.
54279;s07e02_seg02_clip_15;s07e02;dev;seg02;15;25.82;28.72;58.81;Sheldon comes out of the apartment to where Amy and Penny are.
54283;s07e02_seg02_clip_16;s07e02;dev;seg02;16;10.2;12.61;60.03;Penny turns around and walks to the stairs.
54280;s07e02_seg02_clip_16;s07e02;dev;seg02;16;10.5;17.71;60.03;Penny, Sheldon, and Amy walk down the stairs.
54282;s07e02_seg02_clip_16;s07e02;dev;seg02;16;28.81;31.21;60.03;Raj is staring at Howard's chest and Howard gets upset.
54281;s07e02_seg02_clip_16;s07e02;dev;seg02;16;32.41;35.12;60.03;Sheldon sits down at the cafeteria table with Raj, Howard, and Leonard.
62065;s07e02_seg02_clip_17;s07e02;dev;seg02;17;32.96;37.84;61.27;A man in a burgundy sweater and white pants walks into the cafeteria then out of sight.
62066;s07e02_seg02_clip_17;s07e02;dev;seg02;17;42.41;48.21;61.27;A woman in a grey jacket and dark pants walks from left to right and out the cafeteria door.
62067;s07e02_seg02_clip_17;s07e02;dev;seg02;17;58.59;61.03;61.27;Howard, Raj, Bernadette, Amy, Sheldon, Penny and Leonard sit in the living room.
62068;s07e02_seg02_clip_17;s07e02;dev;seg02;17;58.59;61.03;61.27;Raj sits on the floor while his friends are having a conversation.
54230;s07e02_seg02_clip_18;s07e02;dev;seg02;18;4.94;6.76;53.66;Howard is sitting on the edge of the arm of a sofa with a Chinese take out container.
54231;s07e02_seg02_clip_18;s07e02;dev;seg02;18;17.95;22.11;53.66;Sheldon gets a piece of paper from the side table and hands it to Penny.
54232;s07e02_seg02_clip_18;s07e02;dev;seg02;18;50.98;52.02;53.66;Penny hands Howard the piece of paper she was holding.
46840;s07e13_seg01_clip_00;s07e13;test;seg01;0;4.27;9.76;61.44;Penny is holding a glass of wine while talking to Leonard.
46844;s07e13_seg01_clip_00;s07e13;test;seg01;0;12.82;18.92;61.44;Penny puts her hand on Leonard's right shoulder.
46843;s07e13_seg01_clip_00;s07e13;test;seg01;0;16.48;21.97;61.44;Penny puts her wine glass on the table and gets down on one knee.
46841;s07e13_seg01_clip_00;s07e13;test;seg01;0;19.22;26.24;61.44;Penny gets down on a knee to propose to Leonard.
46842;s07e13_seg01_clip_00;s07e13;test;seg01;0;42.41;46.99;61.44;Sheldon and Leonard are walking side by side up the stairs.
18750;s07e13_seg01_clip_01;s07e13;test;seg01;1;6.3;17.65;63.04;Leonard and Sheldon go upstairs side by side.
18751;s07e13_seg01_clip_01;s07e13;test;seg01;1;24.27;35.61;63.04;Leonard knocks on Penny's door as Sheldon stands at his apartment door.
18752;s07e13_seg01_clip_01;s07e13;test;seg01;1;41.91;44.75;63.04;Penny gestures for Leonard to enter her apartment.
18707;s07e13_seg01_clip_02;s07e13;test;seg01;2;2.52;5.05;38.33;Leonard turns away and rubs his eye with his hand.
18708;s07e13_seg01_clip_02;s07e13;test;seg01;2;7.03;10.99;38.33;Leonard and Penny sit together on a blue sofa.
18705;s07e13_seg01_clip_02;s07e13;test;seg01;2;7.75;10.09;38.33;Leonard takes his bag off of his shoulder as he sits down on the sofa.
18709;s07e13_seg01_clip_02;s07e13;test;seg01;2;32.07;36.04;38.33;Penny jumps toward leonard on the sofa to give him a hug.
18706;s07e13_seg01_clip_02;s07e13;test;seg01;2;34.41;36.04;38.33;Penny excitedly throws her arms around Leonard to hug him.
37850;s07e13_seg02_clip_00;s07e13;test;seg02;0;10.23;12.41;62.04;Leonard picks up his laptop bag and throws it over his shoulder as he walks towards the door of the apartment.
37851;s07e13_seg02_clip_00;s07e13;test;seg02;0;30.39;52.1;62.04;Leonard keeps his arm and hand extended towards Sheldon as he talks to him in the stairwell.
37852;s07e13_seg02_clip_00;s07e13;test;seg02;0;53.97;56.76;62.04;Sheldon sits down on the stairs, folds his hands on his knees and looks at the floor.
37845;s07e13_seg02_clip_01;s07e13;test;seg02;1;0.0;2.1;60.44;Stuart is leaning on the cashier counter at his comic store obviously very bored. Bernadette comes into the store and addresses him and he becomes startled.
37848;s07e13_seg02_clip_01;s07e13;test;seg02;1;10.2;15.91;60.44;Bernadette takes a comic book out of her purse and shows Stuart.
37846;s07e13_seg02_clip_01;s07e13;test;seg02;1;11.71;18.61;60.44;Bernadette opens her purse and pulls out a comic book. She present it to Stuart as she hands it to him
37847;s07e13_seg02_clip_01;s07e13;test;seg02;1;38.72;52.52;60.44;Stuart picks up the comic book and holds it while as he and Bernadette converse then sets it down.
37863;s07e13_seg02_clip_02;s07e13;test;seg02;2;5.9;10.33;59.03;Stuart dumps a whole shoe box full of prescription bottles on the counter in the comic book store.
37860;s07e13_seg02_clip_02;s07e13;test;seg02;2;7.38;11.21;59.03;Stuart dumps a box of bottles on the counter.
37864;s07e13_seg02_clip_02;s07e13;test;seg02;2;18.59;27.15;59.03;Amy is looking through a microscope when Howard and Raj walk into her lab.
37861;s07e13_seg02_clip_02;s07e13;test;seg02;2;22.13;25.68;59.03;Raj and Howard walk into Amy's lab and greet her.
37862;s07e13_seg02_clip_02;s07e13;test;seg02;2;45.15;49.58;59.03;Bert hands Amy a rock with his right hand.
53140;s07e13_seg02_clip_03;s07e13;test;seg02;3;9.92;14.58;62.04;Bert leaves the lab by going through the front door.
53144;s07e13_seg02_clip_03;s07e13;test;seg02;3;13.03;15.82;62.04;Amy puts down a small bottle on their work desk.
53141;s07e13_seg02_clip_03;s07e13;test;seg02;3;14.89;19.23;62.04;Amy places an object on the desk and walks away.
53142;s07e13_seg02_clip_03;s07e13;test;seg02;3;25.74;30.08;62.04;Raj and Howard are standing beside each other while talking to Amy.
37870;s07e13_seg02_clip_04;s07e13;test;seg02;4;4.8;6.9;60.33;Penny leaves her apartment and closes the door.
37873;s07e13_seg02_clip_04;s07e13;test;seg02;4;5.1;15.01;60.33;Penny closes the door and runs down the stairs carrying a box.
37871;s07e13_seg02_clip_04;s07e13;test;seg02;4;12.31;13.81;60.33;Penny touches Sheldon on the shoulder while he's sitting on the stairs.
37872;s07e13_seg02_clip_04;s07e13;test;seg02;4;57.03;60.03;60.33;Penny smacks her hand against her leg while talking to Sheldon.
24040;s07e13_seg02_clip_05;s07e13;test;seg02;5;0.0;2.9;58.03;Sheldon runs down the stairs past Penny.
24043;s07e13_seg02_clip_05;s07e13;test;seg02;5;0.0;3.48;58.03;Sheldon runs across a hallway and down some stairs.
24041;s07e13_seg02_clip_05;s07e13;test;seg02;5;34.23;36.56;58.03;Bernadette picks up a comic book off of the counter while talking to Stuart.
24042;s07e13_seg02_clip_05;s07e13;test;seg02;5;55.41;58.03;58.03;Leonard picks up his cell phone off of the cafeteria room table.
24044;s07e13_seg02_clip_05;s07e13;test;seg02;5;55.41;58.03;58.03;Leonard picks up a mobile phone and starts tapping on the screen.
37881;s07e13_seg02_clip_06;s07e13;test;seg02;6;0.0;6.3;60.03;Leonard makes a phone call on his cell phone.
37880;s07e13_seg02_clip_06;s07e13;test;seg02;6;20.41;24.01;60.03;Penny holds up a hanger with her work uniform hanging from it.
37882;s07e13_seg02_clip_06;s07e13;test;seg02;6;52.22;60.03;60.03;Sheldon does some deep breathing while sitting alone in the xar,
37878;s07e13_seg02_clip_07;s07e13;test;seg02;7;0.0;10.99;61.04;Sheldon is doing a breathing exercise with an app while waiting for Penny in the car.
37875;s07e13_seg02_clip_07;s07e13;test;seg02;7;11.9;14.65;61.04;Penny jumps into the driver seat of a car Sheldon is waiting in.
37876;s07e13_seg02_clip_07;s07e13;test;seg02;7;13.73;17.39;61.04;Penny puts her seat belt on in the drivers seat of the car.
37877;s07e13_seg02_clip_07;s07e13;test;seg02;7;19.83;61.03;61.04;Penny pulls the car away and begins driving down the road with Sheldon.
37840;s07e13_seg02_clip_08;s07e13;test;seg02;8;25.38;28.63;59.56;Amy is typing on her laptop in her laboratory.
37841;s07e13_seg02_clip_08;s07e13;test;seg02;8;27.45;30.4;59.56;Bert enters Amy's laboratory and starts to talk.
37842;s07e13_seg02_clip_08;s07e13;test;seg02;8;53.12;56.37;59.56;Amy gets up from sitting behind her desk to face Bert.
37835;s07e13_seg02_clip_09;s07e13;test;seg02;9;34.18;38.14;61.42;Bert walks out of the room after he's finished talking to Amy.
37836;s07e13_seg02_clip_09;s07e13;test;seg02;9;42.41;54.93;61.42;Bernadette and Stuart enter the comic book store and look around.
37839;s07e13_seg02_clip_09;s07e13;test;seg02;9;43.33;51.87;61.42;Bernadette walks into another comic book store with Stuart and is amazed when she walks in.
37837;s07e13_seg02_clip_09;s07e13;test;seg02;9;59.81;61.03;61.42;Jesse walks over to Bernadette and Stuart and greets them with a smile.
79993;s07e13_seg02_clip_10;s07e13;test;seg02;10;0.0;4.88;61.04;Stuart and Jesse shake hands in the store.
79990;s07e13_seg02_clip_10;s07e13;test;seg02;10;0.92;4.27;61.04;Stuart greets Jesse and they shake each other's hand.
79994;s07e13_seg02_clip_10;s07e13;test;seg02;10;18.0;21.05;61.04;Bernadette hands over something for Jesse to look at.
79991;s07e13_seg02_clip_10;s07e13;test;seg02;10;18.61;25.02;61.04;Bernadette hands Jesse a comic book and they walk away.
79992;s07e13_seg02_clip_10;s07e13;test;seg02;10;24.41;29.9;61.04;Stuart walks over to Sweatpants sitting in a chair to talk to him.
87245;s07e13_seg02_clip_12;s07e13;test;seg02;12;8.71;10.05;67.03;Amy takes her tools to put them on the worktop.
87248;s07e13_seg02_clip_12;s07e13;test;seg02;12;15.08;18.1;67.03;Raj points to his face using four of his fingers.
87246;s07e13_seg02_clip_12;s07e13;test;seg02;12;53.95;59.32;67.03;Raj and Howard comes out of the room.
87249;s07e13_seg02_clip_12;s07e13;test;seg02;12;60.99;67.02;67.03;Sheldon does a yoga pose with Penny.
87247;s07e13_seg02_clip_12;s07e13;test;seg02;12;62.33;67.02;67.03;Sheldon and Penny are doing yoga together in a room.
79986;s07e13_seg02_clip_13;s07e13;test;seg02;13;0.0;10.8;54.04;Sheldon stands facing forward with his arms stretched overhead.
79988;s07e13_seg02_clip_13;s07e13;test;seg02;13;0.0;12.16;54.04;Penny and Sheldon stand with their arms straight up in the air.
79989;s07e13_seg02_clip_13;s07e13;test;seg02;13;43.49;46.19;54.04;Leonard opens the front door and puts his keys in a bowl.
79985;s07e13_seg02_clip_13;s07e13;test;seg02;13;43.76;46.19;54.04;Leonard comes into the apartment while Penny and Sheldon are exercising.
79987;s07e13_seg02_clip_13;s07e13;test;seg02;13;49.7;53.75;54.04;Sheldon stands with one arm stretched straight up and the other arm down at his side.
79978;s07e13_seg02_clip_14;s07e13;test;seg02;14;0.0;18.57;58.42;Leonard has a conversation with Sheldon and Penny as they exercise.
79975;s07e13_seg02_clip_14;s07e13;test;seg02;14;9.86;13.06;58.42;Penny talks to Leonard while holding a yoga pose.
79976;s07e13_seg02_clip_14;s07e13;test;seg02;14;19.44;23.79;58.42;Sheldon puts his hands together and bows before heading to the kitchen.
79977;s07e13_seg02_clip_14;s07e13;test;seg02;14;44.39;47.29;58.42;Sheldon walks back from the kitchen with a drink to join the conversation.
79982;s07e13_seg02_clip_15;s07e13;test;seg02;15;16.78;18.92;61.21;Sheldon walks away from Leonard and Penny and toward the couch.
79980;s07e13_seg02_clip_15;s07e13;test;seg02;15;26.85;28.68;61.21;Sheldon looks at Penny and shakes his head.
79981;s07e13_seg02_clip_15;s07e13;test;seg02;15;39.67;41.8;61.21;Leonard grabs Penny by the arms and walkers her back a few steps,
79970;s07e13_seg02_clip_16;s07e13;test;seg02;16;1.34;7.71;70.58;Sheldon walks from the living room to the kitchen.
79973;s07e13_seg02_clip_16;s07e13;test;seg02;16;1.68;5.03;70.58;Sheldon walks past Penny and Leonard in the living room.
79971;s07e13_seg02_clip_16;s07e13;test;seg02;16;10.72;14.41;70.58;Bernadette enters the store and walks over to the counter.
79974;s07e13_seg02_clip_16;s07e13;test;seg02;16;11.06;14.08;70.58;Jesse turns around to face Bernadette in the store.
79972;s07e13_seg02_clip_16;s07e13;test;seg02;16;63.34;67.02;70.58;Bert pounds his left fist on the dashboard.
86685;s08e04_seg01_clip_00;s08e04;test;seg01;0;3.75;12.0;78.04;Leonard is sitting next to Sheldon eating in the cafeteria.
86688;s08e04_seg01_clip_00;s08e04;test;seg01;0;27.01;30.76;78.04;Raj comes over to the table with a tray of food and sits down to join Howard, Sheldon, and Leonard.
86686;s08e04_seg01_clip_00;s08e04;test;seg01;0;27.76;32.26;78.04;Raj comes with his food tray to sit at the table.
86687;s08e04_seg01_clip_00;s08e04;test;seg01;0;48.02;57.39;78.04;Raj is beside Howard as he is conversing with Sheldon.
84453;s08e04_seg02_clip_00;s08e04;test;seg02;0;10.68;12.82;61.66;Leonard sits beside Bernadette with a container of food.
84450;s08e04_seg02_clip_00;s08e04;test;seg02;0;26.55;30.21;61.66;Bernadette gets up from the couch and walks out of the living room.
84451;s08e04_seg02_clip_00;s08e04;test;seg02;0;45.47;46.69;61.66;Raj takes Emily's purse from her as they stand in the middle of the living room.
84452;s08e04_seg02_clip_00;s08e04;test;seg02;0;57.37;60.11;61.66;Bernadette points to Penny as she stands next to her and talks.
58100;s08e04_seg02_clip_01;s08e04;test;seg02;1;24.91;27.91;60.62;Sheldon passes a burrito wrapped in foil to Amy.
58103;s08e04_seg02_clip_01;s08e04;test;seg02;1;24.91;27.31;60.62;The man in the grey shirt hands the girl in the purple sweater next to him a burrito.
58101;s08e04_seg02_clip_01;s08e04;test;seg02;1;29.11;35.12;60.62;Penny sits down to join Bernadette and Amy in conversation.
58102;s08e04_seg02_clip_01;s08e04;test;seg02;1;41.72;44.42;60.62;Amy drinks a sip of tea out of a blue cup.
58105;s08e04_seg02_clip_02;s08e04;test;seg02;2;5.49;7.02;61.04;Bernadette makes a wave motion with her hand and shakes her head back and forth as she talks.
58106;s08e04_seg02_clip_02;s08e04;test;seg02;2;43.64;48.21;61.04;Leonard points to Sheldon as he stands talking at the comic book display.
58107;s08e04_seg02_clip_02;s08e04;test;seg02;2;58.59;61.03;61.04;Howard awkwardly shakes his hand in front of him as he talks.
56243;s08e04_seg02_clip_03;s08e04;test;seg02;3;0.0;4.2;60.31;Raj walks over to the table where Leonard, Sheldon and Howard are.
56241;s08e04_seg02_clip_03;s08e04;test;seg02;3;0.9;4.8;60.31;Raj walks over to Howard, Leonard, and Sheldon.
56244;s08e04_seg02_clip_03;s08e04;test;seg02;3;5.7;8.7;60.31;Sheldon slams a comic book down on the table.
56240;s08e04_seg02_clip_03;s08e04;test;seg02;3;6.0;7.5;60.31;Sheldon slams down the comic book he is reading.
56242;s08e04_seg02_clip_03;s08e04;test;seg02;3;54.32;56.43;60.31;Raj points his finger down in protest while talked to Leonard.
58117;s08e04_seg02_clip_04;s08e04;test;seg02;4;7.97;18.3;59.87;Sheldon says something that makes Leonard, Howard, and Raj look around the store.
58115;s08e04_seg02_clip_04;s08e04;test;seg02;4;21.25;24.5;59.87;Penny walks into Emily's office carrying a briefcase and coffees.
58118;s08e04_seg02_clip_04;s08e04;test;seg02;4;21.54;25.68;59.87;Penny gets in the room and put her bag on the table.
58116;s08e04_seg02_clip_04;s08e04;test;seg02;4;24.5;29.81;59.87;Penny sets her briefcase and coffee down on the patient seat.
58119;s08e04_seg02_clip_04;s08e04;test;seg02;4;41.61;45.15;59.87;Penny opens her bag while talking to Emily.
58120;s08e04_seg02_clip_05;s08e04;test;seg02;5;1.22;3.36;61.86;Emily looks at her watch on her left wrist.
58123;s08e04_seg02_clip_05;s08e04;test;seg02;5;21.36;24.11;61.86;Penny close the box and continue talking to the girl in front of her.
58121;s08e04_seg02_clip_05;s08e04;test;seg02;5;22.89;25.63;61.86;Penny closes the top of her briefcase with her right hand.
58124;s08e04_seg02_clip_05;s08e04;test;seg02;5;33.26;38.45;61.86;The girl wearing white coat stands up and answer Penny's question quickly.
58122;s08e04_seg02_clip_05;s08e04;test;seg02;5;34.18;36.31;61.86;Emily puts down her pad and pen and stands up.
58126;s08e04_seg02_clip_06;s08e04;test;seg02;6;6.6;13.21;60.65;Leonard walks into the apartment and sets his bag at his desk.
58127;s08e04_seg02_clip_06;s08e04;test;seg02;6;8.4;13.81;60.65;Raj shuts the front door after everyone is in the apartment.
58128;s08e04_seg02_clip_06;s08e04;test;seg02;6;18.01;22.81;60.65;Howard puts his hand in a bag and rummages around.
58125;s08e04_seg02_clip_06;s08e04;test;seg02;6;57.03;59.13;60.65;Leonard throws his hands up and sits down at his desk.
58129;s08e04_seg02_clip_06;s08e04;test;seg02;6;57.03;58.53;60.65;Leonard throws his hands up in the air in bafflement.
94230;s08e04_seg02_clip_07;s08e04;test;seg02;7;14.17;15.35;59.74;Raj holds his upturned hands out to his sides as he stands up from the couch.
94231;s08e04_seg02_clip_07;s08e04;test;seg02;7;20.07;22.13;59.74;Leonard puts his hand to his forehead and rubs it as he sits at his desk.
94233;s08e04_seg02_clip_07;s08e04;test;seg02;7;30.1;34.53;59.74;Penny exits the room angrily and closes the door.
94232;s08e04_seg02_clip_07;s08e04;test;seg02;7;48.4;53.12;59.74;Sheldon stands at the kitchen counter with one hand resting on the lid of a water bottle.
58055;s08e04_seg02_clip_08;s08e04;test;seg02;8;0.0;3.84;64.02;Penny pours a glass of wine and puts the bottle down on the counter next to the sink.
58058;s08e04_seg02_clip_08;s08e04;test;seg02;8;2.56;5.44;64.02;Penny puts the bottle of wine in the kitchen bar.
58056;s08e04_seg02_clip_08;s08e04;test;seg02;8;29.45;32.02;64.02;Penny switches which hand she's using to hold the wine glass.
58059;s08e04_seg02_clip_08;s08e04;test;seg02;8;31.7;33.62;64.02;Amy drinks from the glass of wine she is holding.
58057;s08e04_seg02_clip_08;s08e04;test;seg02;8;59.23;63.39;64.02;Amy starts stroking Penny's cheek while Penny has a disgusted look on her face.
58060;s08e04_seg02_clip_09;s08e04;test;seg02;9;0.0;20.53;57.47;Sheldon and Harold are in the comic book store.
58064;s08e04_seg02_clip_09;s08e04;test;seg02;9;10.26;13.97;57.47;Sheldon walks slowly to Howard while they are talking.
58063;s08e04_seg02_clip_09;s08e04;test;seg02;9;17.11;20.81;57.47;Howard is browsing a books while talking to Sheldon.
58061;s08e04_seg02_clip_09;s08e04;test;seg02;9;19.96;35.64;57.47;Sheldon and Howard are in the comic book shop and Leonard arrives.
58062;s08e04_seg02_clip_09;s08e04;test;seg02;9;36.78;49.04;57.47;Leonard asks Howard a question and Sheldon chooses to answer it for Howard.
16410;s08e04_seg02_clip_10;s08e04;test;seg02;10;0.0;2.95;59.12;Howard looks at a comic book and puts it back.
16414;s08e04_seg02_clip_10;s08e04;test;seg02;10;0.0;43.38;59.12;Howard, Sheldon and Leonard are talking around the table with comics.
16411;s08e04_seg02_clip_10;s08e04;test;seg02;10;39.84;42.2;59.12;Sheldon walks away from Howard and Leonard at the comic book store.
16412;s08e04_seg02_clip_10;s08e04;test;seg02;10;47.81;59.03;59.12;Penny takes two bites of ice cream as she walks up the stairs with Leonard.
8908;s08e04_seg02_clip_11;s08e04;test;seg02;11;0.0;14.81;63.04;Leonard and Penny have a conversation while walking upstairs and eating.
8905;s08e04_seg02_clip_11;s08e04;test;seg02;11;4.73;13.87;63.04;Penny and Leonard are walking up the steps and Penny puts her spoon in her mouth.
8907;s08e04_seg02_clip_11;s08e04;test;seg02;11;21.12;30.25;63.04;Bernadette takes two bites of food quickly and then starts stabbing at her plate.
8906;s08e04_seg02_clip_11;s08e04;test;seg02;11;54.21;61.45;63.04;Howard puts his fork down and begins speaking while using his hands for emphasis.
8909;s08e04_seg02_clip_11;s08e04;test;seg02;11;56.41;60.51;63.04;Howard touches his finger with one hand while he has a conversation with Bernadette over a meal.
16400;s08e04_seg02_clip_12;s08e04;test;seg02;12;0.0;1.77;59.08;Howard places his hands together while talking to Bernadette.
16403;s08e04_seg02_clip_12;s08e04;test;seg02;12;13.28;15.05;59.08;Bernadette shakes her head implicating that she don't have an idea.
16404;s08e04_seg02_clip_12;s08e04;test;seg02;12;18.59;24.2;59.08;Bernadette holds the hand of Howard to comfort him.
16401;s08e04_seg02_clip_12;s08e04;test;seg02;12;28.92;30.4;59.08;Bernadette is talking to Howard as she removes her hand from his.
16402;s08e04_seg02_clip_12;s08e04;test;seg02;12;56.66;58.73;59.08;Amy is talking Sheldon while she sets the plate down.
16396;s08e04_seg02_clip_13;s08e04;test;seg02;13;42.2;48.99;59.97;Sheldon smiles at Amy and then gets really excited.
16398;s08e04_seg02_clip_13;s08e04;test;seg02;13;50.76;54.89;59.97;Penny opens the front door to her apartment.
16395;s08e04_seg02_clip_13;s08e04;test;seg02;13;51.35;59.03;59.97;Penny opens the door and Raj and Emily walk in.
16397;s08e04_seg02_clip_13;s08e04;test;seg02;13;55.48;59.03;59.97;Emily and Raj walk into Penny's apartment and Emily looks back at Penny.
16399;s08e04_seg02_clip_13;s08e04;test;seg02;13;55.78;58.44;59.97;Raj follows Emily as they walk into Penny's apartment.
4063;s08e04_seg02_clip_15;s08e04;test;seg02;15;0.0;3.97;61.04;Stuart sits down in the chair while in the living room with Bernadette and Howard.
4060;s08e04_seg02_clip_15;s08e04;test;seg02;15;2.44;5.8;61.04;Stuart, Howard and Bernadette are sitting together in Howard's living room.
4061;s08e04_seg02_clip_15;s08e04;test;seg02;15;18.0;19.22;61.04;Bernadette puts an arm on Howard to shush him.
4062;s08e04_seg02_clip_15;s08e04;test;seg02;15;43.33;46.08;61.04;Howard gets up from the couch in a huff to yell at his mom.
16422;s08e04_seg02_clip_16;s08e04;test;seg02;16;0.0;11.51;42.47;Raj hugs Penny and walks toward the door, then leaves.
16420;s08e04_seg02_clip_16;s08e04;test;seg02;16;10.93;19.12;42.47;Emily leaves the room, Penny closes the door, a shot of Penny and Emily separated by the door before they walk apart.
16421;s08e04_seg02_clip_16;s08e04;test;seg02;16;21.46;25.76;42.47;Raj walks towards the sofa, the camera shifts to Leonard.
66768;s08e08_seg01_clip_00;s08e08;test;seg01;0;1.84;5.06;95.23;Howard joins Leonard, Sheldon and Raj at the table in their pantry.
66765;s08e08_seg01_clip_00;s08e08;test;seg01;0;3.22;6.44;95.23;Howard is walking and sits on the table next to Sheldon.
66766;s08e08_seg01_clip_00;s08e08;test;seg01;0;4.14;4.6;95.23;Howard put the tray he is holding on the table
66767;s08e08_seg01_clip_00;s08e08;test;seg01;0;6.9;91.12;95.23;Howard, Sheldon, Raj y Leonard are sitting taking lunch and talking.
66769;s08e08_seg01_clip_00;s08e08;test;seg01;0;86.06;91.58;95.23;Raj nods as he agrees with what does Sheldon says to Howard.
83405;s08e08_seg02_clip_00;s08e08;test;seg02;0;14.65;15.26;61.87;Penny raises her arms above her head and claps her hands as she lowers them.
83406;s08e08_seg02_clip_00;s08e08;test;seg02;0;16.17;18.0;61.87;Bernadette sets two tote bags down on bar stools at the kitchen island.
83407;s08e08_seg02_clip_00;s08e08;test;seg02;0;34.18;39.36;61.87;Bernadette touches a red dress that Amy is holding up as they stand in front of the couch.
11681;s08e08_seg02_clip_01;s08e08;test;seg02;1;9.6;12.01;60.37;Bernadette takes an object out of a bag and places it on the counter.
11680;s08e08_seg02_clip_01;s08e08;test;seg02;1;21.31;26.11;60.37;Amy picks up a glass of wine from the counter.
11682;s08e08_seg02_clip_01;s08e08;test;seg02;1;21.91;60.03;60.37;Amy, Penny and Bernadette each hold a glass of wine.
11684;s08e08_seg02_clip_01;s08e08;test;seg02;1;22.21;27.91;60.37;Amy picks up a glass of wine and takes a sip.
44400;s08e08_seg02_clip_02;s08e08;test;seg02;2;10.5;12.91;60.43;Leonard hands Howard a plate of food in a plastic container.
44401;s08e08_seg02_clip_02;s08e08;test;seg02;2;32.41;33.92;60.43;Leonard walks away with an empty cardboard box.
44402;s08e08_seg02_clip_02;s08e08;test;seg02;2;44.42;60.03;60.43;Sheldon rambles for a long time on not going to prom.
55040;s08e08_seg02_clip_03;s08e08;test;seg02;3;11.41;12.91;60.95;Leonard sits down in the wooden chair in the living room.
55041;s08e08_seg02_clip_03;s08e08;test;seg02;3;34.82;36.92;60.95;Howard pours wine from the bottle into the glass on the coffee table.
55042;s08e08_seg02_clip_03;s08e08;test;seg02;3;46.82;49.52;60.95;Howard takes a sip of wine from the glass in his hand.
66115;s08e08_seg02_clip_04;s08e08;test;seg02;4;0.0;43.33;61.04;Bernadette sits on the couch with her laptop in her lap.
66116;s08e08_seg02_clip_04;s08e08;test;seg02;4;14.65;17.7;61.04;Howard gets out his cell phone and calls Stuart.
66117;s08e08_seg02_clip_04;s08e08;test;seg02;4;59.5;61.03;61.04;Penny, wearing a blue shirt sits on a couch scrolling through her phone.
54461;s08e08_seg02_clip_05;s08e08;test;seg02;5;0.0;5.61;59.61;Penny is sitting on the couch and gets up to answer the door.
54462;s08e08_seg02_clip_05;s08e08;test;seg02;5;25.68;28.33;59.61;Sheldon smiles at Penny as she stands there, stone faced.
54460;s08e08_seg02_clip_05;s08e08;test;seg02;5;33.35;38.96;59.61;Sheldon walks around Penny and enters her apartment.
54550;s08e08_seg02_clip_06;s08e08;test;seg02;6;0.0;4.5;60.83;Penny is standing by her front door listening to Sheldon.
54551;s08e08_seg02_clip_06;s08e08;test;seg02;6;18.01;26.71;60.83;Penny walks to her fridge and opens it to take out a bottled water.
54553;s08e08_seg02_clip_06;s08e08;test;seg02;6;18.91;23.41;60.83;Penny walks and go to the refrigerator and open it.
54554;s08e08_seg02_clip_06;s08e08;test;seg02;6;32.41;38.42;60.83;Sheldon walks slowly where Penny is while he is still talking.
54552;s08e08_seg02_clip_06;s08e08;test;seg02;6;36.32;40.52;60.83;Sheldon walks up to Penny's kitchen island that she is behind.
11671;s08e08_seg02_clip_07;s08e08;test;seg02;7;16.17;34.79;61.69;Leonard uses two hands to fix Sheldon's bowtie.
11672;s08e08_seg02_clip_07;s08e08;test;seg02;7;37.84;40.89;61.69;Sheldon swings the suit jacket over his shoulder to put the jacket on
11670;s08e08_seg02_clip_07;s08e08;test;seg02;7;52.18;57.67;61.69;Sheldon picks us a flask and places it in the inside pocket of his suit jacket.
11674;s08e08_seg02_clip_07;s08e08;test;seg02;7;52.48;57.06;61.69;Sheldon picks something up and puts it in his inside pocket.
11635;s08e08_seg02_clip_08;s08e08;test;seg02;8;0.0;7.63;61.09;Sheldon goes from the kitchen to his desk.
11638;s08e08_seg02_clip_08;s08e08;test;seg02;8;3.97;8.85;61.09;Wearing a tuxedo, Sheldon pats his chest and then walks over to the computer desk.
11636;s08e08_seg02_clip_08;s08e08;test;seg02;8;7.02;16.17;61.09;Sheldon grabs his cell phone from his home desk.
11639;s08e08_seg02_clip_08;s08e08;test;seg02;8;27.46;29.9;61.09;Leonard pulls his tuxedo jacket off the chair.
11637;s08e08_seg02_clip_08;s08e08;test;seg02;8;32.04;36.92;61.09;Leonard puts on his jacket as he is talking to Sheldon.
11640;s08e08_seg02_clip_09;s08e08;test;seg02;9;6.0;7.5;60.03;Lenord walks past sheldon and pats him on the shoulder.
11643;s08e08_seg02_clip_09;s08e08;test;seg02;9;6.9;8.4;60.03;Leonard taps Sheldon on his arm as he walks past him.
11641;s08e08_seg02_clip_09;s08e08;test;seg02;9;15.01;18.31;60.03;Lenord knocks on Penny's door and she opens it.
11644;s08e08_seg02_clip_09;s08e08;test;seg02;9;44.72;54.32;60.03;Sheldon walks away from Amy, Leonard, and Penny and goes into his apartment.
11642;s08e08_seg02_clip_09;s08e08;test;seg02;9;45.62;48.02;60.03;Sheldon walks back across the hall and opens the door back into his apartment.
75195;s08e08_seg02_clip_10;s08e08;test;seg02;10;2.9;6.38;58.91;Emily is pouring champagne from a bottle into a glass.
75196;s08e08_seg02_clip_10;s08e08;test;seg02;10;7.83;10.44;58.91;Raj is on his phone while sitting next to Emily.
75197;s08e08_seg02_clip_10;s08e08;test;seg02;10;33.36;38.59;58.91;Howard and Bernadette are sitting next to each other in the limo.
75194;s08e08_seg02_clip_11;s08e08;test;seg02;11;7.2;10.8;60.43;Emily and Bernadette drinks wine while on the car.
75193;s08e08_seg02_clip_11;s08e08;test;seg02;11;17.11;21.01;60.43;Penny and Leonard came in the room full of decorations.
75190;s08e08_seg02_clip_11;s08e08;test;seg02;11;17.71;20.71;60.43;Penny and Leonard walk into a room that is decorated like the prom.
75191;s08e08_seg02_clip_11;s08e08;test;seg02;11;38.42;42.62;60.43;Penny follows Leonard as he walks across the room.
75192;s08e08_seg02_clip_11;s08e08;test;seg02;11;58.23;60.03;60.43;Penny puts a defiant hand on her hip in response to Leonard.
56528;s08e08_seg02_clip_12;s08e08;test;seg02;12;5.4;7.8;60.86;Penny starts to laugh at Leonard and she hugs him.
56525;s08e08_seg02_clip_12;s08e08;test;seg02;12;5.7;8.1;60.86;Leonard and Penny share a hug while wearing formal clothes.
56526;s08e08_seg02_clip_12;s08e08;test;seg02;12;10.5;32.11;60.86;Sheldon looks at his phone while lying in bed and Amy is talking to him through his bedroom door.
56527;s08e08_seg02_clip_12;s08e08;test;seg02;12;47.42;53.42;60.86;Sheldon gets up from his bed and goes to stand near the door to talk to Amy.
9757;s08e08_seg02_clip_13;s08e08;test;seg02;13;7.13;9.3;62.04;Stuart points to the woman sitting next to him in the limo with his thumb.
9755;s08e08_seg02_clip_13;s08e08;test;seg02;13;17.68;19.54;62.04;Howard wipes his mouth with his hand while sitting in a limo.
9756;s08e08_seg02_clip_13;s08e08;test;seg02;13;59.86;62.03;62.04;Penny puts a wine glass down on a table at a reception hall.
9759;s08e08_seg02_clip_13;s08e08;test;seg02;13;60.48;62.03;62.04;Penny puts her glass onto a table beside Leonard.
75136;s08e08_seg02_clip_14;s08e08;test;seg02;14;0.0;11.02;58.48;Penny puts something on the table, grabs Leonard's hand and they begin to dance.
75137;s08e08_seg02_clip_14;s08e08;test;seg02;14;8.99;15.09;58.48;While dancing, Penny puts her hand in Leonard's hand, removes it and puts her arms around Leonard's neck.
75138;s08e08_seg02_clip_14;s08e08;test;seg02;14;13.06;15.09;58.48;Leonard moves his hands from Penny's hands to her waist while they dance together.
75135;s08e08_seg02_clip_14;s08e08;test;seg02;14;51.06;58.03;58.48;Howard is angrily shaking Stuart in a car and Bernadette is trying to pull him off.
75139;s08e08_seg02_clip_14;s08e08;test;seg02;14;51.06;58.03;58.48;Howard throttles a man in an open top vehicle.
56510;s08e08_seg02_clip_15;s08e08;test;seg02;15;3.15;9.45;63.24;Amy is talking to a door and then turns to walk away.
56511;s08e08_seg02_clip_15;s08e08;test;seg02;15;9.77;15.76;63.24;Sheldon opens the door and says something to Amy that stops her in her tracks.
56512;s08e08_seg02_clip_15;s08e08;test;seg02;15;45.38;63.03;63.24;Amy walks up to Sheldon so she can say something close up.
93500;s08e08_seg02_clip_16;s08e08;test;seg02;16;31.38;38.42;64.02;Amy starts breathing heavily during her talk with Sheldon.
93501;s08e08_seg02_clip_16;s08e08;test;seg02;16;41.94;45.78;64.02;Amy rushes into Sheldon's room during their conversation.
93504;s08e08_seg02_clip_16;s08e08;test;seg02;16;60.51;64.02;64.02;Leonard and Penny are posing in front of a photographer.
93502;s08e08_seg02_clip_16;s08e08;test;seg02;16;60.83;64.02;64.02;Leonard hugs Penny from behind and they prepare for a photo.
75124;s08e08_seg02_clip_17;s08e08;test;seg02;17;0.0;3.24;39.08;Leonard and Penny pose and smile for a photograph.
75120;s08e08_seg02_clip_17;s08e08;test;seg02;17;1.26;3.42;39.08;Leonard and Penny pose for a dance picture that Raj is taking.
75122;s08e08_seg02_clip_17;s08e08;test;seg02;17;5.58;9.91;39.08;Sheldon and Amy pose for a dance picture that Raj is taking.
75123;s08e08_seg02_clip_17;s08e08;test;seg02;17;5.76;9.01;39.08;Sheldon blinks while a picture is being taken of him and Amy.
75121;s08e08_seg02_clip_17;s08e08;test;seg02;17;12.61;14.23;39.08;Howard and Bernadette pose for a dance picture that Raj is taking.
56268;s09e12_seg01_clip_00;s09e12;dev;seg01;0;0.0;4.27;61.73;Amy and Sheldon was having a videcall conversation in a hotel.
56265;s09e12_seg01_clip_00;s09e12;dev;seg01;0;3.36;16.48;61.73;Sheldon is speaking to Amy on video chat on his laptop.
56266;s09e12_seg01_clip_00;s09e12;dev;seg01;0;20.44;25.02;61.73;Amy nods in response to Sheldon's comment on video chat.
56267;s09e12_seg01_clip_00;s09e12;dev;seg01;0;53.7;61.03;61.73;Sheldon smiles at Amy as he is talking to her on video chat.
53160;s09e12_seg01_clip_01;s09e12;dev;seg01;1;0.0;3.3;46.94;Sheldon is video chatting with Amy using his laptop.
53163;s09e12_seg01_clip_01;s09e12;dev;seg01;1;2.86;6.38;46.94;Sheldon stands up from the desk when the guys come in.
53161;s09e12_seg01_clip_01;s09e12;dev;seg01;1;21.35;27.74;46.94;Raj is unpacking a bag of Chinese food take out onto the kitchen island.
53164;s09e12_seg01_clip_01;s09e12;dev;seg01;1;35.88;38.08;46.94;Raj picks up four Chinese food cartons off the counter.
53162;s09e12_seg01_clip_01;s09e12;dev;seg01;1;39.18;44.02;46.94;Leonard walks into the kitchen as Raj walks out with take out containers.
61845;s09e12_seg02_clip_00;s09e12;dev;seg02;0;0.0;0.31;62.11;The words the Big Bang Theory appear on the screen in front of a color blast of stars.
61848;s09e12_seg02_clip_00;s09e12;dev;seg02;0;5.58;10.86;62.11;Penny walks in through the apartment's front door.
61846;s09e12_seg02_clip_00;s09e12;dev;seg02;0;6.51;8.68;62.11;Penny walks into the apartment where all the boys are.
61847;s09e12_seg02_clip_00;s09e12;dev;seg02;0;9.3;11.79;62.11;Leonard walks across the room to greet Penny at the door with a kiss.
61849;s09e12_seg02_clip_00;s09e12;dev;seg02;0;13.65;26.36;62.11;Sheldon hold up a napkin to his face as a medical mask.
61850;s09e12_seg02_clip_01;s09e12;dev;seg02;1;0.0;8.99;62.04;Leonard is leaning onto the kitchen island while talking to Penny.
61851;s09e12_seg02_clip_01;s09e12;dev;seg02;1;15.51;20.47;62.04;Sheldon, Raj, and Howard are eating in the living room.
61853;s09e12_seg02_clip_01;s09e12;dev;seg02;1;24.19;25.74;62.04;Sheldon pointed his index finger to Leonard who happens to be at the kitchen counter.
61852;s09e12_seg02_clip_01;s09e12;dev;seg02;1;32.88;37.22;62.04;Howard has his arm wrapped around Bernadette as they lie together in bed.
61837;s09e12_seg02_clip_02;s09e12;dev;seg02;2;0.0;2.85;57.5;Stuart opens the door and walks into the bedroom.
61838;s09e12_seg02_clip_02;s09e12;dev;seg02;2;0.0;2.28;57.5;Stuart walks into Bernadette and Howard's bedroom as they are under the covers.
61839;s09e12_seg02_clip_02;s09e12;dev;seg02;2;50.18;54.17;57.5;Sheldon is walking around Raj's lab as he is on his computer.
61835;s09e12_seg02_clip_02;s09e12;dev;seg02;2;50.47;55.6;57.5;Sheldon walks over to where Raj is sitting.
61836;s09e12_seg02_clip_02;s09e12;dev;seg02;2;55.03;57.02;57.5;Raj talks to Sheldon while pointing at a monitor.
61840;s09e12_seg02_clip_03;s09e12;dev;seg02;3;0.0;3.6;60.26;Raj is sitting in front of computer screens showing them to Sheldon.
61843;s09e12_seg02_clip_03;s09e12;dev;seg02;3;8.7;14.41;60.26;Sheldon sits on the table where Raj's computer is in it.
61844;s09e12_seg02_clip_03;s09e12;dev;seg02;3;22.21;25.81;60.26;Raj stand up and go to the other computer beside him.
61841;s09e12_seg02_clip_03;s09e12;dev;seg02;3;23.11;27.91;60.26;Raj gets up from his chair to work on another computer and Sheldon follows him.
61842;s09e12_seg02_clip_03;s09e12;dev;seg02;3;52.82;60.03;60.26;Sheldon is sitting at a desk in front of a computer as he speaks to Raj.
61825;s09e12_seg02_clip_04;s09e12;dev;seg02;4;3.05;8.24;61.68;Raj walks across the room to where Sheldon is sitting.
61826;s09e12_seg02_clip_04;s09e12;dev;seg02;4;36.01;40.89;61.68;Leonard enters the office and walks across the room.
61827;s09e12_seg02_clip_04;s09e12;dev;seg02;4;45.77;54.92;61.68;The woman walks to her chair, sits down, and picks up a pad of paper and writing utensil.
61830;s09e12_seg02_clip_05;s09e12;dev;seg02;5;0.0;3.36;61.21;Leonard sits down and starts a conversation with Dr. Gallo.
61831;s09e12_seg02_clip_05;s09e12;dev;seg02;5;5.49;7.02;61.21;Dr. Gallo touches a ink pen while having a conversation with Leonard.
61833;s09e12_seg02_clip_05;s09e12;dev;seg02;5;33.87;41.19;61.21;Howard and Bernadette load the car up with boxes.
61832;s09e12_seg02_clip_05;s09e12;dev;seg02;5;43.94;45.77;61.21;Bernadette shuts car door and turns and walks away.
61834;s09e12_seg02_clip_05;s09e12;dev;seg02;5;44.86;49.13;61.21;Stuart puts a box in the trunk of his car.
61815;s09e12_seg02_clip_06;s09e12;dev;seg02;6;3.25;9.44;59.22;Howard walks away from Bernadette after speaking to Stuart.
61818;s09e12_seg02_clip_06;s09e12;dev;seg02;6;6.2;9.44;59.22;Howard leaves quickly during a conversation with others.
61816;s09e12_seg02_clip_06;s09e12;dev;seg02;6;20.36;34.24;59.22;Stuart gets into his car and drives off.
61819;s09e12_seg02_clip_06;s09e12;dev;seg02;6;30.4;34.23;59.22;Bernadette waves at a man in a silver car as he drives off.
61817;s09e12_seg02_clip_06;s09e12;dev;seg02;6;36.01;40.14;59.22;Howard pops out of the garage in his underwear.
61820;s09e12_seg02_clip_07;s09e12;dev;seg02;7;0.0;7.02;61.04;Raj is using his computer as he is talking to Sheldon.
61821;s09e12_seg02_clip_07;s09e12;dev;seg02;7;13.43;19.83;61.04;Raj sits on his chair and slides beside Sheldon.
61822;s09e12_seg02_clip_07;s09e12;dev;seg02;7;53.7;61.03;61.04;Raj and Sheldon are sitting in front of a computer staring at it.
61810;s09e12_seg02_clip_08;s09e12;dev;seg02;8;3.48;4.64;58.03;Leonard tosses his keys into a bowl next to the front door.
61814;s09e12_seg02_clip_08;s09e12;dev;seg02;8;20.02;22.05;58.03;Leonard takes a sit on the high chair at the kitchen counter.
61811;s09e12_seg02_clip_08;s09e12;dev;seg02;8;36.85;49.03;58.03;Penny hugs Leonard as they talk in the kitchen.
61812;s09e12_seg02_clip_08;s09e12;dev;seg02;8;51.06;56.28;58.03;Bernadette cleans the desk with a rag and bottle of cleaning spray.
96202;s09e12_seg02_clip_09;s09e12;dev;seg02;9;6.3;9.9;60.03;Howard picks up a tool from the floor, and places it on the bedside dresser.
96200;s09e12_seg02_clip_09;s09e12;dev;seg02;9;27.91;31.81;60.03;Bernadette places the black suitcase in the closet.
96201;s09e12_seg02_clip_09;s09e12;dev;seg02;9;45.02;53.12;60.03;Howard takes the Teddy Bear from Bernadette and places it on the dresser.
96204;s09e12_seg02_clip_09;s09e12;dev;seg02;9;50.72;52.82;60.03;Howard sits the stuffed animal on the dresser.
20160;s09e12_seg02_clip_10;s09e12;dev;seg02;10;15.2;29.77;62.72;Howard sits on the bed and Bernadette places her head on his shoulder.
20163;s09e12_seg02_clip_10;s09e12;dev;seg02;10;16.13;18.61;62.72;Howard sits on the bed right next to Barnadette.
20161;s09e12_seg02_clip_10;s09e12;dev;seg02;10;33.81;42.49;62.72;As Sheldon and Raj enter the apartment Sheldon tosses his key in the bowl and shuts the door.
20164;s09e12_seg02_clip_10;s09e12;dev;seg02;10;34.74;38.77;62.72;Raj and Sheldon comes back from outside and enters from the door while carrying bags on their shoulder.
20162;s09e12_seg02_clip_10;s09e12;dev;seg02;10;58.31;62.03;62.72;Leonard enters the room as Sheldon puts hid satchel down.
20155;s09e12_seg02_clip_11;s09e12;dev;seg02;11;0.0;2.61;58.18;Leonard walks over and open the fridge door.
20156;s09e12_seg02_clip_11;s09e12;dev;seg02;11;19.15;24.95;58.18;Leonard opens his water bottle and takes a sip before putting the cap back on.
20157;s09e12_seg02_clip_11;s09e12;dev;seg02;11;26.4;30.75;58.18;Sheldon reaches over to put his hand on Raj's shoulder.
20170;s09e12_seg02_clip_12;s09e12;dev;seg02;12;17.41;18.31;60.71;Penny reads from a pharmaceutical brochure to Dr. Gallo.
20172;s09e12_seg02_clip_12;s09e12;dev;seg02;12;34.22;38.72;60.71;Dr. Gallo leans forward on her desk, clasping her hands.
20171;s09e12_seg02_clip_12;s09e12;dev;seg02;12;45.92;48.92;60.71;Penny slides a brochure across the desk to Dr. Gallo.
20166;s09e12_seg02_clip_13;s09e12;dev;seg02;13;0.0;3.0;60.03;Dr Gallo looks straightforward with both hands close together on the desk.
20165;s09e12_seg02_clip_13;s09e12;dev;seg02;13;4.8;9.3;60.03;Dr Gallo keeps her left hand close to her chin while gesturing to Penny.
20167;s09e12_seg02_clip_13;s09e12;dev;seg02;13;11.1;15.31;60.03;Penny extends her left index finger while speaking.
20168;s09e12_seg02_clip_13;s09e12;dev;seg02;13;20.71;25.81;60.03;Sheldon and Amy are talking seriously via internet.
20180;s09e12_seg02_clip_14;s09e12;dev;seg02;14;2.14;4.88;61.29;Amy talks via webcam from a hotel room.
20181;s09e12_seg02_clip_14;s09e12;dev;seg02;14;8.85;14.04;61.29;Penny sits on a couch while talking to a Dr. Gallo.
20183;s09e12_seg02_clip_14;s09e12;dev;seg02;14;12.51;15.87;61.29;Penny places her hands on a couch and then goes from a seated to a lying position.
20184;s09e12_seg02_clip_14;s09e12;dev;seg02;14;50.35;58.59;61.29;A psychotherapist raises her pen and then writes something down.
20182;s09e12_seg02_clip_14;s09e12;dev;seg02;14;56.15;59.5;61.29;Penny sits up on a couch while she talks with Dr. Gallo.
20179;s09e12_seg02_clip_15;s09e12;dev;seg02;15;6.5;13.26;50.04;Penny starts to lay back on the couch in the therapist's office, but jumps back up and then lays down again.
20175;s09e12_seg02_clip_15;s09e12;dev;seg02;15;11.01;13.76;50.04;Penny lays down on the couch in her therapists office.
20176;s09e12_seg02_clip_15;s09e12;dev;seg02;15;23.26;31.01;50.04;Leonard excitedly talks to a bunch of young girls as he jumps rope with them.
20177;s09e12_seg02_clip_15;s09e12;dev;seg02;15;44.02;50.02;50.04;Stuart stares at Bernadette and Howard laying in bed in the dark.
66900;s09e22_seg01_clip_00;s09e22;test;seg01;0;3.97;7.93;61.83;Leonard places take-out food containers onto the coffee table.
66903;s09e22_seg01_clip_00;s09e22;test;seg01;0;8.54;12.82;61.83;Penny sits down and opens her food box.
66901;s09e22_seg01_clip_00;s09e22;test;seg01;0;12.51;17.09;61.83;Howard puts his arm around Bernadette while she sits beside him.
66902;s09e22_seg01_clip_00;s09e22;test;seg01;0;41.5;43.64;61.83;Leonard hands a food container to Raj who is on the floor.
25014;s09e22_seg01_clip_01;s09e22;test;seg01;1;0.0;5.14;81.15;Amy is speaking while Sheldon is starting to eat.
25012;s09e22_seg01_clip_01;s09e22;test;seg01;1;1.58;3.95;81.15;Sheldon pokes at his food with a fork while sitting next to Amy.
25010;s09e22_seg01_clip_01;s09e22;test;seg01;1;8.3;9.09;81.15;Amy points at Penny while sitting on the couch.
25011;s09e22_seg01_clip_01;s09e22;test;seg01;1;9.48;10.67;81.15;Amy stands up from a sittig position on the couch.
25013;s09e22_seg01_clip_01;s09e22;test;seg01;1;32.79;37.14;81.15;The group are eating in the couch while they are talking.
78975;s09e22_seg02_clip_00;s09e22;test;seg02;0;6.3;9.45;63.36;Leonard rubs his nose and then looks at Raj.
78978;s09e22_seg02_clip_00;s09e22;test;seg02;0;10.08;12.29;63.36;Raj puts his cell phone in his left side pocket.
78976;s09e22_seg02_clip_00;s09e22;test;seg02;0;31.2;36.24;63.36;Sheldon points his hand at Leonard and then points behind himself.
78977;s09e22_seg02_clip_00;s09e22;test;seg02;0;50.74;53.58;63.36;Leonard rubs his hands together and begins to start typing on his laptop.
78979;s09e22_seg02_clip_00;s09e22;test;seg02;0;57.99;63.03;63.36;Sheldon records a video of Leonard explaining the test.
78970;s09e22_seg02_clip_01;s09e22;test;seg02;1;0.0;6.38;58.18;Sheldon is recording Leonard with his cell phone.
78973;s09e22_seg02_clip_01;s09e22;test;seg02;1;20.89;25.82;58.18;Sheldon is capturing a video of a spinning contraption with his phone and faints to the floor.
78971;s09e22_seg02_clip_01;s09e22;test;seg02;1;23.21;28.43;58.18;Sheldon falls to the ground after starring at the spinning device.
78972;s09e22_seg02_clip_01;s09e22;test;seg02;1;30.75;35.11;58.18;Raj and Claire are on their phones talking to each other.
49335;s09e22_seg02_clip_02;s09e22;test;seg02;2;0.0;6.51;62.08;Raj and Claire are on their cellphones talking to each other.
49336;s09e22_seg02_clip_02;s09e22;test;seg02;2;26.05;30.7;62.08;Leonard is sitting on the couch reading a wine book.
49339;s09e22_seg02_clip_02;s09e22;test;seg02;2;26.05;30.39;62.08;Leonard is sitting on the sofa as he sniffs a wine tasting book.
49337;s09e22_seg02_clip_02;s09e22;test;seg02;2;33.81;38.46;62.08;Penny gets her handbag from the chair and puts it on.
78960;s09e22_seg02_clip_03;s09e22;test;seg02;3;0.0;2.61;58.03;Sheldon is at his desk in front of his laptop.
78961;s09e22_seg02_clip_03;s09e22;test;seg02;3;15.96;25.24;58.03;Leonard opens the door and closes it after Penny.
78963;s09e22_seg02_clip_03;s09e22;test;seg02;3;22.05;26.4;58.03;Penny and Leonard walks out and close the door.
78964;s09e22_seg02_clip_03;s09e22;test;seg02;3;30.75;35.69;58.03;Howard come to Amy's table while Amy is having a drink.
78962;s09e22_seg02_clip_03;s09e22;test;seg02;3;31.33;33.94;58.03;Howard walks toward Amy at a table in a bar.
78990;s09e22_seg02_clip_05;s09e22;test;seg02;5;1.83;4.88;61.43;Raj puts his hands together and bows his head.
78991;s09e22_seg02_clip_05;s09e22;test;seg02;5;6.1;10.99;61.43;Bernadette comes in the door and hands Sheldon a bottle of champagne.
78994;s09e22_seg02_clip_05;s09e22;test;seg02;5;46.38;61.03;61.43;Raj, Penny, Leonard, Howard,and Amy are smelling their wine inside their wine glasses.
78992;s09e22_seg02_clip_05;s09e22;test;seg02;5;53.09;59.81;61.43;Leonard smells the wine in his glass while at the bar.
78985;s09e22_seg02_clip_06;s09e22;test;seg02;6;0.0;2.95;59.35;Leonard sticks his nose in the wine glass and sniffs the wine.
78988;s09e22_seg02_clip_06;s09e22;test;seg02;6;0.0;4.43;59.35;Leonard is smelling the wine in his bottle.
78986;s09e22_seg02_clip_06;s09e22;test;seg02;6;7.97;9.44;59.35;Penny smiles while she looks at her wedding ring.
78987;s09e22_seg02_clip_06;s09e22;test;seg02;6;35.71;39.25;59.35;While Zack is talking to the group he counts with his fingers.
37715;s09e22_seg02_clip_07;s09e22;test;seg02;7;2.4;4.8;60.03;Zack raises his wine glass and takes a sip.
37719;s09e22_seg02_clip_07;s09e22;test;seg02;7;2.4;4.8;60.03;Zack drinks a wine while talking to the group.
37716;s09e22_seg02_clip_07;s09e22;test;seg02;7;43.82;50.42;60.03;Sheldon picks up one of his train cars, shows it to Bernadette, then puts it back down.
37717;s09e22_seg02_clip_07;s09e22;test;seg02;7;48.92;51.62;60.03;There is a short, gray book case only behind Bernadette.
79010;s09e22_seg02_clip_08;s09e22;test;seg02;8;0.0;3.25;59.07;Bernadette grabs a toy train from the coffee table.
79011;s09e22_seg02_clip_08;s09e22;test;seg02;8;25.09;28.92;59.07;Sheldon puts the train he was holding onto the coffee table.
79012;s09e22_seg02_clip_08;s09e22;test;seg02;8;34.83;38.07;59.07;Leonard is sitting next to Howard at a wine bar.
79005;s09e22_seg02_clip_09;s09e22;test;seg02;9;0.0;4.5;60.53;Penny takes a drink of her wine as she talks to Amy.
79008;s09e22_seg02_clip_09;s09e22;test;seg02;9;11.71;14.11;60.53;Claire walks up to Raj and gives him a kiss on the cheek.
79006;s09e22_seg02_clip_09;s09e22;test;seg02;9;13.21;15.01;60.53;Raj kisses Claire on the cheek to greet her.
79007;s09e22_seg02_clip_09;s09e22;test;seg02;9;31.21;36.02;60.53;Sheldon has a row of toast on the countertop and picks a toast up.
34110;s09e22_seg02_clip_10;s09e22;test;seg02;10;0.0;3.36;61.04;Sheldon hands Bernadette a clipboard and she sits down on the chair.
34113;s09e22_seg02_clip_10;s09e22;test;seg02;10;2.44;4.58;61.04;Sheldon hands a clipboard to Bernadette as she takes a seat in a chair.
34111;s09e22_seg02_clip_10;s09e22;test;seg02;10;3.36;10.99;61.04;Sheldon turns on the couch to face Bernadette and begins reading from his notebook.
34112;s09e22_seg02_clip_10;s09e22;test;seg02;10;54.93;61.03;61.04;Claire looks at Raj who is shaking his head up and down and then says something to Penny and Amy.
34115;s09e22_seg02_clip_11;s09e22;test;seg02;11;2.95;6.2;59.12;Amy takes a drink of her wine as she sits next to Penny.
34118;s09e22_seg02_clip_11;s09e22;test;seg02;11;2.95;5.31;59.12;Penny looks strangely at Amy and Amy takes a drink of wine.
34119;s09e22_seg02_clip_11;s09e22;test;seg02;11;5.31;7.67;59.12;Zacks walks over to the table with a glass of wine in his hand.
34116;s09e22_seg02_clip_11;s09e22;test;seg02;11;15.64;25.97;59.12;Raj is standing next to Claire as he speaks with Zack.
34117;s09e22_seg02_clip_11;s09e22;test;seg02;11;32.76;37.19;59.12;Howard and Leonard are standing together while in the restroom.
34120;s09e22_seg02_clip_12;s09e22;test;seg02;12;0.0;5.19;61.04;Howard and Leonard are standing in a restroom using the urinal beside each other.
34123;s09e22_seg02_clip_12;s09e22;test;seg02;12;10.07;24.72;61.04;Howard finishes going to the bathroom and washes his hands.
34121;s09e22_seg02_clip_12;s09e22;test;seg02;12;13.73;19.22;61.04;Howard goes to the sink to wash his hands.
34122;s09e22_seg02_clip_12;s09e22;test;seg02;12;28.07;32.34;61.04;Sheldon is sitting on the sofa with a note book in hand.
34125;s09e22_seg02_clip_13;s09e22;test;seg02;13;0.0;15.61;60.03;Sheldon is sitting on the couch holding and reading from a notebook.
34126;s09e22_seg02_clip_13;s09e22;test;seg02;13;28.81;32.41;60.03;Sheldon points across the room and Bernadette turns her head to look.
34127;s09e22_seg02_clip_13;s09e22;test;seg02;13;57.33;59.43;60.03;Sheldon makes a finger gun and points to his head.
34130;s09e22_seg02_clip_14;s09e22;test;seg02;14;8.1;11.71;60.03;Sheldon takes the book from his lap, and places it on the end table
34134;s09e22_seg02_clip_14;s09e22;test;seg02;14;8.7;12.61;60.03;Sheldon sets a stack of books on the end table.
34131;s09e22_seg02_clip_14;s09e22;test;seg02;14;47.12;49.82;60.03;Raj lifts both hands to the side of his head while speaking to Zack.
34132;s09e22_seg02_clip_14;s09e22;test;seg02;14;52.52;57.03;60.03;Zack places his hand on Raj's shoulder.
34133;s09e22_seg02_clip_14;s09e22;test;seg02;14;52.82;57.33;60.03;Zack puts his hand on Raj's right shoulder.
34135;s09e22_seg02_clip_15;s09e22;test;seg02;15;3.3;7.5;60.03;Amy finishes the rest of her wine in one gulp.
34139;s09e22_seg02_clip_15;s09e22;test;seg02;15;16.51;19.81;60.03;Raj walks up to the table and puts a drink on the table.
34136;s09e22_seg02_clip_15;s09e22;test;seg02;15;17.71;20.41;60.03;Raj walks up to Claire's table and sets down two glasses of wine.
34137;s09e22_seg02_clip_15;s09e22;test;seg02;15;41.42;45.32;60.03;Raj gets upset, yells, and makes dramatic hand gestures towards his friends.
34140;s09e22_seg02_clip_16;s09e22;test;seg02;16;1.44;3.9;42.6;Sheldon is in the kitchen as Leonard comes from his room.
34141;s09e22_seg02_clip_16;s09e22;test;seg02;16;9.23;12.51;42.6;Leonard pours himself a cup of coffee in the kitchen.
34143;s09e22_seg02_clip_16;s09e22;test;seg02;16;9.44;41.02;42.6;Sheldon was eating a piece of bread whilst talking to Leonard.
34144;s09e22_seg02_clip_16;s09e22;test;seg02;16;11.28;15.59;42.6;Leonard puts coffee into his cup whilst talking to Sheldon.
34142;s09e22_seg02_clip_16;s09e22;test;seg02;16;19.69;23.59;42.6;Leonard leans on the kitchen island as he listens to Sheldon.
