desc_id;desc;fragment;video_file;start;end;relevant
79981;Leonard grabs Penny by the arms and walks her back a few steps, while standing in the living room in front of Sheldon.;s07e13_132;tbbt_s07e13.mp4;1139.42;1151.40;no
83407;Bernadette touches a red dress that Amy is holding up as they stand in front of the blue couch.;s08e04_123;tbbt_s08e04.mp4;1042.29;1050.11;no
291;Amy and Bernadette look at a bird on the couch, then turn to Sheldon standing in the doorway with crossed arms.;s06e01_017;tbbt_s06e01.mp4;218.77;232.13;no
18709;Penny happily jumps toward Leonard on the sofa to give him a hug.;s08e08_051;tbbt_s08e08.mp4;364.91;371.04;no
9411;A shot of the laptop screen, where Amy reaches forward and presses a button that shuts the video off.;s06e24_080;tbbt_s06e24.mp4;742.87;753.00;no
6010003;Howard, in a green polo shirt and cap, pushes off from one wall to the opposite one, as he floats through the space station.;s06e01_037;tbbt_s06e01.mp4;393.42;401.15;no
291;Amy and Bernadette look at a bird on the couch, then turn to Sheldon standing in the doorway with crossed arms.;s08e04_028;tbbt_s08e04.mp4;238.53;242.88;no
80591;Leonard walks to the door, lets in Howard holding a CD and Raj, who is wearing a red hat.;s03e15_122;tbbt_s03e15.mp4;1147.03;1159.28;no
16404;Bernadette, in a blue floral dress, reaches out and holds Howard's hand to comfort him while they are eating dinner.;s04e12_010;tbbt_s04e12.mp4;109.42;121.34;no
296;Sheldon, with a bird on his arm, picks up a cup from a table near the sofa and offers it to the bird, which takes it.;s04e12_072;tbbt_s04e12.mp4;646.56;656.03;no
55040;Raj, in a red and blue track jacket, presses his palms together and taps his fingers excitedly, smiling on the couch.;s02e21_023;tbbt_s02e21.mp4;206.58;210.96;no
82961;Penny, in a red blouse, and Leonard both look down while sitting on the couch and Penny puts her hand on his shoulder.;s03e19_079;tbbt_s03e19.mp4;608.32;615.11;no
3022;Penny pulls back the shower curtain and climbs inside the shower.;s02e13_085;tbbt_s02e13.mp4;927.72;936.00;no
11690;Amy and Bernadette are sitting on Penny's bed on a pile of clothes when Penny comes out of her bathroom in a green dress.;s08e08_016;tbbt_s08e08.mp4;141.22;151.32;yes
11659;Leonard, in a black suit, comes into the apartment and slams the door, then Howard looks at his watch.;s02e01_109;tbbt_s02e01.mp4;1081.52;1087.00;no
3385;A man floats across the International Space Station behind Howard at the laptop.;s06e01_069;tbbt_s06e01.mp4;743.68;757.96;no
37856;Penny sits beside Sheldon on the couch with a bowl in her hand and covers herself with the blanket.;s03e15_040;tbbt_s03e15.mp4;293.34;307.59;no
79981;Leonard grabs Penny by the arms and walks her back a few steps, while standing in the living room in front of Sheldon.;s01e01_049;tbbt_s01e01.mp4;509.21;522.81;no
51045;Sheldon quickly drinks his whole drink while holding a red straw, then makes a happy face, at the bar.;s03e15_021;tbbt_s03e15.mp4;138.56;148.44;no
79981;Leonard grabs Penny by the arms and walks her back a few steps, while standing in the living room in front of Sheldon.;s07e13_018;tbbt_s07e13.mp4;205.31;217.38;no
29596;Sheldon, in green plaid pajamas, slumps from the headrest of the armchair down into the chair and makes a shushing gesture.;s02e01_103;tbbt_s02e01.mp4;1053.84;1056.97;no
58103;Sheldon, in a grey shirt, hands Amy, in a purple sweater next to him, food wrapped in foil.;s03e19_094;tbbt_s03e19.mp4;691.98;696.86;no
62276;Sheldon walks up and flips the light switch to turn off the lights in the laundry room.;s01e06_013;tbbt_s01e06.mp4;170.33;183.12;no
11656;Sheldon lays down some cards in a couple of places on the table while playing a card game with bored Raj and Howard.;s05e13_025;tbbt_s05e13.mp4;277.28;289.65;no
13987;The robotic hand drops the small package into Penny's hand, which she holds out expectantly.;s07e13_045;tbbt_s07e13.mp4;428.22;442.75;no
4060;A wide shot of Stuart, Howard and Bernadette sitting down together in a cozy, antique-filled living room.;s01e06_052;tbbt_s01e06.mp4;570.20;584.62;no
79007;A shot of Sheldon standing at the kitchen island in front of a row of toast, while Bernadette sits across from him.;s09e22_042;tbbt_s09e22.mp4;496.75;508.23;no
11644;Penny, in a red dress, rests her arms on Leonard's shoulder while smiling at him, as Amy, in a blue dress, stands at the doorway.;s03e19_111;tbbt_s03e19.mp4;824.20;830.79;no
3366;Raj lifts up his foot above the table at the canteen to show Sheldon and Leonard that he's wearing sandals.;s02e13_005;tbbt_s02e13.mp4;50.13;63.84;no
13987;The robotic hand drops the small package into Penny's hand, which she holds out expectantly.;s09e22_039;tbbt_s09e22.mp4;466.59;477.27;no
84012;Sheldon, in a purple shirt with black sleeves, suddenly moves his body while sitting on the couch and starts to clap as he is singing a song.;s04e12_020;tbbt_s04e12.mp4;200.41;207.46;no
11679;Leonard, in a black suit, is looking at his computer while talking to his friends, who are playing a board game at the glass table.;s02e21_049;tbbt_s02e21.mp4;425.72;433.29;no
79007;A shot of Sheldon standing at the kitchen island in front of a row of toast, while Bernadette sits across from him.;s06e07_098;tbbt_s06e07.mp4;955.83;967.76;no
42301;Sheldon, standing in front of a bookcase, near the window with drapes, dials a number on his cell phone.;s03e15_031;tbbt_s03e15.mp4;218.12;231.81;no
11644;Penny, in a red dress, rests her arms on Leonard's shoulder while smiling at him, as Amy, in a blue dress, stands at the doorway.;s02e01_131;tbbt_s02e01.mp4;1266.07;1280.15;no
51045;Sheldon quickly drinks his whole drink while holding a red straw, then makes a happy face, at the bar.;s02e13_100;tbbt_s02e13.mp4;1027.46;1037.12;no
7725;Penny, standing, leans forward and looks at Sheldon, who is sitting on the couch, with her hands on her knees.;s03e19_093;tbbt_s03e19.mp4;688.56;691.98;no
18709;Penny happily jumps toward Leonard on the sofa to give him a hug.;s02e13_028;tbbt_s02e13.mp4;287.48;301.63;no
62276;Sheldon walks up and flips the light switch to turn off the lights in the laundry room.;s03e19_169;tbbt_s03e19.mp4;1172.13;1178.01;no
18709;Penny happily jumps toward Leonard on the sofa to give him a hug.;s02e13_026;tbbt_s02e13.mp4;259.15;273.31;no
55040;Raj, in a red and blue track jacket, presses his palms together and taps his fingers excitedly, smiling on the couch.;s05e13_037;tbbt_s05e13.mp4;380.55;388.18;no
296;Sheldon, with a bird on his arm, picks up a cup from a table near the sofa and offers it to the bird, which takes it.;s05e09_113;tbbt_s05e09.mp4;975.77;987.57;no
13987;The robotic hand drops the small package into Penny's hand, which she holds out expectantly.;s05e13_090;tbbt_s05e13.mp4;936.73;947.42;no
3385;A man floats across the International Space Station behind Howard at the laptop.;s06e01_071;tbbt_s06e01.mp4;772.25;786.54;no
45195;Sheldon reaches for his wallet in his jacket pocket while sitting at the restaurant with Amy.;s06e01_051;tbbt_s06e01.mp4;503.33;517.17;no
79987;Sheldon stands with one arm stretched straight up and the other arm down at his side, bending his body backward, looking around, uncomfortable.;s03e19_127;tbbt_s03e19.mp4;917.25;924.47;no
96015;Leonard and Raj slowly walk through a doorway into a clinic pulling a robotic arm that is attached, underneath a blanket, to Howard.;s01e01_020;tbbt_s01e01.mp4;182.08;193.77;no
3366;Raj lifts up his foot above the table at the canteen to show Sheldon and Leonard that he's wearing sandals.;s02e21_050;tbbt_s02e21.mp4;433.29;440.86;no
82961;Penny, in a red blouse, and Leonard both look down while sitting on the couch and Penny puts her hand on his shoulder.;s03e15_046;tbbt_s03e15.mp4;378.84;389.51;no
79987;Sheldon stands with one arm stretched straight up and the other arm down at his side, bending his body backward, looking around, uncomfortable.;s05e09_016;tbbt_s05e09.mp4;112.32;118.37;no
3394;Bernadette adjusts her glasses when she's talking to Howard online.;s07e13_058;tbbt_s07e13.mp4;552.47;556.43;no
51045;Sheldon quickly drinks his whole drink while holding a red straw, then makes a happy face, at the bar.;s06e07_085;tbbt_s06e07.mp4;804.12;818.78;no
3394;Bernadette adjusts her glasses when she's talking to Howard online.;s06e07_067;tbbt_s06e07.mp4;622.37;635.93;no
80591;Leonard walks to the door, lets in Howard holding a CD and Raj, who is wearing a red hat.;s06e07_083;tbbt_s06e07.mp4;785.83;794.30;no
3366;Raj lifts up his foot above the table at the canteen to show Sheldon and Leonard that he's wearing sandals.;s08e08_010;tbbt_s08e08.mp4;85.17;91.66;no
79981;Leonard grabs Penny by the arms and walks her back a few steps, while standing in the living room in front of Sheldon.;s02e21_054;tbbt_s02e21.mp4;473.68;485.65;no
83407;Bernadette touches a red dress that Amy is holding up as they stand in front of the blue couch.;s08e08_019;tbbt_s08e08.mp4;162.20;168.54;no
296;Sheldon, with a bird on his arm, picks up a cup from a table near the sofa and offers it to the bird, which takes it.;s05e09_096;tbbt_s05e09.mp4;805.22;811.77;no
46843;Penny puts her wine glass on the table and gets down on one knee in front of Leonard.;s08e04_104;tbbt_s08e04.mp4;828.83;836.75;no
84012;Sheldon, in a purple shirt with black sleeves, suddenly moves his body while sitting on the couch and starts to clap as he is singing a song.;s04e12_040;tbbt_s04e12.mp4;385.09;397.61;no
53286;Leonard, in a red robe, looks at the ground and blinks a couple of times, then takes the money from Sheldon's hand.;s04e12_063;tbbt_s04e12.mp4;574.07;586.59;no
7725;Penny, standing, leans forward and looks at Sheldon, who is sitting on the couch, with her hands on her knees.;s01e06_092;tbbt_s01e06.mp4;1020.56;1028.19;no
84012;Sheldon, in a purple shirt with black sleeves, suddenly moves his body while sitting on the couch and starts to clap as he is singing a song.;s09e22_028;tbbt_s09e22.mp4;333.11;346.60;no
291;Amy and Bernadette look at a bird on the couch, then turn to Sheldon standing in the doorway with crossed arms.;s04e01_004;tbbt_s04e01.mp4;39.33;50.63;no
80227;Leonard, in a costume, closes his front door quickly and locks it.;s07e13_007;tbbt_s07e13.mp4;71.07;83.08;no
46843;Penny puts her wine glass on the table and gets down on one knee in front of Leonard.;s09e22_035;tbbt_s09e22.mp4;413.52;426.79;no
46843;Penny puts her wine glass on the table and gets down on one knee in front of Leonard.;s05e13_042;tbbt_s05e13.mp4;417.14;431.25;no
80587;Leonard and Sheldon grab bottles from the kitchen island, then Sheldon sits on the couch while Leonard leans against the wall, still talking.;s04e12_030;tbbt_s04e12.mp4;300.26;304.68;no
80591;Leonard walks to the door, lets in Howard holding a CD and Raj, who is wearing a red hat.;s01e06_048;tbbt_s01e06.mp4;512.51;526.93;no
3366;Raj lifts up his foot above the table at the canteen to show Sheldon and Leonard that he's wearing sandals.;s06e01_024;tbbt_s06e01.mp4;292.63;299.63;no
96015;Leonard and Raj slowly walk through a doorway into a clinic pulling a robotic arm that is attached, underneath a blanket, to Howard.;s02e13_061;tbbt_s02e13.mp4;700.41;710.63;no
291;Amy and Bernadette look at a bird on the couch, then turn to Sheldon standing in the doorway with crossed arms.;s02e21_111;tbbt_s02e21.mp4;1040.94;1055.10;no
79987;Sheldon stands with one arm stretched straight up and the other arm down at his side, bending his body backward, looking around, uncomfortable.;s06e24_074;tbbt_s06e24.mp4;690.11;696.65;no
91631;Sheldon enters the bar and sits on a stool in front of Penny, with a snack lying on the bar counter.;s09e22_003;tbbt_s09e22.mp4;16.60;25.80;no
16404;Bernadette, in a blue floral dress, reaches out and holds Howard's hand to comfort him while they are eating dinner.;s06e24_067;tbbt_s06e24.mp4;615.99;624.65;no
3394;Bernadette adjusts her glasses when she's talking to Howard online.;s06e07_061;tbbt_s06e07.mp4;540.99;554.55;no
79007;A shot of Sheldon standing at the kitchen island in front of a row of toast, while Bernadette sits across from him.;s08e08_024;tbbt_s08e08.mp4;191.32;195.40;no
79987;Sheldon stands with one arm stretched straight up and the other arm down at his side, bending his body backward, looking around, uncomfortable.;s05e13_085;tbbt_s05e13.mp4;896.81;901.02;no
46843;Penny puts her wine glass on the table and gets down on one knee in front of Leonard.;s05e09_107;tbbt_s05e09.mp4;892.35;906.26;no
45195;Sheldon reaches for his wallet in his jacket pocket while sitting at the restaurant with Amy.;s06e07_098;tbbt_s06e07.mp4;955.83;967.76;no
55040;Raj, in a red and blue track jacket, presses his palms together and taps his fingers excitedly, smiling on the couch.;s03e19_028;tbbt_s03e19.mp4;214.05;219.93;no
80596;Sheldon, in plaid pants, slides to his spot on the couch after Penny gets up.;s02e01_125;tbbt_s02e01.mp4;1193.28;1205.66;no
3372;Penny wipes the cream off the spatula with a tissue.;s06e07_045;tbbt_s06e07.mp4;404.70;414.87;no
11656;Sheldon lays down some cards in a couple of places on the table while playing a card game with bored Raj and Howard.;s02e13_002;tbbt_s02e13.mp4;12.53;25.07;no
80227;Leonard, in a costume, closes his front door quickly and locks it.;s07e13_009;tbbt_s07e13.mp4;89.26;102.85;no
62276;Sheldon walks up and flips the light switch to turn off the lights in the laundry room.;s07e13_017;tbbt_s07e13.mp4;193.24;205.31;no
55040;Raj, in a red and blue track jacket, presses his palms together and taps his fingers excitedly, smiling on the couch.;s04e12_125;tbbt_s04e12.mp4;1039.58;1044.46;no
11656;Sheldon lays down some cards in a couple of places on the table while playing a card game with bored Raj and Howard.;s03e19_143;tbbt_s03e19.mp4;1005.00;1015.38;no
28861;While Penny, Amy, and Bernadette are unboxing something, Leonard knocks on Penny's opened door.;s05e13_117;tbbt_s05e13.mp4;1183.18;1190.44;no
28861;While Penny, Amy, and Bernadette are unboxing something, Leonard knocks on Penny's opened door.;s06e07_084;tbbt_s06e07.mp4;794.30;804.12;no
88802;A bartender hands Raj a mint green drink and Leonard a beer bottle, at the bar.;s02e21_070;tbbt_s02e21.mp4;579.64;588.34;no
84012;Sheldon, in a purple shirt with black sleeves, suddenly moves his body while sitting on the couch and starts to clap as he is singing a song.;s04e12_113;tbbt_s04e12.mp4;954.87;959.12;no
38099;Raj jumps into the apartment wearing a Flash costume.;s01e06_015;tbbt_s01e06.mp4;195.91;208.70;no
96015;Leonard and Raj slowly walk through a doorway into a clinic pulling a robotic arm that is attached, underneath a blanket, to Howard.;s04e01_081;tbbt_s04e01.mp4;769.35;777.24;no
15762;Lucy puts aside an orange napkin and rushes away from the table where Amy and Raj are sitting.;s09e22_059;tbbt_s09e22.mp4;727.52;741.09;no
15762;Lucy puts aside an orange napkin and rushes away from the table where Amy and Raj are sitting.;s09e22_057;tbbt_s09e22.mp4;700.16;713.84;no
296;Sheldon, with a bird on his arm, picks up a cup from a table near the sofa and offers it to the bird, which takes it.;s05e09_009;tbbt_s05e09.mp4;77.45;81.37;no
38099;Raj jumps into the apartment wearing a Flash costume.;s05e09_082;tbbt_s05e09.mp4;657.03;669.73;no
55040;Raj, in a red and blue track jacket, presses his palms together and taps his fingers excitedly, smiling on the couch.;s03e19_017;tbbt_s03e19.mp4;129.30;137.51;no
62276;Sheldon walks up and flips the light switch to turn off the lights in the laundry room.;s08e08_080;tbbt_s08e08.mp4;575.16;582.12;no
38416;Penny sits in the back seat and shrugs her shoulders twice as they all drive in a car.;s04e01_072;tbbt_s04e01.mp4;714.42;721.89;no
80227;Leonard, in a costume, closes his front door quickly and locks it.;s01e06_019;tbbt_s01e06.mp4;249.46;263.16;no
37856;Penny sits beside Sheldon on the couch with a bowl in her hand and covers herself with the blanket.;s02e21_093;tbbt_s02e21.mp4;855.90;866.95;no
80227;Leonard, in a costume, closes his front door quickly and locks it.;s01e06_105;tbbt_s01e06.mp4;1166.79;1171.71;no
46843;Penny puts her wine glass on the table and gets down on one knee in front of Leonard.;s05e09_073;tbbt_s05e09.mp4;543.31;557.77;no
38416;Penny sits in the back seat and shrugs her shoulders twice as they all drive in a car.;s06e24_114;tbbt_s06e24.mp4;973.76;985.80;no
19965;Penny looks up and winks at someone, making a finger gun gesture.;s05e13_109;tbbt_s05e13.mp4;1118.87;1125.96;no
3366;Raj lifts up his foot above the table at the canteen to show Sheldon and Leonard that he's wearing sandals.;s04e12_004;tbbt_s04e12.mp4;44.02;57.72;no
29607;Leonard leaves Penny's apartment door to go inside his apartment and looks up at the camera.;s02e21_040;tbbt_s02e21.mp4;348.72;361.69;no
86431;Penny catches Leonard and Sheldon staring at her from the hallway.;s02e21_034;tbbt_s02e21.mp4;272.48;285.19;no
79981;Leonard grabs Penny by the arms and walks her back a few steps, while standing in the living room in front of Sheldon.;s05e13_088;tbbt_s05e13.mp4;916.16;926.42;no
11690;Amy and Bernadette are sitting on Penny's bed on a pile of clothes when Penny comes out of her bathroom in a green dress.;s08e08_019;tbbt_s08e08.mp4;162.20;168.54;no
3370;Penny applies white cream with a spatula on Amy's face between her lip and her nose.;s06e01_016;tbbt_s06e01.mp4;205.41;218.77;no
55040;Raj, in a red and blue track jacket, presses his palms together and taps his fingers excitedly, smiling on the couch.;s09e22_025;tbbt_s09e22.mp4;291.81;304.76;no
42301;Sheldon, standing in front of a bookcase, near the window with drapes, dials a number on his cell phone.;s09e22_025;tbbt_s09e22.mp4;291.81;304.76;no
79987;Sheldon stands with one arm stretched straight up and the other arm down at his side, bending his body backward, looking around, uncomfortable.;s05e09_017;tbbt_s05e09.mp4;118.37;124.75;no
96016;The nurse takes off her glasses, walks over and looks underneath Howard's purple blanket.;s04e01_121;tbbt_s04e01.mp4;1154.53;1159.16;no
82961;Penny, in a red blouse, and Leonard both look down while sitting on the couch and Penny puts her hand on his shoulder.;s02e21_098;tbbt_s02e21.mp4;905.13;916.65;no
11679;Leonard, in a black suit, is looking at his computer while talking to his friends, who are playing a board game at the glass table.;s02e21_104;tbbt_s02e21.mp4;960.75;974.92;no
28861;While Penny, Amy, and Bernadette are unboxing something, Leonard knocks on Penny's opened door.;s06e24_136;tbbt_s06e24.mp4;1166.29;1175.81;no
51045;Sheldon quickly drinks his whole drink while holding a red straw, then makes a happy face, at the bar.;s02e13_112;tbbt_s02e13.mp4;1156.65;1159.99;no
96016;The nurse takes off her glasses, walks over and looks underneath Howard's purple blanket.;s04e01_083;tbbt_s04e01.mp4;783.66;789.00;no
11659;Leonard, in a black suit, comes into the apartment and slams the door, then Howard looks at his watch.;s09e22_071;tbbt_s09e22.mp4;892.42;907.28;no
16404;Bernadette, in a blue floral dress, reaches out and holds Howard's hand to comfort him while they are eating dinner.;s06e01_038;tbbt_s06e01.mp4;401.15;413.20;no
37856;Penny sits beside Sheldon on the couch with a bowl in her hand and covers herself with the blanket.;s08e08_041;tbbt_s08e08.mp4;303.30;307.56;no
42301;Sheldon, standing in front of a bookcase, near the window with drapes, dials a number on his cell phone.;s04e12_063;tbbt_s04e12.mp4;574.07;586.59;no
11656;Sheldon lays down some cards in a couple of places on the table while playing a card game with bored Raj and Howard.;s03e15_003;tbbt_s03e15.mp4;17.64;25.32;no
11659;Leonard, in a black suit, comes into the apartment and slams the door, then Howard looks at his watch.;s02e21_052;tbbt_s02e21.mp4;450.24;461.96;no
4060;A wide shot of Stuart, Howard and Bernadette sitting down together in a cozy, antique-filled living room.;s04e12_035;tbbt_s04e12.mp4;348.17;358.90;no
11690;Amy and Bernadette are sitting on Penny's bed on a pile of clothes when Penny comes out of her bathroom in a green dress.;s03e19_014;tbbt_s03e19.mp4;90.38;94.28;no
3022;Penny pulls back the shower curtain and climbs inside the shower.;s03e15_117;tbbt_s03e15.mp4;1076.83;1091.62;no
15762;Lucy puts aside an orange napkin and rushes away from the table where Amy and Raj are sitting.;s06e24_008;tbbt_s06e24.mp4;52.01;65.57;no
46843;Penny puts her wine glass on the table and gets down on one knee in front of Leonard.;s08e04_081;tbbt_s08e04.mp4;606.61;611.99;no
82961;Penny, in a red blouse, and Leonard both look down while sitting on the couch and Penny puts her hand on his shoulder.;s03e19_111;tbbt_s03e19.mp4;824.20;830.79;no
11644;Penny, in a red dress, rests her arms on Leonard's shoulder while smiling at him, as Amy, in a blue dress, stands at the doorway.;s08e08_104;tbbt_s08e08.mp4;803.89;816.40;no
3372;Penny wipes the cream off the spatula with a tissue.;s06e24_031;tbbt_s06e24.mp4;303.20;317.40;no
15751;Raj, while holding a beer bottle, reaches out and slaps Leonard on the back while he eats his food.;s09e22_005;tbbt_s09e22.mp4;34.99;38.04;no
40031;Leonard and Penny kiss in the hall and a camera on the wall watches them.;s09e22_039;tbbt_s09e22.mp4;466.59;477.27;no
79007;A shot of Sheldon standing at the kitchen island in front of a row of toast, while Bernadette sits across from him.;s02e13_103;tbbt_s02e13.mp4;1060.89;1072.49;no
3372;Penny wipes the cream off the spatula with a tissue.;s09e22_009;tbbt_s09e22.mp4;82.71;97.60;no
82961;Penny, in a red blouse, and Leonard both look down while sitting on the couch and Penny puts her hand on his shoulder.;s06e01_060;tbbt_s06e01.mp4;625.97;638.50;no
42301;Sheldon, standing in front of a bookcase, near the window with drapes, dials a number on his cell phone.;s08e08_052;tbbt_s08e08.mp4;371.04;375.04;no
6010003;Howard, in a green polo shirt and cap, pushes off from one wall to the opposite one, as he floats through the space station.;s06e01_067;tbbt_s06e01.mp4;715.10;729.39;no
11679;Leonard, in a black suit, is looking at his computer while talking to his friends, who are playing a board game at the glass table.;s02e21_081;tbbt_s02e21.mp4;709.71;712.79;no
3022;Penny pulls back the shower curtain and climbs inside the shower.;s01e01_102;tbbt_s01e01.mp4;906.20;909.83;no
96015;Leonard and Raj slowly walk through a doorway into a clinic pulling a robotic arm that is attached, underneath a blanket, to Howard.;s07e13_006;tbbt_s07e13.mp4;59.05;71.07;no
86431;Penny catches Leonard and Sheldon staring at her from the hallway.;s04e01_125;tbbt_s04e01.mp4;1180.00;1192.09;no
42301;Sheldon, standing in front of a bookcase, near the window with drapes, dials a number on his cell phone.;s05e13_033;tbbt_s05e13.mp4;358.32;363.74;no
51045;Sheldon quickly drinks his whole drink while holding a red straw, then makes a happy face, at the bar.;s01e06_057;tbbt_s01e06.mp4;642.30;656.72;no
11679;Leonard, in a black suit, is looking at his computer while talking to his friends, who are playing a board game at the glass table.;s02e21_082;tbbt_s02e21.mp4;712.79;724.93;no
13987;The robotic hand drops the small package into Penny's hand, which she holds out expectantly.;s04e01_019;tbbt_s04e01.mp4;167.97;176.47;no
3022;Penny pulls back the shower curtain and climbs inside the shower.;s07e13_045;tbbt_s07e13.mp4;428.22;442.75;no
28861;While Penny, Amy, and Bernadette are unboxing something, Leonard knocks on Penny's opened door.;s03e15_048;tbbt_s03e15.mp4;400.19;410.87;no
3366;Raj lifts up his foot above the table at the canteen to show Sheldon and Leonard that he's wearing sandals.;s04e12_072;tbbt_s04e12.mp4;646.56;656.03;no
86431;Penny catches Leonard and Sheldon staring at her from the hallway.;s01e01_037;tbbt_s01e01.mp4;334.79;348.52;no
11679;Leonard, in a black suit, is looking at his computer while talking to his friends, who are playing a board game at the glass table.;s02e21_066;tbbt_s02e21.mp4;548.88;559.52;no
38099;Raj jumps into the apartment wearing a Flash costume.;s03e19_046;tbbt_s03e19.mp4;378.99;391.74;no
3394;Bernadette adjusts her glasses when she's talking to Howard online.;s06e07_108;tbbt_s06e07.mp4;1041.79;1045.25;no
11659;Leonard, in a black suit, comes into the apartment and slams the door, then Howard looks at his watch.;s05e13_035;tbbt_s05e13.mp4;368.08;372.83;no
19960;Raj raises his beer and then takes a sip of it, at the bowling lane.;s03e19_145;tbbt_s03e19.mp4;1025.75;1036.12;no
3385;A man floats across the International Space Station behind Howard at the laptop.;s06e01_110;tbbt_s06e01.mp4;1199.87;1206.58;no
55040;Raj, in a red and blue track jacket, presses his palms together and taps his fingers excitedly, smiling on the couch.;s05e13_040;tbbt_s05e13.mp4;398.61;403.04;no
51045;Sheldon quickly drinks his whole drink while holding a red straw, then makes a happy face, at the bar.;s08e04_004;tbbt_s08e04.mp4;38.33;48.72;no
13987;The robotic hand drops the small package into Penny's hand, which she holds out expectantly.;s08e04_048;tbbt_s08e04.mp4;414.00;419.59;no
38416;Penny sits in the back seat and shrugs her shoulders twice as they all drive in a car.;s04e01_075;tbbt_s04e01.mp4;736.69;740.74;no
5090003;The bird flies into the apartment through the open window.;s05e09_009;tbbt_s05e09.mp4;77.45;81.37;no
37856;Penny sits beside Sheldon on the couch with a bowl in her hand and covers herself with the blanket.;s03e15_130;tbbt_s03e15.mp4;1211.71;1222.66;no
3372;Penny wipes the cream off the spatula with a tissue.;s06e24_056;tbbt_s06e24.mp4;540.44;549.67;no
11679;Leonard, in a black suit, is looking at his computer while talking to his friends, who are playing a board game at the glass table.;s06e07_044;tbbt_s06e07.mp4;394.53;404.70;no
79987;Sheldon stands with one arm stretched straight up and the other arm down at his side, bending his body backward, looking around, uncomfortable.;s04e01_053;tbbt_s04e01.mp4;512.97;527.53;no
28861;While Penny, Amy, and Bernadette are unboxing something, Leonard knocks on Penny's opened door.;s01e01_120;tbbt_s01e01.mp4;1109.00;1122.29;no
16404;Bernadette, in a blue floral dress, reaches out and holds Howard's hand to comfort him while they are eating dinner.;s02e01_032;tbbt_s02e01.mp4;311.27;323.92;no
11679;Leonard, in a black suit, is looking at his computer while talking to his friends, who are playing a board game at the glass table.;s02e21_084;tbbt_s02e21.mp4;734.90;744.18;no
79007;A shot of Sheldon standing at the kitchen island in front of a row of toast, while Bernadette sits across from him.;s09e22_060;tbbt_s09e22.mp4;741.09;753.34;no
11659;Leonard, in a black suit, comes into the apartment and slams the door, then Howard looks at his watch.;s01e01_091;tbbt_s01e01.mp4;831.58;835.96;no
38416;Penny sits in the back seat and shrugs her shoulders twice as they all drive in a car.;s01e01_109;tbbt_s01e01.mp4;980.18;993.49;no
11679;Leonard, in a black suit, is looking at his computer while talking to his friends, who are playing a board game at the glass table.;s05e13_059;tbbt_s05e13.mp4;639.76;650.88;no
34121;Howard, while in the bathroom with Leonard, goes to the sink and washes his hands.;s02e21_048;tbbt_s02e21.mp4;412.45;425.72;no
33248;Sheldon is being clipped in by the instructor to climb the wall.;s02e13_088;tbbt_s02e13.mp4;947.28;951.95;no
29607;Leonard leaves Penny's apartment door to go inside his apartment and looks up at the camera.;s03e15_118;tbbt_s03e15.mp4;1091.62;1106.41;no
7725;Penny, standing, leans forward and looks at Sheldon, who is sitting on the couch, with her hands on her knees.;s09e22_077;tbbt_s09e22.mp4;978.42;992.64;no
3394;Bernadette adjusts her glasses when she's talking to Howard online.;s08e04_103;tbbt_s08e04.mp4;820.90;828.83;no
11656;Sheldon lays down some cards in a couple of places on the table while playing a card game with bored Raj and Howard.;s05e13_040;tbbt_s05e13.mp4;398.61;403.04;no
6010003;Howard, in a green polo shirt and cap, pushes off from one wall to the opposite one, as he floats through the space station.;s06e01_073;tbbt_s06e01.mp4;791.96;796.46;no
3394;Bernadette adjusts her glasses when she's talking to Howard online.;s06e07_056;tbbt_s06e07.mp4;500.75;506.71;no
3022;Penny pulls back the shower curtain and climbs inside the shower.;s08e08_130;tbbt_s08e08.mp4;1069.65;1078.41;no
45195;Sheldon reaches for his wallet in his jacket pocket while sitting at the restaurant with Amy.;s06e01_090;tbbt_s06e01.mp4;1012.77;1027.05;no
42301;Sheldon, standing in front of a bookcase, near the window with drapes, dials a number on his cell phone.;s02e01_113;tbbt_s02e01.mp4;1120.62;1129.84;no
62276;Sheldon walks up and flips the light switch to turn off the lights in the laundry room.;s01e06_085;tbbt_s01e06.mp4;963.21;972.35;no
53286;Leonard, in a red robe, looks at the ground and blinks a couple of times, then takes the money from Sheldon's hand.;s08e08_005;tbbt_s08e08.mp4;41.33;54.43;no
38416;Penny sits in the back seat and shrugs her shoulders twice as they all drive in a car.;s04e01_057;tbbt_s04e01.mp4;556.28;566.93;no
29596;Sheldon, in green plaid pajamas, slumps from the headrest of the armchair down into the chair and makes a shushing gesture.;s05e13_072;tbbt_s05e13.mp4;815.66;825.87;no
296;Sheldon, with a bird on his arm, picks up a cup from a table near the sofa and offers it to the bird, which takes it.;s05e09_095;tbbt_s05e09.mp4;799.92;805.22;no
7130004;A shot of a busy multi-lane highway with cars driving in both directions, trees lining the roadside.;s06e24_017;tbbt_s06e24.mp4;135.76;146.02;no
37856;Penny sits beside Sheldon on the couch with a bowl in her hand and covers herself with the blanket.;s08e04_123;tbbt_s08e04.mp4;1042.29;1050.11;no
13987;The robotic hand drops the small package into Penny's hand, which she holds out expectantly.;s08e04_042;tbbt_s08e04.mp4;383.93;389.89;no
13987;The robotic hand drops the small package into Penny's hand, which she holds out expectantly.;s08e08_118;tbbt_s08e08.mp4;952.86;965.22;no
80591;Leonard walks to the door, lets in Howard holding a CD and Raj, who is wearing a red hat.;s02e21_104;tbbt_s02e21.mp4;960.75;974.92;no
3366;Raj lifts up his foot above the table at the canteen to show Sheldon and Leonard that he's wearing sandals.;s03e15_067;tbbt_s03e15.mp4;594.09;602.94;no
96016;The nurse takes off her glasses, walks over and looks underneath Howard's purple blanket.;s02e21_124;tbbt_s02e21.mp4;1155.61;1159.20;no
82961;Penny, in a red blouse, and Leonard both look down while sitting on the couch and Penny puts her hand on his shoulder.;s08e04_116;tbbt_s08e04.mp4;962.34;975.66;no
84012;Sheldon, in a purple shirt with black sleeves, suddenly moves his body while sitting on the couch and starts to clap as he is singing a song.;s04e12_147;tbbt_s04e12.mp4;1217.11;1225.27;no
11690;Amy and Bernadette are sitting on Penny's bed on a pile of clothes when Penny comes out of her bathroom in a green dress.;s02e21_124;tbbt_s02e21.mp4;1155.61;1159.20;no
80227;Leonard, in a costume, closes his front door quickly and locks it.;s07e13_017;tbbt_s07e13.mp4;193.24;205.31;no
16404;Bernadette, in a blue floral dress, reaches out and holds Howard's hand to comfort him while they are eating dinner.;s06e07_062;tbbt_s06e07.mp4;554.55;568.12;no
62276;Sheldon walks up and flips the light switch to turn off the lights in the laundry room.;s05e13_007;tbbt_s05e13.mp4;65.84;79.64;no
3394;Bernadette adjusts her glasses when she's talking to Howard online.;s06e01_085;tbbt_s06e01.mp4;941.39;955.67;no
80587;Leonard and Sheldon grab bottles from the kitchen island, then Sheldon sits on the couch while Leonard leans against the wall, still talking.;s02e21_007;tbbt_s02e21.mp4;57.02;71.22;yes
3366;Raj lifts up his foot above the table at the canteen to show Sheldon and Leonard that he's wearing sandals.;s03e15_070;tbbt_s03e15.mp4;610.69;621.43;no
7725;Penny, standing, leans forward and looks at Sheldon, who is sitting on the couch, with her hands on her knees.;s08e08_051;tbbt_s08e08.mp4;364.91;371.04;no
11656;Sheldon lays down some cards in a couple of places on the table while playing a card game with bored Raj and Howard.;s03e15_070;tbbt_s03e15.mp4;610.69;621.43;no
3394;Bernadette adjusts her glasses when she's talking to Howard online.;s08e08_045;tbbt_s08e08.mp4;328.09;335.58;no
80587;Leonard and Sheldon grab bottles from the kitchen island, then Sheldon sits on the couch while Leonard leans against the wall, still talking.;s02e21_006;tbbt_s02e21.mp4;42.81;57.02;no
53286;Leonard, in a red robe, looks at the ground and blinks a couple of times, then takes the money from Sheldon's hand.;s04e12_067;tbbt_s04e12.mp4;607.19;615.16;no
296;Sheldon, with a bird on his arm, picks up a cup from a table near the sofa and offers it to the bird, which takes it.;s03e15_104;tbbt_s03e15.mp4;933.27;947.03;no
11659;Leonard, in a black suit, comes into the apartment and slams the door, then Howard looks at his watch.;s05e09_031;tbbt_s05e09.mp4;221.68;228.23;no
55040;Raj, in a red and blue track jacket, presses his palms together and taps his fingers excitedly, smiling on the couch.;s08e04_116;tbbt_s08e04.mp4;962.34;975.66;no
46843;Penny puts her wine glass on the table and gets down on one knee in front of Leonard.;s08e04_103;tbbt_s08e04.mp4;820.90;828.83;no
96016;The nurse takes off her glasses, walks over and looks underneath Howard's purple blanket.;s05e13_061;tbbt_s05e13.mp4;665.87;679.60;no
9411;A shot of the laptop screen, where Amy reaches forward and presses a button that shuts the video off.;s06e01_048;tbbt_s06e01.mp4;472.06;481.19;no
19960;Raj raises his beer and then takes a sip of it, at the bowling lane.;s03e19_141;tbbt_s03e19.mp4;995.95;1000.92;no
83407;Bernadette touches a red dress that Amy is holding up as they stand in front of the blue couch.;s08e08_140;tbbt_s08e08.mp4;1134.13;1142.52;no
5090003;The bird flies into the apartment through the open window.;s05e09_121;tbbt_s05e09.mp4;1079.27;1093.43;no
84012;Sheldon, in a purple shirt with black sleeves, suddenly moves his body while sitting on the couch and starts to clap as he is singing a song.;s04e01_039;tbbt_s04e01.mp4;359.61;373.46;no
46843;Penny puts her wine glass on the table and gets down on one knee in front of Leonard.;s09e22_044;tbbt_s09e22.mp4;521.58;534.93;no
79987;Sheldon stands with one arm stretched straight up and the other arm down at his side, bending his body backward, looking around, uncomfortable.;s08e08_108;tbbt_s08e08.mp4;846.22;857.15;no
18709;Penny happily jumps toward Leonard on the sofa to give him a hug.;s07e13_013;tbbt_s07e13.mp4;128.34;138.81;no
79987;Sheldon stands with one arm stretched straight up and the other arm down at his side, bending his body backward, looking around, uncomfortable.;s05e13_078;tbbt_s05e13.mp4;849.85;855.52;no
42301;Sheldon, standing in front of a bookcase, near the window with drapes, dials a number on his cell phone.;s03e19_174;tbbt_s03e19.mp4;1200.29;1212.72;no
3370;Penny applies white cream with a spatula on Amy's face between her lip and her nose.;s08e04_055;tbbt_s08e04.mp4;452.62;459.79;no
11656;Sheldon lays down some cards in a couple of places on the table while playing a card game with bored Raj and Howard.;s04e12_035;tbbt_s04e12.mp4;348.17;358.90;no
13987;The robotic hand drops the small package into Penny's hand, which she holds out expectantly.;s06e07_103;tbbt_s06e07.mp4;1006.05;1015.10;no
79981;Leonard grabs Penny by the arms and walks her back a few steps, while standing in the living room in front of Sheldon.;s09e22_027;tbbt_s09e22.mp4;319.61;333.11;no
6010003;Howard, in a green polo shirt and cap, pushes off from one wall to the opposite one, as he floats through the space station.;s06e01_065;tbbt_s06e01.mp4;686.53;700.82;no
7130004;A shot of a busy multi-lane highway with cars driving in both directions, trees lining the roadside.;s07e13_076;tbbt_s07e13.mp4;676.97;682.64;no
19965;Penny looks up and winks at someone, making a finger gun gesture.;s08e04_053;tbbt_s08e04.mp4;443.07;447.28;no
6010003;Howard, in a green polo shirt and cap, pushes off from one wall to the opposite one, as he floats through the space station.;s06e01_070;tbbt_s06e01.mp4;757.96;772.25;no
84012;Sheldon, in a purple shirt with black sleeves, suddenly moves his body while sitting on the couch and starts to clap as he is singing a song.;s04e12_029;tbbt_s04e12.mp4;294.00;300.26;no
4060;A wide shot of Stuart, Howard and Bernadette sitting down together in a cozy, antique-filled living room.;s06e24_100;tbbt_s06e24.mp4;868.76;879.92;no
83407;Bernadette touches a red dress that Amy is holding up as they stand in front of the blue couch.;s08e08_015;tbbt_s08e08.mp4;134.76;141.22;no
3022;Penny pulls back the shower curtain and climbs inside the shower.;s05e13_024;tbbt_s05e13.mp4;263.80;277.28;no
38416;Penny sits in the back seat and shrugs her shoulders twice as they all drive in a car.;s07e13_138;tbbt_s07e13.mp4;1199.71;1214.20;no
40031;Leonard and Penny kiss in the hall and a camera on the wall watches them.;s06e01_061;tbbt_s06e01.mp4;638.50;651.02;no
11659;Leonard, in a black suit, comes into the apartment and slams the door, then Howard looks at his watch.;s02e21_045;tbbt_s02e21.mp4;390.43;395.60;no
28861;While Penny, Amy, and Bernadette are unboxing something, Leonard knocks on Penny's opened door.;s05e09_004;tbbt_s05e09.mp4;29.64;42.23;no
29607;Leonard leaves Penny's apartment door to go inside his apartment and looks up at the camera.;s02e21_041;tbbt_s02e21.mp4;361.69;374.67;no
3370;Penny applies white cream with a spatula on Amy's face between her lip and her nose.;s08e08_026;tbbt_s08e08.mp4;201.24;206.91;no
3366;Raj lifts up his foot above the table at the canteen to show Sheldon and Leonard that he's wearing sandals.;s02e13_002;tbbt_s02e13.mp4;12.53;25.07;no
9411;A shot of the laptop screen, where Amy reaches forward and presses a button that shuts the video off.;s06e01_113;tbbt_s06e01.mp4;1215.38;1221.51;no
18709;Penny happily jumps toward Leonard on the sofa to give him a hug.;s01e06_095;tbbt_s01e06.mp4;1050.54;1065.26;no
3370;Penny applies white cream with a spatula on Amy's face between her lip and her nose.;s08e08_024;tbbt_s08e08.mp4;191.32;195.40;no
3370;Penny applies white cream with a spatula on Amy's face between her lip and her nose.;s08e08_065;tbbt_s08e08.mp4;469.39;473.35;no
3372;Penny wipes the cream off the spatula with a tissue.;s08e08_026;tbbt_s08e08.mp4;201.24;206.91;no
11659;Leonard, in a black suit, comes into the apartment and slams the door, then Howard looks at his watch.;s02e01_023;tbbt_s02e01.mp4;189.94;201.53;no
33248;Sheldon is being clipped in by the instructor to climb the wall.;s02e13_083;tbbt_s02e13.mp4;906.86;914.08;no
3022;Penny pulls back the shower curtain and climbs inside the shower.;s05e13_126;tbbt_s05e13.mp4;1245.29;1252.29;no
84012;Sheldon, in a purple shirt with black sleeves, suddenly moves his body while sitting on the couch and starts to clap as he is singing a song.;s01e06_039;tbbt_s01e06.mp4;422.21;426.47;no
62276;Sheldon walks up and flips the light switch to turn off the lights in the laundry room.;s02e21_129;tbbt_s02e21.mp4;1185.42;1199.66;no
78581;Howard is struggling to take a black bowling ball from the tray.;s03e19_148;tbbt_s03e19.mp4;1044.25;1049.55;no
96016;The nurse takes off her glasses, walks over and looks underneath Howard's purple blanket.;s04e01_084;tbbt_s04e01.mp4;789.00;795.42;no
11679;Leonard, in a black suit, is looking at his computer while talking to his friends, who are playing a board game at the glass table.;s02e21_075;tbbt_s02e21.mp4;636.09;650.05;no
79987;Sheldon stands with one arm stretched straight up and the other arm down at his side, bending his body backward, looking around, uncomfortable.;s01e01_125;tbbt_s01e01.mp4;1160.98;1174.42;no
291;Amy and Bernadette look at a bird on the couch, then turn to Sheldon standing in the doorway with crossed arms.;s04e12_135;tbbt_s04e12.mp4;1107.52;1120.76;no
40031;Leonard and Penny kiss in the hall and a camera on the wall watches them.;s07e13_090;tbbt_s07e13.mp4;782.57;790.75;no
18709;Penny happily jumps toward Leonard on the sofa to give him a hug.;s08e04_123;tbbt_s08e04.mp4;1042.29;1050.11;no
291;Amy and Bernadette look at a bird on the couch, then turn to Sheldon standing in the doorway with crossed arms.;s05e09_097;tbbt_s05e09.mp4;811.77;820.07;no
18709;Penny happily jumps toward Leonard on the sofa to give him a hug.;s06e07_106;tbbt_s06e07.mp4;1022.19;1031.99;no
58103;Sheldon, in a grey shirt, hands Amy, in a purple sweater next to him, food wrapped in foil.;s04e01_009;tbbt_s04e01.mp4;88.25;95.47;no
78581;Howard is struggling to take a black bowling ball from the tray.;s03e15_042;tbbt_s03e15.mp4;321.84;336.09;no
45195;Sheldon reaches for his wallet in his jacket pocket while sitting at the restaurant with Amy.;s06e01_052;tbbt_s06e01.mp4;517.17;531.00;no
79981;Leonard grabs Penny by the arms and walks her back a few steps, while standing in the living room in front of Sheldon.;s04e12_084;tbbt_s04e12.mp4;715.92;722.80;no
11690;Amy and Bernadette are sitting on Penny's bed on a pile of clothes when Penny comes out of her bathroom in a green dress.;s05e13_023;tbbt_s05e13.mp4;251.62;263.80;no
38099;Raj jumps into the apartment wearing a Flash costume.;s01e06_017;tbbt_s01e06.mp4;221.49;234.28;no
11656;Sheldon lays down some cards in a couple of places on the table while playing a card game with bored Raj and Howard.;s05e13_059;tbbt_s05e13.mp4;639.76;650.88;no
96015;Leonard and Raj slowly walk through a doorway into a clinic pulling a robotic arm that is attached, underneath a blanket, to Howard.;s02e21_052;tbbt_s02e21.mp4;450.24;461.96;no
37856;Penny sits beside Sheldon on the couch with a bowl in her hand and covers herself with the blanket.;s08e08_040;tbbt_s08e08.mp4;294.79;303.30;no
80587;Leonard and Sheldon grab bottles from the kitchen island, then Sheldon sits on the couch while Leonard leans against the wall, still talking.;s02e13_101;tbbt_s02e13.mp4;1037.12;1049.01;no
11659;Leonard, in a black suit, comes into the apartment and slams the door, then Howard looks at his watch.;s08e04_065;tbbt_s08e04.mp4;513.20;521.52;no
7725;Penny, standing, leans forward and looks at Sheldon, who is sitting on the couch, with her hands on her knees.;s02e21_096;tbbt_s02e21.mp4;882.09;893.61;no
38099;Raj jumps into the apartment wearing a Flash costume.;s01e06_016;tbbt_s01e06.mp4;208.70;221.49;no
11679;Leonard, in a black suit, is looking at his computer while talking to his friends, who are playing a board game at the glass table.;s08e08_087;tbbt_s08e08.mp4;623.37;635.05;no
91631;Sheldon enters the bar and sits on a stool in front of Penny, with a snack lying on the bar counter.;s06e07_100;tbbt_s06e07.mp4;979.69;991.62;no
62276;Sheldon walks up and flips the light switch to turn off the lights in the laundry room.;s07e13_009;tbbt_s07e13.mp4;89.26;102.85;no
37856;Penny sits beside Sheldon on the couch with a bowl in her hand and covers herself with the blanket.;s03e15_125;tbbt_s03e15.mp4;1168.29;1179.43;no
88802;A bartender hands Raj a mint green drink and Leonard a beer bottle, at the bar.;s02e21_080;tbbt_s02e21.mp4;705.91;709.71;no
28861;While Penny, Amy, and Bernadette are unboxing something, Leonard knocks on Penny's opened door.;s05e09_006;tbbt_s05e09.mp4;54.81;67.40;no
15751;Raj, while holding a beer bottle, reaches out and slaps Leonard on the back while he eats his food.;s09e22_046;tbbt_s09e22.mp4;548.28;561.63;no
42301;Sheldon, standing in front of a bookcase, near the window with drapes, dials a number on his cell phone.;s08e08_057;tbbt_s08e08.mp4;396.90;406.07;no
83407;Bernadette touches a red dress that Amy is holding up as they stand in front of the blue couch.;s08e08_092;tbbt_s08e08.mp4;682.14;689.61;no
15751;Raj, while holding a beer bottle, reaches out and slaps Leonard on the back while he eats his food.;s04e12_022;tbbt_s04e12.mp4;211.79;222.47;no
291;Amy and Bernadette look at a bird on the couch, then turn to Sheldon standing in the doorway with crossed arms.;s05e09_113;tbbt_s05e09.mp4;975.77;987.57;no
96015;Leonard and Raj slowly walk through a doorway into a clinic pulling a robotic arm that is attached, underneath a blanket, to Howard.;s04e01_110;tbbt_s04e01.mp4;1084.25;1087.59;no
34121;Howard, while in the bathroom with Leonard, goes to the sink and washes his hands.;s08e04_055;tbbt_s08e04.mp4;452.62;459.79;no
79981;Leonard grabs Penny by the arms and walks her back a few steps, while standing in the living room in front of Sheldon.;s08e04_123;tbbt_s08e04.mp4;1042.29;1050.11;no
79987;Sheldon stands with one arm stretched straight up and the other arm down at his side, bending his body backward, looking around, uncomfortable.;s03e19_133;tbbt_s03e19.mp4;950.32;956.37;no
3370;Penny applies white cream with a spatula on Amy's face between her lip and her nose.;s06e07_045;tbbt_s06e07.mp4;404.70;414.87;no
15751;Raj, while holding a beer bottle, reaches out and slaps Leonard on the back while he eats his food.;s03e15_030;tbbt_s03e15.mp4;182.22;192.83;no
79987;Sheldon stands with one arm stretched straight up and the other arm down at his side, bending his body backward, looking around, uncomfortable.;s06e01_006;tbbt_s06e01.mp4;49.76;62.76;no
3394;Bernadette adjusts her glasses when she's talking to Howard online.;s08e04_101;tbbt_s08e04.mp4;798.30;808.47;no
38099;Raj jumps into the apartment wearing a Flash costume.;s05e13_088;tbbt_s05e13.mp4;916.16;926.42;yes
80587;Leonard and Sheldon grab bottles from the kitchen island, then Sheldon sits on the couch while Leonard leans against the wall, still talking.;s02e13_121;tbbt_s02e13.mp4;1222.05;1236.40;no
79007;A shot of Sheldon standing at the kitchen island in front of a row of toast, while Bernadette sits across from him.;s03e15_094;tbbt_s03e15.mp4;807.82;821.76;no
42301;Sheldon, standing in front of a bookcase, near the window with drapes, dials a number on his cell phone.;s05e09_085;tbbt_s05e09.mp4;686.48;696.03;no
78581;Howard is struggling to take a black bowling ball from the tray.;s08e04_033;tbbt_s08e04.mp4;296.88;307.77;no
83407;Bernadette touches a red dress that Amy is holding up as they stand in front of the blue couch.;s08e04_028;tbbt_s08e04.mp4;238.53;242.88;no
96016;The nurse takes off her glasses, walks over and looks underneath Howard's purple blanket.;s04e01_117;tbbt_s04e01.mp4;1127.13;1132.26;no
62276;Sheldon walks up and flips the light switch to turn off the lights in the laundry room.;s02e21_041;tbbt_s02e21.mp4;361.69;374.67;no
55040;Raj, in a red and blue track jacket, presses his palms together and taps his fingers excitedly, smiling on the couch.;s03e19_026;tbbt_s03e19.mp4;198.78;204.62;no
80596;Sheldon, in plaid pants, slides to his spot on the couch after Penny gets up.;s02e21_129;tbbt_s02e21.mp4;1185.42;1199.66;no
80596;Sheldon, in plaid pants, slides to his spot on the couch after Penny gets up.;s02e21_102;tbbt_s02e21.mp4;938.27;948.85;no
55040;Raj, in a red and blue track jacket, presses his palms together and taps his fingers excitedly, smiling on the couch.;s09e22_024;tbbt_s09e22.mp4;278.85;291.81;no
19965;Penny looks up and winks at someone, making a finger gun gesture.;s01e01_076;tbbt_s01e01.mp4;698.92;709.65;no
3385;A man floats across the International Space Station behind Howard at the laptop.;s06e01_039;tbbt_s06e01.mp4;413.20;417.46;no
37856;Penny sits beside Sheldon on the couch with a bowl in her hand and covers herself with the blanket.;s08e04_026;tbbt_s08e04.mp4;225.81;234.73;no
53286;Leonard, in a red robe, looks at the ground and blinks a couple of times, then takes the money from Sheldon's hand.;s02e01_110;tbbt_s02e01.mp4;1087.00;1096.76;no
91631;Sheldon enters the bar and sits on a stool in front of Penny, with a snack lying on the bar counter.;s06e07_092;tbbt_s06e07.mp4;906.74;917.25;no
45195;Sheldon reaches for his wallet in his jacket pocket while sitting at the restaurant with Amy.;s06e01_089;tbbt_s06e01.mp4;998.50;1012.77;no
38099;Raj jumps into the apartment wearing a Flash costume.;s04e01_113;tbbt_s04e01.mp4;1101.64;1109.19;no
19960;Raj raises his beer and then takes a sip of it, at the bowling lane.;s03e19_142;tbbt_s03e19.mp4;1000.92;1005.00;no
16404;Bernadette, in a blue floral dress, reaches out and holds Howard's hand to comfort him while they are eating dinner.;s02e21_092;tbbt_s02e21.mp4;842.95;855.90;no
3366;Raj lifts up his foot above the table at the canteen to show Sheldon and Leonard that he's wearing sandals.;s06e24_008;tbbt_s06e24.mp4;52.01;65.57;no
80227;Leonard, in a costume, closes his front door quickly and locks it.;s01e06_069;tbbt_s01e06.mp4;794.00;798.21;no
3370;Penny applies white cream with a spatula on Amy's face between her lip and her nose.;s08e04_053;tbbt_s08e04.mp4;443.07;447.28;no
4060;A wide shot of Stuart, Howard and Bernadette sitting down together in a cozy, antique-filled living room.;s02e21_006;tbbt_s02e21.mp4;42.81;57.02;no
11656;Sheldon lays down some cards in a couple of places on the table while playing a card game with bored Raj and Howard.;s03e19_065;tbbt_s03e19.mp4;521.94;525.52;no
78581;Howard is struggling to take a black bowling ball from the tray.;s03e19_062;tbbt_s03e19.mp4;497.75;507.21;no
3385;A man floats across the International Space Station behind Howard at the laptop.;s06e01_047;tbbt_s06e01.mp4;467.26;472.06;no
7130004;A shot of a busy multi-lane highway with cars driving in both directions, trees lining the roadside.;s06e24_012;tbbt_s06e24.mp4;100.39;108.07;no
3372;Penny wipes the cream off the spatula with a tissue.;s03e15_042;tbbt_s03e15.mp4;321.84;336.09;no
58103;Sheldon, in a grey shirt, hands Amy, in a purple sweater next to him, food wrapped in foil.;s04e12_027;tbbt_s04e12.mp4;268.91;281.46;no
96015;Leonard and Raj slowly walk through a doorway into a clinic pulling a robotic arm that is attached, underneath a blanket, to Howard.;s04e01_119;tbbt_s04e01.mp4;1137.01;1147.65;no
80227;Leonard, in a costume, closes his front door quickly and locks it.;s08e08_095;tbbt_s08e08.mp4;701.83;709.67;no
15762;Lucy puts aside an orange napkin and rushes away from the table where Amy and Raj are sitting.;s02e21_070;tbbt_s02e21.mp4;579.64;588.34;no
33248;Sheldon is being clipped in by the instructor to climb the wall.;s05e09_139;tbbt_s05e09.mp4;1241.16;1244.58;no
84012;Sheldon, in a purple shirt with black sleeves, suddenly moves his body while sitting on the couch and starts to clap as he is singing a song.;s06e24_099;tbbt_s06e24.mp4;857.61;868.76;no
9411;A shot of the laptop screen, where Amy reaches forward and presses a button that shuts the video off.;s08e08_069;tbbt_s08e08.mp4;494.45;499.58;no
40031;Leonard and Penny kiss in the hall and a camera on the wall watches them.;s05e09_003;tbbt_s05e09.mp4;17.05;29.64;no
291;Amy and Bernadette look at a bird on the couch, then turn to Sheldon standing in the doorway with crossed arms.;s05e09_099;tbbt_s05e09.mp4;824.95;829.25;no
86431;Penny catches Leonard and Sheldon staring at her from the hallway.;s01e01_023;tbbt_s01e01.mp4;212.34;216.76;no
7130004;A shot of a busy multi-lane highway with cars driving in both directions, trees lining the roadside.;s01e01_109;tbbt_s01e01.mp4;980.18;993.49;no
3394;Bernadette adjusts her glasses when she's talking to Howard online.;s06e01_039;tbbt_s06e01.mp4;413.20;417.46;no
55040;Raj, in a red and blue track jacket, presses his palms together and taps his fingers excitedly, smiling on the couch.;s06e01_078;tbbt_s06e01.mp4;841.81;855.80;no
11646;Leonard rolls onto his side toward Penny, while they are lying together in bed on orange pillows.;s03e19_010;tbbt_s03e19.mp4;65.73;69.53;no
79987;Sheldon stands with one arm stretched straight up and the other arm down at his side, bending his body backward, looking around, uncomfortable.;s03e15_090;tbbt_s03e15.mp4;772.52;778.15;no
38099;Raj jumps into the apartment wearing a Flash costume.;s01e01_130;tbbt_s01e01.mp4;1228.21;1242.80;no
291;Amy and Bernadette look at a bird on the couch, then turn to Sheldon standing in the doorway with crossed arms.;s05e09_120;tbbt_s05e09.mp4;1065.12;1079.27;no
58103;Sheldon, in a grey shirt, hands Amy, in a purple sweater next to him, food wrapped in foil.;s02e21_012;tbbt_s02e21.mp4;104.19;107.19;no
11656;Sheldon lays down some cards in a couple of places on the table while playing a card game with bored Raj and Howard.;s01e01_011;tbbt_s01e01.mp4;77.49;89.21;no
5090003;The bird flies into the apartment through the open window.;s05e09_070;tbbt_s05e09.mp4;526.32;533.87;no
91631;Sheldon enters the bar and sits on a stool in front of Penny, with a snack lying on the bar counter.;s06e07_086;tbbt_s06e07.mp4;818.78;833.44;no
88802;A bartender hands Raj a mint green drink and Leonard a beer bottle, at the bar.;s09e22_080;tbbt_s09e22.mp4;1022.44;1036.67;no
6010003;Howard, in a green polo shirt and cap, pushes off from one wall to the opposite one, as he floats through the space station.;s06e01_071;tbbt_s06e01.mp4;772.25;786.54;no
11679;Leonard, in a black suit, is looking at his computer while talking to his friends, who are playing a board game at the glass table.;s04e12_072;tbbt_s04e12.mp4;646.56;656.03;no
53286;Leonard, in a red robe, looks at the ground and blinks a couple of times, then takes the money from Sheldon's hand.;s06e01_051;tbbt_s06e01.mp4;503.33;517.17;no
3394;Bernadette adjusts her glasses when she's talking to Howard online.;s08e04_019;tbbt_s08e04.mp4;177.51;186.81;no
83407;Bernadette touches a red dress that Amy is holding up as they stand in front of the blue couch.;s08e04_125;tbbt_s08e04.mp4;1057.93;1066.23;no
40031;Leonard and Penny kiss in the hall and a camera on the wall watches them.;s06e01_062;tbbt_s06e01.mp4;651.02;663.54;no
18709;Penny happily jumps toward Leonard on the sofa to give him a hug.;s07e13_014;tbbt_s07e13.mp4;138.81;149.28;no
7725;Penny, standing, leans forward and looks at Sheldon, who is sitting on the couch, with her hands on her knees.;s08e08_048;tbbt_s08e08.mp4;348.39;355.40;no
6010003;Howard, in a green polo shirt and cap, pushes off from one wall to the opposite one, as he floats through the space station.;s06e01_109;tbbt_s06e01.mp4;1192.40;1199.87;no
3370;Penny applies white cream with a spatula on Amy's face between her lip and her nose.;s05e13_023;tbbt_s05e13.mp4;251.62;263.80;no
83407;Bernadette touches a red dress that Amy is holding up as they stand in front of the blue couch.;s02e21_119;tbbt_s02e21.mp4;1120.84;1128.76;no
53286;Leonard, in a red robe, looks at the ground and blinks a couple of times, then takes the money from Sheldon's hand.;s02e01_113;tbbt_s02e01.mp4;1120.62;1129.84;no
96016;The nurse takes off her glasses, walks over and looks underneath Howard's purple blanket.;s07e13_038;tbbt_s07e13.mp4;374.25;383.38;no
84012;Sheldon, in a purple shirt with black sleeves, suddenly moves his body while sitting on the couch and starts to clap as he is singing a song.;s02e21_059;tbbt_s02e21.mp4;503.92;510.22;no
16404;Bernadette, in a blue floral dress, reaches out and holds Howard's hand to comfort him while they are eating dinner.;s06e07_066;tbbt_s06e07.mp4;608.80;622.37;no
79987;Sheldon stands with one arm stretched straight up and the other arm down at his side, bending his body backward, looking around, uncomfortable.;s02e01_033;tbbt_s02e01.mp4;323.92;336.57;no
19960;Raj raises his beer and then takes a sip of it, at the bowling lane.;s02e21_083;tbbt_s02e21.mp4;724.93;734.90;no
53286;Leonard, in a red robe, looks at the ground and blinks a couple of times, then takes the money from Sheldon's hand.;s04e12_010;tbbt_s04e12.mp4;109.42;121.34;no
80227;Leonard, in a costume, closes his front door quickly and locks it.;s07e13_008;tbbt_s07e13.mp4;83.08;89.26;no
11679;Leonard, in a black suit, is looking at his computer while talking to his friends, who are playing a board game at the glass table.;s02e21_080;tbbt_s02e21.mp4;705.91;709.71;no
58103;Sheldon, in a grey shirt, hands Amy, in a purple sweater next to him, food wrapped in foil.;s02e21_102;tbbt_s02e21.mp4;938.27;948.85;no
29596;Sheldon, in green plaid pajamas, slumps from the headrest of the armchair down into the chair and makes a shushing gesture.;s01e01_070;tbbt_s01e01.mp4;650.57;660.37;no
84012;Sheldon, in a purple shirt with black sleeves, suddenly moves his body while sitting on the couch and starts to clap as he is singing a song.;s02e21_109;tbbt_s02e21.mp4;1016.56;1026.78;no
55040;Raj, in a red and blue track jacket, presses his palms together and taps his fingers excitedly, smiling on the couch.;s02e21_011;tbbt_s02e21.mp4;98.02;104.19;no
91631;Sheldon enters the bar and sits on a stool in front of Penny, with a snack lying on the bar counter.;s06e07_097;tbbt_s06e07.mp4;943.90;955.83;no
79981;Leonard grabs Penny by the arms and walks her back a few steps, while standing in the living room in front of Sheldon.;s05e13_072;tbbt_s05e13.mp4;815.66;825.87;no
29607;Leonard leaves Penny's apartment door to go inside his apartment and looks up at the camera.;s07e13_018;tbbt_s07e13.mp4;205.31;217.38;no
3394;Bernadette adjusts her glasses when she's talking to Howard online.;s05e13_016;tbbt_s05e13.mp4;178.90;193.15;no
55040;Raj, in a red and blue track jacket, presses his palms together and taps his fingers excitedly, smiling on the couch.;s06e24_088;tbbt_s06e24.mp4;797.88;802.09;no
38099;Raj jumps into the apartment wearing a Flash costume.;s03e15_122;tbbt_s03e15.mp4;1147.03;1159.28;no
11644;Penny, in a red dress, rests her arms on Leonard's shoulder while smiling at him, as Amy, in a blue dress, stands at the doorway.;s08e08_143;tbbt_s08e08.mp4;1155.36;1159.08;no
78581;Howard is struggling to take a black bowling ball from the tray.;s03e19_140;tbbt_s03e19.mp4;992.53;995.95;no
46843;Penny puts her wine glass on the table and gets down on one knee in front of Leonard.;s05e13_048;tbbt_s05e13.mp4;501.76;515.86;no
13987;The robotic hand drops the small package into Penny's hand, which she holds out expectantly.;s08e04_012;tbbt_s08e04.mp4;130.17;138.35;no
91631;Sheldon enters the bar and sits on a stool in front of Penny, with a snack lying on the bar counter.;s06e24_070;tbbt_s06e24.mp4;650.19;662.95;no
42301;Sheldon, standing in front of a bookcase, near the window with drapes, dials a number on his cell phone.;s05e13_034;tbbt_s05e13.mp4;363.74;368.08;no
82961;Penny, in a red blouse, and Leonard both look down while sitting on the couch and Penny puts her hand on his shoulder.;s09e22_014;tbbt_s09e22.mp4;133.93;139.81;no
18709;Penny happily jumps toward Leonard on the sofa to give him a hug.;s08e08_059;tbbt_s08e08.mp4;412.66;419.59;no
28861;While Penny, Amy, and Bernadette are unboxing something, Leonard knocks on Penny's opened door.;s04e12_124;tbbt_s04e12.mp4;1031.91;1039.58;no
46843;Penny puts her wine glass on the table and gets down on one knee in front of Leonard.;s08e04_101;tbbt_s08e04.mp4;798.30;808.47;no
86431;Penny catches Leonard and Sheldon staring at her from the hallway.;s07e13_005;tbbt_s07e13.mp4;47.04;59.05;no
11679;Leonard, in a black suit, is looking at his computer while talking to his friends, who are playing a board game at the glass table.;s04e12_097;tbbt_s04e12.mp4;801.55;811.35;no
15751;Raj, while holding a beer bottle, reaches out and slaps Leonard on the back while he eats his food.;s04e12_074;tbbt_s04e12.mp4;661.83;666.21;no
19960;Raj raises his beer and then takes a sip of it, at the bowling lane.;s02e21_081;tbbt_s02e21.mp4;709.71;712.79;no
46843;Penny puts her wine glass on the table and gets down on one knee in front of Leonard.;s08e04_079;tbbt_s08e04.mp4;592.47;597.39;no
11644;Penny, in a red dress, rests her arms on Leonard's shoulder while smiling at him, as Amy, in a blue dress, stands at the doorway.;s08e08_092;tbbt_s08e08.mp4;682.14;689.61;no
42301;Sheldon, standing in front of a bookcase, near the window with drapes, dials a number on his cell phone.;s02e13_051;tbbt_s02e13.mp4;565.45;580.09;no
80587;Leonard and Sheldon grab bottles from the kitchen island, then Sheldon sits on the couch while Leonard leans against the wall, still talking.;s03e15_107;tbbt_s03e15.mp4;967.97;982.35;no
15768;Penny, in a grocery store with Sheldon, grabs two bottles of vodka and puts them in a cart.;s06e24_074;tbbt_s06e24.mp4;690.11;696.65;no
4060;A wide shot of Stuart, Howard and Bernadette sitting down together in a cozy, antique-filled living room.;s08e04_123;tbbt_s08e04.mp4;1042.29;1050.11;no
40031;Leonard and Penny kiss in the hall and a camera on the wall watches them.;s05e09_004;tbbt_s05e09.mp4;29.64;42.23;no
15762;Lucy puts aside an orange napkin and rushes away from the table where Amy and Raj are sitting.;s09e22_038;tbbt_s09e22.mp4;453.32;466.59;no
18709;Penny happily jumps toward Leonard on the sofa to give him a hug.;s08e04_125;tbbt_s08e04.mp4;1057.93;1066.23;no
84012;Sheldon, in a purple shirt with black sleeves, suddenly moves his body while sitting on the couch and starts to clap as he is singing a song.;s03e19_160;tbbt_s03e19.mp4;1134.72;1139.18;no
11656;Sheldon lays down some cards in a couple of places on the table while playing a card game with bored Raj and Howard.;s04e12_048;tbbt_s04e12.mp4;450.74;460.67;no
86431;Penny catches Leonard and Sheldon staring at her from the hallway.;s06e07_069;tbbt_s06e07.mp4;645.52;657.85;no
96016;The nurse takes off her glasses, walks over and looks underneath Howard's purple blanket.;s02e01_113;tbbt_s02e01.mp4;1120.62;1129.84;no
3385;A man floats across the International Space Station behind Howard at the laptop.;s06e01_070;tbbt_s06e01.mp4;757.96;772.25;no
291;Amy and Bernadette look at a bird on the couch, then turn to Sheldon standing in the doorway with crossed arms.;s06e07_111;tbbt_s06e07.mp4;1073.84;1088.14;no
29596;Sheldon, in green plaid pajamas, slumps from the headrest of the armchair down into the chair and makes a shushing gesture.;s06e07_002;tbbt_s06e07.mp4;15.44;29.56;no
3372;Penny wipes the cream off the spatula with a tissue.;s08e08_031;tbbt_s08e08.mp4;224.06;230.94;no
96016;The nurse takes off her glasses, walks over and looks underneath Howard's purple blanket.;s04e01_093;tbbt_s04e01.mp4;858.32;870.54;no
19960;Raj raises his beer and then takes a sip of it, at the bowling lane.;s03e19_140;tbbt_s03e19.mp4;992.53;995.95;no
96015;Leonard and Raj slowly walk through a doorway into a clinic pulling a robotic arm that is attached, underneath a blanket, to Howard.;s02e01_099;tbbt_s02e01.mp4;1012.55;1022.15;no
3372;Penny wipes the cream off the spatula with a tissue.;s03e19_104;tbbt_s03e19.mp4;757.05;770.31;no
53286;Leonard, in a red robe, looks at the ground and blinks a couple of times, then takes the money from Sheldon's hand.;s05e13_081;tbbt_s05e13.mp4;870.50;881.67;no
34121;Howard, while in the bathroom with Leonard, goes to the sink and washes his hands.;s08e04_045;tbbt_s08e04.mp4;400.86;405.53;no
7130004;A shot of a busy multi-lane highway with cars driving in both directions, trees lining the roadside.;s06e24_113;tbbt_s06e24.mp4;969.01;973.76;no
46843;Penny puts her wine glass on the table and gets down on one knee in front of Leonard.;s05e13_053;tbbt_s05e13.mp4;572.27;586.38;no
51045;Sheldon quickly drinks his whole drink while holding a red straw, then makes a happy face, at the bar.;s06e24_095;tbbt_s06e24.mp4;831.46;836.04;no
79007;A shot of Sheldon standing at the kitchen island in front of a row of toast, while Bernadette sits across from him.;s03e19_154;tbbt_s03e19.mp4;1093.72;1103.89;no
29607;Leonard leaves Penny's apartment door to go inside his apartment and looks up at the camera.;s08e08_139;tbbt_s08e08.mp4;1128.21;1134.13;no
82961;Penny, in a red blouse, and Leonard both look down while sitting on the couch and Penny puts her hand on his shoulder.;s06e24_129;tbbt_s06e24.mp4;1104.47;1117.88;no
29607;Leonard leaves Penny's apartment door to go inside his apartment and looks up at the camera.;s05e09_130;tbbt_s05e09.mp4;1171.63;1183.81;no
62276;Sheldon walks up and flips the light switch to turn off the lights in the laundry room.;s08e08_095;tbbt_s08e08.mp4;701.83;709.67;no
4060;A wide shot of Stuart, Howard and Bernadette sitting down together in a cozy, antique-filled living room.;s01e01_059;tbbt_s01e01.mp4;568.49;573.70;no
38099;Raj jumps into the apartment wearing a Flash costume.;s06e07_116;tbbt_s06e07.mp4;1133.13;1140.60;yes
42301;Sheldon, standing in front of a bookcase, near the window with drapes, dials a number on his cell phone.;s02e13_067;tbbt_s02e13.mp4;751.38;761.85;no
79007;A shot of Sheldon standing at the kitchen island in front of a row of toast, while Bernadette sits across from him.;s04e01_039;tbbt_s04e01.mp4;359.61;373.46;no
291;Amy and Bernadette look at a bird on the couch, then turn to Sheldon standing in the doorway with crossed arms.;s05e09_116;tbbt_s05e09.mp4;1008.51;1022.66;no
55040;Raj, in a red and blue track jacket, presses his palms together and taps his fingers excitedly, smiling on the couch.;s03e15_132;tbbt_s03e15.mp4;1233.01;1243.37;no
82961;Penny, in a red blouse, and Leonard both look down while sitting on the couch and Penny puts her hand on his shoulder.;s01e06_100;tbbt_s01e06.mp4;1124.13;1138.85;no
80591;Leonard walks to the door, lets in Howard holding a CD and Raj, who is wearing a red hat.;s02e01_111;tbbt_s02e01.mp4;1096.76;1108.69;no
62276;Sheldon walks up and flips the light switch to turn off the lights in the laundry room.;s02e21_128;tbbt_s02e21.mp4;1171.17;1185.42;no
79981;Leonard grabs Penny by the arms and walks her back a few steps, while standing in the living room in front of Sheldon.;s04e01_004;tbbt_s04e01.mp4;39.33;50.63;no
7725;Penny, standing, leans forward and looks at Sheldon, who is sitting on the couch, with her hands on her knees.;s04e12_141;tbbt_s04e12.mp4;1169.04;1175.18;no
79987;Sheldon stands with one arm stretched straight up and the other arm down at his side, bending his body backward, looking around, uncomfortable.;s08e04_093;tbbt_s08e04.mp4;710.63;723.60;no
40031;Leonard and Penny kiss in the hall and a camera on the wall watches them.;s08e08_091;tbbt_s08e08.mp4;667.54;682.14;no
58103;Sheldon, in a grey shirt, hands Amy, in a purple sweater next to him, food wrapped in foil.;s04e12_026;tbbt_s04e12.mp4;256.37;268.91;no
91631;Sheldon enters the bar and sits on a stool in front of Penny, with a snack lying on the bar counter.;s06e07_089;tbbt_s06e07.mp4;862.76;877.42;no
38099;Raj jumps into the apartment wearing a Flash costume.;s01e06_013;tbbt_s01e06.mp4;170.33;183.12;no
78581;Howard is struggling to take a black bowling ball from the tray.;s03e15_049;tbbt_s03e15.mp4;410.87;425.43;no
19965;Penny looks up and winks at someone, making a finger gun gesture.;s08e04_068;tbbt_s08e04.mp4;528.57;534.03;no
7725;Penny, standing, leans forward and looks at Sheldon, who is sitting on the couch, with her hands on her knees.;s08e04_123;tbbt_s08e04.mp4;1042.29;1050.11;no
79981;Leonard grabs Penny by the arms and walks her back a few steps, while standing in the living room in front of Sheldon.;s08e04_057;tbbt_s08e04.mp4;466.18;475.35;no
91631;Sheldon enters the bar and sits on a stool in front of Penny, with a snack lying on the bar counter.;s06e07_091;tbbt_s06e07.mp4;892.08;906.74;no
58103;Sheldon, in a grey shirt, hands Amy, in a purple sweater next to him, food wrapped in foil.;s02e13_036;tbbt_s02e13.mp4;386.23;399.52;no
3370;Penny applies white cream with a spatula on Amy's face between her lip and her nose.;s08e04_056;tbbt_s08e04.mp4;459.79;466.18;no
55040;Raj, in a red and blue track jacket, presses his palms together and taps his fingers excitedly, smiling on the couch.;s02e21_065;tbbt_s02e21.mp4;538.25;548.88;no
62276;Sheldon walks up and flips the light switch to turn off the lights in the laundry room.;s06e07_113;tbbt_s06e07.mp4;1102.43;1117.74;no
18709;Penny happily jumps toward Leonard on the sofa to give him a hug.;s09e22_001;tbbt_s09e22.mp4;0.00;12.30;no
16404;Bernadette, in a blue floral dress, reaches out and holds Howard's hand to comfort him while they are eating dinner.;s02e21_085;tbbt_s02e21.mp4;744.18;758.63;no
80227;Leonard, in a costume, closes his front door quickly and locks it.;s01e06_018;tbbt_s01e06.mp4;234.28;249.46;no
79007;A shot of Sheldon standing at the kitchen island in front of a row of toast, while Bernadette sits across from him.;s08e08_069;tbbt_s08e08.mp4;494.45;499.58;no
11659;Leonard, in a black suit, comes into the apartment and slams the door, then Howard looks at his watch.;s02e01_111;tbbt_s02e01.mp4;1096.76;1108.69;no
11656;Sheldon lays down some cards in a couple of places on the table while playing a card game with bored Raj and Howard.;s05e13_057;tbbt_s05e13.mp4;622.96;634.88;no
62276;Sheldon walks up and flips the light switch to turn off the lights in the laundry room.;s01e06_107;tbbt_s01e06.mp4;1175.09;1187.69;no
18709;Penny happily jumps toward Leonard on the sofa to give him a hug.;s03e15_102;tbbt_s03e15.mp4;905.57;918.17;no
80587;Leonard and Sheldon grab bottles from the kitchen island, then Sheldon sits on the couch while Leonard leans against the wall, still talking.;s04e12_027;tbbt_s04e12.mp4;268.91;281.46;no
16404;Bernadette, in a blue floral dress, reaches out and holds Howard's hand to comfort him while they are eating dinner.;s08e08_005;tbbt_s08e08.mp4;41.33;54.43;no
58103;Sheldon, in a grey shirt, hands Amy, in a purple sweater next to him, food wrapped in foil.;s02e01_038;tbbt_s02e01.mp4;367.51;378.30;no
82961;Penny, in a red blouse, and Leonard both look down while sitting on the couch and Penny puts her hand on his shoulder.;s06e01_076;tbbt_s06e01.mp4;813.81;827.81;no
28861;While Penny, Amy, and Bernadette are unboxing something, Leonard knocks on Penny's opened door.;s06e07_112;tbbt_s06e07.mp4;1088.14;1102.43;no
33248;Sheldon is being clipped in by the instructor to climb the wall.;s03e15_099;tbbt_s03e15.mp4;867.78;880.38;no
5090003;The bird flies into the apartment through the open window.;s05e09_081;tbbt_s05e09.mp4;653.95;657.03;no
3372;Penny wipes the cream off the spatula with a tissue.;s03e15_114;tbbt_s03e15.mp4;1057.14;1060.93;no
79987;Sheldon stands with one arm stretched straight up and the other arm down at his side, bending his body backward, looking around, uncomfortable.;s02e13_044;tbbt_s02e13.mp4;478.49;490.68;no
19965;Penny looks up and winks at someone, making a finger gun gesture.;s07e13_002;tbbt_s07e13.mp4;12.29;22.91;no
11659;Leonard, in a black suit, comes into the apartment and slams the door, then Howard looks at his watch.;s02e01_112;tbbt_s02e01.mp4;1108.69;1120.62;no
11679;Leonard, in a black suit, is looking at his computer while talking to his friends, who are playing a board game at the glass table.;s04e12_122;tbbt_s04e12.mp4;1018.10;1024.23;no
15751;Raj, while holding a beer bottle, reaches out and slaps Leonard on the back while he eats his food.;s01e01_057;tbbt_s01e01.mp4;557.60;562.06;no
11646;Leonard rolls onto his side toward Penny, while they are lying together in bed on orange pillows.;s03e15_112;tbbt_s03e15.mp4;1036.93;1047.03;no
15762;Lucy puts aside an orange napkin and rushes away from the table where Amy and Raj are sitting.;s02e21_115;tbbt_s02e21.mp4;1090.77;1101.85;no
11644;Penny, in a red dress, rests her arms on Leonard's shoulder while smiling at him, as Amy, in a blue dress, stands at the doorway.;s01e01_001;tbbt_s01e01.mp4;0.00;14.18;no
11656;Sheldon lays down some cards in a couple of places on the table while playing a card game with bored Raj and Howard.;s06e01_075;tbbt_s06e01.mp4;805.20;813.81;no
19960;Raj raises his beer and then takes a sip of it, at the bowling lane.;s03e19_150;tbbt_s03e19.mp4;1054.76;1061.56;no
11646;Leonard rolls onto his side toward Penny, while they are lying together in bed on orange pillows.;s05e13_068;tbbt_s05e13.mp4;759.47;773.18;no
96016;The nurse takes off her glasses, walks over and looks underneath Howard's purple blanket.;s04e01_119;tbbt_s04e01.mp4;1137.01;1147.65;no
4060;A wide shot of Stuart, Howard and Bernadette sitting down together in a cozy, antique-filled living room.;s06e07_067;tbbt_s06e07.mp4;622.37;635.93;no
3394;Bernadette adjusts her glasses when she's talking to Howard online.;s09e22_033;tbbt_s09e22.mp4;386.98;400.25;no
42301;Sheldon, standing in front of a bookcase, near the window with drapes, dials a number on his cell phone.;s08e08_079;tbbt_s08e08.mp4;569.07;575.16;no
80227;Leonard, in a costume, closes his front door quickly and locks it.;s01e06_004;tbbt_s01e06.mp4;35.56;46.42;no
80591;Leonard walks to the door, lets in Howard holding a CD and Raj, who is wearing a red hat.;s08e04_065;tbbt_s08e04.mp4;513.20;521.52;no
15762;Lucy puts aside an orange napkin and rushes away from the table where Amy and Raj are sitting.;s06e24_057;tbbt_s06e24.mp4;549.67;558.10;no
11644;Penny, in a red dress, rests her arms on Leonard's shoulder while smiling at him, as Amy, in a blue dress, stands at the doorway.;s08e08_094;tbbt_s08e08.mp4;698.24;701.83;no
11659;Leonard, in a black suit, comes into the apartment and slams the door, then Howard looks at his watch.;s08e08_139;tbbt_s08e08.mp4;1128.21;1134.13;no
84012;Sheldon, in a purple shirt with black sleeves, suddenly moves his body while sitting on the couch and starts to clap as he is singing a song.;s08e04_056;tbbt_s08e04.mp4;459.79;466.18;no
80591;Leonard walks to the door, lets in Howard holding a CD and Raj, who is wearing a red hat.;s01e01_114;tbbt_s01e01.mp4;1038.75;1051.51;no
96016;The nurse takes off her glasses, walks over and looks underneath Howard's purple blanket.;s05e13_016;tbbt_s05e13.mp4;178.90;193.15;no
46843;Penny puts her wine glass on the table and gets down on one knee in front of Leonard.;s09e22_045;tbbt_s09e22.mp4;534.93;548.28;no
79007;A shot of Sheldon standing at the kitchen island in front of a row of toast, while Bernadette sits across from him.;s08e08_074;tbbt_s08e08.mp4;521.52;529.40;no
79981;Leonard grabs Penny by the arms and walks her back a few steps, while standing in the living room in front of Sheldon.;s05e13_116;tbbt_s05e13.mp4;1172.84;1183.18;no
11659;Leonard, in a black suit, comes into the apartment and slams the door, then Howard looks at his watch.;s07e13_049;tbbt_s07e13.mp4;478.39;487.80;no
296;Sheldon, with a bird on his arm, picks up a cup from a table near the sofa and offers it to the bird, which takes it.;s05e09_085;tbbt_s05e09.mp4;686.48;696.03;no
82961;Penny, in a red blouse, and Leonard both look down while sitting on the couch and Penny puts her hand on his shoulder.;s01e01_114;tbbt_s01e01.mp4;1038.75;1051.51;no
38099;Raj jumps into the apartment wearing a Flash costume.;s03e19_045;tbbt_s03e19.mp4;366.24;378.99;no
3394;Bernadette adjusts her glasses when she's talking to Howard online.;s06e01_044;tbbt_s06e01.mp4;449.12;459.79;no
29607;Leonard leaves Penny's apartment door to go inside his apartment and looks up at the camera.;s05e09_006;tbbt_s05e09.mp4;54.81;67.40;no
58103;Sheldon, in a grey shirt, hands Amy, in a purple sweater next to him, food wrapped in foil.;s03e19_146;tbbt_s03e19.mp4;1036.12;1040.25;no
3372;Penny wipes the cream off the spatula with a tissue.;s04e12_024;tbbt_s04e12.mp4;233.15;243.83;no
88802;A bartender hands Raj a mint green drink and Leonard a beer bottle, at the bar.;s02e21_083;tbbt_s02e21.mp4;724.93;734.90;no
58103;Sheldon, in a grey shirt, hands Amy, in a purple sweater next to him, food wrapped in foil.;s06e24_068;tbbt_s06e24.mp4;624.65;637.42;no
3372;Penny wipes the cream off the spatula with a tissue.;s02e21_046;tbbt_s02e21.mp4;395.60;400.69;no
29596;Sheldon, in green plaid pajamas, slumps from the headrest of the armchair down into the chair and makes a shushing gesture.;s02e01_116;tbbt_s02e01.mp4;1144.02;1149.40;no
80587;Leonard and Sheldon grab bottles from the kitchen island, then Sheldon sits on the couch while Leonard leans against the wall, still talking.;s02e13_099;tbbt_s02e13.mp4;1017.81;1027.46;no
62276;Sheldon walks up and flips the light switch to turn off the lights in the laundry room.;s03e15_099;tbbt_s03e15.mp4;867.78;880.38;no
15762;Lucy puts aside an orange napkin and rushes away from the table where Amy and Raj are sitting.;s09e22_037;tbbt_s09e22.mp4;440.05;453.32;no
29607;Leonard leaves Penny's apartment door to go inside his apartment and looks up at the camera.;s07e13_008;tbbt_s07e13.mp4;83.08;89.26;no
55040;Raj, in a red and blue track jacket, presses his palms together and taps his fingers excitedly, smiling on the couch.;s08e08_040;tbbt_s08e08.mp4;294.79;303.30;no
80227;Leonard, in a costume, closes his front door quickly and locks it.;s02e21_052;tbbt_s02e21.mp4;450.24;461.96;no
19965;Penny looks up and winks at someone, making a finger gun gesture.;s08e04_013;tbbt_s08e04.mp4;138.35;146.52;no
82961;Penny, in a red blouse, and Leonard both look down while sitting on the couch and Penny puts her hand on his shoulder.;s08e04_121;tbbt_s08e04.mp4;1013.76;1028.03;no
79987;Sheldon stands with one arm stretched straight up and the other arm down at his side, bending his body backward, looking around, uncomfortable.;s04e12_084;tbbt_s04e12.mp4;715.92;722.80;no
91631;Sheldon enters the bar and sits on a stool in front of Penny, with a snack lying on the bar counter.;s06e24_068;tbbt_s06e24.mp4;624.65;637.42;no
84012;Sheldon, in a purple shirt with black sleeves, suddenly moves his body while sitting on the couch and starts to clap as he is singing a song.;s03e15_090;tbbt_s03e15.mp4;772.52;778.15;no
79987;Sheldon stands with one arm stretched straight up and the other arm down at his side, bending his body backward, looking around, uncomfortable.;s07e13_009;tbbt_s07e13.mp4;89.26;102.85;no
3022;Penny pulls back the shower curtain and climbs inside the shower.;s01e01_105;tbbt_s01e01.mp4;926.93;940.25;no
291;Amy and Bernadette look at a bird on the couch, then turn to Sheldon standing in the doorway with crossed arms.;s05e13_010;tbbt_s05e13.mp4;102.60;106.19;no
3366;Raj lifts up his foot above the table at the canteen to show Sheldon and Leonard that he's wearing sandals.;s01e01_004;tbbt_s01e01.mp4;28.24;35.77;no
80587;Leonard and Sheldon grab bottles from the kitchen island, then Sheldon sits on the couch while Leonard leans against the wall, still talking.;s04e12_023;tbbt_s04e12.mp4;222.47;233.15;no
37856;Penny sits beside Sheldon on the couch with a bowl in her hand and covers herself with the blanket.;s02e21_129;tbbt_s02e21.mp4;1185.42;1199.66;no
7725;Penny, standing, leans forward and looks at Sheldon, who is sitting on the couch, with her hands on her knees.;s02e21_110;tbbt_s02e21.mp4;1026.78;1040.94;no
33248;Sheldon is being clipped in by the instructor to climb the wall.;s05e13_034;tbbt_s05e13.mp4;363.74;368.08;no
79987;Sheldon stands with one arm stretched straight up and the other arm down at his side, bending his body backward, looking around, uncomfortable.;s03e19_083;tbbt_s03e19.mp4;633.26;640.64;no
3022;Penny pulls back the shower curtain and climbs inside the shower.;s03e15_118;tbbt_s03e15.mp4;1091.62;1106.41;no
11646;Leonard rolls onto his side toward Penny, while they are lying together in bed on orange pillows.;s03e19_006;tbbt_s03e19.mp4;47.42;50.68;no
38416;Penny sits in the back seat and shrugs her shoulders twice as they all drive in a car.;s07e13_137;tbbt_s07e13.mp4;1185.23;1199.71;no
51045;Sheldon quickly drinks his whole drink while holding a red straw, then makes a happy face, at the bar.;s02e21_067;tbbt_s02e21.mp4;559.52;564.94;no
34121;Howard, while in the bathroom with Leonard, goes to the sink and washes his hands.;s08e04_054;tbbt_s08e04.mp4;447.28;452.62;no
19960;Raj raises his beer and then takes a sip of it, at the bowling lane.;s09e22_080;tbbt_s09e22.mp4;1022.44;1036.67;no
15751;Raj, while holding a beer bottle, reaches out and slaps Leonard on the back while he eats his food.;s08e08_009;tbbt_s08e08.mp4;80.58;85.17;no
51045;Sheldon quickly drinks his whole drink while holding a red straw, then makes a happy face, at the bar.;s09e22_067;tbbt_s09e22.mp4;838.28;851.75;no
40031;Leonard and Penny kiss in the hall and a camera on the wall watches them.;s09e22_069;tbbt_s09e22.mp4;865.31;878.87;no
80227;Leonard, in a costume, closes his front door quickly and locks it.;s02e21_133;tbbt_s02e21.mp4;1242.41;1254.24;no
91631;Sheldon enters the bar and sits on a stool in front of Penny, with a snack lying on the bar counter.;s06e07_087;tbbt_s06e07.mp4;833.44;848.10;no
37856;Penny sits beside Sheldon on the couch with a bowl in her hand and covers herself with the blanket.;s08e04_024;tbbt_s08e04.mp4;216.47;222.47;no
62276;Sheldon walks up and flips the light switch to turn off the lights in the laundry room.;s08e08_139;tbbt_s08e08.mp4;1128.21;1134.13;no
11644;Penny, in a red dress, rests her arms on Leonard's shoulder while smiling at him, as Amy, in a blue dress, stands at the doorway.;s05e09_137;tbbt_s05e09.mp4;1219.63;1230.40;yes
42301;Sheldon, standing in front of a bookcase, near the window with drapes, dials a number on his cell phone.;s05e09_080;tbbt_s05e09.mp4;642.69;653.95;no
3394;Bernadette adjusts her glasses when she's talking to Howard online.;s05e09_120;tbbt_s05e09.mp4;1065.12;1079.27;no
13987;The robotic hand drops the small package into Penny's hand, which she holds out expectantly.;s06e01_038;tbbt_s06e01.mp4;401.15;413.20;no
79987;Sheldon stands with one arm stretched straight up and the other arm down at his side, bending his body backward, looking around, uncomfortable.;s06e07_120;tbbt_s06e07.mp4;1164.45;1169.96;no
84012;Sheldon, in a purple shirt with black sleeves, suddenly moves his body while sitting on the couch and starts to clap as he is singing a song.;s04e12_048;tbbt_s04e12.mp4;450.74;460.67;no
11644;Penny, in a red dress, rests her arms on Leonard's shoulder while smiling at him, as Amy, in a blue dress, stands at the doorway.;s05e13_062;tbbt_s05e13.mp4;679.60;693.32;no
91631;Sheldon enters the bar and sits on a stool in front of Penny, with a snack lying on the bar counter.;s06e24_094;tbbt_s06e24.mp4;824.37;831.46;no
15751;Raj, while holding a beer bottle, reaches out and slaps Leonard on the back while he eats his food.;s06e24_009;tbbt_s06e24.mp4;65.57;79.12;no
96015;Leonard and Raj slowly walk through a doorway into a clinic pulling a robotic arm that is attached, underneath a blanket, to Howard.;s07e13_113;tbbt_s07e13.mp4;955.96;963.42;no
80596;Sheldon, in plaid pants, slides to his spot on the couch after Penny gets up.;s02e01_106;tbbt_s02e01.mp4;1065.52;1069.90;no
4060;A wide shot of Stuart, Howard and Bernadette sitting down together in a cozy, antique-filled living room.;s08e04_010;tbbt_s08e04.mp4;104.09;117.13;no
11659;Leonard, in a black suit, comes into the apartment and slams the door, then Howard looks at his watch.;s08e04_071;tbbt_s08e04.mp4;549.76;556.26;no
78581;Howard is struggling to take a black bowling ball from the tray.;s03e19_063;tbbt_s03e19.mp4;507.21;513.22;no
33248;Sheldon is being clipped in by the instructor to climb the wall.;s06e07_045;tbbt_s06e07.mp4;404.70;414.87;no
3394;Bernadette adjusts her glasses when she's talking to Howard online.;s08e08_056;tbbt_s08e08.mp4;391.52;396.90;no
78581;Howard is struggling to take a black bowling ball from the tray.;s03e19_067;tbbt_s03e19.mp4;529.40;534.03;no
79987;Sheldon stands with one arm stretched straight up and the other arm down at his side, bending his body backward, looking around, uncomfortable.;s02e01_125;tbbt_s02e01.mp4;1193.28;1205.66;no
3394;Bernadette adjusts her glasses when she's talking to Howard online.;s05e13_020;tbbt_s05e13.mp4;216.31;227.88;no
3372;Penny wipes the cream off the spatula with a tissue.;s03e15_115;tbbt_s03e15.mp4;1060.93;1069.36;no
9411;A shot of the laptop screen, where Amy reaches forward and presses a button that shuts the video off.;s07e13_109;tbbt_s07e13.mp4;934.06;942.52;no
86431;Penny catches Leonard and Sheldon staring at her from the hallway.;s07e13_132;tbbt_s07e13.mp4;1139.42;1151.40;no
11659;Leonard, in a black suit, comes into the apartment and slams the door, then Howard looks at his watch.;s01e01_019;tbbt_s01e01.mp4;170.40;182.08;no
96015;Leonard and Raj slowly walk through a doorway into a clinic pulling a robotic arm that is attached, underneath a blanket, to Howard.;s02e21_048;tbbt_s02e21.mp4;412.45;425.72;no
58103;Sheldon, in a grey shirt, hands Amy, in a purple sweater next to him, food wrapped in foil.;s09e22_004;tbbt_s09e22.mp4;25.80;34.99;no
80596;Sheldon, in plaid pants, slides to his spot on the couch after Penny gets up.;s02e01_117;tbbt_s02e01.mp4;1149.40;1156.49;no
7725;Penny, standing, leans forward and looks at Sheldon, who is sitting on the couch, with her hands on her knees.;s07e13_128;tbbt_s07e13.mp4;1095.80;1103.48;no
3366;Raj lifts up his foot above the table at the canteen to show Sheldon and Leonard that he's wearing sandals.;s09e22_038;tbbt_s09e22.mp4;453.32;466.59;no
83407;Bernadette touches a red dress that Amy is holding up as they stand in front of the blue couch.;s08e04_127;tbbt_s08e04.mp4;1069.57;1082.71;no
11656;Sheldon lays down some cards in a couple of places on the table while playing a card game with bored Raj and Howard.;s05e13_030;tbbt_s05e13.mp4;330.60;340.59;no
5090003;The bird flies into the apartment through the open window.;s05e09_022;tbbt_s05e09.mp4;172.03;181.22;no
86431;Penny catches Leonard and Sheldon staring at her from the hallway.;s01e01_001;tbbt_s01e01.mp4;0.00;14.18;no
45195;Sheldon reaches for his wallet in his jacket pocket while sitting at the restaurant with Amy.;s05e13_045;tbbt_s05e13.mp4;459.45;473.55;no
3394;Bernadette adjusts her glasses when she's talking to Howard online.;s06e07_041;tbbt_s06e07.mp4;364.74;373.29;no
82961;Penny, in a red blouse, and Leonard both look down while sitting on the couch and Penny puts her hand on his shoulder.;s01e06_096;tbbt_s01e06.mp4;1065.26;1079.98;no
62276;Sheldon walks up and flips the light switch to turn off the lights in the laundry room.;s02e21_130;tbbt_s02e21.mp4;1199.66;1213.91;no
80591;Leonard walks to the door, lets in Howard holding a CD and Raj, who is wearing a red hat.;s03e15_121;tbbt_s03e15.mp4;1134.78;1147.03;no
80591;Leonard walks to the door, lets in Howard holding a CD and Raj, who is wearing a red hat.;s07e13_017;tbbt_s07e13.mp4;193.24;205.31;no
62276;Sheldon walks up and flips the light switch to turn off the lights in the laundry room.;s02e01_079;tbbt_s02e01.mp4;802.93;809.35;no
88802;A bartender hands Raj a mint green drink and Leonard a beer bottle, at the bar.;s02e21_081;tbbt_s02e21.mp4;709.71;712.79;no
80227;Leonard, in a costume, closes his front door quickly and locks it.;s03e15_121;tbbt_s03e15.mp4;1134.78;1147.03;no
37856;Penny sits beside Sheldon on the couch with a bowl in her hand and covers herself with the blanket.;s08e04_023;tbbt_s08e04.mp4;210.50;216.47;no
4060;A wide shot of Stuart, Howard and Bernadette sitting down together in a cozy, antique-filled living room.;s05e09_019;tbbt_s05e09.mp4;129.25;134.55;no
91631;Sheldon enters the bar and sits on a stool in front of Penny, with a snack lying on the bar counter.;s09e22_032;tbbt_s09e22.mp4;373.71;386.98;no
291;Amy and Bernadette look at a bird on the couch, then turn to Sheldon standing in the doorway with crossed arms.;s05e09_114;tbbt_s05e09.mp4;987.57;998.04;no
7130004;A shot of a busy multi-lane highway with cars driving in both directions, trees lining the roadside.;s06e24_018;tbbt_s06e24.mp4;146.02;156.28;no
53286;Leonard, in a red robe, looks at the ground and blinks a couple of times, then takes the money from Sheldon's hand.;s09e22_089;tbbt_s09e22.mp4;1146.75;1158.45;no
46843;Penny puts her wine glass on the table and gets down on one knee in front of Leonard.;s05e09_086;tbbt_s05e09.mp4;696.03;708.42;no
3372;Penny wipes the cream off the spatula with a tissue.;s08e04_044;tbbt_s08e04.mp4;395.39;400.86;no
80587;Leonard and Sheldon grab bottles from the kitchen island, then Sheldon sits on the couch while Leonard leans against the wall, still talking.;s04e12_036;tbbt_s04e12.mp4;358.90;366.41;no
3372;Penny wipes the cream off the spatula with a tissue.;s04e12_031;tbbt_s04e12.mp4;304.68;316.07;no
11646;Leonard rolls onto his side toward Penny, while they are lying together in bed on orange pillows.;s05e13_064;tbbt_s05e13.mp4;704.62;718.33;no
3394;Bernadette adjusts her glasses when she's talking to Howard online.;s06e24_052;tbbt_s06e24.mp4;517.06;523.06;no
80227;Leonard, in a costume, closes his front door quickly and locks it.;s01e01_027;tbbt_s01e01.mp4;250.00;257.59;no
11646;Leonard rolls onto his side toward Penny, while they are lying together in bed on orange pillows.;s03e15_113;tbbt_s03e15.mp4;1047.03;1057.14;no
78581;Howard is struggling to take a black bowling ball from the tray.;s03e15_041;tbbt_s03e15.mp4;307.59;321.84;no
79981;Leonard grabs Penny by the arms and walks her back a few steps, while standing in the living room in front of Sheldon.;s09e22_026;tbbt_s09e22.mp4;304.76;319.61;no
84012;Sheldon, in a purple shirt with black sleeves, suddenly moves his body while sitting on the couch and starts to clap as he is singing a song.;s09e22_022;tbbt_s09e22.mp4;252.93;265.89;no
3022;Penny pulls back the shower curtain and climbs inside the shower.;s05e13_015;tbbt_s05e13.mp4;164.65;178.90;no
3366;Raj lifts up his foot above the table at the canteen to show Sheldon and Leonard that he's wearing sandals.;s04e12_148;tbbt_s04e12.mp4;1225.27;1236.86;no
15762;Lucy puts aside an orange napkin and rushes away from the table where Amy and Raj are sitting.;s08e04_113;tbbt_s08e04.mp4;930.43;944.11;no
3366;Raj lifts up his foot above the table at the canteen to show Sheldon and Leonard that he's wearing sandals.;s02e21_049;tbbt_s02e21.mp4;425.72;433.29;no
96015;Leonard and Raj slowly walk through a doorway into a clinic pulling a robotic arm that is attached, underneath a blanket, to Howard.;s02e01_011;tbbt_s02e01.mp4;93.84;105.27;no
80227;Leonard, in a costume, closes his front door quickly and locks it.;s06e07_112;tbbt_s06e07.mp4;1088.14;1102.43;no
11656;Sheldon lays down some cards in a couple of places on the table while playing a card game with bored Raj and Howard.;s06e24_008;tbbt_s06e24.mp4;52.01;65.57;no
79987;Sheldon stands with one arm stretched straight up and the other arm down at his side, bending his body backward, looking around, uncomfortable.;s07e13_020;tbbt_s07e13.mp4;227.60;236.69;no
38099;Raj jumps into the apartment wearing a Flash costume.;s08e04_071;tbbt_s08e04.mp4;549.76;556.26;no
80591;Leonard walks to the door, lets in Howard holding a CD and Raj, who is wearing a red hat.;s07e13_005;tbbt_s07e13.mp4;47.04;59.05;no
28861;While Penny, Amy, and Bernadette are unboxing something, Leonard knocks on Penny's opened door.;s03e15_052;tbbt_s03e15.mp4;454.54;467.31;no
55040;Raj, in a red and blue track jacket, presses his palms together and taps his fingers excitedly, smiling on the couch.;s02e21_067;tbbt_s02e21.mp4;559.52;564.94;no
58103;Sheldon, in a grey shirt, hands Amy, in a purple sweater next to him, food wrapped in foil.;s02e21_129;tbbt_s02e21.mp4;1185.42;1199.66;no
34121;Howard, while in the bathroom with Leonard, goes to the sink and washes his hands.;s02e13_073;tbbt_s02e13.mp4;813.37;826.35;no
78581;Howard is struggling to take a black bowling ball from the tray.;s06e24_005;tbbt_s06e24.mp4;32.49;37.45;no
7725;Penny, standing, leans forward and looks at Sheldon, who is sitting on the couch, with her hands on her knees.;s02e21_111;tbbt_s02e21.mp4;1040.94;1055.10;no
79987;Sheldon stands with one arm stretched straight up and the other arm down at his side, bending his body backward, looking around, uncomfortable.;s04e01_120;tbbt_s04e01.mp4;1147.65;1154.53;no
55040;Raj, in a red and blue track jacket, presses his palms together and taps his fingers excitedly, smiling on the couch.;s02e21_025;tbbt_s02e21.mp4;214.59;227.89;no
28861;While Penny, Amy, and Bernadette are unboxing something, Leonard knocks on Penny's opened door.;s08e04_125;tbbt_s08e04.mp4;1057.93;1066.23;no
7130004;A shot of a busy multi-lane highway with cars driving in both directions, trees lining the roadside.;s01e01_136;tbbt_s01e01.mp4;1300.87;1313.65;no
18709;Penny happily jumps toward Leonard on the sofa to give him a hug.;s01e06_096;tbbt_s01e06.mp4;1065.26;1079.98;no
11656;Sheldon lays down some cards in a couple of places on the table while playing a card game with bored Raj and Howard.;s03e19_041;tbbt_s03e19.mp4;324.82;335.44;no
3022;Penny pulls back the shower curtain and climbs inside the shower.;s02e21_055;tbbt_s02e21.mp4;485.65;490.12;no
45195;Sheldon reaches for his wallet in his jacket pocket while sitting at the restaurant with Amy.;s06e07_089;tbbt_s06e07.mp4;862.76;877.42;no
4060;A wide shot of Stuart, Howard and Bernadette sitting down together in a cozy, antique-filled living room.;s06e07_110;tbbt_s06e07.mp4;1059.55;1073.84;no
79981;Leonard grabs Penny by the arms and walks her back a few steps, while standing in the living room in front of Sheldon.;s07e13_017;tbbt_s07e13.mp4;193.24;205.31;no
40031;Leonard and Penny kiss in the hall and a camera on the wall watches them.;s08e04_096;tbbt_s08e04.mp4;745.15;759.65;no
58103;Sheldon, in a grey shirt, hands Amy, in a purple sweater next to him, food wrapped in foil.;s08e08_061;tbbt_s08e08.mp4;430.40;441.22;no
38416;Penny sits in the back seat and shrugs her shoulders twice as they all drive in a car.;s07e13_071;tbbt_s07e13.mp4;647.69;654.03;no
80591;Leonard walks to the door, lets in Howard holding a CD and Raj, who is wearing a red hat.;s03e15_085;tbbt_s03e15.mp4;731.98;741.45;no
51045;Sheldon quickly drinks his whole drink while holding a red straw, then makes a happy face, at the bar.;s06e24_098;tbbt_s06e24.mp4;847.47;857.61;no
84012;Sheldon, in a purple shirt with black sleeves, suddenly moves his body while sitting on the couch and starts to clap as he is singing a song.;s01e01_069;tbbt_s01e01.mp4;639.85;650.57;no
19965;Penny looks up and winks at someone, making a finger gun gesture.;s08e04_079;tbbt_s08e04.mp4;592.47;597.39;no
19965;Penny looks up and winks at someone, making a finger gun gesture.;s08e08_032;tbbt_s08e08.mp4;230.94;239.24;no
42301;Sheldon, standing in front of a bookcase, near the window with drapes, dials a number on his cell phone.;s03e15_126;tbbt_s03e15.mp4;1179.43;1190.56;no
3022;Penny pulls back the shower curtain and climbs inside the shower.;s02e21_133;tbbt_s02e21.mp4;1242.41;1254.24;no
33248;Sheldon is being clipped in by the instructor to climb the wall.;s03e15_031;tbbt_s03e15.mp4;218.12;231.81;no
7130004;A shot of a busy multi-lane highway with cars driving in both directions, trees lining the roadside.;s06e24_011;tbbt_s06e24.mp4;88.01;100.39;no
11679;Leonard, in a black suit, is looking at his computer while talking to his friends, who are playing a board game at the glass table.;s02e21_050;tbbt_s02e21.mp4;433.29;440.86;no
5090003;The bird flies into the apartment through the open window.;s05e09_021;tbbt_s05e09.mp4;162.84;172.03;no
83407;Bernadette touches a red dress that Amy is holding up as they stand in front of the blue couch.;s01e06_092;tbbt_s01e06.mp4;1020.56;1028.19;no
15751;Raj, while holding a beer bottle, reaches out and slaps Leonard on the back while he eats his food.;s04e01_022;tbbt_s04e01.mp4;201.41;204.50;no
11656;Sheldon lays down some cards in a couple of places on the table while playing a card game with bored Raj and Howard.;s04e12_090;tbbt_s04e12.mp4;753.63;758.47;no
11679;Leonard, in a black suit, is looking at his computer while talking to his friends, who are playing a board game at the glass table.;s08e08_090;tbbt_s08e08.mp4;653.30;667.54;no
79007;A shot of Sheldon standing at the kitchen island in front of a row of toast, while Bernadette sits across from him.;s08e04_107;tbbt_s08e04.mp4;854.06;866.79;no
3372;Penny wipes the cream off the spatula with a tissue.;s04e01_026;tbbt_s04e01.mp4;219.55;226.18;no
55040;Raj, in a red and blue track jacket, presses his palms together and taps his fingers excitedly, smiling on the couch.;s08e04_009;tbbt_s08e04.mp4;71.24;79.10;no
33248;Sheldon is being clipped in by the instructor to climb the wall.;s02e13_087;tbbt_s02e13.mp4;944.28;947.28;no
3372;Penny wipes the cream off the spatula with a tissue.;s08e04_076;tbbt_s08e04.mp4;577.70;582.79;no
291;Amy and Bernadette look at a bird on the couch, then turn to Sheldon standing in the doorway with crossed arms.;s07e13_013;tbbt_s07e13.mp4;128.34;138.81;no
80227;Leonard, in a costume, closes his front door quickly and locks it.;s01e06_081;tbbt_s01e06.mp4;927.18;935.18;no
296;Sheldon, with a bird on his arm, picks up a cup from a table near the sofa and offers it to the bird, which takes it.;s01e06_088;tbbt_s01e06.mp4;985.44;998.08;no
11659;Leonard, in a black suit, comes into the apartment and slams the door, then Howard looks at his watch.;s02e21_043;tbbt_s02e21.mp4;380.09;385.26;no
84012;Sheldon, in a purple shirt with black sleeves, suddenly moves his body while sitting on the couch and starts to clap as he is singing a song.;s02e01_092;tbbt_s02e01.mp4;925.46;940.02;no
58103;Sheldon, in a grey shirt, hands Amy, in a purple sweater next to him, food wrapped in foil.;s02e21_095;tbbt_s02e21.mp4;871.37;882.09;no
11659;Leonard, in a black suit, comes into the apartment and slams the door, then Howard looks at his watch.;s08e08_091;tbbt_s08e08.mp4;667.54;682.14;no
38416;Penny sits in the back seat and shrugs her shoulders twice as they all drive in a car.;s04e01_068;tbbt_s04e01.mp4;673.08;685.52;no
4060;A wide shot of Stuart, Howard and Bernadette sitting down together in a cozy, antique-filled living room.;s06e01_076;tbbt_s06e01.mp4;813.81;827.81;no
79007;A shot of Sheldon standing at the kitchen island in front of a row of toast, while Bernadette sits across from him.;s08e08_017;tbbt_s08e08.mp4;151.32;156.11;no
84012;Sheldon, in a purple shirt with black sleeves, suddenly moves his body while sitting on the couch and starts to clap as he is singing a song.;s04e12_041;tbbt_s04e12.mp4;397.61;411.62;no
3370;Penny applies white cream with a spatula on Amy's face between her lip and her nose.;s03e15_128;tbbt_s03e15.mp4;1201.70;1208.08;no
80227;Leonard, in a costume, closes his front door quickly and locks it.;s08e08_139;tbbt_s08e08.mp4;1128.21;1134.13;no
15751;Raj, while holding a beer bottle, reaches out and slaps Leonard on the back while he eats his food.;s03e15_067;tbbt_s03e15.mp4;594.09;602.94;no
46843;Penny puts her wine glass on the table and gets down on one knee in front of Leonard.;s05e09_074;tbbt_s05e09.mp4;557.77;572.24;no
84012;Sheldon, in a purple shirt with black sleeves, suddenly moves his body while sitting on the couch and starts to clap as he is singing a song.;s02e13_072;tbbt_s02e13.mp4;800.38;813.37;no
79981;Leonard grabs Penny by the arms and walks her back a few steps, while standing in the living room in front of Sheldon.;s09e22_001;tbbt_s09e22.mp4;0.00;12.30;no
82961;Penny, in a red blouse, and Leonard both look down while sitting on the couch and Penny puts her hand on his shoulder.;s03e15_043;tbbt_s03e15.mp4;336.09;350.34;no
11644;Penny, in a red dress, rests her arms on Leonard's shoulder while smiling at him, as Amy, in a blue dress, stands at the doorway.;s08e08_075;tbbt_s08e08.mp4;529.40;539.75;no
18709;Penny happily jumps toward Leonard on the sofa to give him a hug.;s03e19_006;tbbt_s03e19.mp4;47.42;50.68;no
78581;Howard is struggling to take a black bowling ball from the tray.;s03e19_142;tbbt_s03e19.mp4;1000.92;1005.00;no
34121;Howard, while in the bathroom with Leonard, goes to the sink and washes his hands.;s02e21_045;tbbt_s02e21.mp4;390.43;395.60;no
91631;Sheldon enters the bar and sits on a stool in front of Penny, with a snack lying on the bar counter.;s06e24_098;tbbt_s06e24.mp4;847.47;857.61;no
19965;Penny looks up and winks at someone, making a finger gun gesture.;s08e04_026;tbbt_s08e04.mp4;225.81;234.73;no
58103;Sheldon, in a grey shirt, hands Amy, in a purple sweater next to him, food wrapped in foil.;s04e12_004;tbbt_s04e12.mp4;44.02;57.72;no
91631;Sheldon enters the bar and sits on a stool in front of Penny, with a snack lying on the bar counter.;s06e07_090;tbbt_s06e07.mp4;877.42;892.08;no
296;Sheldon, with a bird on his arm, picks up a cup from a table near the sofa and offers it to the bird, which takes it.;s05e09_116;tbbt_s05e09.mp4;1008.51;1022.66;no
5090003;The bird flies into the apartment through the open window.;s05e09_036;tbbt_s05e09.mp4;283.93;297.05;no
3366;Raj lifts up his foot above the table at the canteen to show Sheldon and Leonard that he's wearing sandals.;s02e13_006;tbbt_s02e13.mp4;63.84;77.54;no
82961;Penny, in a red blouse, and Leonard both look down while sitting on the couch and Penny puts her hand on his shoulder.;s03e15_041;tbbt_s03e15.mp4;307.59;321.84;no
18709;Penny happily jumps toward Leonard on the sofa to give him a hug.;s01e06_099;tbbt_s01e06.mp4;1109.41;1124.13;no
84012;Sheldon, in a purple shirt with black sleeves, suddenly moves his body while sitting on the couch and starts to clap as he is singing a song.;s01e06_037;tbbt_s01e06.mp4;412.08;418.50;no
79007;A shot of Sheldon standing at the kitchen island in front of a row of toast, while Bernadette sits across from him.;s08e04_076;tbbt_s08e04.mp4;577.70;582.79;no
296;Sheldon, with a bird on his arm, picks up a cup from a table near the sofa and offers it to the bird, which takes it.;s05e09_021;tbbt_s05e09.mp4;162.84;172.03;no
13987;The robotic hand drops the small package into Penny's hand, which she holds out expectantly.;s04e01_017;tbbt_s04e01.mp4;135.84;139.56;no
18709;Penny happily jumps toward Leonard on the sofa to give him a hug.;s01e06_092;tbbt_s01e06.mp4;1020.56;1028.19;no
80591;Leonard walks to the door, lets in Howard holding a CD and Raj, who is wearing a red hat.;s02e21_052;tbbt_s02e21.mp4;450.24;461.96;no
80227;Leonard, in a costume, closes his front door quickly and locks it.;s02e01_131;tbbt_s02e01.mp4;1266.07;1280.15;no
4060;A wide shot of Stuart, Howard and Bernadette sitting down together in a cozy, antique-filled living room.;s03e19_015;tbbt_s03e19.mp4;119.82;123.79;no
4060;A wide shot of Stuart, Howard and Bernadette sitting down together in a cozy, antique-filled living room.;s01e06_048;tbbt_s01e06.mp4;512.51;526.93;no
28861;While Penny, Amy, and Bernadette are unboxing something, Leonard knocks on Penny's opened door.;s05e13_009;tbbt_s05e13.mp4;93.43;102.60;no
34121;Howard, while in the bathroom with Leonard, goes to the sink and washes his hands.;s09e22_068;tbbt_s09e22.mp4;851.75;865.31;no
11679;Leonard, in a black suit, is looking at his computer while talking to his friends, who are playing a board game at the glass table.;s02e21_083;tbbt_s02e21.mp4;724.93;734.90;no
40031;Leonard and Penny kiss in the hall and a camera on the wall watches them.;s01e06_103;tbbt_s01e06.mp4;1158.32;1162.08;no
42301;Sheldon, standing in front of a bookcase, near the window with drapes, dials a number on his cell phone.;s08e08_087;tbbt_s08e08.mp4;623.37;635.05;no
38099;Raj jumps into the apartment wearing a Flash costume.;s05e09_031;tbbt_s05e09.mp4;221.68;228.23;no
58103;Sheldon, in a grey shirt, hands Amy, in a purple sweater next to him, food wrapped in foil.;s03e15_108;tbbt_s03e15.mp4;982.35;996.73;no
3366;Raj lifts up his foot above the table at the canteen to show Sheldon and Leonard that he's wearing sandals.;s03e15_003;tbbt_s03e15.mp4;17.64;25.32;no
37856;Penny sits beside Sheldon on the couch with a bowl in her hand and covers herself with the blanket.;s08e04_020;tbbt_s08e04.mp4;186.81;195.99;no
86431;Penny catches Leonard and Sheldon staring at her from the hallway.;s08e08_094;tbbt_s08e08.mp4;698.24;701.83;no
33248;Sheldon is being clipped in by the instructor to climb the wall.;s06e07_037;tbbt_s06e07.mp4;334.08;347.51;no
88802;A bartender hands Raj a mint green drink and Leonard a beer bottle, at the bar.;s02e21_067;tbbt_s02e21.mp4;559.52;564.94;no
28861;While Penny, Amy, and Bernadette are unboxing something, Leonard knocks on Penny's opened door.;s05e13_005;tbbt_s05e13.mp4;47.01;52.05;no
82961;Penny, in a red blouse, and Leonard both look down while sitting on the couch and Penny puts her hand on his shoulder.;s03e19_075;tbbt_s03e19.mp4;589.55;594.13;no
37856;Penny sits beside Sheldon on the couch with a bowl in her hand and covers herself with the blanket.;s08e04_011;tbbt_s08e04.mp4;117.13;130.17;no
29596;Sheldon, in green plaid pajamas, slumps from the headrest of the armchair down into the chair and makes a shushing gesture.;s02e01_121;tbbt_s02e01.mp4;1169.71;1179.55;no
79007;A shot of Sheldon standing at the kitchen island in front of a row of toast, while Bernadette sits across from him.;s08e04_085;tbbt_s08e04.mp4;628.29;634.55;no
3366;Raj lifts up his foot above the table at the canteen to show Sheldon and Leonard that he's wearing sandals.;s03e15_071;tbbt_s03e15.mp4;621.43;632.17;no
45195;Sheldon reaches for his wallet in his jacket pocket while sitting at the restaurant with Amy.;s06e01_054;tbbt_s06e01.mp4;544.84;559.80;no
4060;A wide shot of Stuart, Howard and Bernadette sitting down together in a cozy, antique-filled living room.;s08e04_065;tbbt_s08e04.mp4;513.20;521.52;no
13987;The robotic hand drops the small package into Penny's hand, which she holds out expectantly.;s06e07_071;tbbt_s06e07.mp4;670.18;682.51;no
16404;Bernadette, in a blue floral dress, reaches out and holds Howard's hand to comfort him while they are eating dinner.;s06e07_103;tbbt_s06e07.mp4;1006.05;1015.10;no
58103;Sheldon, in a grey shirt, hands Amy, in a purple sweater next to him, food wrapped in foil.;s02e21_130;tbbt_s02e21.mp4;1199.66;1213.91;no
18709;Penny happily jumps toward Leonard on the sofa to give him a hug.;s01e06_097;tbbt_s01e06.mp4;1079.98;1094.70;no
80587;Leonard and Sheldon grab bottles from the kitchen island, then Sheldon sits on the couch while Leonard leans against the wall, still talking.;s08e08_035;tbbt_s08e08.mp4;252.88;257.55;no
79007;A shot of Sheldon standing at the kitchen island in front of a row of toast, while Bernadette sits across from him.;s09e22_087;tbbt_s09e22.mp4;1122.04;1135.06;no
79987;Sheldon stands with one arm stretched straight up and the other arm down at his side, bending his body backward, looking around, uncomfortable.;s02e21_041;tbbt_s02e21.mp4;361.69;374.67;no
11644;Penny, in a red dress, rests her arms on Leonard's shoulder while smiling at him, as Amy, in a blue dress, stands at the doorway.;s06e07_110;tbbt_s06e07.mp4;1059.55;1073.84;no
88802;A bartender hands Raj a mint green drink and Leonard a beer bottle, at the bar.;s02e21_079;tbbt_s02e21.mp4;691.95;705.91;no
18709;Penny happily jumps toward Leonard on the sofa to give him a hug.;s05e13_061;tbbt_s05e13.mp4;665.87;679.60;no
62276;Sheldon walks up and flips the light switch to turn off the lights in the laundry room.;s05e13_011;tbbt_s05e13.mp4;106.19;111.65;no
80591;Leonard walks to the door, lets in Howard holding a CD and Raj, who is wearing a red hat.;s01e06_034;tbbt_s01e06.mp4;382.63;393.39;no
11656;Sheldon lays down some cards in a couple of places on the table while playing a card game with bored Raj and Howard.;s06e24_006;tbbt_s06e24.mp4;37.45;44.13;no
3394;Bernadette adjusts her glasses when she's talking to Howard online.;s04e01_112;tbbt_s04e01.mp4;1092.42;1101.64;no
18709;Penny happily jumps toward Leonard on the sofa to give him a hug.;s03e15_045;tbbt_s03e15.mp4;364.59;378.84;no
11656;Sheldon lays down some cards in a couple of places on the table while playing a card game with bored Raj and Howard.;s06e24_001;tbbt_s06e24.mp4;0.00;10.05;no
11656;Sheldon lays down some cards in a couple of places on the table while playing a card game with bored Raj and Howard.;s02e21_049;tbbt_s02e21.mp4;425.72;433.29;no
13987;The robotic hand drops the small package into Penny's hand, which she holds out expectantly.;s02e01_032;tbbt_s02e01.mp4;311.27;323.92;no
78581;Howard is struggling to take a black bowling ball from the tray.;s03e19_150;tbbt_s03e19.mp4;1054.76;1061.56;no
6010003;Howard, in a green polo shirt and cap, pushes off from one wall to the opposite one, as he floats through the space station.;s03e19_091;tbbt_s03e19.mp4;675.55;682.97;no
83407;Bernadette touches a red dress that Amy is holding up as they stand in front of the blue couch.;s08e08_118;tbbt_s08e08.mp4;952.86;965.22;no
9411;A shot of the laptop screen, where Amy reaches forward and presses a button that shuts the video off.;s06e24_081;tbbt_s06e24.mp4;753.00;758.34;no
15751;Raj, while holding a beer bottle, reaches out and slaps Leonard on the back while he eats his food.;s03e15_003;tbbt_s03e15.mp4;17.64;25.32;no
80587;Leonard and Sheldon grab bottles from the kitchen island, then Sheldon sits on the couch while Leonard leans against the wall, still talking.;s02e21_020;tbbt_s02e21.mp4;192.23;196.03;no
29607;Leonard leaves Penny's apartment door to go inside his apartment and looks up at the camera.;s02e01_127;tbbt_s02e01.mp4;1209.75;1223.83;no
80596;Sheldon, in plaid pants, slides to his spot on the couch after Penny gets up.;s02e21_103;tbbt_s02e21.mp4;948.85;960.75;no
11646;Leonard rolls onto his side toward Penny, while they are lying together in bed on orange pillows.;s05e13_063;tbbt_s05e13.mp4;693.32;704.62;no
15762;Lucy puts aside an orange napkin and rushes away from the table where Amy and Raj are sitting.;s06e24_060;tbbt_s06e24.mp4;574.87;578.04;no
11646;Leonard rolls onto his side toward Penny, while they are lying together in bed on orange pillows.;s05e13_070;tbbt_s05e13.mp4;786.89;800.60;no
3372;Penny wipes the cream off the spatula with a tissue.;s08e08_081;tbbt_s08e08.mp4;582.12;588.13;no
7130004;A shot of a busy multi-lane highway with cars driving in both directions, trees lining the roadside.;s01e01_108;tbbt_s01e01.mp4;966.87;980.18;no
11659;Leonard, in a black suit, comes into the apartment and slams the door, then Howard looks at his watch.;s01e01_018;tbbt_s01e01.mp4;158.71;170.40;no
58103;Sheldon, in a grey shirt, hands Amy, in a purple sweater next to him, food wrapped in foil.;s06e07_089;tbbt_s06e07.mp4;862.76;877.42;no
5090003;The bird flies into the apartment through the open window.;s05e09_037;tbbt_s05e09.mp4;297.05;306.71;no
79981;Leonard grabs Penny by the arms and walks her back a few steps, while standing in the living room in front of Sheldon.;s01e01_038;tbbt_s01e01.mp4;348.52;362.24;no
80591;Leonard walks to the door, lets in Howard holding a CD and Raj, who is wearing a red hat.;s01e06_033;tbbt_s01e06.mp4;372.33;382.63;no
3366;Raj lifts up his foot above the table at the canteen to show Sheldon and Leonard that he's wearing sandals.;s02e13_014;tbbt_s02e13.mp4;134.63;138.51;no
79981;Leonard grabs Penny by the arms and walks her back a few steps, while standing in the living room in front of Sheldon.;s07e13_016;tbbt_s07e13.mp4;185.12;193.24;no
62276;Sheldon walks up and flips the light switch to turn off the lights in the laundry room.;s07e13_008;tbbt_s07e13.mp4;83.08;89.26;no
3370;Penny applies white cream with a spatula on Amy's face between her lip and her nose.;s04e12_139;tbbt_s04e12.mp4;1155.84;1164.45;no
82961;Penny, in a red blouse, and Leonard both look down while sitting on the couch and Penny puts her hand on his shoulder.;s07e13_015;tbbt_s07e13.mp4;149.28;159.75;no
37856;Penny sits beside Sheldon on the couch with a bowl in her hand and covers herself with the blanket.;s02e13_028;tbbt_s02e13.mp4;287.48;301.63;no
291;Amy and Bernadette look at a bird on the couch, then turn to Sheldon standing in the doorway with crossed arms.;s06e24_100;tbbt_s06e24.mp4;868.76;879.92;no
13987;The robotic hand drops the small package into Penny's hand, which she holds out expectantly.;s02e21_046;tbbt_s02e21.mp4;395.60;400.69;no
80587;Leonard and Sheldon grab bottles from the kitchen island, then Sheldon sits on the couch while Leonard leans against the wall, still talking.;s01e01_044;tbbt_s01e01.mp4;441.20;454.80;no
96016;The nurse takes off her glasses, walks over and looks underneath Howard's purple blanket.;s05e13_062;tbbt_s05e13.mp4;679.60;693.32;no
6010003;Howard, in a green polo shirt and cap, pushes off from one wall to the opposite one, as he floats through the space station.;s06e07_034;tbbt_s06e07.mp4;310.98;320.34;no
15762;Lucy puts aside an orange napkin and rushes away from the table where Amy and Raj are sitting.;s06e07_064;tbbt_s06e07.mp4;581.68;595.24;no
3385;A man floats across the International Space Station behind Howard at the laptop.;s06e01_038;tbbt_s06e01.mp4;401.15;413.20;no
291;Amy and Bernadette look at a bird on the couch, then turn to Sheldon standing in the doorway with crossed arms.;s05e09_096;tbbt_s05e09.mp4;805.22;811.77;no
84012;Sheldon, in a purple shirt with black sleeves, suddenly moves his body while sitting on the couch and starts to clap as he is singing a song.;s02e01_121;tbbt_s02e01.mp4;1169.71;1179.55;no
86431;Penny catches Leonard and Sheldon staring at her from the hallway.;s05e09_004;tbbt_s05e09.mp4;29.64;42.23;no
15762;Lucy puts aside an orange napkin and rushes away from the table where Amy and Raj are sitting.;s03e15_071;tbbt_s03e15.mp4;621.43;632.17;no
82961;Penny, in a red blouse, and Leonard both look down while sitting on the couch and Penny puts her hand on his shoulder.;s06e24_130;tbbt_s06e24.mp4;1117.88;1131.28;no
96016;The nurse takes off her glasses, walks over and looks underneath Howard's purple blanket.;s05e09_045;tbbt_s05e09.mp4;352.14;355.90;no
13987;The robotic hand drops the small package into Penny's hand, which she holds out expectantly.;s09e22_051;tbbt_s09e22.mp4;616.38;630.15;no
3394;Bernadette adjusts her glasses when she's talking to Howard online.;s06e01_048;tbbt_s06e01.mp4;472.06;481.19;no
11656;Sheldon lays down some cards in a couple of places on the table while playing a card game with bored Raj and Howard.;s08e04_009;tbbt_s08e04.mp4;71.24;79.10;no
88802;A bartender hands Raj a mint green drink and Leonard a beer bottle, at the bar.;s02e21_082;tbbt_s02e21.mp4;712.79;724.93;no
7130004;A shot of a busy multi-lane highway with cars driving in both directions, trees lining the roadside.;s04e01_056;tbbt_s04e01.mp4;545.63;556.28;no
11656;Sheldon lays down some cards in a couple of places on the table while playing a card game with bored Raj and Howard.;s04e01_022;tbbt_s04e01.mp4;201.41;204.50;no
80591;Leonard walks to the door, lets in Howard holding a CD and Raj, who is wearing a red hat.;s02e01_074;tbbt_s02e01.mp4;731.77;746.00;no
79981;Leonard grabs Penny by the arms and walks her back a few steps, while standing in the living room in front of Sheldon.;s07e13_117;tbbt_s07e13.mp4;1000.50;1015.26;no
15751;Raj, while holding a beer bottle, reaches out and slaps Leonard on the back while he eats his food.;s03e15_071;tbbt_s03e15.mp4;621.43;632.17;yes
34121;Howard, while in the bathroom with Leonard, goes to the sink and washes his hands.;s02e01_047;tbbt_s02e01.mp4;435.79;449.00;no
38099;Raj jumps into the apartment wearing a Flash costume.;s08e04_073;tbbt_s08e04.mp4;560.60;566.11;no
7130004;A shot of a busy multi-lane highway with cars driving in both directions, trees lining the roadside.;s06e24_020;tbbt_s06e24.mp4;166.54;177.95;no
18709;Penny happily jumps toward Leonard on the sofa to give him a hug.;s08e08_121;tbbt_s08e08.mp4;989.95;1002.32;no
11656;Sheldon lays down some cards in a couple of places on the table while playing a card game with bored Raj and Howard.;s05e13_027;tbbt_s05e13.mp4;302.02;314.40;no
19965;Penny looks up and winks at someone, making a finger gun gesture.;s07e13_124;tbbt_s07e13.mp4;1053.30;1066.44;no
291;Amy and Bernadette look at a bird on the couch, then turn to Sheldon standing in the doorway with crossed arms.;s05e09_095;tbbt_s05e09.mp4;799.92;805.22;no
79987;Sheldon stands with one arm stretched straight up and the other arm down at his side, bending his body backward, looking around, uncomfortable.;s02e01_121;tbbt_s02e01.mp4;1169.71;1179.55;no
291;Amy and Bernadette look at a bird on the couch, then turn to Sheldon standing in the doorway with crossed arms.;s08e04_123;tbbt_s08e04.mp4;1042.29;1050.11;no
15762;Lucy puts aside an orange napkin and rushes away from the table where Amy and Raj are sitting.;s06e24_027;tbbt_s06e24.mp4;257.26;268.60;no
11690;Amy and Bernadette are sitting on Penny's bed on a pile of clothes when Penny comes out of her bathroom in a green dress.;s05e13_015;tbbt_s05e13.mp4;164.65;178.90;no
37856;Penny sits beside Sheldon on the couch with a bowl in her hand and covers herself with the blanket.;s02e21_107;tbbt_s02e21.mp4;1003.25;1011.76;no
15762;Lucy puts aside an orange napkin and rushes away from the table where Amy and Raj are sitting.;s09e22_024;tbbt_s09e22.mp4;278.85;291.81;no
291;Amy and Bernadette look at a bird on the couch, then turn to Sheldon standing in the doorway with crossed arms.;s05e09_102;tbbt_s05e09.mp4;837.96;846.97;no
4060;A wide shot of Stuart, Howard and Bernadette sitting down together in a cozy, antique-filled living room.;s04e12_021;tbbt_s04e12.mp4;207.46;211.79;no
80587;Leonard and Sheldon grab bottles from the kitchen island, then Sheldon sits on the couch while Leonard leans against the wall, still talking.;s02e01_114;tbbt_s02e01.mp4;1129.84;1139.06;no
55040;Raj, in a red and blue track jacket, presses his palms together and taps his fingers excitedly, smiling on the couch.;s03e19_071;tbbt_s03e19.mp4;555.55;565.15;no
3385;A man floats across the International Space Station behind Howard at the laptop.;s06e01_037;tbbt_s06e01.mp4;393.42;401.15;no
37856;Penny sits beside Sheldon on the couch with a bowl in her hand and covers herself with the blanket.;s02e21_123;tbbt_s02e21.mp4;1147.77;1155.61;no
6010003;Howard, in a green polo shirt and cap, pushes off from one wall to the opposite one, as he floats through the space station.;s06e01_115;tbbt_s06e01.mp4;1228.23;1234.19;no
9411;A shot of the laptop screen, where Amy reaches forward and presses a button that shuts the video off.;s06e01_038;tbbt_s06e01.mp4;401.15;413.20;no
11690;Amy and Bernadette are sitting on Penny's bed on a pile of clothes when Penny comes out of her bathroom in a green dress.;s05e13_126;tbbt_s05e13.mp4;1245.29;1252.29;no
11656;Sheldon lays down some cards in a couple of places on the table while playing a card game with bored Raj and Howard.;s03e15_071;tbbt_s03e15.mp4;621.43;632.17;no
11659;Leonard, in a black suit, comes into the apartment and slams the door, then Howard looks at his watch.;s02e01_010;tbbt_s02e01.mp4;88.21;93.84;no
291;Amy and Bernadette look at a bird on the couch, then turn to Sheldon standing in the doorway with crossed arms.;s09e22_052;tbbt_s09e22.mp4;630.15;643.92;no
83407;Bernadette touches a red dress that Amy is holding up as they stand in front of the blue couch.;s02e21_123;tbbt_s02e21.mp4;1147.77;1155.61;no
58103;Sheldon, in a grey shirt, hands Amy, in a purple sweater next to him, food wrapped in foil.;s06e24_076;tbbt_s06e24.mp4;704.58;716.07;no
55040;Raj, in a red and blue track jacket, presses his palms together and taps his fingers excitedly, smiling on the couch.;s06e24_080;tbbt_s06e24.mp4;742.87;753.00;no
7130004;A shot of a busy multi-lane highway with cars driving in both directions, trees lining the roadside.;s06e24_016;tbbt_s06e24.mp4;127.77;135.76;no
88802;A bartender hands Raj a mint green drink and Leonard a beer bottle, at the bar.;s02e21_078;tbbt_s02e21.mp4;677.98;691.95;no
78581;Howard is struggling to take a black bowling ball from the tray.;s03e15_039;tbbt_s03e15.mp4;279.09;293.34;no
79987;Sheldon stands with one arm stretched straight up and the other arm down at his side, bending his body backward, looking around, uncomfortable.;s07e13_007;tbbt_s07e13.mp4;71.07;83.08;no
15751;Raj, while holding a beer bottle, reaches out and slaps Leonard on the back while he eats his food.;s08e08_004;tbbt_s08e08.mp4;29.82;41.33;no
19960;Raj raises his beer and then takes a sip of it, at the bowling lane.;s03e19_070;tbbt_s03e19.mp4;545.96;555.55;no
46843;Penny puts her wine glass on the table and gets down on one knee in front of Leonard.;s09e22_058;tbbt_s09e22.mp4;713.84;727.52;no
28861;While Penny, Amy, and Bernadette are unboxing something, Leonard knocks on Penny's opened door.;s08e04_127;tbbt_s08e04.mp4;1069.57;1082.71;no
55040;Raj, in a red and blue track jacket, presses his palms together and taps his fingers excitedly, smiling on the couch.;s01e01_113;tbbt_s01e01.mp4;1030.90;1038.75;no
15762;Lucy puts aside an orange napkin and rushes away from the table where Amy and Raj are sitting.;s09e22_058;tbbt_s09e22.mp4;713.84;727.52;no
7725;Penny, standing, leans forward and looks at Sheldon, who is sitting on the couch, with her hands on her knees.;s01e01_045;tbbt_s01e01.mp4;454.80;468.40;no
3394;Bernadette adjusts her glasses when she's talking to Howard online.;s08e08_025;tbbt_s08e08.mp4;195.40;201.24;no
3394;Bernadette adjusts her glasses when she's talking to Howard online.;s06e01_041;tbbt_s06e01.mp4;420.84;428.26;no
58103;Sheldon, in a grey shirt, hands Amy, in a purple sweater next to him, food wrapped in foil.;s08e08_039;tbbt_s08e08.mp4;280.68;294.79;no
28861;While Penny, Amy, and Bernadette are unboxing something, Leonard knocks on Penny's opened door.;s08e08_030;tbbt_s08e08.mp4;220.89;224.06;no
11679;Leonard, in a black suit, is looking at his computer while talking to his friends, who are playing a board game at the glass table.;s04e12_050;tbbt_s04e12.mp4;466.03;478.81;no
84012;Sheldon, in a purple shirt with black sleeves, suddenly moves his body while sitting on the couch and starts to clap as he is singing a song.;s02e01_123;tbbt_s02e01.mp4;1182.56;1189.65;no
11646;Leonard rolls onto his side toward Penny, while they are lying together in bed on orange pillows.;s03e15_111;tbbt_s03e15.mp4;1025.48;1036.93;no
96016;The nurse takes off her glasses, walks over and looks underneath Howard's purple blanket.;s05e13_022;tbbt_s05e13.mp4;239.45;251.62;no
84012;Sheldon, in a purple shirt with black sleeves, suddenly moves his body while sitting on the couch and starts to clap as he is singing a song.;s04e12_045;tbbt_s04e12.mp4;430.60;439.56;no
51045;Sheldon quickly drinks his whole drink while holding a red straw, then makes a happy face, at the bar.;s06e24_071;tbbt_s06e24.mp4;662.95;675.01;no
3385;A man floats across the International Space Station behind Howard at the laptop.;s06e01_109;tbbt_s06e01.mp4;1192.40;1199.87;no
15768;Penny, in a grocery store with Sheldon, grabs two bottles of vodka and puts them in a cart.;s09e22_042;tbbt_s09e22.mp4;496.75;508.23;no
80227;Leonard, in a costume, closes his front door quickly and locks it.;s03e15_122;tbbt_s03e15.mp4;1147.03;1159.28;no
15751;Raj, while holding a beer bottle, reaches out and slaps Leonard on the back while he eats his food.;s09e22_082;tbbt_s09e22.mp4;1050.90;1065.12;no
91631;Sheldon enters the bar and sits on a stool in front of Penny, with a snack lying on the bar counter.;s09e22_060;tbbt_s09e22.mp4;741.09;753.34;no
96015;Leonard and Raj slowly walk through a doorway into a clinic pulling a robotic arm that is attached, underneath a blanket, to Howard.;s01e01_019;tbbt_s01e01.mp4;170.40;182.08;no
291;Amy and Bernadette look at a bird on the couch, then turn to Sheldon standing in the doorway with crossed arms.;s02e21_110;tbbt_s02e21.mp4;1026.78;1040.94;no
79987;Sheldon stands with one arm stretched straight up and the other arm down at his side, bending his body backward, looking around, uncomfortable.;s06e24_078;tbbt_s06e24.mp4;727.56;735.21;no
83407;Bernadette touches a red dress that Amy is holding up as they stand in front of the blue couch.;s08e04_117;tbbt_s08e04.mp4;975.66;988.99;no
80227;Leonard, in a costume, closes his front door quickly and locks it.;s02e01_093;tbbt_s02e01.mp4;940.02;954.70;no
53286;Leonard, in a red robe, looks at the ground and blinks a couple of times, then takes the money from Sheldon's hand.;s08e08_122;tbbt_s08e08.mp4;1002.32;1014.68;no
18709;Penny happily jumps toward Leonard on the sofa to give him a hug.;s03e19_013;tbbt_s03e19.mp4;85.58;90.38;no
11644;Penny, in a red dress, rests her arms on Leonard's shoulder while smiling at him, as Amy, in a blue dress, stands at the doorway.;s07e13_018;tbbt_s07e13.mp4;205.31;217.38;no
37856;Penny sits beside Sheldon on the couch with a bowl in her hand and covers herself with the blanket.;s01e01_065;tbbt_s01e01.mp4;607.02;618.83;no
29596;Sheldon, in green plaid pajamas, slumps from the headrest of the armchair down into the chair and makes a shushing gesture.;s05e13_082;tbbt_s05e13.mp4;881.67;885.34;no
42301;Sheldon, standing in front of a bookcase, near the window with drapes, dials a number on his cell phone.;s05e09_016;tbbt_s05e09.mp4;112.32;118.37;no
13987;The robotic hand drops the small package into Penny's hand, which she holds out expectantly.;s09e22_054;tbbt_s09e22.mp4;657.69;671.46;no
58103;Sheldon, in a grey shirt, hands Amy, in a purple sweater next to him, food wrapped in foil.;s02e01_046;tbbt_s02e01.mp4;422.59;435.79;no
53286;Leonard, in a red robe, looks at the ground and blinks a couple of times, then takes the money from Sheldon's hand.;s05e13_090;tbbt_s05e13.mp4;936.73;947.42;no
79007;A shot of Sheldon standing at the kitchen island in front of a row of toast, while Bernadette sits across from him.;s08e08_060;tbbt_s08e08.mp4;419.59;430.40;no
84012;Sheldon, in a purple shirt with black sleeves, suddenly moves his body while sitting on the couch and starts to clap as he is singing a song.;s04e01_029;tbbt_s04e01.mp4;251.21;263.78;no
11690;Amy and Bernadette are sitting on Penny's bed on a pile of clothes when Penny comes out of her bathroom in a green dress.;s05e13_013;tbbt_s05e13.mp4;140.46;150.40;no
15762;Lucy puts aside an orange napkin and rushes away from the table where Amy and Raj are sitting.;s06e24_064;tbbt_s06e24.mp4;600.89;607.36;no
55040;Raj, in a red and blue track jacket, presses his palms together and taps his fingers excitedly, smiling on the couch.;s05e13_026;tbbt_s05e13.mp4;289.65;302.02;no
96015;Leonard and Raj slowly walk through a doorway into a clinic pulling a robotic arm that is attached, underneath a blanket, to Howard.;s05e13_002;tbbt_s05e13.mp4;12.74;24.16;no
83407;Bernadette touches a red dress that Amy is holding up as they stand in front of the blue couch.;s08e08_096;tbbt_s08e08.mp4;709.67;717.96;no
291;Amy and Bernadette look at a bird on the couch, then turn to Sheldon standing in the doorway with crossed arms.;s08e04_019;tbbt_s08e04.mp4;177.51;186.81;no
84012;Sheldon, in a purple shirt with black sleeves, suddenly moves his body while sitting on the couch and starts to clap as he is singing a song.;s04e12_031;tbbt_s04e12.mp4;304.68;316.07;no
79981;Leonard grabs Penny by the arms and walks her back a few steps, while standing in the living room in front of Sheldon.;s07e13_013;tbbt_s07e13.mp4;128.34;138.81;no
88802;A bartender hands Raj a mint green drink and Leonard a beer bottle, at the bar.;s02e21_072;tbbt_s02e21.mp4;597.97;607.73;no
296;Sheldon, with a bird on his arm, picks up a cup from a table near the sofa and offers it to the bird, which takes it.;s02e21_107;tbbt_s02e21.mp4;1003.25;1011.76;no
11659;Leonard, in a black suit, comes into the apartment and slams the door, then Howard looks at his watch.;s08e08_089;tbbt_s08e08.mp4;639.05;653.30;no
4060;A wide shot of Stuart, Howard and Bernadette sitting down together in a cozy, antique-filled living room.;s01e01_114;tbbt_s01e01.mp4;1038.75;1051.51;no
79987;Sheldon stands with one arm stretched straight up and the other arm down at his side, bending his body backward, looking around, uncomfortable.;s05e09_093;tbbt_s05e09.mp4;784.66;796.34;no
62276;Sheldon walks up and flips the light switch to turn off the lights in the laundry room.;s01e01_018;tbbt_s01e01.mp4;158.71;170.40;no
9411;A shot of the laptop screen, where Amy reaches forward and presses a button that shuts the video off.;s03e19_090;tbbt_s03e19.mp4;671.88;675.55;no
42301;Sheldon, standing in front of a bookcase, near the window with drapes, dials a number on his cell phone.;s06e01_017;tbbt_s06e01.mp4;218.77;232.13;no
3366;Raj lifts up his foot above the table at the canteen to show Sheldon and Leonard that he's wearing sandals.;s03e15_001;tbbt_s03e15.mp4;0.00;8.97;no
28861;While Penny, Amy, and Bernadette are unboxing something, Leonard knocks on Penny's opened door.;s08e08_011;tbbt_s08e08.mp4;116.70;120.54;no
79007;A shot of Sheldon standing at the kitchen island in front of a row of toast, while Bernadette sits across from him.;s02e21_102;tbbt_s02e21.mp4;938.27;948.85;no
86431;Penny catches Leonard and Sheldon staring at her from the hallway.;s07e13_129;tbbt_s07e13.mp4;1103.48;1115.46;no
15762;Lucy puts aside an orange napkin and rushes away from the table where Amy and Raj are sitting.;s06e07_061;tbbt_s06e07.mp4;540.99;554.55;no
79981;Leonard grabs Penny by the arms and walks her back a few steps, while standing in the living room in front of Sheldon.;s07e13_123;tbbt_s07e13.mp4;1040.16;1053.30;no
80591;Leonard walks to the door, lets in Howard holding a CD and Raj, who is wearing a red hat.;s03e19_044;tbbt_s03e19.mp4;352.48;366.24;no
46843;Penny puts her wine glass on the table and gets down on one knee in front of Leonard.;s09e22_066;tbbt_s09e22.mp4;826.10;838.28;no
96015;Leonard and Raj slowly walk through a doorway into a clinic pulling a robotic arm that is attached, underneath a blanket, to Howard.;s04e01_082;tbbt_s04e01.mp4;777.24;783.66;no
79987;Sheldon stands with one arm stretched straight up and the other arm down at his side, bending his body backward, looking around, uncomfortable.;s03e15_031;tbbt_s03e15.mp4;218.12;231.81;no
3366;Raj lifts up his foot above the table at the canteen to show Sheldon and Leonard that he's wearing sandals.;s06e24_002;tbbt_s06e24.mp4;10.05;18.64;no
53286;Leonard, in a red robe, looks at the ground and blinks a couple of times, then takes the money from Sheldon's hand.;s03e15_099;tbbt_s03e15.mp4;867.78;880.38;no
38099;Raj jumps into the apartment wearing a Flash costume.;s08e04_074;tbbt_s08e04.mp4;566.11;573.03;no
58103;Sheldon, in a grey shirt, hands Amy, in a purple sweater next to him, food wrapped in foil.;s04e12_002;tbbt_s04e12.mp4;15.82;30.32;no
83407;Bernadette touches a red dress that Amy is holding up as they stand in front of the blue couch.;s01e01_101;tbbt_s01e01.mp4;892.14;906.20;no
80227;Leonard, in a costume, closes his front door quickly and locks it.;s08e08_123;tbbt_s08e08.mp4;1014.68;1025.82;no
11679;Leonard, in a black suit, is looking at his computer while talking to his friends, who are playing a board game at the glass table.;s05e13_034;tbbt_s05e13.mp4;363.74;368.08;no
80587;Leonard and Sheldon grab bottles from the kitchen island, then Sheldon sits on the couch while Leonard leans against the wall, still talking.;s02e21_102;tbbt_s02e21.mp4;938.27;948.85;no
9411;A shot of the laptop screen, where Amy reaches forward and presses a button that shuts the video off.;s06e24_091;tbbt_s06e24.mp4;809.98;815.56;no
46843;Penny puts her wine glass on the table and gets down on one knee in front of Leonard.;s09e22_038;tbbt_s09e22.mp4;453.32;466.59;no
291;Amy and Bernadette look at a bird on the couch, then turn to Sheldon standing in the doorway with crossed arms.;s09e22_077;tbbt_s09e22.mp4;978.42;992.64;no
79987;Sheldon stands with one arm stretched straight up and the other arm down at his side, bending his body backward, looking around, uncomfortable.;s08e08_139;tbbt_s08e08.mp4;1128.21;1134.13;no
82961;Penny, in a red blouse, and Leonard both look down while sitting on the couch and Penny puts her hand on his shoulder.;s08e04_123;tbbt_s08e04.mp4;1042.29;1050.11;no
42301;Sheldon, standing in front of a bookcase, near the window with drapes, dials a number on his cell phone.;s05e09_033;tbbt_s05e09.mp4;242.42;256.62;no
3372;Penny wipes the cream off the spatula with a tissue.;s05e13_098;tbbt_s05e13.mp4;1020.83;1034.53;no
3370;Penny applies white cream with a spatula on Amy's face between her lip and her nose.;s08e08_135;tbbt_s08e08.mp4;1101.93;1110.07;no
45195;Sheldon reaches for his wallet in his jacket pocket while sitting at the restaurant with Amy.;s06e01_088;tbbt_s06e01.mp4;984.22;998.50;no
28861;While Penny, Amy, and Bernadette are unboxing something, Leonard knocks on Penny's opened door.;s07e13_045;tbbt_s07e13.mp4;428.22;442.75;no
38099;Raj jumps into the apartment wearing a Flash costume.;s03e15_121;tbbt_s03e15.mp4;1134.78;1147.03;no
7725;Penny, standing, leans forward and looks at Sheldon, who is sitting on the couch, with her hands on her knees.;s02e21_099;tbbt_s02e21.mp4;916.65;928.18;no
80596;Sheldon, in plaid pants, slides to his spot on the couch after Penny gets up.;s02e01_101;tbbt_s02e01.mp4;1036.14;1050.13;no
11679;Leonard, in a black suit, is looking at his computer while talking to his friends, who are playing a board game at the glass table.;s02e21_052;tbbt_s02e21.mp4;450.24;461.96;no
11690;Amy and Bernadette are sitting on Penny's bed on a pile of clothes when Penny comes out of her bathroom in a green dress.;s02e21_128;tbbt_s02e21.mp4;1171.17;1185.42;no
15768;Penny, in a grocery store with Sheldon, grabs two bottles of vodka and puts them in a cart.;s06e24_072;tbbt_s06e24.mp4;675.01;682.89;no
11644;Penny, in a red dress, rests her arms on Leonard's shoulder while smiling at him, as Amy, in a blue dress, stands at the doorway.;s08e08_105;tbbt_s08e08.mp4;816.40;828.91;no
78581;Howard is struggling to take a black bowling ball from the tray.;s03e19_141;tbbt_s03e19.mp4;995.95;1000.92;no
80591;Leonard walks to the door, lets in Howard holding a CD and Raj, who is wearing a red hat.;s01e06_020;tbbt_s01e06.mp4;263.16;276.87;no
19960;Raj raises his beer and then takes a sip of it, at the bowling lane.;s03e19_062;tbbt_s03e19.mp4;497.75;507.21;no
38416;Penny sits in the back seat and shrugs her shoulders twice as they all drive in a car.;s07e13_067;tbbt_s07e13.mp4;616.87;624.21;no
7725;Penny, standing, leans forward and looks at Sheldon, who is sitting on the couch, with her hands on her knees.;s02e21_093;tbbt_s02e21.mp4;855.90;866.95;no
16404;Bernadette, in a blue floral dress, reaches out and holds Howard's hand to comfort him while they are eating dinner.;s08e04_104;tbbt_s08e04.mp4;828.83;836.75;no
3372;Penny wipes the cream off the spatula with a tissue.;s09e22_013;tbbt_s09e22.mp4;122.12;133.93;no
96016;The nurse takes off her glasses, walks over and looks underneath Howard's purple blanket.;s04e01_110;tbbt_s04e01.mp4;1084.25;1087.59;no
79981;Leonard grabs Penny by the arms and walks her back a few steps, while standing in the living room in front of Sheldon.;s03e15_045;tbbt_s03e15.mp4;364.59;378.84;no
296;Sheldon, with a bird on his arm, picks up a cup from a table near the sofa and offers it to the bird, which takes it.;s09e22_079;tbbt_s09e22.mp4;1006.87;1022.44;no
3394;Bernadette adjusts her glasses when she's talking to Howard online.;s06e01_015;tbbt_s06e01.mp4;192.05;205.41;no
11656;Sheldon lays down some cards in a couple of places on the table while playing a card game with bored Raj and Howard.;s08e08_004;tbbt_s08e08.mp4;29.82;41.33;no
11644;Penny, in a red dress, rests her arms on Leonard's shoulder while smiling at him, as Amy, in a blue dress, stands at the doorway.;s05e13_052;tbbt_s05e13.mp4;558.17;572.27;no
86431;Penny catches Leonard and Sheldon staring at her from the hallway.;s01e01_133;tbbt_s01e01.mp4;1262.55;1275.33;no
4060;A wide shot of Stuart, Howard and Bernadette sitting down together in a cozy, antique-filled living room.;s09e22_052;tbbt_s09e22.mp4;630.15;643.92;no
28861;While Penny, Amy, and Bernadette are unboxing something, Leonard knocks on Penny's opened door.;s05e13_062;tbbt_s05e13.mp4;679.60;693.32;no
16404;Bernadette, in a blue floral dress, reaches out and holds Howard's hand to comfort him while they are eating dinner.;s06e07_065;tbbt_s06e07.mp4;595.24;608.80;no
11656;Sheldon lays down some cards in a couple of places on the table while playing a card game with bored Raj and Howard.;s04e12_001;tbbt_s04e12.mp4;0.00;15.82;no
38416;Penny sits in the back seat and shrugs her shoulders twice as they all drive in a car.;s04e01_079;tbbt_s04e01.mp4;757.59;763.47;no
79981;Leonard grabs Penny by the arms and walks her back a few steps, while standing in the living room in front of Sheldon.;s07e13_126;tbbt_s07e13.mp4;1079.58;1092.72;no
3394;Bernadette adjusts her glasses when she's talking to Howard online.;s08e08_029;tbbt_s08e08.mp4;216.05;220.89;no
11644;Penny, in a red dress, rests her arms on Leonard's shoulder while smiling at him, as Amy, in a blue dress, stands at the doorway.;s08e08_121;tbbt_s08e08.mp4;989.95;1002.32;no
6010003;Howard, in a green polo shirt and cap, pushes off from one wall to the opposite one, as he floats through the space station.;s06e01_043;tbbt_s06e01.mp4;438.69;449.12;no
3370;Penny applies white cream with a spatula on Amy's face between her lip and her nose.;s01e01_085;tbbt_s01e01.mp4;775.25;787.50;no
96016;The nurse takes off her glasses, walks over and looks underneath Howard's purple blanket.;s04e01_115;tbbt_s04e01.mp4;1115.66;1122.16;no
38099;Raj jumps into the apartment wearing a Flash costume.;s06e24_024;tbbt_s06e24.mp4;223.22;234.57;no
80227;Leonard, in a costume, closes his front door quickly and locks it.;s03e15_037;tbbt_s03e15.mp4;266.93;271.98;no
80227;Leonard, in a costume, closes his front door quickly and locks it.;s05e13_077;tbbt_s05e13.mp4;846.01;849.85;no
13987;The robotic hand drops the small package into Penny's hand, which she holds out expectantly.;s06e01_043;tbbt_s06e01.mp4;438.69;449.12;no
33248;Sheldon is being clipped in by the instructor to climb the wall.;s02e13_077;tbbt_s02e13.mp4;859.69;864.70;no
80227;Leonard, in a costume, closes his front door quickly and locks it.;s01e01_001;tbbt_s01e01.mp4;0.00;14.18;no
29607;Leonard leaves Penny's apartment door to go inside his apartment and looks up at the camera.;s05e13_007;tbbt_s05e13.mp4;65.84;79.64;no
79987;Sheldon stands with one arm stretched straight up and the other arm down at his side, bending his body backward, looking around, uncomfortable.;s02e01_039;tbbt_s02e01.mp4;378.30;381.38;no
11659;Leonard, in a black suit, comes into the apartment and slams the door, then Howard looks at his watch.;s02e21_053;tbbt_s02e21.mp4;461.96;473.68;no
42301;Sheldon, standing in front of a bookcase, near the window with drapes, dials a number on his cell phone.;s02e13_052;tbbt_s02e13.mp4;580.09;594.72;no
7130004;A shot of a busy multi-lane highway with cars driving in both directions, trees lining the roadside.;s07e13_137;tbbt_s07e13.mp4;1185.23;1199.71;no
82961;Penny, in a red blouse, and Leonard both look down while sitting on the couch and Penny puts her hand on his shoulder.;s02e21_093;tbbt_s02e21.mp4;855.90;866.95;no
3366;Raj lifts up his foot above the table at the canteen to show Sheldon and Leonard that he's wearing sandals.;s02e13_001;tbbt_s02e13.mp4;0.00;12.53;no
3366;Raj lifts up his foot above the table at the canteen to show Sheldon and Leonard that he's wearing sandals.;s04e12_013;tbbt_s04e12.mp4;137.30;140.89;no
84012;Sheldon, in a purple shirt with black sleeves, suddenly moves his body while sitting on the couch and starts to clap as he is singing a song.;s04e12_140;tbbt_s04e12.mp4;1164.45;1169.04;no
82961;Penny, in a red blouse, and Leonard both look down while sitting on the couch and Penny puts her hand on his shoulder.;s02e13_027;tbbt_s02e13.mp4;273.31;287.48;no
15751;Raj, while holding a beer bottle, reaches out and slaps Leonard on the back while he eats his food.;s06e24_067;tbbt_s06e24.mp4;615.99;624.65;no
3370;Penny applies white cream with a spatula on Amy's face between her lip and her nose.;s08e04_085;tbbt_s08e04.mp4;628.29;634.55;no
86431;Penny catches Leonard and Sheldon staring at her from the hallway.;s02e01_055;tbbt_s02e01.mp4;533.91;542.19;no
84012;Sheldon, in a purple shirt with black sleeves, suddenly moves his body while sitting on the couch and starts to clap as he is singing a song.;s02e01_107;tbbt_s02e01.mp4;1069.90;1075.95;no
11646;Leonard rolls onto his side toward Penny, while they are lying together in bed on orange pillows.;s03e19_003;tbbt_s03e19.mp4;23.32;34.33;no
11659;Leonard, in a black suit, comes into the apartment and slams the door, then Howard looks at his watch.;s06e07_117;tbbt_s06e07.mp4;1140.60;1153.49;no
19965;Penny looks up and winks at someone, making a finger gun gesture.;s07e13_130;tbbt_s07e13.mp4;1115.46;1127.44;no
79987;Sheldon stands with one arm stretched straight up and the other arm down at his side, bending his body backward, looking around, uncomfortable.;s07e13_115;tbbt_s07e13.mp4;974.58;985.74;no
13987;The robotic hand drops the small package into Penny's hand, which she holds out expectantly.;s08e04_127;tbbt_s08e04.mp4;1069.57;1082.71;no
3394;Bernadette adjusts her glasses when she's talking to Howard online.;s06e07_059;tbbt_s06e07.mp4;521.86;531.36;no
58103;Sheldon, in a grey shirt, hands Amy, in a purple sweater next to him, food wrapped in foil.;s04e12_008;tbbt_s04e12.mp4;85.58;97.50;no
11659;Leonard, in a black suit, comes into the apartment and slams the door, then Howard looks at his watch.;s02e21_051;tbbt_s02e21.mp4;440.86;450.24;no
19965;Penny looks up and winks at someone, making a finger gun gesture.;s08e04_086;tbbt_s08e04.mp4;634.55;643.57;no
80596;Sheldon, in plaid pants, slides to his spot on the couch after Penny gets up.;s02e01_113;tbbt_s02e01.mp4;1120.62;1129.84;no
88802;A bartender hands Raj a mint green drink and Leonard a beer bottle, at the bar.;s02e21_066;tbbt_s02e21.mp4;548.88;559.52;no
37856;Penny sits beside Sheldon on the couch with a bowl in her hand and covers herself with the blanket.;s02e21_097;tbbt_s02e21.mp4;893.61;905.13;no
7130004;A shot of a busy multi-lane highway with cars driving in both directions, trees lining the roadside.;s06e24_019;tbbt_s06e24.mp4;156.28;166.54;no
80587;Leonard and Sheldon grab bottles from the kitchen island, then Sheldon sits on the couch while Leonard leans against the wall, still talking.;s01e01_081;tbbt_s01e01.mp4;734.27;738.53;no
29607;Leonard leaves Penny's apartment door to go inside his apartment and looks up at the camera.;s07e13_020;tbbt_s07e13.mp4;227.60;236.69;no
11644;Penny, in a red dress, rests her arms on Leonard's shoulder while smiling at him, as Amy, in a blue dress, stands at the doorway.;s08e08_103;tbbt_s08e08.mp4;791.37;803.89;no
55040;Raj, in a red and blue track jacket, presses his palms together and taps his fingers excitedly, smiling on the couch.;s08e04_066;tbbt_s08e04.mp4;521.52;524.82;no
79981;Leonard grabs Penny by the arms and walks her back a few steps, while standing in the living room in front of Sheldon.;s09e22_039;tbbt_s09e22.mp4;466.59;477.27;no
29607;Leonard leaves Penny's apartment door to go inside his apartment and looks up at the camera.;s01e01_018;tbbt_s01e01.mp4;158.71;170.40;no
96015;Leonard and Raj slowly walk through a doorway into a clinic pulling a robotic arm that is attached, underneath a blanket, to Howard.;s02e01_097;tbbt_s02e01.mp4;986.90;999.73;no
3372;Penny wipes the cream off the spatula with a tissue.;s06e07_076;tbbt_s06e07.mp4;720.14;729.81;no
79987;Sheldon stands with one arm stretched straight up and the other arm down at his side, bending his body backward, looking around, uncomfortable.;s01e01_084;tbbt_s01e01.mp4;763.01;775.25;no
80591;Leonard walks to the door, lets in Howard holding a CD and Raj, who is wearing a red hat.;s07e13_016;tbbt_s07e13.mp4;185.12;193.24;no
15751;Raj, while holding a beer bottle, reaches out and slaps Leonard on the back while he eats his food.;s09e22_080;tbbt_s09e22.mp4;1022.44;1036.67;no
11656;Sheldon lays down some cards in a couple of places on the table while playing a card game with bored Raj and Howard.;s02e21_052;tbbt_s02e21.mp4;450.24;461.96;no
38099;Raj jumps into the apartment wearing a Flash costume.;s06e07_113;tbbt_s06e07.mp4;1102.43;1117.74;no
40031;Leonard and Penny kiss in the hall and a camera on the wall watches them.;s02e01_001;tbbt_s02e01.mp4;0.00;12.82;no
3385;A man floats across the International Space Station behind Howard at the laptop.;s06e01_040;tbbt_s06e01.mp4;417.46;420.84;no
62276;Sheldon walks up and flips the light switch to turn off the lights in the laundry room.;s09e22_020;tbbt_s09e22.mp4;224.18;237.89;no
7725;Penny, standing, leans forward and looks at Sheldon, who is sitting on the couch, with her hands on her knees.;s02e21_095;tbbt_s02e21.mp4;871.37;882.09;no
86431;Penny catches Leonard and Sheldon staring at her from the hallway.;s08e04_097;tbbt_s08e04.mp4;759.65;774.15;no
296;Sheldon, with a bird on his arm, picks up a cup from a table near the sofa and offers it to the bird, which takes it.;s05e09_119;tbbt_s05e09.mp4;1050.97;1065.12;no
296;Sheldon, with a bird on his arm, picks up a cup from a table near the sofa and offers it to the bird, which takes it.;s05e09_022;tbbt_s05e09.mp4;172.03;181.22;no
29607;Leonard leaves Penny's apartment door to go inside his apartment and looks up at the camera.;s01e01_001;tbbt_s01e01.mp4;0.00;14.18;no
79007;A shot of Sheldon standing at the kitchen island in front of a row of toast, while Bernadette sits across from him.;s06e07_089;tbbt_s06e07.mp4;862.76;877.42;no
15768;Penny, in a grocery store with Sheldon, grabs two bottles of vodka and puts them in a cart.;s06e24_073;tbbt_s06e24.mp4;682.89;690.11;no
91631;Sheldon enters the bar and sits on a stool in front of Penny, with a snack lying on the bar counter.;s06e07_094;tbbt_s06e07.mp4;927.38;933.89;no
80591;Leonard walks to the door, lets in Howard holding a CD and Raj, who is wearing a red hat.;s01e01_093;tbbt_s01e01.mp4;841.59;849.25;no
29607;Leonard leaves Penny's apartment door to go inside his apartment and looks up at the camera.;s05e09_003;tbbt_s05e09.mp4;17.05;29.64;no
80227;Leonard, in a costume, closes his front door quickly and locks it.;s01e06_091;tbbt_s01e06.mp4;1015.51;1020.56;no
45195;Sheldon reaches for his wallet in his jacket pocket while sitting at the restaurant with Amy.;s06e01_084;tbbt_s06e01.mp4;927.12;941.39;no
80227;Leonard, in a costume, closes his front door quickly and locks it.;s05e09_084;tbbt_s05e09.mp4;682.43;686.48;no
3022;Penny pulls back the shower curtain and climbs inside the shower.;s08e08_124;tbbt_s08e08.mp4;1025.82;1034.20;no
11656;Sheldon lays down some cards in a couple of places on the table while playing a card game with bored Raj and Howard.;s09e22_038;tbbt_s09e22.mp4;453.32;466.59;no
4060;A wide shot of Stuart, Howard and Bernadette sitting down together in a cozy, antique-filled living room.;s05e09_101;tbbt_s05e09.mp4;833.79;837.96;no
58103;Sheldon, in a grey shirt, hands Amy, in a purple sweater next to him, food wrapped in foil.;s06e24_078;tbbt_s06e24.mp4;727.56;735.21;no
3394;Bernadette adjusts her glasses when she's talking to Howard online.;s09e22_032;tbbt_s09e22.mp4;373.71;386.98;no
11656;Sheldon lays down some cards in a couple of places on the table while playing a card game with bored Raj and Howard.;s09e22_037;tbbt_s09e22.mp4;440.05;453.32;no
11646;Leonard rolls onto his side toward Penny, while they are lying together in bed on orange pillows.;s05e13_113;tbbt_s05e13.mp4;1142.77;1155.90;no
3372;Penny wipes the cream off the spatula with a tissue.;s03e15_124;tbbt_s03e15.mp4;1164.62;1168.29;no
46843;Penny puts her wine glass on the table and gets down on one knee in front of Leonard.;s06e01_086;tbbt_s06e01.mp4;955.67;969.95;no
86431;Penny catches Leonard and Sheldon staring at her from the hallway.;s01e01_020;tbbt_s01e01.mp4;182.08;193.77;no
29596;Sheldon, in green plaid pajamas, slumps from the headrest of the armchair down into the chair and makes a shushing gesture.;s02e01_101;tbbt_s02e01.mp4;1036.14;1050.13;no
42301;Sheldon, standing in front of a bookcase, near the window with drapes, dials a number on his cell phone.;s04e01_021;tbbt_s04e01.mp4;186.65;201.41;no
80587;Leonard and Sheldon grab bottles from the kitchen island, then Sheldon sits on the couch while Leonard leans against the wall, still talking.;s02e21_027;tbbt_s02e21.mp4;231.48;235.69;no
28861;While Penny, Amy, and Bernadette are unboxing something, Leonard knocks on Penny's opened door.;s08e04_044;tbbt_s08e04.mp4;395.39;400.86;no
79981;Leonard grabs Penny by the arms and walks her back a few steps, while standing in the living room in front of Sheldon.;s01e01_039;tbbt_s01e01.mp4;385.44;393.23;no
79987;Sheldon stands with one arm stretched straight up and the other arm down at his side, bending his body backward, looking around, uncomfortable.;s02e01_094;tbbt_s02e01.mp4;954.70;969.38;no
42301;Sheldon, standing in front of a bookcase, near the window with drapes, dials a number on his cell phone.;s05e09_036;tbbt_s05e09.mp4;283.93;297.05;no
46843;Penny puts her wine glass on the table and gets down on one knee in front of Leonard.;s09e22_032;tbbt_s09e22.mp4;373.71;386.98;no
38416;Penny sits in the back seat and shrugs her shoulders twice as they all drive in a car.;s07e13_074;tbbt_s07e13.mp4;664.96;671.13;no
80596;Sheldon, in plaid pants, slides to his spot on the couch after Penny gets up.;s03e15_130;tbbt_s03e15.mp4;1211.71;1222.66;no
33248;Sheldon is being clipped in by the instructor to climb the wall.;s02e13_091;tbbt_s02e13.mp4;964.96;969.76;no
11656;Sheldon lays down some cards in a couple of places on the table while playing a card game with bored Raj and Howard.;s06e01_024;tbbt_s06e01.mp4;292.63;299.63;no
13987;The robotic hand drops the small package into Penny's hand, which she holds out expectantly.;s04e01_119;tbbt_s04e01.mp4;1137.01;1147.65;no
9411;A shot of the laptop screen, where Amy reaches forward and presses a button that shuts the video off.;s06e01_039;tbbt_s06e01.mp4;413.20;417.46;no
80587;Leonard and Sheldon grab bottles from the kitchen island, then Sheldon sits on the couch while Leonard leans against the wall, still talking.;s04e01_037;tbbt_s04e01.mp4;342.80;356.44;no
79987;Sheldon stands with one arm stretched straight up and the other arm down at his side, bending his body backward, looking around, uncomfortable.;s01e01_085;tbbt_s01e01.mp4;775.25;787.50;no
51045;Sheldon quickly drinks his whole drink while holding a red straw, then makes a happy face, at the bar.;s06e07_095;tbbt_s06e07.mp4;933.89;939.31;no
83407;Bernadette touches a red dress that Amy is holding up as they stand in front of the blue couch.;s03e19_098;tbbt_s03e19.mp4;716.26;725.43;no
37856;Penny sits beside Sheldon on the couch with a bowl in her hand and covers herself with the blanket.;s01e06_095;tbbt_s01e06.mp4;1050.54;1065.26;no
51045;Sheldon quickly drinks his whole drink while holding a red straw, then makes a happy face, at the bar.;s03e15_009;tbbt_s03e15.mp4;55.51;69.03;no
82961;Penny, in a red blouse, and Leonard both look down while sitting on the couch and Penny puts her hand on his shoulder.;s01e06_095;tbbt_s01e06.mp4;1050.54;1065.26;no
34121;Howard, while in the bathroom with Leonard, goes to the sink and washes his hands.;s09e22_069;tbbt_s09e22.mp4;865.31;878.87;no
7725;Penny, standing, leans forward and looks at Sheldon, who is sitting on the couch, with her hands on her knees.;s02e21_098;tbbt_s02e21.mp4;905.13;916.65;no
11644;Penny, in a red dress, rests her arms on Leonard's shoulder while smiling at him, as Amy, in a blue dress, stands at the doorway.;s08e08_106;tbbt_s08e08.mp4;828.91;841.42;no
3394;Bernadette adjusts her glasses when she's talking to Howard online.;s06e01_112;tbbt_s06e01.mp4;1211.46;1215.38;no
58103;Sheldon, in a grey shirt, hands Amy, in a purple sweater next to him, food wrapped in foil.;s02e01_120;tbbt_s02e01.mp4;1166.58;1169.71;no
34121;Howard, while in the bathroom with Leonard, goes to the sink and washes his hands.;s01e01_090;tbbt_s01e01.mp4;826.16;831.58;no
28861;While Penny, Amy, and Bernadette are unboxing something, Leonard knocks on Penny's opened door.;s01e01_001;tbbt_s01e01.mp4;0.00;14.18;no
29607;Leonard leaves Penny's apartment door to go inside his apartment and looks up at the camera.;s03e15_121;tbbt_s03e15.mp4;1134.78;1147.03;no
29596;Sheldon, in green plaid pajamas, slumps from the headrest of the armchair down into the chair and makes a shushing gesture.;s02e13_108;tbbt_s02e13.mp4;1122.62;1135.47;no
40031;Leonard and Penny kiss in the hall and a camera on the wall watches them.;s01e06_047;tbbt_s01e06.mp4;498.09;512.51;no
34121;Howard, while in the bathroom with Leonard, goes to the sink and washes his hands.;s05e13_055;tbbt_s05e13.mp4;600.98;611.03;no
80596;Sheldon, in plaid pants, slides to his spot on the couch after Penny gets up.;s02e01_115;tbbt_s02e01.mp4;1139.06;1144.02;no
11659;Leonard, in a black suit, comes into the apartment and slams the door, then Howard looks at his watch.;s01e01_116;tbbt_s01e01.mp4;1055.85;1069.13;no
79007;A shot of Sheldon standing at the kitchen island in front of a row of toast, while Bernadette sits across from him.;s04e01_037;tbbt_s04e01.mp4;342.80;356.44;no
11644;Penny, in a red dress, rests her arms on Leonard's shoulder while smiling at him, as Amy, in a blue dress, stands at the doorway.;s08e08_118;tbbt_s08e08.mp4;952.86;965.22;no
3366;Raj lifts up his foot above the table at the canteen to show Sheldon and Leonard that he's wearing sandals.;s06e24_006;tbbt_s06e24.mp4;37.45;44.13;no
46843;Penny puts her wine glass on the table and gets down on one knee in front of Leonard.;s09e22_043;tbbt_s09e22.mp4;508.23;521.58;no
55040;Raj, in a red and blue track jacket, presses his palms together and taps his fingers excitedly, smiling on the couch.;s08e08_034;tbbt_s08e08.mp4;247.46;252.88;no
18709;Penny happily jumps toward Leonard on the sofa to give him a hug.;s04e12_140;tbbt_s04e12.mp4;1164.45;1169.04;no
96015;Leonard and Raj slowly walk through a doorway into a clinic pulling a robotic arm that is attached, underneath a blanket, to Howard.;s06e07_077;tbbt_s06e07.mp4;729.81;741.22;no
9411;A shot of the laptop screen, where Amy reaches forward and presses a button that shuts the video off.;s06e24_083;tbbt_s06e24.mp4;764.89;771.98;no
53286;Leonard, in a red robe, looks at the ground and blinks a couple of times, then takes the money from Sheldon's hand.;s02e01_111;tbbt_s02e01.mp4;1096.76;1108.69;no
13987;The robotic hand drops the small package into Penny's hand, which she holds out expectantly.;s06e01_059;tbbt_s06e01.mp4;613.45;625.97;no
80587;Leonard and Sheldon grab bottles from the kitchen island, then Sheldon sits on the couch while Leonard leans against the wall, still talking.;s06e24_038;tbbt_s06e24.mp4;402.15;407.45;no
19965;Penny looks up and winks at someone, making a finger gun gesture.;s08e04_126;tbbt_s08e04.mp4;1066.23;1069.57;no
15751;Raj, while holding a beer bottle, reaches out and slaps Leonard on the back while he eats his food.;s03e15_066;tbbt_s03e15.mp4;585.25;594.09;no
29607;Leonard leaves Penny's apartment door to go inside his apartment and looks up at the camera.;s02e21_134;tbbt_s02e21.mp4;1254.24;1266.07;no
18709;Penny happily jumps toward Leonard on the sofa to give him a hug.;s08e04_127;tbbt_s08e04.mp4;1069.57;1082.71;no
18709;Penny happily jumps toward Leonard on the sofa to give him a hug.;s08e08_045;tbbt_s08e08.mp4;328.09;335.58;no
28861;While Penny, Amy, and Bernadette are unboxing something, Leonard knocks on Penny's opened door.;s06e24_132;tbbt_s06e24.mp4;1144.68;1150.86;no
42301;Sheldon, standing in front of a bookcase, near the window with drapes, dials a number on his cell phone.;s05e13_091;tbbt_s05e13.mp4;947.42;958.12;no
62276;Sheldon walks up and flips the light switch to turn off the lights in the laundry room.;s03e15_098;tbbt_s03e15.mp4;855.19;867.78;no
11646;Leonard rolls onto his side toward Penny, while they are lying together in bed on orange pillows.;s03e19_002;tbbt_s03e19.mp4;12.32;23.32;no
84012;Sheldon, in a purple shirt with black sleeves, suddenly moves his body while sitting on the couch and starts to clap as he is singing a song.;s04e12_134;tbbt_s04e12.mp4;1103.85;1107.52;no
62276;Sheldon walks up and flips the light switch to turn off the lights in the laundry room.;s02e01_059;tbbt_s02e01.mp4;571.59;583.44;no
3366;Raj lifts up his foot above the table at the canteen to show Sheldon and Leonard that he's wearing sandals.;s04e12_003;tbbt_s04e12.mp4;30.32;44.02;no
80591;Leonard walks to the door, lets in Howard holding a CD and Raj, who is wearing a red hat.;s01e06_017;tbbt_s01e06.mp4;221.49;234.28;no
79981;Leonard grabs Penny by the arms and walks her back a few steps, while standing in the living room in front of Sheldon.;s07e13_128;tbbt_s07e13.mp4;1095.80;1103.48;no
29596;Sheldon, in green plaid pajamas, slumps from the headrest of the armchair down into the chair and makes a shushing gesture.;s02e01_123;tbbt_s02e01.mp4;1182.56;1189.65;no
19965;Penny looks up and winks at someone, making a finger gun gesture.;s08e04_050;tbbt_s08e04.mp4;424.13;431.43;no
78581;Howard is struggling to take a black bowling ball from the tray.;s03e19_129;tbbt_s03e19.mp4;929.30;935.02;no
13987;The robotic hand drops the small package into Penny's hand, which she holds out expectantly.;s06e07_065;tbbt_s06e07.mp4;595.24;608.80;no
19965;Penny looks up and winks at someone, making a finger gun gesture.;s08e04_114;tbbt_s08e04.mp4;944.11;953.83;no
42301;Sheldon, standing in front of a bookcase, near the window with drapes, dials a number on his cell phone.;s02e01_114;tbbt_s02e01.mp4;1129.84;1139.06;no
11644;Penny, in a red dress, rests her arms on Leonard's shoulder while smiling at him, as Amy, in a blue dress, stands at the doorway.;s08e08_140;tbbt_s08e08.mp4;1134.13;1142.52;no
15751;Raj, while holding a beer bottle, reaches out and slaps Leonard on the back while he eats his food.;s08e08_005;tbbt_s08e08.mp4;41.33;54.43;no
78581;Howard is struggling to take a black bowling ball from the tray.;s05e13_055;tbbt_s05e13.mp4;600.98;611.03;no
80587;Leonard and Sheldon grab bottles from the kitchen island, then Sheldon sits on the couch while Leonard leans against the wall, still talking.;s09e22_087;tbbt_s09e22.mp4;1122.04;1135.06;no
38416;Penny sits in the back seat and shrugs her shoulders twice as they all drive in a car.;s07e13_066;tbbt_s07e13.mp4;612.28;616.87;no
79987;Sheldon stands with one arm stretched straight up and the other arm down at his side, bending his body backward, looking around, uncomfortable.;s02e01_105;tbbt_s02e01.mp4;1060.35;1065.52;no
80587;Leonard and Sheldon grab bottles from the kitchen island, then Sheldon sits on the couch while Leonard leans against the wall, still talking.;s03e15_104;tbbt_s03e15.mp4;933.27;947.03;no
79987;Sheldon stands with one arm stretched straight up and the other arm down at his side, bending his body backward, looking around, uncomfortable.;s03e19_095;tbbt_s03e19.mp4;696.86;702.70;no
80227;Leonard, in a costume, closes his front door quickly and locks it.;s02e21_053;tbbt_s02e21.mp4;461.96;473.68;no
29596;Sheldon, in green plaid pajamas, slumps from the headrest of the armchair down into the chair and makes a shushing gesture.;s05e13_089;tbbt_s05e13.mp4;926.42;936.73;no
80587;Leonard and Sheldon grab bottles from the kitchen island, then Sheldon sits on the couch while Leonard leans against the wall, still talking.;s04e12_019;tbbt_s04e12.mp4;195.35;200.41;no
3366;Raj lifts up his foot above the table at the canteen to show Sheldon and Leonard that he's wearing sandals.;s04e12_077;tbbt_s04e12.mp4;679.93;690.23;no
34121;Howard, while in the bathroom with Leonard, goes to the sink and washes his hands.;s02e21_042;tbbt_s02e21.mp4;374.67;380.09;no
86431;Penny catches Leonard and Sheldon staring at her from the hallway.;s02e01_056;tbbt_s02e01.mp4;542.19;550.47;no
58103;Sheldon, in a grey shirt, hands Amy, in a purple sweater next to him, food wrapped in foil.;s02e13_013;tbbt_s02e13.mp4;130.21;134.63;no
15751;Raj, while holding a beer bottle, reaches out and slaps Leonard on the back while he eats his food.;s03e15_007;tbbt_s03e15.mp4;46.67;51.97;no
79987;Sheldon stands with one arm stretched straight up and the other arm down at his side, bending his body backward, looking around, uncomfortable.;s03e19_131;tbbt_s03e19.mp4;939.90;946.11;no
15762;Lucy puts aside an orange napkin and rushes away from the table where Amy and Raj are sitting.;s02e21_072;tbbt_s02e21.mp4;597.97;607.73;no
11679;Leonard, in a black suit, is looking at his computer while talking to his friends, who are playing a board game at the glass table.;s09e22_038;tbbt_s09e22.mp4;453.32;466.59;no
3394;Bernadette adjusts her glasses when she's talking to Howard online.;s09e22_083;tbbt_s09e22.mp4;1065.12;1079.35;no
18709;Penny happily jumps toward Leonard on the sofa to give him a hug.;s03e19_007;tbbt_s03e19.mp4;50.68;54.72;no
58103;Sheldon, in a grey shirt, hands Amy, in a purple sweater next to him, food wrapped in foil.;s08e08_060;tbbt_s08e08.mp4;419.59;430.40;no
6010003;Howard, in a green polo shirt and cap, pushes off from one wall to the opposite one, as he floats through the space station.;s06e01_009;tbbt_s06e01.mp4;88.75;101.41;no
13987;The robotic hand drops the small package into Penny's hand, which she holds out expectantly.;s04e01_115;tbbt_s04e01.mp4;1115.66;1122.16;no
55040;Raj, in a red and blue track jacket, presses his palms together and taps his fingers excitedly, smiling on the couch.;s02e21_016;tbbt_s02e21.mp4;155.22;166.92;no
19965;Penny looks up and winks at someone, making a finger gun gesture.;s08e04_055;tbbt_s08e04.mp4;452.62;459.79;no
91631;Sheldon enters the bar and sits on a stool in front of Penny, with a snack lying on the bar counter.;s08e08_043;tbbt_s08e08.mp4;314.23;318.69;no
84012;Sheldon, in a purple shirt with black sleeves, suddenly moves his body while sitting on the couch and starts to clap as he is singing a song.;s05e09_122;tbbt_s05e09.mp4;1093.43;1099.56;no
19965;Penny looks up and winks at someone, making a finger gun gesture.;s01e01_131;tbbt_s01e01.mp4;1242.80;1257.38;no
80587;Leonard and Sheldon grab bottles from the kitchen island, then Sheldon sits on the couch while Leonard leans against the wall, still talking.;s02e01_018;tbbt_s02e01.mp4;156.57;165.92;yes
51045;Sheldon quickly drinks his whole drink while holding a red straw, then makes a happy face, at the bar.;s02e21_084;tbbt_s02e21.mp4;734.90;744.18;no
29607;Leonard leaves Penny's apartment door to go inside his apartment and looks up at the camera.;s05e09_138;tbbt_s05e09.mp4;1230.40;1241.16;no
84012;Sheldon, in a purple shirt with black sleeves, suddenly moves his body while sitting on the couch and starts to clap as he is singing a song.;s01e01_065;tbbt_s01e01.mp4;607.02;618.83;no
29607;Leonard leaves Penny's apartment door to go inside his apartment and looks up at the camera.;s01e01_027;tbbt_s01e01.mp4;250.00;257.59;no
11659;Leonard, in a black suit, comes into the apartment and slams the door, then Howard looks at his watch.;s02e01_027;tbbt_s02e01.mp4;236.03;240.28;no
9411;A shot of the laptop screen, where Amy reaches forward and presses a button that shuts the video off.;s06e01_070;tbbt_s06e01.mp4;757.96;772.25;no
11646;Leonard rolls onto his side toward Penny, while they are lying together in bed on orange pillows.;s02e21_129;tbbt_s02e21.mp4;1185.42;1199.66;no
15762;Lucy puts aside an orange napkin and rushes away from the table where Amy and Raj are sitting.;s04e12_003;tbbt_s04e12.mp4;30.32;44.02;no
29596;Sheldon, in green plaid pajamas, slumps from the headrest of the armchair down into the chair and makes a shushing gesture.;s06e07_003;tbbt_s06e07.mp4;29.56;43.69;no
42301;Sheldon, standing in front of a bookcase, near the window with drapes, dials a number on his cell phone.;s08e08_112;tbbt_s08e08.mp4;876.33;885.15;no
18709;Penny happily jumps toward Leonard on the sofa to give him a hug.;s06e01_062;tbbt_s06e01.mp4;651.02;663.54;no
80596;Sheldon, in plaid pants, slides to his spot on the couch after Penny gets up.;s02e13_039;tbbt_s02e13.mp4;422.57;433.43;no
6010003;Howard, in a green polo shirt and cap, pushes off from one wall to the opposite one, as he floats through the space station.;s06e01_049;tbbt_s06e01.mp4;481.19;489.50;no
3370;Penny applies white cream with a spatula on Amy's face between her lip and her nose.;s08e08_086;tbbt_s08e08.mp4;618.49;623.37;no
38099;Raj jumps into the apartment wearing a Flash costume.;s06e07_112;tbbt_s06e07.mp4;1088.14;1102.43;no
80591;Leonard walks to the door, lets in Howard holding a CD and Raj, who is wearing a red hat.;s02e01_059;tbbt_s02e01.mp4;571.59;583.44;no
296;Sheldon, with a bird on his arm, picks up a cup from a table near the sofa and offers it to the bird, which takes it.;s09e22_022;tbbt_s09e22.mp4;252.93;265.89;no
7725;Penny, standing, leans forward and looks at Sheldon, who is sitting on the couch, with her hands on her knees.;s07e13_014;tbbt_s07e13.mp4;138.81;149.28;no
96016;The nurse takes off her glasses, walks over and looks underneath Howard's purple blanket.;s06e24_057;tbbt_s06e24.mp4;549.67;558.10;no
55040;Raj, in a red and blue track jacket, presses his palms together and taps his fingers excitedly, smiling on the couch.;s02e21_006;tbbt_s02e21.mp4;42.81;57.02;no
3372;Penny wipes the cream off the spatula with a tissue.;s08e04_041;tbbt_s08e04.mp4;376.29;383.93;no
3394;Bernadette adjusts her glasses when she's talking to Howard online.;s08e04_082;tbbt_s08e04.mp4;611.99;617.53;no
18709;Penny happily jumps toward Leonard on the sofa to give him a hug.;s03e19_010;tbbt_s03e19.mp4;65.73;69.53;no
33248;Sheldon is being clipped in by the instructor to climb the wall.;s08e08_089;tbbt_s08e08.mp4;639.05;653.30;no
58103;Sheldon, in a grey shirt, hands Amy, in a purple sweater next to him, food wrapped in foil.;s02e21_097;tbbt_s02e21.mp4;893.61;905.13;no
96015;Leonard and Raj slowly walk through a doorway into a clinic pulling a robotic arm that is attached, underneath a blanket, to Howard.;s05e13_062;tbbt_s05e13.mp4;679.60;693.32;no
7130004;A shot of a busy multi-lane highway with cars driving in both directions, trees lining the roadside.;s01e01_112;tbbt_s01e01.mp4;1018.43;1030.90;no
3372;Penny wipes the cream off the spatula with a tissue.;s06e07_096;tbbt_s06e07.mp4;939.31;943.90;no
80587;Leonard and Sheldon grab bottles from the kitchen island, then Sheldon sits on the couch while Leonard leans against the wall, still talking.;s04e12_032;tbbt_s04e12.mp4;316.07;326.70;no
19965;Penny looks up and winks at someone, making a finger gun gesture.;s08e04_116;tbbt_s08e04.mp4;962.34;975.66;no
83407;Bernadette touches a red dress that Amy is holding up as they stand in front of the blue couch.;s03e19_102;tbbt_s03e19.mp4;739.11;743.79;no
15768;Penny, in a grocery store with Sheldon, grabs two bottles of vodka and puts them in a cart.;s06e24_077;tbbt_s06e24.mp4;716.07;727.56;no
16404;Bernadette, in a blue floral dress, reaches out and holds Howard's hand to comfort him while they are eating dinner.;s09e22_003;tbbt_s09e22.mp4;16.60;25.80;no
3370;Penny applies white cream with a spatula on Amy's face between her lip and her nose.;s08e04_074;tbbt_s08e04.mp4;566.11;573.03;no
55040;Raj, in a red and blue track jacket, presses his palms together and taps his fingers excitedly, smiling on the couch.;s06e24_125;tbbt_s06e24.mp4;1062.00;1070.07;no
45195;Sheldon reaches for his wallet in his jacket pocket while sitting at the restaurant with Amy.;s06e01_086;tbbt_s06e01.mp4;955.67;969.95;no
34121;Howard, while in the bathroom with Leonard, goes to the sink and washes his hands.;s02e21_043;tbbt_s02e21.mp4;380.09;385.26;no
28861;While Penny, Amy, and Bernadette are unboxing something, Leonard knocks on Penny's opened door.;s02e01_109;tbbt_s02e01.mp4;1081.52;1087.00;no
51045;Sheldon quickly drinks his whole drink while holding a red straw, then makes a happy face, at the bar.;s02e21_079;tbbt_s02e21.mp4;691.95;705.91;no
7130004;A shot of a busy multi-lane highway with cars driving in both directions, trees lining the roadside.;s04e01_067;tbbt_s04e01.mp4;660.65;673.08;no
88802;A bartender hands Raj a mint green drink and Leonard a beer bottle, at the bar.;s02e21_074;tbbt_s02e21.mp4;622.12;636.09;no
82961;Penny, in a red blouse, and Leonard both look down while sitting on the couch and Penny puts her hand on his shoulder.;s06e01_061;tbbt_s06e01.mp4;638.50;651.02;no
80596;Sheldon, in plaid pants, slides to his spot on the couch after Penny gets up.;s02e01_119;tbbt_s02e01.mp4;1162.45;1166.58;no
3370;Penny applies white cream with a spatula on Amy's face between her lip and her nose.;s09e22_090;tbbt_s09e22.mp4;1158.45;1170.15;no
80587;Leonard and Sheldon grab bottles from the kitchen island, then Sheldon sits on the couch while Leonard leans against the wall, still talking.;s01e01_082;tbbt_s01e01.mp4;738.53;750.77;no
55040;Raj, in a red and blue track jacket, presses his palms together and taps his fingers excitedly, smiling on the couch.;s02e13_001;tbbt_s02e13.mp4;0.00;12.53;no
15751;Raj, while holding a beer bottle, reaches out and slaps Leonard on the back while he eats his food.;s04e01_028;tbbt_s04e01.mp4;238.70;251.21;no
7130004;A shot of a busy multi-lane highway with cars driving in both directions, trees lining the roadside.;s03e15_062;tbbt_s03e15.mp4;551.87;562.14;no
11679;Leonard, in a black suit, is looking at his computer while talking to his friends, who are playing a board game at the glass table.;s01e06_024;tbbt_s01e06.mp4;298.13;312.48;no
80596;Sheldon, in plaid pants, slides to his spot on the couch after Penny gets up.;s02e21_107;tbbt_s02e21.mp4;1003.25;1011.76;no
83407;Bernadette touches a red dress that Amy is holding up as they stand in front of the blue couch.;s08e08_104;tbbt_s08e08.mp4;803.89;816.40;no
11656;Sheldon lays down some cards in a couple of places on the table while playing a card game with bored Raj and Howard.;s04e12_004;tbbt_s04e12.mp4;44.02;57.72;no
55040;Raj, in a red and blue track jacket, presses his palms together and taps his fingers excitedly, smiling on the couch.;s06e24_041;tbbt_s06e24.mp4;425.05;433.14;no
42301;Sheldon, standing in front of a bookcase, near the window with drapes, dials a number on his cell phone.;s07e13_017;tbbt_s07e13.mp4;193.24;205.31;no
16404;Bernadette, in a blue floral dress, reaches out and holds Howard's hand to comfort him while they are eating dinner.;s02e13_005;tbbt_s02e13.mp4;50.13;63.84;no
55040;Raj, in a red and blue track jacket, presses his palms together and taps his fingers excitedly, smiling on the couch.;s03e15_070;tbbt_s03e15.mp4;610.69;621.43;no
15762;Lucy puts aside an orange napkin and rushes away from the table where Amy and Raj are sitting.;s02e13_001;tbbt_s02e13.mp4;0.00;12.53;no
82961;Penny, in a red blouse, and Leonard both look down while sitting on the couch and Penny puts her hand on his shoulder.;s07e13_014;tbbt_s07e13.mp4;138.81;149.28;no
38416;Penny sits in the back seat and shrugs her shoulders twice as they all drive in a car.;s04e01_066;tbbt_s04e01.mp4;646.86;660.65;no
55040;Raj, in a red and blue track jacket, presses his palms together and taps his fingers excitedly, smiling on the couch.;s09e22_023;tbbt_s09e22.mp4;265.89;278.85;no
96015;Leonard and Raj slowly walk through a doorway into a clinic pulling a robotic arm that is attached, underneath a blanket, to Howard.;s02e01_098;tbbt_s02e01.mp4;999.73;1012.55;no
11644;Penny, in a red dress, rests her arms on Leonard's shoulder while smiling at him, as Amy, in a blue dress, stands at the doorway.;s05e09_088;tbbt_s05e09.mp4;722.37;736.32;no
45195;Sheldon reaches for his wallet in his jacket pocket while sitting at the restaurant with Amy.;s06e01_053;tbbt_s06e01.mp4;531.00;544.84;no
33248;Sheldon is being clipped in by the instructor to climb the wall.;s02e13_094;tbbt_s02e13.mp4;977.64;983.36;no
88802;A bartender hands Raj a mint green drink and Leonard a beer bottle, at the bar.;s02e21_073;tbbt_s02e21.mp4;607.73;622.12;no
11656;Sheldon lays down some cards in a couple of places on the table while playing a card game with bored Raj and Howard.;s05e13_026;tbbt_s05e13.mp4;289.65;302.02;no
3022;Penny pulls back the shower curtain and climbs inside the shower.;s02e21_041;tbbt_s02e21.mp4;361.69;374.67;no
18709;Penny happily jumps toward Leonard on the sofa to give him a hug.;s02e01_004;tbbt_s02e01.mp4;38.45;47.38;no
291;Amy and Bernadette look at a bird on the couch, then turn to Sheldon standing in the doorway with crossed arms.;s05e09_121;tbbt_s05e09.mp4;1079.27;1093.43;no
33248;Sheldon is being clipped in by the instructor to climb the wall.;s07e13_113;tbbt_s07e13.mp4;955.96;963.42;no
3366;Raj lifts up his foot above the table at the canteen to show Sheldon and Leonard that he's wearing sandals.;s06e24_056;tbbt_s06e24.mp4;540.44;549.67;no
96016;The nurse takes off her glasses, walks over and looks underneath Howard's purple blanket.;s02e21_132;tbbt_s02e21.mp4;1228.16;1242.41;no
11690;Amy and Bernadette are sitting on Penny's bed on a pile of clothes when Penny comes out of her bathroom in a green dress.;s02e21_123;tbbt_s02e21.mp4;1147.77;1155.61;no
38099;Raj jumps into the apartment wearing a Flash costume.;s01e06_003;tbbt_s01e06.mp4;24.70;35.56;no
15762;Lucy puts aside an orange napkin and rushes away from the table where Amy and Raj are sitting.;s09e22_085;tbbt_s09e22.mp4;1093.58;1107.81;no
53286;Leonard, in a red robe, looks at the ground and blinks a couple of times, then takes the money from Sheldon's hand.;s04e12_069;tbbt_s04e12.mp4;622.00;629.67;no
3394;Bernadette adjusts her glasses when she's talking to Howard online.;s08e04_080;tbbt_s08e04.mp4;597.39;606.61;no
79987;Sheldon stands with one arm stretched straight up and the other arm down at his side, bending his body backward, looking around, uncomfortable.;s03e19_097;tbbt_s03e19.mp4;707.08;716.26;no
15762;Lucy puts aside an orange napkin and rushes away from the table where Amy and Raj are sitting.;s06e07_062;tbbt_s06e07.mp4;554.55;568.12;no
3372;Penny wipes the cream off the spatula with a tissue.;s04e01_020;tbbt_s04e01.mp4;176.47;186.65;no
28861;While Penny, Amy, and Bernadette are unboxing something, Leonard knocks on Penny's opened door.;s05e09_002;tbbt_s05e09.mp4;4.46;17.05;no
3372;Penny wipes the cream off the spatula with a tissue.;s08e08_079;tbbt_s08e08.mp4;569.07;575.16;no
53286;Leonard, in a red robe, looks at the ground and blinks a couple of times, then takes the money from Sheldon's hand.;s02e01_032;tbbt_s02e01.mp4;311.27;323.92;no
11644;Penny, in a red dress, rests her arms on Leonard's shoulder while smiling at him, as Amy, in a blue dress, stands at the doorway.;s08e08_141;tbbt_s08e08.mp4;1142.52;1150.11;no
42301;Sheldon, standing in front of a bookcase, near the window with drapes, dials a number on his cell phone.;s04e12_144;tbbt_s04e12.mp4;1196.24;1205.95;no
55040;Raj, in a red and blue track jacket, presses his palms together and taps his fingers excitedly, smiling on the couch.;s03e15_066;tbbt_s03e15.mp4;585.25;594.09;no
80587;Leonard and Sheldon grab bottles from the kitchen island, then Sheldon sits on the couch while Leonard leans against the wall, still talking.;s02e21_004;tbbt_s02e21.mp4;18.77;28.61;no
40031;Leonard and Penny kiss in the hall and a camera on the wall watches them.;s05e09_005;tbbt_s05e09.mp4;42.23;54.81;no
45195;Sheldon reaches for his wallet in his jacket pocket while sitting at the restaurant with Amy.;s06e07_085;tbbt_s06e07.mp4;804.12;818.78;no
3385;A man floats across the International Space Station behind Howard at the laptop.;s06e01_043;tbbt_s06e01.mp4;438.69;449.12;no
28861;While Penny, Amy, and Bernadette are unboxing something, Leonard knocks on Penny's opened door.;s08e04_115;tbbt_s08e04.mp4;953.83;962.34;no
6010003;Howard, in a green polo shirt and cap, pushes off from one wall to the opposite one, as he floats through the space station.;s06e01_069;tbbt_s06e01.mp4;743.68;757.96;no
40031;Leonard and Penny kiss in the hall and a camera on the wall watches them.;s09e22_054;tbbt_s09e22.mp4;657.69;671.46;no
58103;Sheldon, in a grey shirt, hands Amy, in a purple sweater next to him, food wrapped in foil.;s01e01_094;tbbt_s01e01.mp4;849.25;856.90;no
79981;Leonard grabs Penny by the arms and walks her back a few steps, while standing in the living room in front of Sheldon.;s07e13_002;tbbt_s07e13.mp4;12.29;22.91;no
86431;Penny catches Leonard and Sheldon staring at her from the hallway.;s05e09_002;tbbt_s05e09.mp4;4.46;17.05;no
58103;Sheldon, in a grey shirt, hands Amy, in a purple sweater next to him, food wrapped in foil.;s03e15_109;tbbt_s03e15.mp4;996.73;1011.10;no
79007;A shot of Sheldon standing at the kitchen island in front of a row of toast, while Bernadette sits across from him.;s06e07_100;tbbt_s06e07.mp4;979.69;991.62;no
46843;Penny puts her wine glass on the table and gets down on one knee in front of Leonard.;s08e08_025;tbbt_s08e08.mp4;195.40;201.24;no
53286;Leonard, in a red robe, looks at the ground and blinks a couple of times, then takes the money from Sheldon's hand.;s06e07_124;tbbt_s06e07.mp4;1198.18;1209.00;yes
78581;Howard is struggling to take a black bowling ball from the tray.;s03e19_065;tbbt_s03e19.mp4;521.94;525.52;no
3370;Penny applies white cream with a spatula on Amy's face between her lip and her nose.;s08e04_086;tbbt_s08e04.mp4;634.55;643.57;no
58103;Sheldon, in a grey shirt, hands Amy, in a purple sweater next to him, food wrapped in foil.;s02e21_132;tbbt_s02e21.mp4;1228.16;1242.41;no
13987;The robotic hand drops the small package into Penny's hand, which she holds out expectantly.;s08e04_045;tbbt_s08e04.mp4;400.86;405.53;no
16404;Bernadette, in a blue floral dress, reaches out and holds Howard's hand to comfort him while they are eating dinner.;s02e21_113;tbbt_s02e21.mp4;1068.62;1079.70;no
29607;Leonard leaves Penny's apartment door to go inside his apartment and looks up at the camera.;s07e13_005;tbbt_s07e13.mp4;47.04;59.05;no
91631;Sheldon enters the bar and sits on a stool in front of Penny, with a snack lying on the bar counter.;s06e07_099;tbbt_s06e07.mp4;967.76;979.69;no
29607;Leonard leaves Penny's apartment door to go inside his apartment and looks up at the camera.;s02e01_057;tbbt_s02e01.mp4;550.47;559.73;no
53286;Leonard, in a red robe, looks at the ground and blinks a couple of times, then takes the money from Sheldon's hand.;s01e06_029;tbbt_s01e06.mp4;337.75;346.35;no
84012;Sheldon, in a purple shirt with black sleeves, suddenly moves his body while sitting on the couch and starts to clap as he is singing a song.;s03e19_018;tbbt_s03e19.mp4;137.51;152.44;no
15751;Raj, while holding a beer bottle, reaches out and slaps Leonard on the back while he eats his food.;s08e08_039;tbbt_s08e08.mp4;280.68;294.79;no
3022;Penny pulls back the shower curtain and climbs inside the shower.;s01e01_097;tbbt_s01e01.mp4;866.66;871.66;no
11644;Penny, in a red dress, rests her arms on Leonard's shoulder while smiling at him, as Amy, in a blue dress, stands at the doorway.;s08e08_096;tbbt_s08e08.mp4;709.67;717.96;no
6010003;Howard, in a green polo shirt and cap, pushes off from one wall to the opposite one, as he floats through the space station.;s06e01_042;tbbt_s06e01.mp4;428.26;438.69;no
15762;Lucy puts aside an orange napkin and rushes away from the table where Amy and Raj are sitting.;s09e22_022;tbbt_s09e22.mp4;252.93;265.89;no
55040;Raj, in a red and blue track jacket, presses his palms together and taps his fingers excitedly, smiling on the couch.;s02e01_089;tbbt_s02e01.mp4;881.76;896.32;no
291;Amy and Bernadette look at a bird on the couch, then turn to Sheldon standing in the doorway with crossed arms.;s05e09_119;tbbt_s05e09.mp4;1050.97;1065.12;no
55040;Raj, in a red and blue track jacket, presses his palms together and taps his fingers excitedly, smiling on the couch.;s06e24_086;tbbt_s06e24.mp4;783.07;792.42;no
15762;Lucy puts aside an orange napkin and rushes away from the table where Amy and Raj are sitting.;s02e21_078;tbbt_s02e21.mp4;677.98;691.95;no
29596;Sheldon, in green plaid pajamas, slumps from the headrest of the armchair down into the chair and makes a shushing gesture.;s03e15_126;tbbt_s03e15.mp4;1179.43;1190.56;no
9411;A shot of the laptop screen, where Amy reaches forward and presses a button that shuts the video off.;s01e01_129;tbbt_s01e01.mp4;1213.63;1228.21;no
11690;Amy and Bernadette are sitting on Penny's bed on a pile of clothes when Penny comes out of her bathroom in a green dress.;s03e19_003;tbbt_s03e19.mp4;23.32;34.33;no
11644;Penny, in a red dress, rests her arms on Leonard's shoulder while smiling at him, as Amy, in a blue dress, stands at the doorway.;s01e06_072;tbbt_s01e06.mp4;818.90;831.25;no
34121;Howard, while in the bathroom with Leonard, goes to the sink and washes his hands.;s03e15_118;tbbt_s03e15.mp4;1091.62;1106.41;no
33248;Sheldon is being clipped in by the instructor to climb the wall.;s02e13_093;tbbt_s02e13.mp4;973.76;977.64;no
80587;Leonard and Sheldon grab bottles from the kitchen island, then Sheldon sits on the couch while Leonard leans against the wall, still talking.;s01e01_004;tbbt_s01e01.mp4;28.24;35.77;no
15751;Raj, while holding a beer bottle, reaches out and slaps Leonard on the back while he eats his food.;s03e15_006;tbbt_s03e15.mp4;40.83;46.67;no
3366;Raj lifts up his foot above the table at the canteen to show Sheldon and Leonard that he's wearing sandals.;s06e24_003;tbbt_s06e24.mp4;18.64;26.90;no
46843;Penny puts her wine glass on the table and gets down on one knee in front of Leonard.;s09e22_083;tbbt_s09e22.mp4;1065.12;1079.35;no
38099;Raj jumps into the apartment wearing a Flash costume.;s03e19_175;tbbt_s03e19.mp4;1212.72;1225.14;no
11659;Leonard, in a black suit, comes into the apartment and slams the door, then Howard looks at his watch.;s02e01_093;tbbt_s02e01.mp4;940.02;954.70;no
11644;Penny, in a red dress, rests her arms on Leonard's shoulder while smiling at him, as Amy, in a blue dress, stands at the doorway.;s08e04_012;tbbt_s08e04.mp4;130.17;138.35;no
79987;Sheldon stands with one arm stretched straight up and the other arm down at his side, bending his body backward, looking around, uncomfortable.;s02e21_056;tbbt_s02e21.mp4;490.12;494.54;no
296;Sheldon, with a bird on his arm, picks up a cup from a table near the sofa and offers it to the bird, which takes it.;s08e04_107;tbbt_s08e04.mp4;854.06;866.79;no
79981;Leonard grabs Penny by the arms and walks her back a few steps, while standing in the living room in front of Sheldon.;s01e06_092;tbbt_s01e06.mp4;1020.56;1028.19;no
29596;Sheldon, in green plaid pajamas, slumps from the headrest of the armchair down into the chair and makes a shushing gesture.;s02e01_100;tbbt_s02e01.mp4;1022.15;1036.14;no
78581;Howard is struggling to take a black bowling ball from the tray.;s03e19_115;tbbt_s03e19.mp4;851.89;857.69;no
55040;Raj, in a red and blue track jacket, presses his palms together and taps his fingers excitedly, smiling on the couch.;s04e01_002;tbbt_s04e01.mp4;14.54;27.74;no
40031;Leonard and Penny kiss in the hall and a camera on the wall watches them.;s05e09_006;tbbt_s05e09.mp4;54.81;67.40;no
13987;The robotic hand drops the small package into Penny's hand, which she holds out expectantly.;s03e15_099;tbbt_s03e15.mp4;867.78;880.38;no
3366;Raj lifts up his foot above the table at the canteen to show Sheldon and Leonard that he's wearing sandals.;s06e01_027;tbbt_s06e01.mp4;310.10;321.99;no
38416;Penny sits in the back seat and shrugs her shoulders twice as they all drive in a car.;s07e13_069;tbbt_s07e13.mp4;632.92;639.30;no
16404;Bernadette, in a blue floral dress, reaches out and holds Howard's hand to comfort him while they are eating dinner.;s08e04_098;tbbt_s08e04.mp4;774.15;780.57;no
80591;Leonard walks to the door, lets in Howard holding a CD and Raj, who is wearing a red hat.;s01e01_004;tbbt_s01e01.mp4;28.24;35.77;no
62276;Sheldon walks up and flips the light switch to turn off the lights in the laundry room.;s05e13_060;tbbt_s05e13.mp4;650.88;665.87;no
11690;Amy and Bernadette are sitting on Penny's bed on a pile of clothes when Penny comes out of her bathroom in a green dress.;s05e13_024;tbbt_s05e13.mp4;263.80;277.28;no
79007;A shot of Sheldon standing at the kitchen island in front of a row of toast, while Bernadette sits across from him.;s09e22_030;tbbt_s09e22.mp4;354.81;368.45;no
3022;Penny pulls back the shower curtain and climbs inside the shower.;s01e01_101;tbbt_s01e01.mp4;892.14;906.20;no
19965;Penny looks up and winks at someone, making a finger gun gesture.;s02e13_108;tbbt_s02e13.mp4;1122.62;1135.47;no
40031;Leonard and Penny kiss in the hall and a camera on the wall watches them.;s01e06_092;tbbt_s01e06.mp4;1020.56;1028.19;no
96016;The nurse takes off her glasses, walks over and looks underneath Howard's purple blanket.;s05e13_111;tbbt_s05e13.mp4;1130.55;1136.05;no
80587;Leonard and Sheldon grab bottles from the kitchen island, then Sheldon sits on the couch while Leonard leans against the wall, still talking.;s02e13_109;tbbt_s02e13.mp4;1135.47;1148.31;no
9411;A shot of the laptop screen, where Amy reaches forward and presses a button that shuts the video off.;s06e24_087;tbbt_s06e24.mp4;792.42;797.88;no
19960;Raj raises his beer and then takes a sip of it, at the bowling lane.;s02e21_067;tbbt_s02e21.mp4;559.52;564.94;no
7130004;A shot of a busy multi-lane highway with cars driving in both directions, trees lining the roadside.;s06e24_014;tbbt_s06e24.mp4;115.74;119.79;no
79981;Leonard grabs Penny by the arms and walks her back a few steps, while standing in the living room in front of Sheldon.;s05e13_064;tbbt_s05e13.mp4;704.62;718.33;no
11644;Penny, in a red dress, rests her arms on Leonard's shoulder while smiling at him, as Amy, in a blue dress, stands at the doorway.;s03e19_098;tbbt_s03e19.mp4;716.26;725.43;no
29596;Sheldon, in green plaid pajamas, slumps from the headrest of the armchair down into the chair and makes a shushing gesture.;s02e01_106;tbbt_s02e01.mp4;1065.52;1069.90;no
3385;A man floats across the International Space Station behind Howard at the laptop.;s06e01_116;tbbt_s06e01.mp4;1234.19;1239.70;no
62276;Sheldon walks up and flips the light switch to turn off the lights in the laundry room.;s03e19_083;tbbt_s03e19.mp4;633.26;640.64;no
29607;Leonard leaves Penny's apartment door to go inside his apartment and looks up at the camera.;s05e09_128;tbbt_s05e09.mp4;1147.29;1159.46;no
3022;Penny pulls back the shower curtain and climbs inside the shower.;s05e13_018;tbbt_s05e13.mp4;196.15;204.75;no
11656;Sheldon lays down some cards in a couple of places on the table while playing a card game with bored Raj and Howard.;s03e19_037;tbbt_s03e19.mp4;289.44;302.09;no
29596;Sheldon, in green plaid pajamas, slumps from the headrest of the armchair down into the chair and makes a shushing gesture.;s05e13_087;tbbt_s05e13.mp4;905.53;916.16;no
86431;Penny catches Leonard and Sheldon staring at her from the hallway.;s05e09_126;tbbt_s05e09.mp4;1122.94;1135.11;no
11679;Leonard, in a black suit, is looking at his computer while talking to his friends, who are playing a board game at the glass table.;s02e01_024;tbbt_s02e01.mp4;201.53;213.03;no
46843;Penny puts her wine glass on the table and gets down on one knee in front of Leonard.;s09e22_037;tbbt_s09e22.mp4;440.05;453.32;no
34121;Howard, while in the bathroom with Leonard, goes to the sink and washes his hands.;s01e01_105;tbbt_s01e01.mp4;926.93;940.25;no
3394;Bernadette adjusts her glasses when she's talking to Howard online.;s07e13_039;tbbt_s07e13.mp4;383.38;393.44;no
46843;Penny puts her wine glass on the table and gets down on one knee in front of Leonard.;s08e04_078;tbbt_s08e04.mp4;586.38;592.47;no
15751;Raj, while holding a beer bottle, reaches out and slaps Leonard on the back while he eats his food.;s02e13_001;tbbt_s02e13.mp4;0.00;12.53;no
296;Sheldon, with a bird on his arm, picks up a cup from a table near the sofa and offers it to the bird, which takes it.;s01e01_113;tbbt_s01e01.mp4;1030.90;1038.75;no
291;Amy and Bernadette look at a bird on the couch, then turn to Sheldon standing in the doorway with crossed arms.;s08e08_023;tbbt_s08e08.mp4;186.40;191.32;no
51045;Sheldon quickly drinks his whole drink while holding a red straw, then makes a happy face, at the bar.;s06e24_094;tbbt_s06e24.mp4;824.37;831.46;no
37856;Penny sits beside Sheldon on the couch with a bowl in her hand and covers herself with the blanket.;s02e21_111;tbbt_s02e21.mp4;1040.94;1055.10;no
86431;Penny catches Leonard and Sheldon staring at her from the hallway.;s01e01_038;tbbt_s01e01.mp4;348.52;362.24;no
38099;Raj jumps into the apartment wearing a Flash costume.;s02e01_068;tbbt_s02e01.mp4;652.29;665.83;no
46843;Penny puts her wine glass on the table and gets down on one knee in front of Leonard.;s05e13_051;tbbt_s05e13.mp4;544.07;558.17;no
62276;Sheldon walks up and flips the light switch to turn off the lights in the laundry room.;s02e01_131;tbbt_s02e01.mp4;1266.07;1280.15;no
51045;Sheldon quickly drinks his whole drink while holding a red straw, then makes a happy face, at the bar.;s06e07_091;tbbt_s06e07.mp4;892.08;906.74;no
96016;The nurse takes off her glasses, walks over and looks underneath Howard's purple blanket.;s05e13_122;tbbt_s05e13.mp4;1212.75;1216.01;no
55040;Raj, in a red and blue track jacket, presses his palms together and taps his fingers excitedly, smiling on the couch.;s05e13_027;tbbt_s05e13.mp4;302.02;314.40;no
80596;Sheldon, in plaid pants, slides to his spot on the couch after Penny gets up.;s02e01_110;tbbt_s02e01.mp4;1087.00;1096.76;no
80591;Leonard walks to the door, lets in Howard holding a CD and Raj, who is wearing a red hat.;s08e04_064;tbbt_s08e04.mp4;504.88;513.20;no
29596;Sheldon, in green plaid pajamas, slumps from the headrest of the armchair down into the chair and makes a shushing gesture.;s09e22_030;tbbt_s09e22.mp4;354.81;368.45;no
38099;Raj jumps into the apartment wearing a Flash costume.;s08e04_069;tbbt_s08e04.mp4;534.03;544.29;no
83407;Bernadette touches a red dress that Amy is holding up as they stand in front of the blue couch.;s03e19_097;tbbt_s03e19.mp4;707.08;716.26;no
29596;Sheldon, in green plaid pajamas, slumps from the headrest of the armchair down into the chair and makes a shushing gesture.;s02e01_117;tbbt_s02e01.mp4;1149.40;1156.49;no
291;Amy and Bernadette look at a bird on the couch, then turn to Sheldon standing in the doorway with crossed arms.;s05e09_122;tbbt_s05e09.mp4;1093.43;1099.56;no
7130004;A shot of a busy multi-lane highway with cars driving in both directions, trees lining the roadside.;s03e15_057;tbbt_s03e15.mp4;502.14;516.93;no
33248;Sheldon is being clipped in by the instructor to climb the wall.;s02e13_081;tbbt_s02e13.mp4;894.73;903.15;no
79981;Leonard grabs Penny by the arms and walks her back a few steps, while standing in the living room in front of Sheldon.;s07e13_129;tbbt_s07e13.mp4;1103.48;1115.46;no
79987;Sheldon stands with one arm stretched straight up and the other arm down at his side, bending his body backward, looking around, uncomfortable.;s05e13_060;tbbt_s05e13.mp4;650.88;665.87;no
291;Amy and Bernadette look at a bird on the couch, then turn to Sheldon standing in the doorway with crossed arms.;s08e08_019;tbbt_s08e08.mp4;162.20;168.54;no
45195;Sheldon reaches for his wallet in his jacket pocket while sitting at the restaurant with Amy.;s06e01_087;tbbt_s06e01.mp4;969.95;984.22;no
11656;Sheldon lays down some cards in a couple of places on the table while playing a card game with bored Raj and Howard.;s08e04_033;tbbt_s08e04.mp4;296.88;307.77;no
11644;Penny, in a red dress, rests her arms on Leonard's shoulder while smiling at him, as Amy, in a blue dress, stands at the doorway.;s09e22_067;tbbt_s09e22.mp4;838.28;851.75;no
80596;Sheldon, in plaid pants, slides to his spot on the couch after Penny gets up.;s02e21_111;tbbt_s02e21.mp4;1040.94;1055.10;no
58103;Sheldon, in a grey shirt, hands Amy, in a purple sweater next to him, food wrapped in foil.;s04e12_048;tbbt_s04e12.mp4;450.74;460.67;no
84012;Sheldon, in a purple shirt with black sleeves, suddenly moves his body while sitting on the couch and starts to clap as he is singing a song.;s01e01_061;tbbt_s01e01.mp4;581.50;588.00;no
29596;Sheldon, in green plaid pajamas, slumps from the headrest of the armchair down into the chair and makes a shushing gesture.;s02e01_110;tbbt_s02e01.mp4;1087.00;1096.76;no
55040;Raj, in a red and blue track jacket, presses his palms together and taps his fingers excitedly, smiling on the couch.;s03e15_071;tbbt_s03e15.mp4;621.43;632.17;no
16404;Bernadette, in a blue floral dress, reaches out and holds Howard's hand to comfort him while they are eating dinner.;s06e07_063;tbbt_s06e07.mp4;568.12;581.68;no
79987;Sheldon stands with one arm stretched straight up and the other arm down at his side, bending his body backward, looking around, uncomfortable.;s05e09_126;tbbt_s05e09.mp4;1122.94;1135.11;no
4060;A wide shot of Stuart, Howard and Bernadette sitting down together in a cozy, antique-filled living room.;s08e04_125;tbbt_s08e04.mp4;1057.93;1066.23;no
79007;A shot of Sheldon standing at the kitchen island in front of a row of toast, while Bernadette sits across from him.;s06e07_097;tbbt_s06e07.mp4;943.90;955.83;no
46843;Penny puts her wine glass on the table and gets down on one knee in front of Leonard.;s05e13_041;tbbt_s05e13.mp4;403.04;417.14;no
11646;Leonard rolls onto his side toward Penny, while they are lying together in bed on orange pillows.;s05e13_069;tbbt_s05e13.mp4;773.18;786.89;no
11656;Sheldon lays down some cards in a couple of places on the table while playing a card game with bored Raj and Howard.;s05e13_038;tbbt_s05e13.mp4;388.18;392.64;no
28861;While Penny, Amy, and Bernadette are unboxing something, Leonard knocks on Penny's opened door.;s04e01_018;tbbt_s04e01.mp4;139.56;142.65;no
84012;Sheldon, in a purple shirt with black sleeves, suddenly moves his body while sitting on the couch and starts to clap as he is singing a song.;s02e01_100;tbbt_s02e01.mp4;1022.15;1036.14;no
82961;Penny, in a red blouse, and Leonard both look down while sitting on the couch and Penny puts her hand on his shoulder.;s06e24_127;tbbt_s06e24.mp4;1077.66;1091.07;no
46843;Penny puts her wine glass on the table and gets down on one knee in front of Leonard.;s05e13_043;tbbt_s05e13.mp4;431.25;445.35;no
55040;Raj, in a red and blue track jacket, presses his palms together and taps his fingers excitedly, smiling on the couch.;s06e24_090;tbbt_s06e24.mp4;805.72;809.98;no
62276;Sheldon walks up and flips the light switch to turn off the lights in the laundry room.;s07e13_018;tbbt_s07e13.mp4;205.31;217.38;no
79987;Sheldon stands with one arm stretched straight up and the other arm down at his side, bending his body backward, looking around, uncomfortable.;s05e13_064;tbbt_s05e13.mp4;704.62;718.33;no
3366;Raj lifts up his foot above the table at the canteen to show Sheldon and Leonard that he's wearing sandals.;s09e22_037;tbbt_s09e22.mp4;440.05;453.32;no
6010003;Howard, in a green polo shirt and cap, pushes off from one wall to the opposite one, as he floats through the space station.;s06e01_011;tbbt_s06e01.mp4;114.06;126.72;no
33248;Sheldon is being clipped in by the instructor to climb the wall.;s02e13_086;tbbt_s02e13.mp4;936.00;944.28;no
11659;Leonard, in a black suit, comes into the apartment and slams the door, then Howard looks at his watch.;s02e01_086;tbbt_s02e01.mp4;849.01;857.44;no
33248;Sheldon is being clipped in by the instructor to climb the wall.;s02e13_078;tbbt_s02e13.mp4;864.70;879.04;no
86431;Penny catches Leonard and Sheldon staring at her from the hallway.;s01e01_035;tbbt_s01e01.mp4;307.35;321.07;no
9411;A shot of the laptop screen, where Amy reaches forward and presses a button that shuts the video off.;s06e07_057;tbbt_s06e07.mp4;506.71;512.35;no
15762;Lucy puts aside an orange napkin and rushes away from the table where Amy and Raj are sitting.;s05e13_042;tbbt_s05e13.mp4;417.14;431.25;no
13987;The robotic hand drops the small package into Penny's hand, which she holds out expectantly.;s04e01_121;tbbt_s04e01.mp4;1154.53;1159.16;no
37856;Penny sits beside Sheldon on the couch with a bowl in her hand and covers herself with the blanket.;s03e15_042;tbbt_s03e15.mp4;321.84;336.09;no
29607;Leonard leaves Penny's apartment door to go inside his apartment and looks up at the camera.;s05e09_126;tbbt_s05e09.mp4;1122.94;1135.11;no
11690;Amy and Bernadette are sitting on Penny's bed on a pile of clothes when Penny comes out of her bathroom in a green dress.;s05e13_021;tbbt_s05e13.mp4;227.88;239.45;no
4060;A wide shot of Stuart, Howard and Bernadette sitting down together in a cozy, antique-filled living room.;s01e01_081;tbbt_s01e01.mp4;734.27;738.53;no
5090003;The bird flies into the apartment through the open window.;s05e09_095;tbbt_s05e09.mp4;799.92;805.22;no
78581;Howard is struggling to take a black bowling ball from the tray.;s03e19_149;tbbt_s03e19.mp4;1049.55;1054.76;no
42301;Sheldon, standing in front of a bookcase, near the window with drapes, dials a number on his cell phone.;s05e13_088;tbbt_s05e13.mp4;916.16;926.42;no
38099;Raj jumps into the apartment wearing a Flash costume.;s03e15_134;tbbt_s03e15.mp4;1247.58;1252.76;no
3372;Penny wipes the cream off the spatula with a tissue.;s06e07_046;tbbt_s06e07.mp4;414.87;423.84;no
15751;Raj, while holding a beer bottle, reaches out and slaps Leonard on the back while he eats his food.;s04e12_075;tbbt_s04e12.mp4;666.21;672.63;no
80591;Leonard walks to the door, lets in Howard holding a CD and Raj, who is wearing a red hat.;s01e01_018;tbbt_s01e01.mp4;158.71;170.40;no
42301;Sheldon, standing in front of a bookcase, near the window with drapes, dials a number on his cell phone.;s02e13_024;tbbt_s02e13.mp4;232.86;245.00;no
11644;Penny, in a red dress, rests her arms on Leonard's shoulder while smiling at him, as Amy, in a blue dress, stands at the doorway.;s02e21_106;tbbt_s02e21.mp4;989.09;1003.25;no
29607;Leonard leaves Penny's apartment door to go inside his apartment and looks up at the camera.;s03e19_044;tbbt_s03e19.mp4;352.48;366.24;no
6010003;Howard, in a green polo shirt and cap, pushes off from one wall to the opposite one, as he floats through the space station.;s06e01_066;tbbt_s06e01.mp4;700.82;715.10;no
4060;A wide shot of Stuart, Howard and Bernadette sitting down together in a cozy, antique-filled living room.;s09e22_014;tbbt_s09e22.mp4;133.93;139.81;no
4060;A wide shot of Stuart, Howard and Bernadette sitting down together in a cozy, antique-filled living room.;s08e04_011;tbbt_s08e04.mp4;117.13;130.17;no
11644;Penny, in a red dress, rests her arms on Leonard's shoulder while smiling at him, as Amy, in a blue dress, stands at the doorway.;s05e13_061;tbbt_s05e13.mp4;665.87;679.60;no
38416;Penny sits in the back seat and shrugs her shoulders twice as they all drive in a car.;s04e01_060;tbbt_s04e01.mp4;581.08;588.63;no
296;Sheldon, with a bird on his arm, picks up a cup from a table near the sofa and offers it to the bird, which takes it.;s05e09_102;tbbt_s05e09.mp4;837.96;846.97;no
15751;Raj, while holding a beer bottle, reaches out and slaps Leonard on the back while he eats his food.;s06e24_008;tbbt_s06e24.mp4;52.01;65.57;no
3366;Raj lifts up his foot above the table at the canteen to show Sheldon and Leonard that he's wearing sandals.;s08e04_001;tbbt_s08e04.mp4;0.00;14.32;no
34121;Howard, while in the bathroom with Leonard, goes to the sink and washes his hands.;s01e01_104;tbbt_s01e01.mp4;913.62;926.93;no
40031;Leonard and Penny kiss in the hall and a camera on the wall watches them.;s05e09_128;tbbt_s05e09.mp4;1147.29;1159.46;no
91631;Sheldon enters the bar and sits on a stool in front of Penny, with a snack lying on the bar counter.;s06e07_098;tbbt_s06e07.mp4;955.83;967.76;no
15762;Lucy puts aside an orange napkin and rushes away from the table where Amy and Raj are sitting.;s09e22_025;tbbt_s09e22.mp4;291.81;304.76;no
40031;Leonard and Penny kiss in the hall and a camera on the wall watches them.;s01e06_097;tbbt_s01e06.mp4;1079.98;1094.70;no
5090003;The bird flies into the apartment through the open window.;s05e09_001;tbbt_s05e09.mp4;0.00;4.46;no
11659;Leonard, in a black suit, comes into the apartment and slams the door, then Howard looks at his watch.;s05e13_028;tbbt_s05e13.mp4;314.40;320.61;no
83407;Bernadette touches a red dress that Amy is holding up as they stand in front of the blue couch.;s08e08_097;tbbt_s08e08.mp4;717.96;731.35;no
80587;Leonard and Sheldon grab bottles from the kitchen island, then Sheldon sits on the couch while Leonard leans against the wall, still talking.;s04e01_011;tbbt_s04e01.mp4;99.39;104.31;no
83407;Bernadette touches a red dress that Amy is holding up as they stand in front of the blue couch.;s05e13_014;tbbt_s05e13.mp4;150.40;164.65;no
58103;Sheldon, in a grey shirt, hands Amy, in a purple sweater next to him, food wrapped in foil.;s04e01_029;tbbt_s04e01.mp4;251.21;263.78;no
11679;Leonard, in a black suit, is looking at his computer while talking to his friends, who are playing a board game at the glass table.;s02e01_012;tbbt_s02e01.mp4;105.27;115.59;no
84012;Sheldon, in a purple shirt with black sleeves, suddenly moves his body while sitting on the couch and starts to clap as he is singing a song.;s04e12_046;tbbt_s04e12.mp4;439.56;447.11;no
5090003;The bird flies into the apartment through the open window.;s05e09_016;tbbt_s05e09.mp4;112.32;118.37;no
80587;Leonard and Sheldon grab bottles from the kitchen island, then Sheldon sits on the couch while Leonard leans against the wall, still talking.;s04e12_026;tbbt_s04e12.mp4;256.37;268.91;no
28861;While Penny, Amy, and Bernadette are unboxing something, Leonard knocks on Penny's opened door.;s07e13_047;tbbt_s07e13.mp4;457.28;471.81;no
45195;Sheldon reaches for his wallet in his jacket pocket while sitting at the restaurant with Amy.;s06e01_050;tbbt_s06e01.mp4;489.50;503.33;no
296;Sheldon, with a bird on his arm, picks up a cup from a table near the sofa and offers it to the bird, which takes it.;s05e09_036;tbbt_s05e09.mp4;283.93;297.05;no
33248;Sheldon is being clipped in by the instructor to climb the wall.;s02e13_090;tbbt_s02e13.mp4;958.46;964.96;no
29607;Leonard leaves Penny's apartment door to go inside his apartment and looks up at the camera.;s05e09_004;tbbt_s05e09.mp4;29.64;42.23;no
80596;Sheldon, in plaid pants, slides to his spot on the couch after Penny gets up.;s02e21_110;tbbt_s02e21.mp4;1026.78;1040.94;yes
86431;Penny catches Leonard and Sheldon staring at her from the hallway.;s07e13_009;tbbt_s07e13.mp4;89.26;102.85;no
80596;Sheldon, in plaid pants, slides to his spot on the couch after Penny gets up.;s05e13_081;tbbt_s05e13.mp4;870.50;881.67;yes
79981;Leonard grabs Penny by the arms and walks her back a few steps, while standing in the living room in front of Sheldon.;s05e09_007;tbbt_s05e09.mp4;67.40;72.16;no
42301;Sheldon, standing in front of a bookcase, near the window with drapes, dials a number on his cell phone.;s08e08_058;tbbt_s08e08.mp4;406.07;412.66;no
46843;Penny puts her wine glass on the table and gets down on one knee in front of Leonard.;s09e22_085;tbbt_s09e22.mp4;1093.58;1107.81;no
82961;Penny, in a red blouse, and Leonard both look down while sitting on the couch and Penny puts her hand on his shoulder.;s03e15_053;tbbt_s03e15.mp4;467.31;480.09;no
3022;Penny pulls back the shower curtain and climbs inside the shower.;s01e01_106;tbbt_s01e01.mp4;940.25;953.56;no
7725;Penny, standing, leans forward and looks at Sheldon, who is sitting on the couch, with her hands on her knees.;s07e13_002;tbbt_s07e13.mp4;12.29;22.91;no
29596;Sheldon, in green plaid pajamas, slumps from the headrest of the armchair down into the chair and makes a shushing gesture.;s01e06_046;tbbt_s01e06.mp4;483.67;498.09;no
96016;The nurse takes off her glasses, walks over and looks underneath Howard's purple blanket.;s02e21_123;tbbt_s02e21.mp4;1147.77;1155.61;no
78581;Howard is struggling to take a black bowling ball from the tray.;s03e19_138;tbbt_s03e19.mp4;983.52;988.45;no
86431;Penny catches Leonard and Sheldon staring at her from the hallway.;s04e01_127;tbbt_s04e01.mp4;1204.17;1216.26;no
11679;Leonard, in a black suit, is looking at his computer while talking to his friends, who are playing a board game at the glass table.;s02e21_067;tbbt_s02e21.mp4;559.52;564.94;no
15762;Lucy puts aside an orange napkin and rushes away from the table where Amy and Raj are sitting.;s04e12_075;tbbt_s04e12.mp4;666.21;672.63;no
38099;Raj jumps into the apartment wearing a Flash costume.;s06e07_079;tbbt_s06e07.mp4;752.63;760.30;no
46843;Penny puts her wine glass on the table and gets down on one knee in front of Leonard.;s09e22_057;tbbt_s09e22.mp4;700.16;713.84;no
11679;Leonard, in a black suit, is looking at his computer while talking to his friends, who are playing a board game at the glass table.;s08e08_089;tbbt_s08e08.mp4;639.05;653.30;no
28861;While Penny, Amy, and Bernadette are unboxing something, Leonard knocks on Penny's opened door.;s02e13_037;tbbt_s02e13.mp4;399.52;411.70;no
29607;Leonard leaves Penny's apartment door to go inside his apartment and looks up at the camera.;s07e13_007;tbbt_s07e13.mp4;71.07;83.08;no
11690;Amy and Bernadette are sitting on Penny's bed on a pile of clothes when Penny comes out of her bathroom in a green dress.;s05e13_121;tbbt_s05e13.mp4;1206.53;1212.75;no
40031;Leonard and Penny kiss in the hall and a camera on the wall watches them.;s09e22_021;tbbt_s09e22.mp4;237.89;252.93;no
15768;Penny, in a grocery store with Sheldon, grabs two bottles of vodka and puts them in a cart.;s07e13_027;tbbt_s07e13.mp4;299.74;313.90;no
79987;Sheldon stands with one arm stretched straight up and the other arm down at his side, bending his body backward, looking around, uncomfortable.;s04e01_004;tbbt_s04e01.mp4;39.33;50.63;no
29596;Sheldon, in green plaid pajamas, slumps from the headrest of the armchair down into the chair and makes a shushing gesture.;s03e15_130;tbbt_s03e15.mp4;1211.71;1222.66;no
79981;Leonard grabs Penny by the arms and walks her back a few steps, while standing in the living room in front of Sheldon.;s01e01_040;tbbt_s01e01.mp4;393.23;404.68;no
53286;Leonard, in a red robe, looks at the ground and blinks a couple of times, then takes the money from Sheldon's hand.;s06e01_038;tbbt_s06e01.mp4;401.15;413.20;no
34121;Howard, while in the bathroom with Leonard, goes to the sink and washes his hands.;s01e01_106;tbbt_s01e01.mp4;940.25;953.56;no
80227;Leonard, in a costume, closes his front door quickly and locks it.;s05e09_031;tbbt_s05e09.mp4;221.68;228.23;no
11646;Leonard rolls onto his side toward Penny, while they are lying together in bed on orange pillows.;s03e15_117;tbbt_s03e15.mp4;1076.83;1091.62;no
7725;Penny, standing, leans forward and looks at Sheldon, who is sitting on the couch, with her hands on her knees.;s03e19_097;tbbt_s03e19.mp4;707.08;716.26;no
11679;Leonard, in a black suit, is looking at his computer while talking to his friends, who are playing a board game at the glass table.;s02e21_077;tbbt_s02e21.mp4;664.02;677.98;no
53286;Leonard, in a red robe, looks at the ground and blinks a couple of times, then takes the money from Sheldon's hand.;s09e22_087;tbbt_s09e22.mp4;1122.04;1135.06;no
15762;Lucy puts aside an orange napkin and rushes away from the table where Amy and Raj are sitting.;s06e01_056;tbbt_s06e01.mp4;573.44;588.41;no
13987;The robotic hand drops the small package into Penny's hand, which she holds out expectantly.;s07e13_003;tbbt_s07e13.mp4;22.91;35.02;no
51045;Sheldon quickly drinks his whole drink while holding a red straw, then makes a happy face, at the bar.;s09e22_080;tbbt_s09e22.mp4;1022.44;1036.67;no
53286;Leonard, in a red robe, looks at the ground and blinks a couple of times, then takes the money from Sheldon's hand.;s02e01_081;tbbt_s02e01.mp4;815.19;829.12;no
13987;The robotic hand drops the small package into Penny's hand, which she holds out expectantly.;s08e08_122;tbbt_s08e08.mp4;1002.32;1014.68;no
291;Amy and Bernadette look at a bird on the couch, then turn to Sheldon standing in the doorway with crossed arms.;s05e09_118;tbbt_s05e09.mp4;1036.81;1050.97;no
80596;Sheldon, in plaid pants, slides to his spot on the couch after Penny gets up.;s02e01_116;tbbt_s02e01.mp4;1144.02;1149.40;no
19960;Raj raises his beer and then takes a sip of it, at the bowling lane.;s03e19_149;tbbt_s03e19.mp4;1049.55;1054.76;no
9411;A shot of the laptop screen, where Amy reaches forward and presses a button that shuts the video off.;s06e01_110;tbbt_s06e01.mp4;1199.87;1206.58;no
46843;Penny puts her wine glass on the table and gets down on one knee in front of Leonard.;s09e22_086;tbbt_s09e22.mp4;1107.81;1122.04;no
29607;Leonard leaves Penny's apartment door to go inside his apartment and looks up at the camera.;s06e07_073;tbbt_s06e07.mp4;694.84;707.16;no
51045;Sheldon quickly drinks his whole drink while holding a red straw, then makes a happy face, at the bar.;s06e24_102;tbbt_s06e24.mp4;888.47;896.65;no
82961;Penny, in a red blouse, and Leonard both look down while sitting on the couch and Penny puts her hand on his shoulder.;s03e19_144;tbbt_s03e19.mp4;1015.38;1025.75;no
80591;Leonard walks to the door, lets in Howard holding a CD and Raj, who is wearing a red hat.;s08e04_059;tbbt_s08e04.mp4;483.11;486.44;no
15762;Lucy puts aside an orange napkin and rushes away from the table where Amy and Raj are sitting.;s06e24_061;tbbt_s06e24.mp4;578.04;586.04;no
29607;Leonard leaves Penny's apartment door to go inside his apartment and looks up at the camera.;s02e01_056;tbbt_s02e01.mp4;542.19;550.47;no
82961;Penny, in a red blouse, and Leonard both look down while sitting on the couch and Penny puts her hand on his shoulder.;s08e04_117;tbbt_s08e04.mp4;975.66;988.99;no
78581;Howard is struggling to take a black bowling ball from the tray.;s03e15_040;tbbt_s03e15.mp4;293.34;307.59;no
3366;Raj lifts up his foot above the table at the canteen to show Sheldon and Leonard that he's wearing sandals.;s04e01_022;tbbt_s04e01.mp4;201.41;204.50;no
91631;Sheldon enters the bar and sits on a stool in front of Penny, with a snack lying on the bar counter.;s09e22_080;tbbt_s09e22.mp4;1022.44;1036.67;no
3372;Penny wipes the cream off the spatula with a tissue.;s08e08_041;tbbt_s08e08.mp4;303.30;307.56;no
80591;Leonard walks to the door, lets in Howard holding a CD and Raj, who is wearing a red hat.;s02e01_109;tbbt_s02e01.mp4;1081.52;1087.00;no
15762;Lucy puts aside an orange napkin and rushes away from the table where Amy and Raj are sitting.;s06e01_051;tbbt_s06e01.mp4;503.33;517.17;no
62276;Sheldon walks up and flips the light switch to turn off the lights in the laundry room.;s02e21_039;tbbt_s02e21.mp4;336.02;348.72;no
7725;Penny, standing, leans forward and looks at Sheldon, who is sitting on the couch, with her hands on her knees.;s07e13_013;tbbt_s07e13.mp4;128.34;138.81;no
296;Sheldon, with a bird on his arm, picks up a cup from a table near the sofa and offers it to the bird, which takes it.;s05e09_121;tbbt_s05e09.mp4;1079.27;1093.43;no
11690;Amy and Bernadette are sitting on Penny's bed on a pile of clothes when Penny comes out of her bathroom in a green dress.;s04e01_051;tbbt_s04e01.mp4;493.80;503.39;no
11646;Leonard rolls onto his side toward Penny, while they are lying together in bed on orange pillows.;s05e13_066;tbbt_s05e13.mp4;732.04;745.75;no
96016;The nurse takes off her glasses, walks over and looks underneath Howard's purple blanket.;s05e13_107;tbbt_s05e13.mp4;1110.15;1115.57;no
19960;Raj raises his beer and then takes a sip of it, at the bowling lane.;s06e24_053;tbbt_s06e24.mp4;523.06;526.65;no
9411;A shot of the laptop screen, where Amy reaches forward and presses a button that shuts the video off.;s07e13_111;tbbt_s07e13.mp4;948.16;952.41;no
15768;Penny, in a grocery store with Sheldon, grabs two bottles of vodka and puts them in a cart.;s06e24_079;tbbt_s06e24.mp4;735.21;742.87;no
53286;Leonard, in a red robe, looks at the ground and blinks a couple of times, then takes the money from Sheldon's hand.;s06e07_103;tbbt_s06e07.mp4;1006.05;1015.10;no
11644;Penny, in a red dress, rests her arms on Leonard's shoulder while smiling at him, as Amy, in a blue dress, stands at the doorway.;s02e21_092;tbbt_s02e21.mp4;842.95;855.90;no
11646;Leonard rolls onto his side toward Penny, while they are lying together in bed on orange pillows.;s03e19_011;tbbt_s03e19.mp4;69.53;73.91;no
3370;Penny applies white cream with a spatula on Amy's face between her lip and her nose.;s06e24_136;tbbt_s06e24.mp4;1166.29;1175.81;no
3372;Penny wipes the cream off the spatula with a tissue.;s02e21_055;tbbt_s02e21.mp4;485.65;490.12;no
34121;Howard, while in the bathroom with Leonard, goes to the sink and washes his hands.;s09e22_070;tbbt_s09e22.mp4;878.87;892.42;no
42301;Sheldon, standing in front of a bookcase, near the window with drapes, dials a number on his cell phone.;s05e09_121;tbbt_s05e09.mp4;1079.27;1093.43;no
3385;A man floats across the International Space Station behind Howard at the laptop.;s06e01_065;tbbt_s06e01.mp4;686.53;700.82;no
40031;Leonard and Penny kiss in the hall and a camera on the wall watches them.;s09e22_068;tbbt_s09e22.mp4;851.75;865.31;no
33248;Sheldon is being clipped in by the instructor to climb the wall.;s02e13_085;tbbt_s02e13.mp4;927.72;936.00;no
15762;Lucy puts aside an orange napkin and rushes away from the table where Amy and Raj are sitting.;s06e07_067;tbbt_s06e07.mp4;622.37;635.93;no
37856;Penny sits beside Sheldon on the couch with a bowl in her hand and covers herself with the blanket.;s02e01_125;tbbt_s02e01.mp4;1193.28;1205.66;no
83407;Bernadette touches a red dress that Amy is holding up as they stand in front of the blue couch.;s06e01_017;tbbt_s06e01.mp4;218.77;232.13;no
96015;Leonard and Raj slowly walk through a doorway into a clinic pulling a robotic arm that is attached, underneath a blanket, to Howard.;s02e01_131;tbbt_s02e01.mp4;1266.07;1280.15;no
96016;The nurse takes off her glasses, walks over and looks underneath Howard's purple blanket.;s04e01_113;tbbt_s04e01.mp4;1101.64;1109.19;no
53286;Leonard, in a red robe, looks at the ground and blinks a couple of times, then takes the money from Sheldon's hand.;s05e13_088;tbbt_s05e13.mp4;916.16;926.42;no
11644;Penny, in a red dress, rests her arms on Leonard's shoulder while smiling at him, as Amy, in a blue dress, stands at the doorway.;s08e08_116;tbbt_s08e08.mp4;923.40;937.46;no
80591;Leonard walks to the door, lets in Howard holding a CD and Raj, who is wearing a red hat.;s01e01_120;tbbt_s01e01.mp4;1109.00;1122.29;no
28861;While Penny, Amy, and Bernadette are unboxing something, Leonard knocks on Penny's opened door.;s08e04_113;tbbt_s08e04.mp4;930.43;944.11;no
7130004;A shot of a busy multi-lane highway with cars driving in both directions, trees lining the roadside.;s03e15_059;tbbt_s03e15.mp4;527.74;531.32;no
40031;Leonard and Penny kiss in the hall and a camera on the wall watches them.;s08e04_097;tbbt_s08e04.mp4;759.65;774.15;no
88802;A bartender hands Raj a mint green drink and Leonard a beer bottle, at the bar.;s02e21_069;tbbt_s02e21.mp4;570.95;579.64;no
28861;While Penny, Amy, and Bernadette are unboxing something, Leonard knocks on Penny's opened door.;s02e21_040;tbbt_s02e21.mp4;348.72;361.69;no
15768;Penny, in a grocery store with Sheldon, grabs two bottles of vodka and puts them in a cart.;s06e24_078;tbbt_s06e24.mp4;727.56;735.21;no
80227;Leonard, in a costume, closes his front door quickly and locks it.;s02e01_059;tbbt_s02e01.mp4;571.59;583.44;no
79007;A shot of Sheldon standing at the kitchen island in front of a row of toast, while Bernadette sits across from him.;s06e07_088;tbbt_s06e07.mp4;848.10;862.76;no
79981;Leonard grabs Penny by the arms and walks her back a few steps, while standing in the living room in front of Sheldon.;s06e24_100;tbbt_s06e24.mp4;868.76;879.92;no
11679;Leonard, in a black suit, is looking at his computer while talking to his friends, who are playing a board game at the glass table.;s05e13_026;tbbt_s05e13.mp4;289.65;302.02;no
4060;A wide shot of Stuart, Howard and Bernadette sitting down together in a cozy, antique-filled living room.;s01e01_048;tbbt_s01e01.mp4;495.61;509.21;no
45195;Sheldon reaches for his wallet in his jacket pocket while sitting at the restaurant with Amy.;s09e22_034;tbbt_s09e22.mp4;400.25;413.52;no
84012;Sheldon, in a purple shirt with black sleeves, suddenly moves his body while sitting on the couch and starts to clap as he is singing a song.;s02e01_089;tbbt_s02e01.mp4;881.76;896.32;no
3372;Penny wipes the cream off the spatula with a tissue.;s08e04_042;tbbt_s08e04.mp4;383.93;389.89;no
38099;Raj jumps into the apartment wearing a Flash costume.;s03e15_132;tbbt_s03e15.mp4;1233.01;1243.37;no
37856;Penny sits beside Sheldon on the couch with a bowl in her hand and covers herself with the blanket.;s02e21_119;tbbt_s02e21.mp4;1120.84;1128.76;no
3385;A man floats across the International Space Station behind Howard at the laptop.;s06e01_042;tbbt_s06e01.mp4;428.26;438.69;no
3394;Bernadette adjusts her glasses when she's talking to Howard online.;s08e04_104;tbbt_s08e04.mp4;828.83;836.75;no
86431;Penny catches Leonard and Sheldon staring at her from the hallway.;s07e13_123;tbbt_s07e13.mp4;1040.16;1053.30;no
28861;While Penny, Amy, and Bernadette are unboxing something, Leonard knocks on Penny's opened door.;s06e07_082;tbbt_s06e07.mp4;778.40;785.83;no
42301;Sheldon, standing in front of a bookcase, near the window with drapes, dials a number on his cell phone.;s02e13_053;tbbt_s02e13.mp4;594.72;607.93;no
5090003;The bird flies into the apartment through the open window.;s05e09_084;tbbt_s05e09.mp4;682.43;686.48;no
3385;A man floats across the International Space Station behind Howard at the laptop.;s06e01_009;tbbt_s06e01.mp4;88.75;101.41;no
55040;Raj, in a red and blue track jacket, presses his palms together and taps his fingers excitedly, smiling on the couch.;s03e15_103;tbbt_s03e15.mp4;918.17;933.27;no
19960;Raj raises his beer and then takes a sip of it, at the bowling lane.;s03e19_115;tbbt_s03e19.mp4;851.89;857.69;no
33248;Sheldon is being clipped in by the instructor to climb the wall.;s02e13_092;tbbt_s02e13.mp4;969.76;973.76;no
40031;Leonard and Penny kiss in the hall and a camera on the wall watches them.;s02e01_002;tbbt_s02e01.mp4;12.82;25.64;no
82961;Penny, in a red blouse, and Leonard both look down while sitting on the couch and Penny puts her hand on his shoulder.;s02e13_108;tbbt_s02e13.mp4;1122.62;1135.47;no
96016;The nurse takes off her glasses, walks over and looks underneath Howard's purple blanket.;s07e13_113;tbbt_s07e13.mp4;955.96;963.42;no
51045;Sheldon quickly drinks his whole drink while holding a red straw, then makes a happy face, at the bar.;s06e07_092;tbbt_s06e07.mp4;906.74;917.25;no
53286;Leonard, in a red robe, looks at the ground and blinks a couple of times, then takes the money from Sheldon's hand.;s02e01_114;tbbt_s02e01.mp4;1129.84;1139.06;no
79987;Sheldon stands with one arm stretched straight up and the other arm down at his side, bending his body backward, looking around, uncomfortable.;s07e13_116;tbbt_s07e13.mp4;985.74;1000.50;no
88802;A bartender hands Raj a mint green drink and Leonard a beer bottle, at the bar.;s06e24_096;tbbt_s06e24.mp4;836.04;844.13;no
28861;While Penny, Amy, and Bernadette are unboxing something, Leonard knocks on Penny's opened door.;s08e08_092;tbbt_s08e08.mp4;682.14;689.61;no
51045;Sheldon quickly drinks his whole drink while holding a red straw, then makes a happy face, at the bar.;s06e07_089;tbbt_s06e07.mp4;862.76;877.42;no
18709;Penny happily jumps toward Leonard on the sofa to give him a hug.;s02e13_027;tbbt_s02e13.mp4;273.31;287.48;no
79987;Sheldon stands with one arm stretched straight up and the other arm down at his side, bending his body backward, looking around, uncomfortable.;s05e13_084;tbbt_s05e13.mp4;891.31;896.81;no
13987;The robotic hand drops the small package into Penny's hand, which she holds out expectantly.;s02e13_030;tbbt_s02e13.mp4;306.43;319.73;no
33248;Sheldon is being clipped in by the instructor to climb the wall.;s02e13_089;tbbt_s02e13.mp4;951.95;958.46;no
88802;A bartender hands Raj a mint green drink and Leonard a beer bottle, at the bar.;s02e21_077;tbbt_s02e21.mp4;664.02;677.98;no
11659;Leonard, in a black suit, comes into the apartment and slams the door, then Howard looks at his watch.;s06e07_119;tbbt_s06e07.mp4;1160.99;1164.45;no
80227;Leonard, in a costume, closes his front door quickly and locks it.;s02e21_040;tbbt_s02e21.mp4;348.72;361.69;no
79007;A shot of Sheldon standing at the kitchen island in front of a row of toast, while Bernadette sits across from him.;s03e15_054;tbbt_s03e15.mp4;480.09;492.87;no
42301;Sheldon, standing in front of a bookcase, near the window with drapes, dials a number on his cell phone.;s08e08_054;tbbt_s08e08.mp4;381.51;387.47;no
291;Amy and Bernadette look at a bird on the couch, then turn to Sheldon standing in the doorway with crossed arms.;s05e09_093;tbbt_s05e09.mp4;784.66;796.34;no
80596;Sheldon, in plaid pants, slides to his spot on the couch after Penny gets up.;s02e21_109;tbbt_s02e21.mp4;1016.56;1026.78;no
34121;Howard, while in the bathroom with Leonard, goes to the sink and washes his hands.;s02e21_046;tbbt_s02e21.mp4;395.60;400.69;no
11644;Penny, in a red dress, rests her arms on Leonard's shoulder while smiling at him, as Amy, in a blue dress, stands at the doorway.;s02e21_105;tbbt_s02e21.mp4;974.92;989.09;no
58103;Sheldon, in a grey shirt, hands Amy, in a purple sweater next to him, food wrapped in foil.;s03e15_099;tbbt_s03e15.mp4;867.78;880.38;no
79007;A shot of Sheldon standing at the kitchen island in front of a row of toast, while Bernadette sits across from him.;s03e15_039;tbbt_s03e15.mp4;279.09;293.34;no
79981;Leonard grabs Penny by the arms and walks her back a few steps, while standing in the living room in front of Sheldon.;s01e01_046;tbbt_s01e01.mp4;468.40;482.00;no
13987;The robotic hand drops the small package into Penny's hand, which she holds out expectantly.;s02e01_128;tbbt_s02e01.mp4;1223.83;1237.91;no
18709;Penny happily jumps toward Leonard on the sofa to give him a hug.;s08e04_117;tbbt_s08e04.mp4;975.66;988.99;no
15751;Raj, while holding a beer bottle, reaches out and slaps Leonard on the back while he eats his food.;s02e13_009;tbbt_s02e13.mp4;100.66;114.57;no
15762;Lucy puts aside an orange napkin and rushes away from the table where Amy and Raj are sitting.;s06e24_058;tbbt_s06e24.mp4;558.10;570.61;no
11644;Penny, in a red dress, rests her arms on Leonard's shoulder while smiling at him, as Amy, in a blue dress, stands at the doorway.;s08e08_091;tbbt_s08e08.mp4;667.54;682.14;no
83407;Bernadette touches a red dress that Amy is holding up as they stand in front of the blue couch.;s05e09_091;tbbt_s05e09.mp4;764.22;775.69;no
80596;Sheldon, in plaid pants, slides to his spot on the couch after Penny gets up.;s02e21_130;tbbt_s02e21.mp4;1199.66;1213.91;no
51045;Sheldon quickly drinks his whole drink while holding a red straw, then makes a happy face, at the bar.;s09e22_036;tbbt_s09e22.mp4;426.79;440.05;no
46843;Penny puts her wine glass on the table and gets down on one knee in front of Leonard.;s09e22_033;tbbt_s09e22.mp4;386.98;400.25;no
96015;Leonard and Raj slowly walk through a doorway into a clinic pulling a robotic arm that is attached, underneath a blanket, to Howard.;s04e01_094;tbbt_s04e01.mp4;870.54;877.63;no
11656;Sheldon lays down some cards in a couple of places on the table while playing a card game with bored Raj and Howard.;s05e13_039;tbbt_s05e13.mp4;392.64;398.61;no
3022;Penny pulls back the shower curtain and climbs inside the shower.;s02e01_131;tbbt_s02e01.mp4;1266.07;1280.15;no
79987;Sheldon stands with one arm stretched straight up and the other arm down at his side, bending his body backward, looking around, uncomfortable.;s03e19_093;tbbt_s03e19.mp4;688.56;691.98;no
42301;Sheldon, standing in front of a bookcase, near the window with drapes, dials a number on his cell phone.;s08e08_055;tbbt_s08e08.mp4;387.47;391.52;no
3394;Bernadette adjusts her glasses when she's talking to Howard online.;s06e07_057;tbbt_s06e07.mp4;506.71;512.35;no
11690;Amy and Bernadette are sitting on Penny's bed on a pile of clothes when Penny comes out of her bathroom in a green dress.;s05e13_018;tbbt_s05e13.mp4;196.15;204.75;no
80591;Leonard walks to the door, lets in Howard holding a CD and Raj, who is wearing a red hat.;s05e13_002;tbbt_s05e13.mp4;12.74;24.16;no
15762;Lucy puts aside an orange napkin and rushes away from the table where Amy and Raj are sitting.;s03e15_066;tbbt_s03e15.mp4;585.25;594.09;no
291;Amy and Bernadette look at a bird on the couch, then turn to Sheldon standing in the doorway with crossed arms.;s05e09_117;tbbt_s05e09.mp4;1022.66;1036.81;no
13987;The robotic hand drops the small package into Penny's hand, which she holds out expectantly.;s08e04_041;tbbt_s08e04.mp4;376.29;383.93;no
11659;Leonard, in a black suit, comes into the apartment and slams the door, then Howard looks at his watch.;s02e21_047;tbbt_s02e21.mp4;400.69;412.45;no
19960;Raj raises his beer and then takes a sip of it, at the bowling lane.;s02e21_066;tbbt_s02e21.mp4;548.88;559.52;no
28861;While Penny, Amy, and Bernadette are unboxing something, Leonard knocks on Penny's opened door.;s08e08_013;tbbt_s08e08.mp4;125.62;129.96;no
84012;Sheldon, in a purple shirt with black sleeves, suddenly moves his body while sitting on the couch and starts to clap as he is singing a song.;s08e08_066;tbbt_s08e08.mp4;473.35;483.07;no
13987;The robotic hand drops the small package into Penny's hand, which she holds out expectantly.;s08e08_013;tbbt_s08e08.mp4;125.62;129.96;no
7130004;A shot of a busy multi-lane highway with cars driving in both directions, trees lining the roadside.;s03e15_061;tbbt_s03e15.mp4;541.60;551.87;no
79987;Sheldon stands with one arm stretched straight up and the other arm down at his side, bending his body backward, looking around, uncomfortable.;s01e01_073;tbbt_s01e01.mp4;675.63;685.10;no
53286;Leonard, in a red robe, looks at the ground and blinks a couple of times, then takes the money from Sheldon's hand.;s02e01_112;tbbt_s02e01.mp4;1108.69;1120.62;no
18709;Penny happily jumps toward Leonard on the sofa to give him a hug.;s07e13_002;tbbt_s07e13.mp4;12.29;22.91;no
80596;Sheldon, in plaid pants, slides to his spot on the couch after Penny gets up.;s02e01_114;tbbt_s02e01.mp4;1129.84;1139.06;no
53286;Leonard, in a red robe, looks at the ground and blinks a couple of times, then takes the money from Sheldon's hand.;s02e01_120;tbbt_s02e01.mp4;1166.58;1169.71;no
3366;Raj lifts up his foot above the table at the canteen to show Sheldon and Leonard that he's wearing sandals.;s02e13_003;tbbt_s02e13.mp4;25.07;37.60;no
58103;Sheldon, in a grey shirt, hands Amy, in a purple sweater next to him, food wrapped in foil.;s06e24_066;tbbt_s06e24.mp4;611.69;615.99;no
11679;Leonard, in a black suit, is looking at his computer while talking to his friends, who are playing a board game at the glass table.;s04e12_098;tbbt_s04e12.mp4;811.35;822.21;no
62276;Sheldon walks up and flips the light switch to turn off the lights in the laundry room.;s08e04_030;tbbt_s08e04.mp4;256.38;269.88;no
4060;A wide shot of Stuart, Howard and Bernadette sitting down together in a cozy, antique-filled living room.;s01e01_049;tbbt_s01e01.mp4;509.21;522.81;no
38416;Penny sits in the back seat and shrugs her shoulders twice as they all drive in a car.;s04e01_062;tbbt_s04e01.mp4;596.22;605.13;no
96015;Leonard and Raj slowly walk through a doorway into a clinic pulling a robotic arm that is attached, underneath a blanket, to Howard.;s04e01_120;tbbt_s04e01.mp4;1147.65;1154.53;no
79987;Sheldon stands with one arm stretched straight up and the other arm down at his side, bending his body backward, looking around, uncomfortable.;s01e01_086;tbbt_s01e01.mp4;787.50;791.79;no
42301;Sheldon, standing in front of a bookcase, near the window with drapes, dials a number on his cell phone.;s09e22_023;tbbt_s09e22.mp4;265.89;278.85;no
55040;Raj, in a red and blue track jacket, presses his palms together and taps his fingers excitedly, smiling on the couch.;s03e19_023;tbbt_s03e19.mp4;184.52;188.27;no
53286;Leonard, in a red robe, looks at the ground and blinks a couple of times, then takes the money from Sheldon's hand.;s05e13_085;tbbt_s05e13.mp4;896.81;901.02;no
11646;Leonard rolls onto his side toward Penny, while they are lying together in bed on orange pillows.;s03e19_007;tbbt_s03e19.mp4;50.68;54.72;no
11656;Sheldon lays down some cards in a couple of places on the table while playing a card game with bored Raj and Howard.;s04e12_003;tbbt_s04e12.mp4;30.32;44.02;no
291;Amy and Bernadette look at a bird on the couch, then turn to Sheldon standing in the doorway with crossed arms.;s09e22_003;tbbt_s09e22.mp4;16.60;25.80;no
58103;Sheldon, in a grey shirt, hands Amy, in a purple sweater next to him, food wrapped in foil.;s02e21_096;tbbt_s02e21.mp4;882.09;893.61;no
3370;Penny applies white cream with a spatula on Amy's face between her lip and her nose.;s06e01_018;tbbt_s06e01.mp4;232.13;245.50;no
11644;Penny, in a red dress, rests her arms on Leonard's shoulder while smiling at him, as Amy, in a blue dress, stands at the doorway.;s01e01_038;tbbt_s01e01.mp4;348.52;362.24;no
29596;Sheldon, in green plaid pajamas, slumps from the headrest of the armchair down into the chair and makes a shushing gesture.;s02e01_119;tbbt_s02e01.mp4;1162.45;1166.58;no
19960;Raj raises his beer and then takes a sip of it, at the bowling lane.;s03e19_065;tbbt_s03e19.mp4;521.94;525.52;no
88802;A bartender hands Raj a mint green drink and Leonard a beer bottle, at the bar.;s06e07_085;tbbt_s06e07.mp4;804.12;818.78;no
18709;Penny happily jumps toward Leonard on the sofa to give him a hug.;s03e19_004;tbbt_s03e19.mp4;34.33;42.33;no
79987;Sheldon stands with one arm stretched straight up and the other arm down at his side, bending his body backward, looking around, uncomfortable.;s03e15_074;tbbt_s03e15.mp4;652.69;663.87;no
79987;Sheldon stands with one arm stretched straight up and the other arm down at his side, bending his body backward, looking around, uncomfortable.;s09e22_087;tbbt_s09e22.mp4;1122.04;1135.06;no
7130004;A shot of a busy multi-lane highway with cars driving in both directions, trees lining the roadside.;s04e01_060;tbbt_s04e01.mp4;581.08;588.63;no
11659;Leonard, in a black suit, comes into the apartment and slams the door, then Howard looks at his watch.;s08e08_095;tbbt_s08e08.mp4;701.83;709.67;no
58103;Sheldon, in a grey shirt, hands Amy, in a purple sweater next to him, food wrapped in foil.;s06e07_099;tbbt_s06e07.mp4;967.76;979.69;no
62276;Sheldon walks up and flips the light switch to turn off the lights in the laundry room.;s08e08_083;tbbt_s08e08.mp4;593.01;601.52;no
38099;Raj jumps into the apartment wearing a Flash costume.;s02e21_035;tbbt_s02e21.mp4;285.19;297.89;no
4060;A wide shot of Stuart, Howard and Bernadette sitting down together in a cozy, antique-filled living room.;s09e22_076;tbbt_s09e22.mp4;964.19;978.42;no
16404;Bernadette, in a blue floral dress, reaches out and holds Howard's hand to comfort him while they are eating dinner.;s03e19_098;tbbt_s03e19.mp4;716.26;725.43;no
84012;Sheldon, in a purple shirt with black sleeves, suddenly moves his body while sitting on the couch and starts to clap as he is singing a song.;s09e22_078;tbbt_s09e22.mp4;992.64;1006.87;no
15751;Raj, while holding a beer bottle, reaches out and slaps Leonard on the back while he eats his food.;s02e13_119;tbbt_s02e13.mp4;1199.50;1210.78;no
3370;Penny applies white cream with a spatula on Amy's face between her lip and her nose.;s08e04_126;tbbt_s08e04.mp4;1066.23;1069.57;no
33248;Sheldon is being clipped in by the instructor to climb the wall.;s03e15_117;tbbt_s03e15.mp4;1076.83;1091.62;no
296;Sheldon, with a bird on his arm, picks up a cup from a table near the sofa and offers it to the bird, which takes it.;s08e04_021;tbbt_s08e04.mp4;195.99;204.04;no
82961;Penny, in a red blouse, and Leonard both look down while sitting on the couch and Penny puts her hand on his shoulder.;s03e19_098;tbbt_s03e19.mp4;716.26;725.43;no
38099;Raj jumps into the apartment wearing a Flash costume.;s06e07_074;tbbt_s06e07.mp4;707.16;715.01;no
51045;Sheldon quickly drinks his whole drink while holding a red straw, then makes a happy face, at the bar.;s06e07_100;tbbt_s06e07.mp4;979.69;991.62;no
19965;Penny looks up and winks at someone, making a finger gun gesture.;s02e01_007;tbbt_s02e01.mp4;55.97;66.72;no
78581;Howard is struggling to take a black bowling ball from the tray.;s03e19_146;tbbt_s03e19.mp4;1036.12;1040.25;no
40031;Leonard and Penny kiss in the hall and a camera on the wall watches them.;s07e13_113;tbbt_s07e13.mp4;955.96;963.42;no
7130004;A shot of a busy multi-lane highway with cars driving in both directions, trees lining the roadside.;s01e01_107;tbbt_s01e01.mp4;953.56;966.87;no
11646;Leonard rolls onto his side toward Penny, while they are lying together in bed on orange pillows.;s03e19_012;tbbt_s03e19.mp4;73.91;85.58;no
6010003;Howard, in a green polo shirt and cap, pushes off from one wall to the opposite one, as he floats through the space station.;s06e01_116;tbbt_s06e01.mp4;1234.19;1239.70;no
11659;Leonard, in a black suit, comes into the apartment and slams the door, then Howard looks at his watch.;s01e01_121;tbbt_s01e01.mp4;1122.29;1130.59;no
15762;Lucy puts aside an orange napkin and rushes away from the table where Amy and Raj are sitting.;s04e01_096;tbbt_s04e01.mp4;884.93;892.89;no
3370;Penny applies white cream with a spatula on Amy's face between her lip and her nose.;s04e01_100;tbbt_s04e01.mp4;937.77;952.73;no
55040;Raj, in a red and blue track jacket, presses his palms together and taps his fingers excitedly, smiling on the couch.;s02e01_091;tbbt_s02e01.mp4;910.89;925.46;no
53286;Leonard, in a red robe, looks at the ground and blinks a couple of times, then takes the money from Sheldon's hand.;s04e12_071;tbbt_s04e12.mp4;638.12;646.56;no
3022;Penny pulls back the shower curtain and climbs inside the shower.;s08e04_127;tbbt_s08e04.mp4;1069.57;1082.71;no
28861;While Penny, Amy, and Bernadette are unboxing something, Leonard knocks on Penny's opened door.;s08e08_019;tbbt_s08e08.mp4;162.20;168.54;no
62276;Sheldon walks up and flips the light switch to turn off the lights in the laundry room.;s08e08_079;tbbt_s08e08.mp4;569.07;575.16;no
80227;Leonard, in a costume, closes his front door quickly and locks it.;s02e01_109;tbbt_s02e01.mp4;1081.52;1087.00;no
19960;Raj raises his beer and then takes a sip of it, at the bowling lane.;s02e21_074;tbbt_s02e21.mp4;622.12;636.09;no
5090003;The bird flies into the apartment through the open window.;s05e09_102;tbbt_s05e09.mp4;837.96;846.97;no
80591;Leonard walks to the door, lets in Howard holding a CD and Raj, who is wearing a red hat.;s01e01_019;tbbt_s01e01.mp4;170.40;182.08;no
3022;Penny pulls back the shower curtain and climbs inside the shower.;s04e01_127;tbbt_s04e01.mp4;1204.17;1216.26;no
86431;Penny catches Leonard and Sheldon staring at her from the hallway.;s07e13_049;tbbt_s07e13.mp4;478.39;487.80;no
53286;Leonard, in a red robe, looks at the ground and blinks a couple of times, then takes the money from Sheldon's hand.;s02e01_118;tbbt_s02e01.mp4;1156.49;1162.45;no
53286;Leonard, in a red robe, looks at the ground and blinks a couple of times, then takes the money from Sheldon's hand.;s09e22_088;tbbt_s09e22.mp4;1135.06;1146.75;no
42301;Sheldon, standing in front of a bookcase, near the window with drapes, dials a number on his cell phone.;s04e12_046;tbbt_s04e12.mp4;439.56;447.11;no
46843;Penny puts her wine glass on the table and gets down on one knee in front of Leonard.;s06e24_029;tbbt_s06e24.mp4;274.80;289.00;no
46843;Penny puts her wine glass on the table and gets down on one knee in front of Leonard.;s05e13_044;tbbt_s05e13.mp4;445.35;459.45;no
79007;A shot of Sheldon standing at the kitchen island in front of a row of toast, while Bernadette sits across from him.;s09e22_041;tbbt_s09e22.mp4;486.61;496.75;no
3394;Bernadette adjusts her glasses when she's talking to Howard online.;s08e08_048;tbbt_s08e08.mp4;348.39;355.40;no
15762;Lucy puts aside an orange napkin and rushes away from the table where Amy and Raj are sitting.;s09e22_023;tbbt_s09e22.mp4;265.89;278.85;no
28861;While Penny, Amy, and Bernadette are unboxing something, Leonard knocks on Penny's opened door.;s03e15_051;tbbt_s03e15.mp4;439.98;454.54;no
78581;Howard is struggling to take a black bowling ball from the tray.;s03e19_157;tbbt_s03e19.mp4;1115.16;1120.79;no
38416;Penny sits in the back seat and shrugs her shoulders twice as they all drive in a car.;s04e01_078;tbbt_s04e01.mp4;752.29;757.59;no
79987;Sheldon stands with one arm stretched straight up and the other arm down at his side, bending his body backward, looking around, uncomfortable.;s08e08_079;tbbt_s08e08.mp4;569.07;575.16;no
86431;Penny catches Leonard and Sheldon staring at her from the hallway.;s02e21_036;tbbt_s02e21.mp4;297.89;310.60;no
9411;A shot of the laptop screen, where Amy reaches forward and presses a button that shuts the video off.;s06e01_046;tbbt_s06e01.mp4;462.88;467.26;no
84012;Sheldon, in a purple shirt with black sleeves, suddenly moves his body while sitting on the couch and starts to clap as he is singing a song.;s09e22_079;tbbt_s09e22.mp4;1006.87;1022.44;no
11679;Leonard, in a black suit, is looking at his computer while talking to his friends, who are playing a board game at the glass table.;s01e01_129;tbbt_s01e01.mp4;1213.63;1228.21;no
42301;Sheldon, standing in front of a bookcase, near the window with drapes, dials a number on his cell phone.;s03e15_105;tbbt_s03e15.mp4;947.03;957.50;no
4060;A wide shot of Stuart, Howard and Bernadette sitting down together in a cozy, antique-filled living room.;s08e04_124;tbbt_s08e04.mp4;1050.11;1057.93;no
3370;Penny applies white cream with a spatula on Amy's face between her lip and her nose.;s02e01_064;tbbt_s02e01.mp4;609.36;615.28;no
55040;Raj, in a red and blue track jacket, presses his palms together and taps his fingers excitedly, smiling on the couch.;s03e19_022;tbbt_s03e19.mp4;179.18;184.52;no
55040;Raj, in a red and blue track jacket, presses his palms together and taps his fingers excitedly, smiling on the couch.;s04e01_004;tbbt_s04e01.mp4;39.33;50.63;no
82961;Penny, in a red blouse, and Leonard both look down while sitting on the couch and Penny puts her hand on his shoulder.;s08e04_122;tbbt_s08e04.mp4;1028.03;1042.29;no
80591;Leonard walks to the door, lets in Howard holding a CD and Raj, who is wearing a red hat.;s08e04_097;tbbt_s08e04.mp4;759.65;774.15;no
62276;Sheldon walks up and flips the light switch to turn off the lights in the laundry room.;s08e08_069;tbbt_s08e08.mp4;494.45;499.58;no
78581;Howard is struggling to take a black bowling ball from the tray.;s03e19_127;tbbt_s03e19.mp4;917.25;924.47;no
38416;Penny sits in the back seat and shrugs her shoulders twice as they all drive in a car.;s03e15_061;tbbt_s03e15.mp4;541.60;551.87;no
80596;Sheldon, in plaid pants, slides to his spot on the couch after Penny gets up.;s04e12_140;tbbt_s04e12.mp4;1164.45;1169.04;no
9411;A shot of the laptop screen, where Amy reaches forward and presses a button that shuts the video off.;s03e19_123;tbbt_s03e19.mp4;898.27;901.78;no
11659;Leonard, in a black suit, comes into the apartment and slams the door, then Howard looks at his watch.;s02e01_059;tbbt_s02e01.mp4;571.59;583.44;no
46843;Penny puts her wine glass on the table and gets down on one knee in front of Leonard.;s05e13_052;tbbt_s05e13.mp4;558.17;572.27;no
15768;Penny, in a grocery store with Sheldon, grabs two bottles of vodka and puts them in a cart.;s06e24_070;tbbt_s06e24.mp4;650.19;662.95;no
86431;Penny catches Leonard and Sheldon staring at her from the hallway.;s01e01_026;tbbt_s01e01.mp4;235.03;250.00;no
96015;Leonard and Raj slowly walk through a doorway into a clinic pulling a robotic arm that is attached, underneath a blanket, to Howard.;s02e01_113;tbbt_s02e01.mp4;1120.62;1129.84;no
291;Amy and Bernadette look at a bird on the couch, then turn to Sheldon standing in the doorway with crossed arms.;s09e22_051;tbbt_s09e22.mp4;616.38;630.15;no
58103;Sheldon, in a grey shirt, hands Amy, in a purple sweater next to him, food wrapped in foil.;s08e08_006;tbbt_s08e08.mp4;54.43;67.53;no
3370;Penny applies white cream with a spatula on Amy's face between her lip and her nose.;s08e08_131;tbbt_s08e08.mp4;1078.41;1085.92;no
38416;Penny sits in the back seat and shrugs her shoulders twice as they all drive in a car.;s04e01_073;tbbt_s04e01.mp4;721.89;730.77;no
16404;Bernadette, in a blue floral dress, reaches out and holds Howard's hand to comfort him while they are eating dinner.;s08e08_122;tbbt_s08e08.mp4;1002.32;1014.68;no
86431;Penny catches Leonard and Sheldon staring at her from the hallway.;s02e21_037;tbbt_s02e21.mp4;310.60;323.31;no
51045;Sheldon quickly drinks his whole drink while holding a red straw, then makes a happy face, at the bar.;s02e13_120;tbbt_s02e13.mp4;1210.78;1222.05;no
38099;Raj jumps into the apartment wearing a Flash costume.;s02e21_030;tbbt_s02e21.mp4;245.33;253.02;yes
79007;A shot of Sheldon standing at the kitchen island in front of a row of toast, while Bernadette sits across from him.;s04e12_026;tbbt_s04e12.mp4;256.37;268.91;no
11679;Leonard, in a black suit, is looking at his computer while talking to his friends, who are playing a board game at the glass table.;s09e22_085;tbbt_s09e22.mp4;1093.58;1107.81;no
15751;Raj, while holding a beer bottle, reaches out and slaps Leonard on the back while he eats his food.;s08e08_002;tbbt_s08e08.mp4;6.80;18.31;no
80591;Leonard walks to the door, lets in Howard holding a CD and Raj, who is wearing a red hat.;s01e06_031;tbbt_s01e06.mp4;351.73;362.03;no
3370;Penny applies white cream with a spatula on Amy's face between her lip and her nose.;s02e21_108;tbbt_s02e21.mp4;1011.76;1016.56;no
40031;Leonard and Penny kiss in the hall and a camera on the wall watches them.;s02e21_034;tbbt_s02e21.mp4;272.48;285.19;no
29607;Leonard leaves Penny's apartment door to go inside his apartment and looks up at the camera.;s06e07_113;tbbt_s06e07.mp4;1102.43;1117.74;no
96016;The nurse takes off her glasses, walks over and looks underneath Howard's purple blanket.;s07e13_036;tbbt_s07e13.mp4;360.69;368.37;no
40031;Leonard and Penny kiss in the hall and a camera on the wall watches them.;s03e19_005;tbbt_s03e19.mp4;42.33;47.42;no
15762;Lucy puts aside an orange napkin and rushes away from the table where Amy and Raj are sitting.;s03e15_070;tbbt_s03e15.mp4;610.69;621.43;no
88802;A bartender hands Raj a mint green drink and Leonard a beer bottle, at the bar.;s01e06_024;tbbt_s01e06.mp4;298.13;312.48;no
62276;Sheldon walks up and flips the light switch to turn off the lights in the laundry room.;s03e15_101;tbbt_s03e15.mp4;892.98;905.57;no
11656;Sheldon lays down some cards in a couple of places on the table while playing a card game with bored Raj and Howard.;s03e15_134;tbbt_s03e15.mp4;1247.58;1252.76;no
3022;Penny pulls back the shower curtain and climbs inside the shower.;s07e13_048;tbbt_s07e13.mp4;471.81;478.39;no
62276;Sheldon walks up and flips the light switch to turn off the lights in the laundry room.;s02e21_133;tbbt_s02e21.mp4;1242.41;1254.24;no
3022;Penny pulls back the shower curtain and climbs inside the shower.;s02e21_126;tbbt_s02e21.mp4;1162.79;1166.46;no
82961;Penny, in a red blouse, and Leonard both look down while sitting on the couch and Penny puts her hand on his shoulder.;s02e13_104;tbbt_s02e13.mp4;1072.49;1084.08;no
296;Sheldon, with a bird on his arm, picks up a cup from a table near the sofa and offers it to the bird, which takes it.;s05e09_118;tbbt_s05e09.mp4;1036.81;1050.97;no
4060;A wide shot of Stuart, Howard and Bernadette sitting down together in a cozy, antique-filled living room.;s04e12_025;tbbt_s04e12.mp4;243.83;256.37;no
19960;Raj raises his beer and then takes a sip of it, at the bowling lane.;s03e19_066;tbbt_s03e19.mp4;525.52;529.40;no
11679;Leonard, in a black suit, is looking at his computer while talking to his friends, who are playing a board game at the glass table.;s05e13_045;tbbt_s05e13.mp4;459.45;473.55;no
11679;Leonard, in a black suit, is looking at his computer while talking to his friends, who are playing a board game at the glass table.;s02e21_045;tbbt_s02e21.mp4;390.43;395.60;no
88802;A bartender hands Raj a mint green drink and Leonard a beer bottle, at the bar.;s09e22_046;tbbt_s09e22.mp4;548.28;561.63;no
42301;Sheldon, standing in front of a bookcase, near the window with drapes, dials a number on his cell phone.;s09e22_024;tbbt_s09e22.mp4;278.85;291.81;no
96015;Leonard and Raj slowly walk through a doorway into a clinic pulling a robotic arm that is attached, underneath a blanket, to Howard.;s01e01_018;tbbt_s01e01.mp4;158.71;170.40;no
51045;Sheldon quickly drinks his whole drink while holding a red straw, then makes a happy face, at the bar.;s06e07_097;tbbt_s06e07.mp4;943.90;955.83;no
42301;Sheldon, standing in front of a bookcase, near the window with drapes, dials a number on his cell phone.;s02e01_125;tbbt_s02e01.mp4;1193.28;1205.66;no
80227;Leonard, in a costume, closes his front door quickly and locks it.;s01e06_031;tbbt_s01e06.mp4;351.73;362.03;no
3372;Penny wipes the cream off the spatula with a tissue.;s02e13_118;tbbt_s02e13.mp4;1188.23;1199.50;no
11690;Amy and Bernadette are sitting on Penny's bed on a pile of clothes when Penny comes out of her bathroom in a green dress.;s05e13_022;tbbt_s05e13.mp4;239.45;251.62;no
34121;Howard, while in the bathroom with Leonard, goes to the sink and washes his hands.;s03e15_099;tbbt_s03e15.mp4;867.78;880.38;no
15762;Lucy puts aside an orange napkin and rushes away from the table where Amy and Raj are sitting.;s06e24_029;tbbt_s06e24.mp4;274.80;289.00;no
15768;Penny, in a grocery store with Sheldon, grabs two bottles of vodka and puts them in a cart.;s06e24_076;tbbt_s06e24.mp4;704.58;716.07;no
38416;Penny sits in the back seat and shrugs her shoulders twice as they all drive in a car.;s07e13_076;tbbt_s07e13.mp4;676.97;682.64;no
16404;Bernadette, in a blue floral dress, reaches out and holds Howard's hand to comfort him while they are eating dinner.;s03e15_040;tbbt_s03e15.mp4;293.34;307.59;no
11656;Sheldon lays down some cards in a couple of places on the table while playing a card game with bored Raj and Howard.;s02e13_001;tbbt_s02e13.mp4;0.00;12.53;no
53286;Leonard, in a red robe, looks at the ground and blinks a couple of times, then takes the money from Sheldon's hand.;s04e12_062;tbbt_s04e12.mp4;568.36;574.07;no
79007;A shot of Sheldon standing at the kitchen island in front of a row of toast, while Bernadette sits across from him.;s02e01_044;tbbt_s02e01.mp4;408.03;413.16;no
42301;Sheldon, standing in front of a bookcase, near the window with drapes, dials a number on his cell phone.;s04e01_023;tbbt_s04e01.mp4;204.50;208.79;no
3370;Penny applies white cream with a spatula on Amy's face between her lip and her nose.;s05e13_087;tbbt_s05e13.mp4;905.53;916.16;no
13987;The robotic hand drops the small package into Penny's hand, which she holds out expectantly.;s04e12_010;tbbt_s04e12.mp4;109.42;121.34;no
79987;Sheldon stands with one arm stretched straight up and the other arm down at his side, bending his body backward, looking around, uncomfortable.;s06e24_075;tbbt_s06e24.mp4;696.65;704.58;no
38416;Penny sits in the back seat and shrugs her shoulders twice as they all drive in a car.;s07e13_070;tbbt_s07e13.mp4;639.30;647.69;no
84012;Sheldon, in a purple shirt with black sleeves, suddenly moves his body while sitting on the couch and starts to clap as he is singing a song.;s08e08_064;tbbt_s08e08.mp4;460.67;469.39;no
80591;Leonard walks to the door, lets in Howard holding a CD and Raj, who is wearing a red hat.;s03e19_037;tbbt_s03e19.mp4;289.44;302.09;no
15751;Raj, while holding a beer bottle, reaches out and slaps Leonard on the back while he eats his food.;s02e21_067;tbbt_s02e21.mp4;559.52;564.94;no
46843;Penny puts her wine glass on the table and gets down on one knee in front of Leonard.;s05e13_049;tbbt_s05e13.mp4;515.86;529.97;no
15768;Penny, in a grocery store with Sheldon, grabs two bottles of vodka and puts them in a cart.;s06e24_069;tbbt_s06e24.mp4;637.42;650.19;no
51045;Sheldon quickly drinks his whole drink while holding a red straw, then makes a happy face, at the bar.;s02e21_105;tbbt_s02e21.mp4;974.92;989.09;no
78581;Howard is struggling to take a black bowling ball from the tray.;s03e19_130;tbbt_s03e19.mp4;935.02;939.90;no
78581;Howard is struggling to take a black bowling ball from the tray.;s03e15_100;tbbt_s03e15.mp4;880.38;892.98;no
86431;Penny catches Leonard and Sheldon staring at her from the hallway.;s08e08_091;tbbt_s08e08.mp4;667.54;682.14;no
13987;The robotic hand drops the small package into Penny's hand, which she holds out expectantly.;s09e22_027;tbbt_s09e22.mp4;319.61;333.11;no
79987;Sheldon stands with one arm stretched straight up and the other arm down at his side, bending his body backward, looking around, uncomfortable.;s07e13_120;tbbt_s07e13.mp4;1025.32;1032.03;no
79987;Sheldon stands with one arm stretched straight up and the other arm down at his side, bending his body backward, looking around, uncomfortable.;s07e13_121;tbbt_s07e13.mp4;1032.03;1036.37;no
16404;Bernadette, in a blue floral dress, reaches out and holds Howard's hand to comfort him while they are eating dinner.;s09e22_009;tbbt_s09e22.mp4;82.71;97.60;no
15768;Penny, in a grocery store with Sheldon, grabs two bottles of vodka and puts them in a cart.;s06e24_071;tbbt_s06e24.mp4;662.95;675.01;no
51045;Sheldon quickly drinks his whole drink while holding a red straw, then makes a happy face, at the bar.;s06e07_094;tbbt_s06e07.mp4;927.38;933.89;no
4060;A wide shot of Stuart, Howard and Bernadette sitting down together in a cozy, antique-filled living room.;s06e01_081;tbbt_s06e01.mp4;883.80;897.80;no
3366;Raj lifts up his foot above the table at the canteen to show Sheldon and Leonard that he's wearing sandals.;s08e08_001;tbbt_s08e08.mp4;0.00;6.80;no
96015;Leonard and Raj slowly walk through a doorway into a clinic pulling a robotic arm that is attached, underneath a blanket, to Howard.;s01e01_001;tbbt_s01e01.mp4;0.00;14.18;no
80587;Leonard and Sheldon grab bottles from the kitchen island, then Sheldon sits on the couch while Leonard leans against the wall, still talking.;s08e08_034;tbbt_s08e08.mp4;247.46;252.88;no
18709;Penny happily jumps toward Leonard on the sofa to give him a hug.;s08e08_120;tbbt_s08e08.mp4;977.59;989.95;no
96016;The nurse takes off her glasses, walks over and looks underneath Howard's purple blanket.;s04e01_123;tbbt_s04e01.mp4;1163.16;1167.92;no
3385;A man floats across the International Space Station behind Howard at the laptop.;s06e01_012;tbbt_s06e01.mp4;126.72;139.37;no
80591;Leonard walks to the door, lets in Howard holding a CD and Raj, who is wearing a red hat.;s01e06_003;tbbt_s01e06.mp4;24.70;35.56;no
62276;Sheldon walks up and flips the light switch to turn off the lights in the laundry room.;s02e01_125;tbbt_s02e01.mp4;1193.28;1205.66;no
96015;Leonard and Raj slowly walk through a doorway into a clinic pulling a robotic arm that is attached, underneath a blanket, to Howard.;s01e01_004;tbbt_s01e01.mp4;28.24;35.77;no
79981;Leonard grabs Penny by the arms and walks her back a few steps, while standing in the living room in front of Sheldon.;s07e13_131;tbbt_s07e13.mp4;1127.44;1139.42;no
80591;Leonard walks to the door, lets in Howard holding a CD and Raj, who is wearing a red hat.;s01e01_001;tbbt_s01e01.mp4;0.00;14.18;no
80591;Leonard walks to the door, lets in Howard holding a CD and Raj, who is wearing a red hat.;s01e06_032;tbbt_s01e06.mp4;362.03;372.33;no
296;Sheldon, with a bird on his arm, picks up a cup from a table near the sofa and offers it to the bird, which takes it.;s05e09_117;tbbt_s05e09.mp4;1022.66;1036.81;no
62276;Sheldon walks up and flips the light switch to turn off the lights in the laundry room.;s02e01_078;tbbt_s02e01.mp4;788.70;802.93;no
37856;Penny sits beside Sheldon on the couch with a bowl in her hand and covers herself with the blanket.;s04e12_136;tbbt_s04e12.mp4;1120.76;1133.99;no
83407;Bernadette touches a red dress that Amy is holding up as they stand in front of the blue couch.;s08e08_143;tbbt_s08e08.mp4;1155.36;1159.08;no
80591;Leonard walks to the door, lets in Howard holding a CD and Raj, who is wearing a red hat.;s02e01_027;tbbt_s02e01.mp4;236.03;240.28;no
34121;Howard, while in the bathroom with Leonard, goes to the sink and washes his hands.;s02e21_047;tbbt_s02e21.mp4;400.69;412.45;no
46843;Penny puts her wine glass on the table and gets down on one knee in front of Leonard.;s08e04_083;tbbt_s08e04.mp4;617.53;623.29;no
40031;Leonard and Penny kiss in the hall and a camera on the wall watches them.;s05e09_129;tbbt_s05e09.mp4;1159.46;1171.63;no
9411;A shot of the laptop screen, where Amy reaches forward and presses a button that shuts the video off.;s06e24_082;tbbt_s06e24.mp4;758.34;764.89;no
11656;Sheldon lays down some cards in a couple of places on the table while playing a card game with bored Raj and Howard.;s02e21_065;tbbt_s02e21.mp4;538.25;548.88;no
96015;Leonard and Raj slowly walk through a doorway into a clinic pulling a robotic arm that is attached, underneath a blanket, to Howard.;s06e07_074;tbbt_s06e07.mp4;707.16;715.01;no
53286;Leonard, in a red robe, looks at the ground and blinks a couple of times, then takes the money from Sheldon's hand.;s03e15_040;tbbt_s03e15.mp4;293.34;307.59;no
58103;Sheldon, in a grey shirt, hands Amy, in a purple sweater next to him, food wrapped in foil.;s08e08_062;tbbt_s08e08.mp4;441.22;452.04;no
19960;Raj raises his beer and then takes a sip of it, at the bowling lane.;s02e21_079;tbbt_s02e21.mp4;691.95;705.91;no
51045;Sheldon quickly drinks his whole drink while holding a red straw, then makes a happy face, at the bar.;s06e24_096;tbbt_s06e24.mp4;836.04;844.13;no
13987;The robotic hand drops the small package into Penny's hand, which she holds out expectantly.;s06e01_051;tbbt_s06e01.mp4;503.33;517.17;no
88802;A bartender hands Raj a mint green drink and Leonard a beer bottle, at the bar.;s02e21_068;tbbt_s02e21.mp4;564.94;570.95;no
37856;Penny sits beside Sheldon on the couch with a bowl in her hand and covers herself with the blanket.;s08e04_028;tbbt_s08e04.mp4;238.53;242.88;no
55040;Raj, in a red and blue track jacket, presses his palms together and taps his fingers excitedly, smiling on the couch.;s06e24_084;tbbt_s06e24.mp4;771.98;778.28;no
28861;While Penny, Amy, and Bernadette are unboxing something, Leonard knocks on Penny's opened door.;s05e13_116;tbbt_s05e13.mp4;1172.84;1183.18;no
91631;Sheldon enters the bar and sits on a stool in front of Penny, with a snack lying on the bar counter.;s06e07_088;tbbt_s06e07.mp4;848.10;862.76;no
37856;Penny sits beside Sheldon on the couch with a bowl in her hand and covers herself with the blanket.;s09e22_003;tbbt_s09e22.mp4;16.60;25.80;no
80596;Sheldon, in plaid pants, slides to his spot on the couch after Penny gets up.;s02e21_112;tbbt_s02e21.mp4;1055.10;1068.62;no
78581;Howard is struggling to take a black bowling ball from the tray.;s03e19_064;tbbt_s03e19.mp4;513.22;521.94;no
29607;Leonard leaves Penny's apartment door to go inside his apartment and looks up at the camera.;s05e09_002;tbbt_s05e09.mp4;4.46;17.05;no
15751;Raj, while holding a beer bottle, reaches out and slaps Leonard on the back while he eats his food.;s03e19_072;tbbt_s03e19.mp4;565.15;572.45;no
28861;While Penny, Amy, and Bernadette are unboxing something, Leonard knocks on Penny's opened door.;s04e12_077;tbbt_s04e12.mp4;679.93;690.23;no
38099;Raj jumps into the apartment wearing a Flash costume.;s01e01_120;tbbt_s01e01.mp4;1109.00;1122.29;yes
3370;Penny applies white cream with a spatula on Amy's face between her lip and her nose.;s06e01_015;tbbt_s06e01.mp4;192.05;205.41;no
291;Amy and Bernadette look at a bird on the couch, then turn to Sheldon standing in the doorway with crossed arms.;s05e09_092;tbbt_s05e09.mp4;775.69;784.66;no
15751;Raj, while holding a beer bottle, reaches out and slaps Leonard on the back while he eats his food.;s09e22_003;tbbt_s09e22.mp4;16.60;25.80;no
19965;Penny looks up and winks at someone, making a finger gun gesture.;s04e01_040;tbbt_s04e01.mp4;373.46;387.30;no
84012;Sheldon, in a purple shirt with black sleeves, suddenly moves his body while sitting on the couch and starts to clap as he is singing a song.;s02e01_103;tbbt_s02e01.mp4;1053.84;1056.97;no
38099;Raj jumps into the apartment wearing a Flash costume.;s04e01_111;tbbt_s04e01.mp4;1087.59;1092.42;no
80587;Leonard and Sheldon grab bottles from the kitchen island, then Sheldon sits on the couch while Leonard leans against the wall, still talking.;s01e01_088;tbbt_s01e01.mp4;803.25;814.70;no
11659;Leonard, in a black suit, comes into the apartment and slams the door, then Howard looks at his watch.;s02e13_061;tbbt_s02e13.mp4;700.41;710.63;no
7130004;A shot of a busy multi-lane highway with cars driving in both directions, trees lining the roadside.;s07e13_074;tbbt_s07e13.mp4;664.96;671.13;no
82961;Penny, in a red blouse, and Leonard both look down while sitting on the couch and Penny puts her hand on his shoulder.;s02e13_028;tbbt_s02e13.mp4;287.48;301.63;no
96015;Leonard and Raj slowly walk through a doorway into a clinic pulling a robotic arm that is attached, underneath a blanket, to Howard.;s01e06_003;tbbt_s01e06.mp4;24.70;35.56;no
3366;Raj lifts up his foot above the table at the canteen to show Sheldon and Leonard that he's wearing sandals.;s02e21_052;tbbt_s02e21.mp4;450.24;461.96;no
28861;While Penny, Amy, and Bernadette are unboxing something, Leonard knocks on Penny's opened door.;s05e09_096;tbbt_s05e09.mp4;805.22;811.77;no
96016;The nurse takes off her glasses, walks over and looks underneath Howard's purple blanket.;s02e21_128;tbbt_s02e21.mp4;1171.17;1185.42;no
82961;Penny, in a red blouse, and Leonard both look down while sitting on the couch and Penny puts her hand on his shoulder.;s03e15_040;tbbt_s03e15.mp4;293.34;307.59;no
79981;Leonard grabs Penny by the arms and walks her back a few steps, while standing in the living room in front of Sheldon.;s05e09_006;tbbt_s05e09.mp4;54.81;67.40;no
15751;Raj, while holding a beer bottle, reaches out and slaps Leonard on the back while he eats his food.;s03e15_069;tbbt_s03e15.mp4;607.11;610.69;no
86431;Penny catches Leonard and Sheldon staring at her from the hallway.;s05e09_006;tbbt_s05e09.mp4;54.81;67.40;no
13987;The robotic hand drops the small package into Penny's hand, which she holds out expectantly.;s03e15_040;tbbt_s03e15.mp4;293.34;307.59;no
19960;Raj raises his beer and then takes a sip of it, at the bowling lane.;s03e19_148;tbbt_s03e19.mp4;1044.25;1049.55;no
79007;A shot of Sheldon standing at the kitchen island in front of a row of toast, while Bernadette sits across from him.;s06e07_099;tbbt_s06e07.mp4;967.76;979.69;no
3394;Bernadette adjusts her glasses when she's talking to Howard online.;s05e13_019;tbbt_s05e13.mp4;204.75;216.31;no
42301;Sheldon, standing in front of a bookcase, near the window with drapes, dials a number on his cell phone.;s01e06_089;tbbt_s01e06.mp4;998.08;1012.35;no
96015;Leonard and Raj slowly walk through a doorway into a clinic pulling a robotic arm that is attached, underneath a blanket, to Howard.;s04e01_111;tbbt_s04e01.mp4;1087.59;1092.42;no
46843;Penny puts her wine glass on the table and gets down on one knee in front of Leonard.;s06e01_084;tbbt_s06e01.mp4;927.12;941.39;no
28861;While Penny, Amy, and Bernadette are unboxing something, Leonard knocks on Penny's opened door.;s05e13_114;tbbt_s05e13.mp4;1155.90;1164.37;no
29596;Sheldon, in green plaid pajamas, slumps from the headrest of the armchair down into the chair and makes a shushing gesture.;s01e06_019;tbbt_s01e06.mp4;249.46;263.16;no
13987;The robotic hand drops the small package into Penny's hand, which she holds out expectantly.;s04e01_120;tbbt_s04e01.mp4;1147.65;1154.53;no
11679;Leonard, in a black suit, is looking at his computer while talking to his friends, who are playing a board game at the glass table.;s09e22_037;tbbt_s09e22.mp4;440.05;453.32;no
96015;Leonard and Raj slowly walk through a doorway into a clinic pulling a robotic arm that is attached, underneath a blanket, to Howard.;s01e06_111;tbbt_s01e06.mp4;1220.70;1233.49;no
3372;Penny wipes the cream off the spatula with a tissue.;s06e01_013;tbbt_s06e01.mp4;165.33;178.69;no
42301;Sheldon, standing in front of a bookcase, near the window with drapes, dials a number on his cell phone.;s03e15_127;tbbt_s03e15.mp4;1190.56;1201.70;no
82961;Penny, in a red blouse, and Leonard both look down while sitting on the couch and Penny puts her hand on his shoulder.;s03e15_044;tbbt_s03e15.mp4;350.34;364.59;no
7725;Penny, standing, leans forward and looks at Sheldon, who is sitting on the couch, with her hands on her knees.;s02e21_097;tbbt_s02e21.mp4;893.61;905.13;no
82961;Penny, in a red blouse, and Leonard both look down while sitting on the couch and Penny puts her hand on his shoulder.;s06e24_131;tbbt_s06e24.mp4;1131.28;1144.68;no
51045;Sheldon quickly drinks his whole drink while holding a red straw, then makes a happy face, at the bar.;s02e13_010;tbbt_s02e13.mp4;114.57;119.91;no
78581;Howard is struggling to take a black bowling ball from the tray.;s03e19_128;tbbt_s03e19.mp4;924.47;929.30;no
15762;Lucy puts aside an orange napkin and rushes away from the table where Amy and Raj are sitting.;s06e07_066;tbbt_s06e07.mp4;608.80;622.37;no
29596;Sheldon, in green plaid pajamas, slumps from the headrest of the armchair down into the chair and makes a shushing gesture.;s09e22_078;tbbt_s09e22.mp4;992.64;1006.87;no
15751;Raj, while holding a beer bottle, reaches out and slaps Leonard on the back while he eats his food.;s08e04_005;tbbt_s08e04.mp4;48.72;52.01;no
55040;Raj, in a red and blue track jacket, presses his palms together and taps his fingers excitedly, smiling on the couch.;s08e04_119;tbbt_s08e04.mp4;998.87;1005.75;no
42301;Sheldon, standing in front of a bookcase, near the window with drapes, dials a number on his cell phone.;s05e09_034;tbbt_s05e09.mp4;256.62;270.81;no
13987;The robotic hand drops the small package into Penny's hand, which she holds out expectantly.;s05e13_116;tbbt_s05e13.mp4;1172.84;1183.18;no
19965;Penny looks up and winks at someone, making a finger gun gesture.;s04e12_129;tbbt_s04e12.mp4;1066.44;1070.49;no
83407;Bernadette touches a red dress that Amy is holding up as they stand in front of the blue couch.;s08e08_141;tbbt_s08e08.mp4;1142.52;1150.11;no
80596;Sheldon, in plaid pants, slides to his spot on the couch after Penny gets up.;s02e01_121;tbbt_s02e01.mp4;1169.71;1179.55;no
11656;Sheldon lays down some cards in a couple of places on the table while playing a card game with bored Raj and Howard.;s03e15_067;tbbt_s03e15.mp4;594.09;602.94;no
15762;Lucy puts aside an orange napkin and rushes away from the table where Amy and Raj are sitting.;s06e24_067;tbbt_s06e24.mp4;615.99;624.65;no
79987;Sheldon stands with one arm stretched straight up and the other arm down at his side, bending his body backward, looking around, uncomfortable.;s02e21_124;tbbt_s02e21.mp4;1155.61;1159.20;no
28861;While Penny, Amy, and Bernadette are unboxing something, Leonard knocks on Penny's opened door.;s02e01_131;tbbt_s02e01.mp4;1266.07;1280.15;no
29607;Leonard leaves Penny's apartment door to go inside his apartment and looks up at the camera.;s05e13_006;tbbt_s05e13.mp4;52.05;65.84;no
96015;Leonard and Raj slowly walk through a doorway into a clinic pulling a robotic arm that is attached, underneath a blanket, to Howard.;s04e01_114;tbbt_s04e01.mp4;1109.19;1115.66;no
11656;Sheldon lays down some cards in a couple of places on the table while playing a card game with bored Raj and Howard.;s05e13_029;tbbt_s05e13.mp4;320.61;330.60;no
4060;A wide shot of Stuart, Howard and Bernadette sitting down together in a cozy, antique-filled living room.;s09e22_084;tbbt_s09e22.mp4;1079.35;1093.58;no
80587;Leonard and Sheldon grab bottles from the kitchen island, then Sheldon sits on the couch while Leonard leans against the wall, still talking.;s04e12_040;tbbt_s04e12.mp4;385.09;397.61;no
80227;Leonard, in a costume, closes his front door quickly and locks it.;s01e06_013;tbbt_s01e06.mp4;170.33;183.12;no
86431;Penny catches Leonard and Sheldon staring at her from the hallway.;s02e01_057;tbbt_s02e01.mp4;550.47;559.73;no
58103;Sheldon, in a grey shirt, hands Amy, in a purple sweater next to him, food wrapped in foil.;s02e21_019;tbbt_s02e21.mp4;183.85;192.23;no
3366;Raj lifts up his foot above the table at the canteen to show Sheldon and Leonard that he's wearing sandals.;s06e24_001;tbbt_s06e24.mp4;0.00;10.05;no
62276;Sheldon walks up and flips the light switch to turn off the lights in the laundry room.;s08e04_034;tbbt_s08e04.mp4;307.77;316.65;no
62276;Sheldon walks up and flips the light switch to turn off the lights in the laundry room.;s03e19_107;tbbt_s03e19.mp4;796.84;810.10;no
291;Amy and Bernadette look at a bird on the couch, then turn to Sheldon standing in the doorway with crossed arms.;s04e12_121;tbbt_s04e12.mp4;1011.72;1018.10;no
9411;A shot of the laptop screen, where Amy reaches forward and presses a button that shuts the video off.;s06e24_089;tbbt_s06e24.mp4;802.09;805.72;no
15762;Lucy puts aside an orange napkin and rushes away from the table where Amy and Raj are sitting.;s08e08_005;tbbt_s08e08.mp4;41.33;54.43;no
6010003;Howard, in a green polo shirt and cap, pushes off from one wall to the opposite one, as he floats through the space station.;s06e01_068;tbbt_s06e01.mp4;729.39;743.68;no
3370;Penny applies white cream with a spatula on Amy's face between her lip and her nose.;s03e15_115;tbbt_s03e15.mp4;1060.93;1069.36;no
42301;Sheldon, standing in front of a bookcase, near the window with drapes, dials a number on his cell phone.;s08e08_086;tbbt_s08e08.mp4;618.49;623.37;no
82961;Penny, in a red blouse, and Leonard both look down while sitting on the couch and Penny puts her hand on his shoulder.;s03e19_134;tbbt_s03e19.mp4;956.37;964.00;no
4060;A wide shot of Stuart, Howard and Bernadette sitting down together in a cozy, antique-filled living room.;s08e04_122;tbbt_s08e04.mp4;1028.03;1042.29;no
9411;A shot of the laptop screen, where Amy reaches forward and presses a button that shuts the video off.;s06e01_066;tbbt_s06e01.mp4;700.82;715.10;no
55040;Raj, in a red and blue track jacket, presses his palms together and taps his fingers excitedly, smiling on the couch.;s04e12_142;tbbt_s04e12.mp4;1175.18;1188.31;no
3366;Raj lifts up his foot above the table at the canteen to show Sheldon and Leonard that he's wearing sandals.;s01e06_019;tbbt_s01e06.mp4;249.46;263.16;no
3394;Bernadette adjusts her glasses when she's talking to Howard online.;s09e22_035;tbbt_s09e22.mp4;413.52;426.79;no
4060;A wide shot of Stuart, Howard and Bernadette sitting down together in a cozy, antique-filled living room.;s06e01_075;tbbt_s06e01.mp4;805.20;813.81;no
96016;The nurse takes off her glasses, walks over and looks underneath Howard's purple blanket.;s04e01_118;tbbt_s04e01.mp4;1132.26;1137.01;no
37856;Penny sits beside Sheldon on the couch with a bowl in her hand and covers herself with the blanket.;s03e15_048;tbbt_s03e15.mp4;400.19;410.87;no
45195;Sheldon reaches for his wallet in his jacket pocket while sitting at the restaurant with Amy.;s05e09_076;tbbt_s05e09.mp4;586.70;601.16;no
80227;Leonard, in a costume, closes his front door quickly and locks it.;s07e13_019;tbbt_s07e13.mp4;217.38;227.60;no
38416;Penny sits in the back seat and shrugs her shoulders twice as they all drive in a car.;s04e01_056;tbbt_s04e01.mp4;545.63;556.28;no
7725;Penny, standing, leans forward and looks at Sheldon, who is sitting on the couch, with her hands on her knees.;s02e21_102;tbbt_s02e21.mp4;938.27;948.85;no
42301;Sheldon, standing in front of a bookcase, near the window with drapes, dials a number on his cell phone.;s04e01_025;tbbt_s04e01.mp4;215.34;219.55;no
18709;Penny happily jumps toward Leonard on the sofa to give him a hug.;s01e06_100;tbbt_s01e06.mp4;1124.13;1138.85;no
80591;Leonard walks to the door, lets in Howard holding a CD and Raj, who is wearing a red hat.;s07e13_006;tbbt_s07e13.mp4;59.05;71.07;no
3366;Raj lifts up his foot above the table at the canteen to show Sheldon and Leonard that he's wearing sandals.;s06e01_075;tbbt_s06e01.mp4;805.20;813.81;no
15751;Raj, while holding a beer bottle, reaches out and slaps Leonard on the back while he eats his food.;s06e01_077;tbbt_s06e01.mp4;827.81;841.81;no
11656;Sheldon lays down some cards in a couple of places on the table while playing a card game with bored Raj and Howard.;s02e01_033;tbbt_s02e01.mp4;323.92;336.57;no
51045;Sheldon quickly drinks his whole drink while holding a red straw, then makes a happy face, at the bar.;s04e12_085;tbbt_s04e12.mp4;722.80;729.23;no
11644;Penny, in a red dress, rests her arms on Leonard's shoulder while smiling at him, as Amy, in a blue dress, stands at the doorway.;s01e06_055;tbbt_s01e06.mp4;613.46;627.88;no
29596;Sheldon, in green plaid pajamas, slumps from the headrest of the armchair down into the chair and makes a shushing gesture.;s06e24_042;tbbt_s06e24.mp4;433.14;441.23;no
79007;A shot of Sheldon standing at the kitchen island in front of a row of toast, while Bernadette sits across from him.;s06e24_038;tbbt_s06e24.mp4;402.15;407.45;no
5090003;The bird flies into the apartment through the open window.;s05e09_072;tbbt_s05e09.mp4;537.83;543.31;no
11656;Sheldon lays down some cards in a couple of places on the table while playing a card game with bored Raj and Howard.;s02e21_050;tbbt_s02e21.mp4;433.29;440.86;no
83407;Bernadette touches a red dress that Amy is holding up as they stand in front of the blue couch.;s08e04_113;tbbt_s08e04.mp4;930.43;944.11;no
18709;Penny happily jumps toward Leonard on the sofa to give him a hug.;s06e24_131;tbbt_s06e24.mp4;1131.28;1144.68;no
80591;Leonard walks to the door, lets in Howard holding a CD and Raj, who is wearing a red hat.;s01e01_090;tbbt_s01e01.mp4;826.16;831.58;no
80596;Sheldon, in plaid pants, slides to his spot on the couch after Penny gets up.;s02e01_103;tbbt_s02e01.mp4;1053.84;1056.97;no
11659;Leonard, in a black suit, comes into the apartment and slams the door, then Howard looks at his watch.;s03e15_121;tbbt_s03e15.mp4;1134.78;1147.03;no
38416;Penny sits in the back seat and shrugs her shoulders twice as they all drive in a car.;s04e01_058;tbbt_s04e01.mp4;566.93;577.58;no
34121;Howard, while in the bathroom with Leonard, goes to the sink and washes his hands.;s06e07_078;tbbt_s06e07.mp4;741.22;752.63;no
79007;A shot of Sheldon standing at the kitchen island in front of a row of toast, while Bernadette sits across from him.;s08e08_013;tbbt_s08e08.mp4;125.62;129.96;no
11646;Leonard rolls onto his side toward Penny, while they are lying together in bed on orange pillows.;s03e19_001;tbbt_s03e19.mp4;0.00;12.32;no
28861;While Penny, Amy, and Bernadette are unboxing something, Leonard knocks on Penny's opened door.;s05e09_003;tbbt_s05e09.mp4;17.05;29.64;no
3372;Penny wipes the cream off the spatula with a tissue.;s09e22_008;tbbt_s09e22.mp4;67.82;82.71;no
11646;Leonard rolls onto his side toward Penny, while they are lying together in bed on orange pillows.;s05e13_071;tbbt_s05e13.mp4;800.60;815.66;no
29607;Leonard leaves Penny's apartment door to go inside his apartment and looks up at the camera.;s02e21_053;tbbt_s02e21.mp4;461.96;473.68;no
78581;Howard is struggling to take a black bowling ball from the tray.;s03e19_145;tbbt_s03e19.mp4;1025.75;1036.12;no
3370;Penny applies white cream with a spatula on Amy's face between her lip and her nose.;s06e01_014;tbbt_s06e01.mp4;178.69;192.05;no
83407;Bernadette touches a red dress that Amy is holding up as they stand in front of the blue couch.;s05e09_122;tbbt_s05e09.mp4;1093.43;1099.56;no
11679;Leonard, in a black suit, is looking at his computer while talking to his friends, who are playing a board game at the glass table.;s05e13_053;tbbt_s05e13.mp4;572.27;586.38;no
51045;Sheldon quickly drinks his whole drink while holding a red straw, then makes a happy face, at the bar.;s05e09_074;tbbt_s05e09.mp4;557.77;572.24;no
3366;Raj lifts up his foot above the table at the canteen to show Sheldon and Leonard that he's wearing sandals.;s09e22_005;tbbt_s09e22.mp4;34.99;38.04;no
34121;Howard, while in the bathroom with Leonard, goes to the sink and washes his hands.;s08e04_052;tbbt_s08e04.mp4;436.77;443.07;no
96015;Leonard and Raj slowly walk through a doorway into a clinic pulling a robotic arm that is attached, underneath a blanket, to Howard.;s04e01_117;tbbt_s04e01.mp4;1127.13;1132.26;no
15762;Lucy puts aside an orange napkin and rushes away from the table where Amy and Raj are sitting.;s06e01_084;tbbt_s06e01.mp4;927.12;941.39;no
79007;A shot of Sheldon standing at the kitchen island in front of a row of toast, while Bernadette sits across from him.;s06e07_090;tbbt_s06e07.mp4;877.42;892.08;no
80587;Leonard and Sheldon grab bottles from the kitchen island, then Sheldon sits on the couch while Leonard leans against the wall, still talking.;s04e12_072;tbbt_s04e12.mp4;646.56;656.03;no
3372;Penny wipes the cream off the spatula with a tissue.;s03e15_123;tbbt_s03e15.mp4;1159.28;1164.62;no
80596;Sheldon, in plaid pants, slides to his spot on the couch after Penny gets up.;s03e15_049;tbbt_s03e15.mp4;410.87;425.43;no
38416;Penny sits in the back seat and shrugs her shoulders twice as they all drive in a car.;s06e24_122;tbbt_s06e24.mp4;1036.87;1044.88;no
11656;Sheldon lays down some cards in a couple of places on the table while playing a card game with bored Raj and Howard.;s05e13_056;tbbt_s05e13.mp4;611.03;622.96;no
3022;Penny pulls back the shower curtain and climbs inside the shower.;s02e21_128;tbbt_s02e21.mp4;1171.17;1185.42;no
80591;Leonard walks to the door, lets in Howard holding a CD and Raj, who is wearing a red hat.;s01e06_108;tbbt_s01e06.mp4;1187.69;1200.28;no
13987;The robotic hand drops the small package into Penny's hand, which she holds out expectantly.;s08e04_044;tbbt_s08e04.mp4;395.39;400.86;no
86431;Penny catches Leonard and Sheldon staring at her from the hallway.;s03e19_044;tbbt_s03e19.mp4;352.48;366.24;no
3366;Raj lifts up his foot above the table at the canteen to show Sheldon and Leonard that he's wearing sandals.;s01e06_018;tbbt_s01e06.mp4;234.28;249.46;no
11656;Sheldon lays down some cards in a couple of places on the table while playing a card game with bored Raj and Howard.;s04e12_072;tbbt_s04e12.mp4;646.56;656.03;no
28861;While Penny, Amy, and Bernadette are unboxing something, Leonard knocks on Penny's opened door.;s04e12_088;tbbt_s04e12.mp4;742.49;750.58;no
3370;Penny applies white cream with a spatula on Amy's face between her lip and her nose.;s08e04_060;tbbt_s08e04.mp4;486.44;490.74;no
96016;The nurse takes off her glasses, walks over and looks underneath Howard's purple blanket.;s04e01_120;tbbt_s04e01.mp4;1147.65;1154.53;no
79981;Leonard grabs Penny by the arms and walks her back a few steps, while standing in the living room in front of Sheldon.;s07e13_010;tbbt_s07e13.mp4;102.85;111.28;no
33248;Sheldon is being clipped in by the instructor to climb the wall.;s02e13_095;tbbt_s02e13.mp4;983.36;991.24;no
80587;Leonard and Sheldon grab bottles from the kitchen island, then Sheldon sits on the couch while Leonard leans against the wall, still talking.;s03e19_015;tbbt_s03e19.mp4;119.82;123.79;no
80587;Leonard and Sheldon grab bottles from the kitchen island, then Sheldon sits on the couch while Leonard leans against the wall, still talking.;s08e04_065;tbbt_s08e04.mp4;513.20;521.52;no
15762;Lucy puts aside an orange napkin and rushes away from the table where Amy and Raj are sitting.;s06e24_062;tbbt_s06e24.mp4;586.04;594.05;no
79981;Leonard grabs Penny by the arms and walks her back a few steps, while standing in the living room in front of Sheldon.;s07e13_009;tbbt_s07e13.mp4;89.26;102.85;no
88802;A bartender hands Raj a mint green drink and Leonard a beer bottle, at the bar.;s02e21_087;tbbt_s02e21.mp4;774.42;788.31;no
82961;Penny, in a red blouse, and Leonard both look down while sitting on the couch and Penny puts her hand on his shoulder.;s07e13_013;tbbt_s07e13.mp4;128.34;138.81;no
7725;Penny, standing, leans forward and looks at Sheldon, who is sitting on the couch, with her hands on her knees.;s02e21_129;tbbt_s02e21.mp4;1185.42;1199.66;no
11690;Amy and Bernadette are sitting on Penny's bed on a pile of clothes when Penny comes out of her bathroom in a green dress.;s05e13_122;tbbt_s05e13.mp4;1212.75;1216.01;no
51045;Sheldon quickly drinks his whole drink while holding a red straw, then makes a happy face, at the bar.;s02e21_066;tbbt_s02e21.mp4;548.88;559.52;no
7725;Penny, standing, leans forward and looks at Sheldon, who is sitting on the couch, with her hands on her knees.;s06e24_127;tbbt_s06e24.mp4;1077.66;1091.07;no
80591;Leonard walks to the door, lets in Howard holding a CD and Raj, who is wearing a red hat.;s03e15_132;tbbt_s03e15.mp4;1233.01;1243.37;no
79007;A shot of Sheldon standing at the kitchen island in front of a row of toast, while Bernadette sits across from him.;s06e07_091;tbbt_s06e07.mp4;892.08;906.74;no
79007;A shot of Sheldon standing at the kitchen island in front of a row of toast, while Bernadette sits across from him.;s06e24_094;tbbt_s06e24.mp4;824.37;831.46;no
3385;A man floats across the International Space Station behind Howard at the laptop.;s06e01_066;tbbt_s06e01.mp4;700.82;715.10;no
16404;Bernadette, in a blue floral dress, reaches out and holds Howard's hand to comfort him while they are eating dinner.;s08e04_099;tbbt_s08e04.mp4;780.57;794.42;no
11646;Leonard rolls onto his side toward Penny, while they are lying together in bed on orange pillows.;s01e06_110;tbbt_s01e06.mp4;1207.91;1220.70;no
58103;Sheldon, in a grey shirt, hands Amy, in a purple sweater next to him, food wrapped in foil.;s02e21_111;tbbt_s02e21.mp4;1040.94;1055.10;no
11679;Leonard, in a black suit, is looking at his computer while talking to his friends, who are playing a board game at the glass table.;s05e13_025;tbbt_s05e13.mp4;277.28;289.65;no
58103;Sheldon, in a grey shirt, hands Amy, in a purple sweater next to him, food wrapped in foil.;s09e22_053;tbbt_s09e22.mp4;643.92;657.69;no
96015;Leonard and Raj slowly walk through a doorway into a clinic pulling a robotic arm that is attached, underneath a blanket, to Howard.;s01e01_017;tbbt_s01e01.mp4;144.73;158.71;no
80596;Sheldon, in plaid pants, slides to his spot on the couch after Penny gets up.;s02e01_100;tbbt_s02e01.mp4;1022.15;1036.14;no
19960;Raj raises his beer and then takes a sip of it, at the bowling lane.;s03e19_157;tbbt_s03e19.mp4;1115.16;1120.79;no
38099;Raj jumps into the apartment wearing a Flash costume.;s02e01_070;tbbt_s02e01.mp4;679.38;692.92;no
82961;Penny, in a red blouse, and Leonard both look down while sitting on the couch and Penny puts her hand on his shoulder.;s03e19_077;tbbt_s03e19.mp4;597.26;602.56;no
80596;Sheldon, in plaid pants, slides to his spot on the couch after Penny gets up.;s02e21_132;tbbt_s02e21.mp4;1228.16;1242.41;no
3385;A man floats across the International Space Station behind Howard at the laptop.;s06e01_011;tbbt_s06e01.mp4;114.06;126.72;no
96016;The nurse takes off her glasses, walks over and looks underneath Howard's purple blanket.;s05e13_019;tbbt_s05e13.mp4;204.75;216.31;no
3394;Bernadette adjusts her glasses when she's talking to Howard online.;s06e07_042;tbbt_s06e07.mp4;373.29;384.09;no
80227;Leonard, in a costume, closes his front door quickly and locks it.;s05e13_055;tbbt_s05e13.mp4;600.98;611.03;no
29607;Leonard leaves Penny's apartment door to go inside his apartment and looks up at the camera.;s07e13_009;tbbt_s07e13.mp4;89.26;102.85;no
96015;Leonard and Raj slowly walk through a doorway into a clinic pulling a robotic arm that is attached, underneath a blanket, to Howard.;s04e01_113;tbbt_s04e01.mp4;1101.64;1109.19;no
11644;Penny, in a red dress, rests her arms on Leonard's shoulder while smiling at him, as Amy, in a blue dress, stands at the doorway.;s08e08_102;tbbt_s08e08.mp4;784.91;791.37;no
80587;Leonard and Sheldon grab bottles from the kitchen island, then Sheldon sits on the couch while Leonard leans against the wall, still talking.;s01e01_092;tbbt_s01e01.mp4;835.96;841.59;no
3394;Bernadette adjusts her glasses when she's talking to Howard online.;s07e13_043;tbbt_s07e13.mp4;411.37;419.12;no
13987;The robotic hand drops the small package into Penny's hand, which she holds out expectantly.;s04e01_001;tbbt_s04e01.mp4;0.00;14.54;no
15751;Raj, while holding a beer bottle, reaches out and slaps Leonard on the back while he eats his food.;s03e15_009;tbbt_s03e15.mp4;55.51;69.03;no
29607;Leonard leaves Penny's apartment door to go inside his apartment and looks up at the camera.;s08e08_095;tbbt_s08e08.mp4;701.83;709.67;no
80591;Leonard walks to the door, lets in Howard holding a CD and Raj, who is wearing a red hat.;s08e04_062;tbbt_s08e04.mp4;493.74;497.54;no
40031;Leonard and Penny kiss in the hall and a camera on the wall watches them.;s05e13_061;tbbt_s05e13.mp4;665.87;679.60;no
80587;Leonard and Sheldon grab bottles from the kitchen island, then Sheldon sits on the couch while Leonard leans against the wall, still talking.;s02e13_102;tbbt_s02e13.mp4;1049.01;1060.89;no
79987;Sheldon stands with one arm stretched straight up and the other arm down at his side, bending his body backward, looking around, uncomfortable.;s02e01_112;tbbt_s02e01.mp4;1108.69;1120.62;no
33248;Sheldon is being clipped in by the instructor to climb the wall.;s02e13_079;tbbt_s02e13.mp4;879.04;885.80;no
9411;A shot of the laptop screen, where Amy reaches forward and presses a button that shuts the video off.;s06e24_085;tbbt_s06e24.mp4;778.28;783.07;no
84012;Sheldon, in a purple shirt with black sleeves, suddenly moves his body while sitting on the couch and starts to clap as he is singing a song.;s04e12_116;tbbt_s04e12.mp4;973.43;983.61;no
53286;Leonard, in a red robe, looks at the ground and blinks a couple of times, then takes the money from Sheldon's hand.;s01e01_087;tbbt_s01e01.mp4;791.79;803.25;no
80596;Sheldon, in plaid pants, slides to his spot on the couch after Penny gets up.;s01e01_059;tbbt_s01e01.mp4;568.49;573.70;no
84012;Sheldon, in a purple shirt with black sleeves, suddenly moves his body while sitting on the couch and starts to clap as he is singing a song.;s02e01_106;tbbt_s02e01.mp4;1065.52;1069.90;no
37856;Penny sits beside Sheldon on the couch with a bowl in her hand and covers herself with the blanket.;s02e21_130;tbbt_s02e21.mp4;1199.66;1213.91;no
80587;Leonard and Sheldon grab bottles from the kitchen island, then Sheldon sits on the couch while Leonard leans against the wall, still talking.;s02e21_005;tbbt_s02e21.mp4;28.61;42.81;no
3022;Penny pulls back the shower curtain and climbs inside the shower.;s08e08_103;tbbt_s08e08.mp4;791.37;803.89;no
37856;Penny sits beside Sheldon on the couch with a bowl in her hand and covers herself with the blanket.;s08e04_021;tbbt_s08e04.mp4;195.99;204.04;no
37856;Penny sits beside Sheldon on the couch with a bowl in her hand and covers herself with the blanket.;s02e21_102;tbbt_s02e21.mp4;938.27;948.85;no
80596;Sheldon, in plaid pants, slides to his spot on the couch after Penny gets up.;s01e01_048;tbbt_s01e01.mp4;495.61;509.21;no
51045;Sheldon quickly drinks his whole drink while holding a red straw, then makes a happy face, at the bar.;s02e21_104;tbbt_s02e21.mp4;960.75;974.92;no
16404;Bernadette, in a blue floral dress, reaches out and holds Howard's hand to comfort him while they are eating dinner.;s06e01_051;tbbt_s06e01.mp4;503.33;517.17;no
38099;Raj jumps into the apartment wearing a Flash costume.;s08e04_057;tbbt_s08e04.mp4;466.18;475.35;no
16404;Bernadette, in a blue floral dress, reaches out and holds Howard's hand to comfort him while they are eating dinner.;s09e22_014;tbbt_s09e22.mp4;133.93;139.81;no
80227;Leonard, in a costume, closes his front door quickly and locks it.;s02e21_041;tbbt_s02e21.mp4;361.69;374.67;no
19965;Penny looks up and winks at someone, making a finger gun gesture.;s08e04_056;tbbt_s08e04.mp4;459.79;466.18;no
46843;Penny puts her wine glass on the table and gets down on one knee in front of Leonard.;s05e13_050;tbbt_s05e13.mp4;529.97;544.07;no
3022;Penny pulls back the shower curtain and climbs inside the shower.;s05e09_084;tbbt_s05e09.mp4;682.43;686.48;no
37856;Penny sits beside Sheldon on the couch with a bowl in her hand and covers herself with the blanket.;s01e06_093;tbbt_s01e06.mp4;1028.19;1035.83;no
82961;Penny, in a red blouse, and Leonard both look down while sitting on the couch and Penny puts her hand on his shoulder.;s02e13_026;tbbt_s02e13.mp4;259.15;273.31;no
80587;Leonard and Sheldon grab bottles from the kitchen island, then Sheldon sits on the couch while Leonard leans against the wall, still talking.;s02e01_113;tbbt_s02e01.mp4;1120.62;1129.84;no
96015;Leonard and Raj slowly walk through a doorway into a clinic pulling a robotic arm that is attached, underneath a blanket, to Howard.;s03e15_115;tbbt_s03e15.mp4;1060.93;1069.36;no
82961;Penny, in a red blouse, and Leonard both look down while sitting on the couch and Penny puts her hand on his shoulder.;s07e13_002;tbbt_s07e13.mp4;12.29;22.91;no
15751;Raj, while holding a beer bottle, reaches out and slaps Leonard on the back while he eats his food.;s04e12_003;tbbt_s04e12.mp4;30.32;44.02;no
7725;Penny, standing, leans forward and looks at Sheldon, who is sitting on the couch, with her hands on her knees.;s02e21_112;tbbt_s02e21.mp4;1055.10;1068.62;no
11690;Amy and Bernadette are sitting on Penny's bed on a pile of clothes when Penny comes out of her bathroom in a green dress.;s08e08_138;tbbt_s08e08.mp4;1124.54;1128.21;no
11644;Penny, in a red dress, rests her arms on Leonard's shoulder while smiling at him, as Amy, in a blue dress, stands at the doorway.;s03e19_097;tbbt_s03e19.mp4;707.08;716.26;no
3022;Penny pulls back the shower curtain and climbs inside the shower.;s03e19_090;tbbt_s03e19.mp4;671.88;675.55;no
80591;Leonard walks to the door, lets in Howard holding a CD and Raj, who is wearing a red hat.;s02e13_061;tbbt_s02e13.mp4;700.41;710.63;no
62276;Sheldon walks up and flips the light switch to turn off the lights in the laundry room.;s02e21_040;tbbt_s02e21.mp4;348.72;361.69;no
13987;The robotic hand drops the small package into Penny's hand, which she holds out expectantly.;s04e01_053;tbbt_s04e01.mp4;512.97;527.53;no
29596;Sheldon, in green plaid pajamas, slumps from the headrest of the armchair down into the chair and makes a shushing gesture.;s02e01_125;tbbt_s02e01.mp4;1193.28;1205.66;no
3022;Penny pulls back the shower curtain and climbs inside the shower.;s03e15_119;tbbt_s03e15.mp4;1106.41;1121.20;no
34121;Howard, while in the bathroom with Leonard, goes to the sink and washes his hands.;s02e13_036;tbbt_s02e13.mp4;386.23;399.52;no
15751;Raj, while holding a beer bottle, reaches out and slaps Leonard on the back while he eats his food.;s08e08_003;tbbt_s08e08.mp4;18.31;29.82;no
62276;Sheldon walks up and flips the light switch to turn off the lights in the laundry room.;s06e07_073;tbbt_s06e07.mp4;694.84;707.16;no
4060;A wide shot of Stuart, Howard and Bernadette sitting down together in a cozy, antique-filled living room.;s06e07_111;tbbt_s06e07.mp4;1073.84;1088.14;no
42301;Sheldon, standing in front of a bookcase, near the window with drapes, dials a number on his cell phone.;s02e13_054;tbbt_s02e13.mp4;607.93;621.14;no
3385;A man floats across the International Space Station behind Howard at the laptop.;s06e01_113;tbbt_s06e01.mp4;1215.38;1221.51;no
80227;Leonard, in a costume, closes his front door quickly and locks it.;s06e07_113;tbbt_s06e07.mp4;1102.43;1117.74;no
16404;Bernadette, in a blue floral dress, reaches out and holds Howard's hand to comfort him while they are eating dinner.;s08e04_101;tbbt_s08e04.mp4;798.30;808.47;no
96015;Leonard and Raj slowly walk through a doorway into a clinic pulling a robotic arm that is attached, underneath a blanket, to Howard.;s04e01_115;tbbt_s04e01.mp4;1115.66;1122.16;no
296;Sheldon, with a bird on his arm, picks up a cup from a table near the sofa and offers it to the bird, which takes it.;s05e09_115;tbbt_s05e09.mp4;998.04;1008.51;no
4060;A wide shot of Stuart, Howard and Bernadette sitting down together in a cozy, antique-filled living room.;s08e04_121;tbbt_s08e04.mp4;1013.76;1028.03;no
11656;Sheldon lays down some cards in a couple of places on the table while playing a card game with bored Raj and Howard.;s04e12_144;tbbt_s04e12.mp4;1196.24;1205.95;no
45195;Sheldon reaches for his wallet in his jacket pocket while sitting at the restaurant with Amy.;s06e07_100;tbbt_s06e07.mp4;979.69;991.62;no
3370;Penny applies white cream with a spatula on Amy's face between her lip and her nose.;s06e24_031;tbbt_s06e24.mp4;303.20;317.40;no
9411;A shot of the laptop screen, where Amy reaches forward and presses a button that shuts the video off.;s06e01_043;tbbt_s06e01.mp4;438.69;449.12;no
38099;Raj jumps into the apartment wearing a Flash costume.;s08e04_066;tbbt_s08e04.mp4;521.52;524.82;no
51045;Sheldon quickly drinks his whole drink while holding a red straw, then makes a happy face, at the bar.;s06e07_093;tbbt_s06e07.mp4;917.25;927.38;no
3370;Penny applies white cream with a spatula on Amy's face between her lip and her nose.;s07e13_003;tbbt_s07e13.mp4;22.91;35.02;no
3366;Raj lifts up his foot above the table at the canteen to show Sheldon and Leonard that he's wearing sandals.;s03e15_009;tbbt_s03e15.mp4;55.51;69.03;no
9411;A shot of the laptop screen, where Amy reaches forward and presses a button that shuts the video off.;s06e07_054;tbbt_s06e07.mp4;482.68;494.83;no
19960;Raj raises his beer and then takes a sip of it, at the bowling lane.;s06e01_061;tbbt_s06e01.mp4;638.50;651.02;no
62276;Sheldon walks up and flips the light switch to turn off the lights in the laundry room.;s01e01_121;tbbt_s01e01.mp4;1122.29;1130.59;no
37856;Penny sits beside Sheldon on the couch with a bowl in her hand and covers herself with the blanket.;s03e15_050;tbbt_s03e15.mp4;425.43;439.98;no
79981;Leonard grabs Penny by the arms and walks her back a few steps, while standing in the living room in front of Sheldon.;s01e01_021;tbbt_s01e01.mp4;193.77;205.46;no
4060;A wide shot of Stuart, Howard and Bernadette sitting down together in a cozy, antique-filled living room.;s08e04_120;tbbt_s08e04.mp4;1005.75;1013.76;no
15768;Penny, in a grocery store with Sheldon, grabs two bottles of vodka and puts them in a cart.;s06e24_075;tbbt_s06e24.mp4;696.65;704.58;no
291;Amy and Bernadette look at a bird on the couch, then turn to Sheldon standing in the doorway with crossed arms.;s05e09_101;tbbt_s05e09.mp4;833.79;837.96;no
3370;Penny applies white cream with a spatula on Amy's face between her lip and her nose.;s03e19_088;tbbt_s03e19.mp4;660.45;666.71;no
38416;Penny sits in the back seat and shrugs her shoulders twice as they all drive in a car.;s07e13_068;tbbt_s07e13.mp4;624.21;632.92;no
96015;Leonard and Raj slowly walk through a doorway into a clinic pulling a robotic arm that is attached, underneath a blanket, to Howard.;s07e13_005;tbbt_s07e13.mp4;47.04;59.05;no
291;Amy and Bernadette look at a bird on the couch, then turn to Sheldon standing in the doorway with crossed arms.;s09e22_061;tbbt_s09e22.mp4;753.34;768.15;no
62276;Sheldon walks up and flips the light switch to turn off the lights in the laundry room.;s03e15_036;tbbt_s03e15.mp4;258.93;266.93;no
42301;Sheldon, standing in front of a bookcase, near the window with drapes, dials a number on his cell phone.;s02e13_055;tbbt_s02e13.mp4;621.14;634.35;no
84012;Sheldon, in a purple shirt with black sleeves, suddenly moves his body while sitting on the couch and starts to clap as he is singing a song.;s04e12_024;tbbt_s04e12.mp4;233.15;243.83;no
34121;Howard, while in the bathroom with Leonard, goes to the sink and washes his hands.;s02e01_023;tbbt_s02e01.mp4;189.94;201.53;no
11646;Leonard rolls onto his side toward Penny, while they are lying together in bed on orange pillows.;s05e13_067;tbbt_s05e13.mp4;745.75;759.47;no
96015;Leonard and Raj slowly walk through a doorway into a clinic pulling a robotic arm that is attached, underneath a blanket, to Howard.;s03e19_044;tbbt_s03e19.mp4;352.48;366.24;no
58103;Sheldon, in a grey shirt, hands Amy, in a purple sweater next to him, food wrapped in foil.;s09e22_003;tbbt_s09e22.mp4;16.60;25.80;no
11679;Leonard, in a black suit, is looking at his computer while talking to his friends, who are playing a board game at the glass table.;s02e21_078;tbbt_s02e21.mp4;677.98;691.95;no
11690;Amy and Bernadette are sitting on Penny's bed on a pile of clothes when Penny comes out of her bathroom in a green dress.;s05e13_019;tbbt_s05e13.mp4;204.75;216.31;no
18709;Penny happily jumps toward Leonard on the sofa to give him a hug.;s02e21_123;tbbt_s02e21.mp4;1147.77;1155.61;no
82961;Penny, in a red blouse, and Leonard both look down while sitting on the couch and Penny puts her hand on his shoulder.;s08e04_118;tbbt_s08e04.mp4;988.99;998.87;no
38099;Raj jumps into the apartment wearing a Flash costume.;s01e06_001;tbbt_s01e06.mp4;0.00;13.85;no
15751;Raj, while holding a beer bottle, reaches out and slaps Leonard on the back while he eats his food.;s06e24_003;tbbt_s06e24.mp4;18.64;26.90;no
58103;Sheldon, in a grey shirt, hands Amy, in a purple sweater next to him, food wrapped in foil.;s03e19_119;tbbt_s03e19.mp4;878.46;884.55;no
3366;Raj lifts up his foot above the table at the canteen to show Sheldon and Leonard that he's wearing sandals.;s06e24_010;tbbt_s06e24.mp4;79.12;88.01;no
45195;Sheldon reaches for his wallet in his jacket pocket while sitting at the restaurant with Amy.;s06e07_091;tbbt_s06e07.mp4;892.08;906.74;no
80596;Sheldon, in plaid pants, slides to his spot on the couch after Penny gets up.;s02e21_093;tbbt_s02e21.mp4;855.90;866.95;no
11690;Amy and Bernadette are sitting on Penny's bed on a pile of clothes when Penny comes out of her bathroom in a green dress.;s05e13_123;tbbt_s05e13.mp4;1216.01;1223.72;no
3022;Penny pulls back the shower curtain and climbs inside the shower.;s08e08_129;tbbt_s08e08.mp4;1063.02;1069.65;no
51045;Sheldon quickly drinks his whole drink while holding a red straw, then makes a happy face, at the bar.;s02e13_101;tbbt_s02e13.mp4;1037.12;1049.01;no
40031;Leonard and Penny kiss in the hall and a camera on the wall watches them.;s02e01_004;tbbt_s02e01.mp4;38.45;47.38;no
3372;Penny wipes the cream off the spatula with a tissue.;s04e01_019;tbbt_s04e01.mp4;167.97;176.47;no
62276;Sheldon walks up and flips the light switch to turn off the lights in the laundry room.;s08e04_088;tbbt_s08e04.mp4;655.83;668.09;no
53286;Leonard, in a red robe, looks at the ground and blinks a couple of times, then takes the money from Sheldon's hand.;s03e15_122;tbbt_s03e15.mp4;1147.03;1159.28;no
3370;Penny applies white cream with a spatula on Amy's face between her lip and her nose.;s02e01_070;tbbt_s02e01.mp4;679.38;692.92;no
37856;Penny sits beside Sheldon on the couch with a bowl in her hand and covers herself with the blanket.;s02e13_025;tbbt_s02e13.mp4;245.00;259.15;no
88802;A bartender hands Raj a mint green drink and Leonard a beer bottle, at the bar.;s06e07_097;tbbt_s06e07.mp4;943.90;955.83;no
42301;Sheldon, standing in front of a bookcase, near the window with drapes, dials a number on his cell phone.;s05e13_090;tbbt_s05e13.mp4;936.73;947.42;no
62276;Sheldon walks up and flips the light switch to turn off the lights in the laundry room.;s03e15_121;tbbt_s03e15.mp4;1134.78;1147.03;no
3366;Raj lifts up his foot above the table at the canteen to show Sheldon and Leonard that he's wearing sandals.;s08e04_003;tbbt_s08e04.mp4;27.32;38.33;no
11679;Leonard, in a black suit, is looking at his computer while talking to his friends, who are playing a board game at the glass table.;s02e21_079;tbbt_s02e21.mp4;691.95;705.91;no
6010003;Howard, in a green polo shirt and cap, pushes off from one wall to the opposite one, as he floats through the space station.;s02e01_073;tbbt_s02e01.mp4;720.01;731.77;no
84012;Sheldon, in a purple shirt with black sleeves, suddenly moves his body while sitting on the couch and starts to clap as he is singing a song.;s04e12_106;tbbt_s04e12.mp4;888.53;901.70;no
38099;Raj jumps into the apartment wearing a Flash costume.;s02e21_053;tbbt_s02e21.mp4;461.96;473.68;no
38416;Penny sits in the back seat and shrugs her shoulders twice as they all drive in a car.;s04e01_071;tbbt_s04e01.mp4;708.79;714.42;no
291;Amy and Bernadette look at a bird on the couch, then turn to Sheldon standing in the doorway with crossed arms.;s08e04_020;tbbt_s08e04.mp4;186.81;195.99;no
82961;Penny, in a red blouse, and Leonard both look down while sitting on the couch and Penny puts her hand on his shoulder.;s06e24_128;tbbt_s06e24.mp4;1091.07;1104.47;no
3394;Bernadette adjusts her glasses when she's talking to Howard online.;s05e13_103;tbbt_s05e13.mp4;1069.19;1076.66;no
79981;Leonard grabs Penny by the arms and walks her back a few steps, while standing in the living room in front of Sheldon.;s02e21_037;tbbt_s02e21.mp4;310.60;323.31;no
11644;Penny, in a red dress, rests her arms on Leonard's shoulder while smiling at him, as Amy, in a blue dress, stands at the doorway.;s08e08_074;tbbt_s08e08.mp4;521.52;529.40;no
3372;Penny wipes the cream off the spatula with a tissue.;s04e01_096;tbbt_s04e01.mp4;884.93;892.89;no
4060;A wide shot of Stuart, Howard and Bernadette sitting down together in a cozy, antique-filled living room.;s09e22_086;tbbt_s09e22.mp4;1107.81;1122.04;no
37856;Penny sits beside Sheldon on the couch with a bowl in her hand and covers herself with the blanket.;s01e01_059;tbbt_s01e01.mp4;568.49;573.70;no
55040;Raj, in a red and blue track jacket, presses his palms together and taps his fingers excitedly, smiling on the couch.;s02e21_066;tbbt_s02e21.mp4;548.88;559.52;no
38099;Raj jumps into the apartment wearing a Flash costume.;s01e06_101;tbbt_s01e06.mp4;1138.85;1153.57;no
55040;Raj, in a red and blue track jacket, presses his palms together and taps his fingers excitedly, smiling on the couch.;s04e12_018;tbbt_s04e12.mp4;166.08;170.53;no
58103;Sheldon, in a grey shirt, hands Amy, in a purple sweater next to him, food wrapped in foil.;s04e12_009;tbbt_s04e12.mp4;97.50;109.42;no
16404;Bernadette, in a blue floral dress, reaches out and holds Howard's hand to comfort him while they are eating dinner.;s08e04_100;tbbt_s08e04.mp4;794.42;798.30;no
291;Amy and Bernadette look at a bird on the couch, then turn to Sheldon standing in the doorway with crossed arms.;s08e08_016;tbbt_s08e08.mp4;141.22;151.32;no
80587;Leonard and Sheldon grab bottles from the kitchen island, then Sheldon sits on the couch while Leonard leans against the wall, still talking.;s04e12_021;tbbt_s04e12.mp4;207.46;211.79;no
296;Sheldon, with a bird on his arm, picks up a cup from a table near the sofa and offers it to the bird, which takes it.;s08e08_054;tbbt_s08e08.mp4;381.51;387.47;no
291;Amy and Bernadette look at a bird on the couch, then turn to Sheldon standing in the doorway with crossed arms.;s08e08_030;tbbt_s08e08.mp4;220.89;224.06;no
11659;Leonard, in a black suit, comes into the apartment and slams the door, then Howard looks at his watch.;s03e19_044;tbbt_s03e19.mp4;352.48;366.24;no
18709;Penny happily jumps toward Leonard on the sofa to give him a hug.;s02e21_107;tbbt_s02e21.mp4;1003.25;1011.76;no
80227;Leonard, in a costume, closes his front door quickly and locks it.;s02e21_134;tbbt_s02e21.mp4;1254.24;1266.07;no
3372;Penny wipes the cream off the spatula with a tissue.;s08e08_022;tbbt_s08e08.mp4;180.97;186.40;no
3370;Penny applies white cream with a spatula on Amy's face between her lip and her nose.;s09e22_059;tbbt_s09e22.mp4;727.52;741.09;no
79007;A shot of Sheldon standing at the kitchen island in front of a row of toast, while Bernadette sits across from him.;s01e01_086;tbbt_s01e01.mp4;787.50;791.79;no
62276;Sheldon walks up and flips the light switch to turn off the lights in the laundry room.;s07e13_007;tbbt_s07e13.mp4;71.07;83.08;no
3022;Penny pulls back the shower curtain and climbs inside the shower.;s01e06_104;tbbt_s01e06.mp4;1162.08;1166.79;no
51045;Sheldon quickly drinks his whole drink while holding a red straw, then makes a happy face, at the bar.;s02e21_087;tbbt_s02e21.mp4;774.42;788.31;no
80591;Leonard walks to the door, lets in Howard holding a CD and Raj, who is wearing a red hat.;s02e13_099;tbbt_s02e13.mp4;1017.81;1027.46;no
96015;Leonard and Raj slowly walk through a doorway into a clinic pulling a robotic arm that is attached, underneath a blanket, to Howard.;s05e13_001;tbbt_s05e13.mp4;0.00;12.74;no
96015;Leonard and Raj slowly walk through a doorway into a clinic pulling a robotic arm that is attached, underneath a blanket, to Howard.;s07e13_018;tbbt_s07e13.mp4;205.31;217.38;no
88802;A bartender hands Raj a mint green drink and Leonard a beer bottle, at the bar.;s02e21_084;tbbt_s02e21.mp4;734.90;744.18;no
3372;Penny wipes the cream off the spatula with a tissue.;s04e01_030;tbbt_s04e01.mp4;263.78;276.36;no
291;Amy and Bernadette look at a bird on the couch, then turn to Sheldon standing in the doorway with crossed arms.;s05e09_115;tbbt_s05e09.mp4;998.04;1008.51;no
3394;Bernadette adjusts her glasses when she's talking to Howard online.;s06e01_046;tbbt_s06e01.mp4;462.88;467.26;no
33248;Sheldon is being clipped in by the instructor to climb the wall.;s02e13_082;tbbt_s02e13.mp4;903.15;906.86;no
80587;Leonard and Sheldon grab bottles from the kitchen island, then Sheldon sits on the couch while Leonard leans against the wall, still talking.;s01e06_024;tbbt_s01e06.mp4;298.13;312.48;yes
6010003;Howard, in a green polo shirt and cap, pushes off from one wall to the opposite one, as he floats through the space station.;s06e01_010;tbbt_s06e01.mp4;101.41;114.06;no
