episode;annotation_id;variant;source_start;source_end;start;end;offset;flags
s01e01;tbbt_s01e01_d97650;forward;3.36;14.95;3.36;14.95;0.0;
s01e01;tbbt_s01e01_d97653;forward;15.56;18.92;15.56;18.92;0.0;
s01e01;tbbt_s01e01_d97651;forward;16.17;22.58;16.17;22.58;0.0;
s01e01;tbbt_s01e01_d97652;forward;22.28;31.73;22.28;31.73;0.0;
s01e01;tbbt_s01e01_d55211;forward;66.67;68.56;66.67;68.56;0.0;
s01e01;tbbt_s01e01_d55213;forward;67.62;69.19;67.62;69.19;0.0;
s01e01;tbbt_s01e01_d55210;forward;71.08;76.44;71.08;76.44;0.0;
s01e01;tbbt_s01e01_d55212;forward;76.76;85.27;76.76;85.27;0.0;
s01e01;tbbt_s01e01_d55214;forward;77.07;124.03;77.07;124.03;0.0;
s01e01;tbbt_s01e01_d86435;forward;124.0;142.86;124.0;142.86;0.0;
s01e01;tbbt_s01e01_d86436;forward;144.31;155.33;144.31;155.33;0.0;
s01e01;tbbt_s01e01_d86437;forward;157.65;182.03;158.71;183.09;1.06;shifted
s01e01;tbbt_s01e01_d86433;forward;182.0;188.2;183.06;189.26;0.0;
s01e01;tbbt_s01e01_d86430;forward;186.43;202.95;187.49;204.01;0.0;
s01e01;tbbt_s01e01_d86431;forward;202.66;205.91;203.72;206.97;0.0;
s01e01;tbbt_s01e01_d86432;forward;225.68;228.63;226.74;229.69;0.0;
s01e01;tbbt_s01e01_d86445;forward;241.0;250.0;242.06;251.06;0.0;
s01e01;tbbt_s01e01_d86448;forward;247.3;249.7;248.36;250.76;0.0;
s01e01;tbbt_s01e01_d86446;forward;251.5;256.61;252.56;257.67;0.0;
s01e01;tbbt_s01e01_d86447;forward;263.51;298.33;264.57;299.39;0.0;
s01e01;tbbt_s01e01_d86449;forward;264.41;268.91;265.47;269.97;0.0;
s01e01;tbbt_s01e01_d86440;forward;304.92;306.32;305.98;307.38;0.0;
s01e01;tbbt_s01e01_d86443;forward;305.48;309.68;306.54;310.74;0.0;
s01e01;tbbt_s01e01_d86441;forward;317.25;341.06;318.31;342.12;0.0;
s01e01;tbbt_s01e01_d86442;forward;351.42;355.34;352.48;356.4;0.0;
s01e01;tbbt_s01e01_d80615;forward;382.0;387.19;385.44;390.63;2.38;shifted
s01e01;tbbt_s01e01_d80616;forward;386.88;389.63;390.32;393.07;0.0;
s01e01;tbbt_s01e01_d80617;forward;394.21;397.56;397.65;401.0;0.0;
s01e01;tbbt_s01e01_d80620;forward;460.4;469.63;463.84;473.07;0.0;
s01e01;tbbt_s01e01_d80621;forward;464.66;482.06;468.1;485.5;0.0;
s01e01;tbbt_s01e01_d80622;forward;498.04;511.54;501.48;514.98;0.0;
s01e01;tbbt_s01e01_d80605;forward;514.0;516.21;517.44;519.65;0.0;
s01e01;tbbt_s01e01_d80609;forward;519.39;520.86;522.83;524.3;0.0;
s01e01;tbbt_s01e01_d80607;forward;528.95;541.94;532.39;545.38;0.0;
s01e01;tbbt_s01e01_d80606;forward;531.89;536.8;535.33;540.24;0.0;
s01e01;tbbt_s01e01_d80610;forward;563.0;565.84;566.44;569.28;0.0;
s01e01;tbbt_s01e01_d80611;forward;570.56;572.77;574.0;576.21;0.0;
s01e01;tbbt_s01e01_d80613;forward;591.05;592.94;594.49;596.38;0.0;
s01e01;tbbt_s01e01_d80612;forward;622.25;626.03;625.69;629.47;0.0;
s01e01;tbbt_s01e01_d80614;forward;622.88;623.51;626.32;626.95;0.0;
s01e01;tbbt_s01e01_d80595;forward;639.69;646.24;643.13;649.68;0.0;
s01e01;tbbt_s01e01_d80598;forward;640.26;651.95;643.7;655.39;0.0;
s01e01;tbbt_s01e01_d80596;forward;662.5;667.06;665.94;670.5;0.0;
s01e01;tbbt_s01e01_d80599;forward;662.5;669.34;665.94;672.78;0.0;
s01e01;tbbt_s01e01_d80597;forward;673.62;677.89;677.06;681.33;0.0;
s01e01;tbbt_s01e01_d80603;forward;690.88;696.55;694.32;699.99;0.0;
s01e01;tbbt_s01e01_d80600;forward;691.82;696.87;695.26;700.31;0.0;
s01e01;tbbt_s01e01_d80601;forward;733.11;737.21;736.55;740.65;0.0;
s01e01;tbbt_s01e01_d80602;forward;742.25;746.03;745.69;749.47;0.0;
s01e01;tbbt_s01e01_d80604;forward;742.25;744.14;745.69;747.58;0.0;
s01e01;tbbt_s01e01_d80585;forward;746.58;752.09;750.02;755.53;0.0;
s01e01;tbbt_s01e01_d80588;forward;749.77;759.06;753.21;762.5;0.0;
s01e01;tbbt_s01e01_d80586;forward;755.57;765.15;759.01;768.59;0.0;
s01e01;tbbt_s01e01_d80587;forward;791.26;803.73;794.7;807.17;0.0;
s01e01;tbbt_s01e01_d80589;forward;791.55;798.51;794.99;801.95;0.0;
s01e01;tbbt_s01e01_d80591;forward;817.58;827.32;821.02;830.76;0.0;
s01e01;tbbt_s01e01_d80594;forward;817.87;822.0;821.31;825.44;0.0;
s01e01;tbbt_s01e01_d80590;forward;831.74;835.28;835.18;838.72;0.0;
s01e01;tbbt_s01e01_d80592;forward;838.83;840.6;842.27;844.04;0.0;
s01e01;tbbt_s01e01_d3020;forward;868.1;872.0;871.54;875.44;0.0;
s01e01;tbbt_s01e01_d3021;forward;897.22;900.22;900.66;903.66;0.0;
s01e01;tbbt_s01e01_d3022;forward;917.02;920.03;920.46;923.47;0.0;
s01e01;tbbt_s01e01_d38400;forward;1029.75;1042.44;1033.19;1045.88;0.0;
s01e01;tbbt_s01e01_d38402;forward;1035.35;1042.73;1038.79;1046.17;0.0;
s01e01;tbbt_s01e01_d38401;forward;1042.44;1043.03;1045.88;1046.47;0.0;
s01e01;tbbt_s01e01_d38395;forward;1044.22;1046.05;1047.66;1049.49;0.0;
s01e01;tbbt_s01e01_d38396;forward;1071.38;1073.21;1074.82;1076.65;0.0;
s01e01;tbbt_s01e01_d38397;forward;1097.01;1100.67;1100.45;1104.11;0.0;
s01e01;tbbt_s01e01_d38410;forward;1109.1;1117.51;1112.54;1120.95;0.0;
s01e01;tbbt_s01e01_d38413;forward;1116.01;1121.11;1119.45;1124.55;0.0;
s01e01;tbbt_s01e01_d38412;forward;1119.31;1121.11;1122.75;1124.55;0.0;
s01e01;tbbt_s01e01_d38414;forward;1153.22;1157.12;1156.66;1160.56;0.0;
s01e01;tbbt_s01e01_d38411;forward;1153.52;1164.03;1156.96;1167.47;0.0;
s01e01;tbbt_s01e01_d38405;forward;1164.0;1167.6;1167.44;1171.04;0.0;
s01e01;tbbt_s01e01_d38408;forward;1173.6;1212.32;1177.04;1215.76;0.0;
s01e01;tbbt_s01e01_d38406;forward;1175.41;1180.21;1178.85;1183.65;0.0;
s01e01;tbbt_s01e01_d38407;forward;1188.01;1193.41;1191.45;1196.85;0.0;
s01e01;tbbt_s01e01_d2968;forward;1238.46;1240.53;1241.9;1243.97;0.0;
s01e01;tbbt_s01e01_d2965;forward;1241.12;1247.02;1244.56;1250.46;0.0;
s01e01;tbbt_s01e01_d2966;forward;1263.84;1268.86;1267.28;1272.3;0.0;
s01e01;tbbt_s01e01_d2967;forward;1280.66;1283.03;1284.1;1286.47;0.0;
s01e01;tbbt_s01e01_d38415;forward;1283.0;1296.24;1286.44;1299.68;0.0;
s01e01;tbbt_s01e01_d38418;forward;1283.0;1295.29;1286.44;1298.73;0.0;
s01e01;tbbt_s01e01_d38416;forward;1302.85;1306.95;1306.29;1310.39;0.0;
s01e01;tbbt_s01e01_d38417;forward;1325.86;1328.07;1329.3;1331.51;0.0;
s01e06;tbbt_s01e06_d39255;forward;0.0;12.51;0.0;12.51;0.0;
s01e06;tbbt_s01e06_d39258;forward;2.14;10.68;2.14;10.68;0.0;
s01e06;tbbt_s01e06_d39257;forward;34.18;46.38;34.18;46.38;0.0;
s01e06;tbbt_s01e06_d39256;forward;55.23;59.5;55.23;59.5;0.0;
s01e06;tbbt_s01e06_d39259;forward;55.84;61.03;55.84;61.03;0.0;
s01e06;tbbt_s01e06_d39260;forward;73.8;84.21;73.8;84.21;0.0;
s01e06;tbbt_s01e06_d39262;forward;104.21;108.21;104.21;108.21;0.0;
s01e06;tbbt_s01e06_d39263;forward;104.21;106.21;104.21;106.21;0.0;
s01e06;tbbt_s01e06_d39261;forward;135.42;139.82;135.42;139.82;0.0;
s01e06;tbbt_s01e06_d39264;forward;135.82;139.42;135.82;139.42;0.0;
s01e06;tbbt_s01e06_d38095;forward;172.48;183.64;172.48;183.64;0.0;
s01e06;tbbt_s01e06_d38098;forward;181.47;184.57;181.47;184.57;0.0;
s01e06;tbbt_s01e06_d38096;forward;182.09;185.81;182.09;185.81;0.0;
s01e06;tbbt_s01e06_d38097;forward;182.09;195.43;182.09;195.43;0.0;
s01e06;tbbt_s01e06_d38099;forward;194.81;196.98;194.81;196.98;0.0;
s01e06;tbbt_s01e06_d38105;forward;285.0;287.57;285.0;287.57;0.0;
s01e06;tbbt_s01e06_d38106;forward;302.68;311.8;302.68;311.8;0.0;
s01e06;tbbt_s01e06_d38107;forward;333.19;338.32;333.19;338.32;0.0;
s01e06;tbbt_s01e06_d38109;forward;333.47;342.02;333.47;342.02;0.0;
s01e06;tbbt_s01e06_d38103;forward;342.0;350.1;342.0;350.1;0.0;
s01e06;tbbt_s01e06_d38100;forward;348.0;349.5;348.0;349.5;0.0;
s01e06;tbbt_s01e06_d38101;forward;351.0;354.01;351.73;354.74;0.73;shifted
s01e06;tbbt_s01e06_d38104;forward;351.3;402.03;352.03;402.76;0.0;
s01e06;tbbt_s01e06_d38102;forward;359.71;363.01;360.44;363.74;0.0;
s01e06;tbbt_s01e06_d54545;forward;402.0;406.27;402.73;407.0;0.0;
s01e06;tbbt_s01e06_d54548;forward;419.39;422.75;420.12;423.48;0.0;
s01e06;tbbt_s01e06_d54546;forward;430.38;437.09;431.11;437.82;0.0;
s01e06;tbbt_s01e06_d54547;forward;462.11;463.03;462.84;463.76;0.0;
s01e06;tbbt_s01e06_d18408;forward;466.0;470.8;466.73;471.53;0.0;
s01e06;tbbt_s01e06_d18405;forward;470.2;472.3;470.93;473.03;0.0;
s01e06;tbbt_s01e06_d18406;forward;476.51;481.61;477.24;482.34;0.0;
s01e06;tbbt_s01e06_d18407;forward;500.82;503.52;501.55;504.25;0.0;
s01e06;tbbt_s01e06_d54573;forward;523.0;551.68;523.73;552.41;0.0;
s01e06;tbbt_s01e06_d54570;forward;527.27;530.02;528.0;530.75;0.0;
s01e06;tbbt_s01e06_d54571;forward;548.94;553.51;549.67;554.24;0.0;
s01e06;tbbt_s01e06_d54574;forward;554.12;584.03;554.85;584.76;0.0;
s01e06;tbbt_s01e06_d54572;forward;573.04;575.18;573.77;575.91;0.0;
s01e06;tbbt_s01e06_d38120;forward;591.54;595.61;592.27;596.34;0.0;
s01e06;tbbt_s01e06_d38121;forward;617.36;620.85;618.09;621.58;0.0;
s01e06;tbbt_s01e06_d38123;forward;625.78;628.97;626.51;629.7;0.0;
s01e06;tbbt_s01e06_d38124;forward;637.67;642.03;638.4;642.76;0.0;
s01e06;tbbt_s01e06_d38122;forward;638.25;642.03;638.98;642.76;0.0;
s01e06;tbbt_s01e06_d38060;forward;642.92;644.14;643.65;644.87;0.0;
s01e06;tbbt_s01e06_d38061;forward;661.22;668.55;661.95;669.28;0.0;
s01e06;tbbt_s01e06_d38064;forward;661.53;669.46;662.26;670.19;0.0;
s01e06;tbbt_s01e06_d38062;forward;697.84;702.42;698.57;703.15;0.0;
s01e06;tbbt_s01e06_d38055;forward;720.12;723.07;720.85;723.8;0.0;
s01e06;tbbt_s01e06_d38056;forward;727.2;730.74;727.93;731.47;0.0;
s01e06;tbbt_s01e06_d38057;forward;755.83;759.96;756.56;760.69;0.0;
s01e06;tbbt_s01e06_d94555;forward;771.46;778.48;772.19;779.21;0.0;
s01e06;tbbt_s01e06_d94556;forward;773.29;823.03;774.02;823.76;0.0;
s01e06;tbbt_s01e06_d94557;forward;779.39;823.03;780.12;823.76;0.0;
s01e06;tbbt_s01e06_d80260;forward;829.0;833.5;829.73;834.23;0.0;
s01e06;tbbt_s01e06_d80262;forward;831.7;834.71;832.43;835.44;0.0;
s01e06;tbbt_s01e06_d80264;forward;846.11;847.61;846.84;848.34;0.0;
s01e06;tbbt_s01e06_d80261;forward;882.43;883.03;883.16;883.76;0.0;
s01e06;tbbt_s01e06_d44940;forward;903.11;909.71;903.84;910.44;0.0;
s01e06;tbbt_s01e06_d44943;forward;912.71;916.31;913.44;917.04;0.0;
s01e06;tbbt_s01e06_d44941;forward;915.11;919.02;915.84;919.75;0.0;
s01e06;tbbt_s01e06_d44942;forward;930.12;935.22;930.85;935.95;0.0;
s01e06;tbbt_s01e06_d94550;forward;955.51;960.7;956.24;961.43;0.0;
s01e06;tbbt_s01e06_d94551;forward;971.99;986.02;972.72;986.75;0.0;
s01e06;tbbt_s01e06_d94552;forward;989.38;992.43;990.11;993.16;0.0;
s01e06;tbbt_s01e06_d80238;forward;1007.05;1013.46;1007.78;1014.19;0.0;
s01e06;tbbt_s01e06_d80235;forward;1007.36;1010.41;1008.09;1011.14;0.0;
s01e06;tbbt_s01e06_d80236;forward;1020.17;1025.05;1020.9;1025.78;0.0;
s01e06;tbbt_s01e06_d80237;forward;1053.13;1056.79;1053.86;1057.52;0.0;
s01e06;tbbt_s01e06_d80239;forward;1053.43;1058.31;1054.16;1059.04;0.0;
s01e06;tbbt_s01e06_d94545;forward;1065.0;1074.69;1065.73;1075.42;0.0;
s01e06;tbbt_s01e06_d94548;forward;1084.1;1092.37;1084.83;1093.1;0.0;
s01e06;tbbt_s01e06_d94546;forward;1084.39;1092.37;1085.12;1093.1;0.0;
s01e06;tbbt_s01e06_d94547;forward;1096.93;1102.92;1097.66;1103.65;0.0;
s01e06;tbbt_s01e06_d94549;forward;1119.46;1122.02;1120.19;1122.75;0.0;
s01e06;tbbt_s01e06_d80225;forward;1122.0;1128.41;1122.73;1129.14;0.0;
s01e06;tbbt_s01e06_d80226;forward;1156.79;1160.14;1157.52;1160.87;0.0;
s01e06;tbbt_s01e06_d80228;forward;1156.79;1160.45;1157.52;1161.18;0.0;
s01e06;tbbt_s01e06_d80227;forward;1174.79;1178.15;1175.52;1178.88;0.0;
s01e06;tbbt_s01e06_d80229;forward;1175.4;1178.45;1176.13;1179.18;0.0;
s01e06;tbbt_s01e06_d80230;forward;1188.04;1191.61;1188.77;1192.34;0.0;
s01e06;tbbt_s01e06_d80232;forward;1198.13;1201.28;1198.86;1202.01;0.0;
s01e06;tbbt_s01e06_d80231;forward;1208.42;1210.11;1209.15;1210.84;0.0;
s01e06;tbbt_s01e06_d80234;forward;1211.58;1225.02;1212.31;1225.75;0.0;
s01e15;tbbt_s01e15_d50300;forward;11.9;17.09;11.9;17.09;0.0;
s01e15;tbbt_s01e15_d50303;forward;17.09;28.68;17.09;28.68;0.0;
s01e15;tbbt_s01e15_d50301;forward;39.97;42.72;39.97;42.72;0.0;
s01e15;tbbt_s01e15_d50304;forward;41.5;61.03;41.5;61.03;0.0;
s01e15;tbbt_s01e15_d50302;forward;52.79;54.62;52.79;54.62;0.0;
s01e15;tbbt_s01e15_d37765;forward;69.7;74.21;69.7;74.21;0.0;
s01e15;tbbt_s01e15_d37768;forward;70.3;73.91;70.3;73.91;0.0;
s01e15;tbbt_s01e15_d37769;forward;80.81;86.51;80.81;86.51;0.0;
s01e15;tbbt_s01e15_d37766;forward;94.31;99.12;94.31;99.12;0.0;
s01e15;tbbt_s01e15_d37767;forward;114.12;117.73;114.12;117.73;0.0;
s01e15;tbbt_s01e15_d85003;forward;200.0;206.2;204.29;210.49;4.29;shifted
s01e15;tbbt_s01e15_d85000;forward;202.48;206.82;206.77;211.11;0.0;
s01e15;tbbt_s01e15_d85001;forward;211.48;221.09;215.77;225.38;0.0;
s01e15;tbbt_s01e15_d85002;forward;235.98;240.01;240.27;244.3;0.0;
s01e15;tbbt_s01e15_d85013;forward;322.0;334.01;326.29;338.3;0.0;
s01e15;tbbt_s01e15_d85010;forward;328.0;330.1;332.29;334.39;0.0;
s01e15;tbbt_s01e15_d85011;forward;340.01;353.21;344.3;357.5;0.0;
s01e15;tbbt_s01e15_d85012;forward;380.53;382.03;384.82;386.32;0.0;
s01e15;tbbt_s01e15_d85005;forward;384.79;388.82;389.08;393.11;0.0;
s01e15;tbbt_s01e15_d85006;forward;391.3;398.44;395.59;402.73;0.0;
s01e15;tbbt_s01e15_d85007;forward;442.79;444.03;447.08;448.32;0.0;
s01e15;tbbt_s01e15_d85020;forward;448.85;451.98;453.14;456.27;0.0;
s01e15;tbbt_s01e15_d85022;forward;461.39;465.95;465.68;470.24;0.0;
s01e15;tbbt_s01e15_d85021;forward;480.78;482.21;485.07;486.5;0.0;
s01e15;tbbt_s01e15_d85015;forward;508.2;514.81;512.49;519.1;0.0;
s01e15;tbbt_s01e15_d85016;forward;534.92;541.82;539.21;546.11;0.0;
s01e15;tbbt_s01e15_d85017;forward;549.32;553.52;553.61;557.81;0.0;
s01e15;tbbt_s01e15_d85030;forward;561.0;566.27;565.29;570.56;0.0;
s01e15;tbbt_s01e15_d85033;forward;561.0;568.13;565.29;572.42;0.0;
s01e15;tbbt_s01e15_d85031;forward;569.68;573.72;573.97;578.01;0.0;
s01e15;tbbt_s01e15_d85032;forward;583.02;590.77;587.31;595.06;0.0;
s01e15;tbbt_s01e15_d85034;forward;585.5;586.12;589.79;590.41;0.0;
s01e15;tbbt_s01e15_d85025;forward;623.0;630.25;627.29;634.54;0.0;
s01e15;tbbt_s01e15_d85026;forward;644.43;648.53;648.72;652.82;0.0;
s01e15;tbbt_s01e15_d85028;forward;644.43;649.47;648.72;653.76;0.0;
s01e15;tbbt_s01e15_d85027;forward;680.36;682.88;684.65;687.17;0.0;
s01e15;tbbt_s01e15_d84990;forward;688.61;699.35;692.9;703.64;0.0;
s01e15;tbbt_s01e15_d84991;forward;700.51;705.73;704.8;710.02;0.0;
s01e15;tbbt_s01e15_d84992;forward;743.44;744.03;747.73;748.32;0.0;
s01e15;tbbt_s01e15_d84988;forward;744.0;752.7;748.29;756.99;0.0;
s01e15;tbbt_s01e15_d84985;forward;746.61;754.44;750.9;758.73;0.0;
s01e15;tbbt_s01e15_d84986;forward;753.86;756.48;758.15;760.77;0.0;
s01e15;tbbt_s01e15_d84989;forward;782.01;789.26;786.3;793.55;0.0;
s01e15;tbbt_s01e15_d84987;forward;785.2;788.39;789.49;792.68;0.0;
s01e15;tbbt_s01e15_d39985;forward;813.1;819.11;817.39;823.4;0.0;
s01e15;tbbt_s01e15_d39986;forward;830.51;837.42;834.8;841.71;0.0;
s01e15;tbbt_s01e15_d39987;forward;844.62;848.52;848.91;852.81;0.0;
s01e15;tbbt_s01e15_d39990;forward;863.18;864.66;867.47;868.95;0.0;
s01e15;tbbt_s01e15_d39991;forward;909.22;910.4;913.51;914.69;0.0;
s01e15;tbbt_s01e15_d39992;forward;911.88;914.24;916.17;918.53;0.0;
s01e15;tbbt_s01e15_d39975;forward;956.3;957.56;960.59;961.85;0.0;
s01e15;tbbt_s01e15_d39978;forward;959.13;964.49;963.42;968.78;0.0;
s01e15;tbbt_s01e15_d39976;forward;967.01;968.59;971.3;972.88;0.0;
s01e15;tbbt_s01e15_d39977;forward;975.21;982.14;979.5;986.43;0.0;
s01e15;tbbt_s01e15_d39979;forward;976.15;984.03;980.44;988.22;0.0;trimmed
s01e15;tbbt_s01e15_d96273;forward;991.54;993.57;995.83;997.86;0.0;
s01e15;tbbt_s01e15_d96270;forward;992.12;997.93;996.41;1002.22;0.0;
s01e15;tbbt_s01e15_d96274;forward;1015.04;1021.43;1019.33;1025.72;0.0;
s01e15;tbbt_s01e15_d96271;forward;1019.4;1022.88;1023.69;1027.17;0.0;
s01e15;tbbt_s01e15_d96272;forward;1025.78;1033.03;1030.07;1037.32;0.0;
s01e15;tbbt_s01e15_d39965;forward;1042.63;1049.56;1046.92;1053.85;0.0;
s01e15;tbbt_s01e15_d39966;forward;1062.48;1065.64;1066.77;1069.93;0.0;
s01e15;tbbt_s01e15_d39967;forward;1092.42;1097.78;1096.71;1100.95;0.0;trimmed
s01e15;tbbt_s01e15_d39970;forward;1105.0;1110.8;1109.29;1115.09;0.0;
s01e15;tbbt_s01e15_d39971;forward;1113.7;1117.77;1117.99;1122.06;0.0;
s01e15;tbbt_s01e15_d39972;forward;1134.3;1137.49;1138.59;1141.78;0.0;
s01e15;tbbt_s01e15_d39973;forward;1134.3;1136.62;1138.59;1140.91;0.0;
s01e15;tbbt_s01e15_d39974;forward;1152.58;1155.48;1156.87;1159.77;0.0;spans_mask
s01e15;tbbt_s01e15_d39955;forward;1163.0;1173.15;1167.29;1177.44;0.0;
s01e15;tbbt_s01e15_d39956;forward;1177.8;1186.79;1182.09;1191.08;0.0;
s01e15;tbbt_s01e15_d39958;forward;1199.27;1210.0;1203.56;1214.29;0.0;
s01e15;tbbt_s01e15_d39957;forward;1199.85;1206.81;1204.14;1211.1;0.0;
s01e15;tbbt_s01e15_d55960;forward;1221.0;1228.44;1225.29;1232.73;0.0;
s01e15;tbbt_s01e15_d55961;forward;1241.78;1247.36;1246.07;1251.65;0.0;
s01e15;tbbt_s01e15_d55962;forward;1272.48;1274.03;1276.77;1278.32;0.0;
s02e01;tbbt_s02e01_d40030;forward;0.0;4.88;0.0;4.88;0.0;
s02e01;tbbt_s02e01_d40031;forward;32.65;36.92;32.65;36.92;0.0;
s02e01;tbbt_s02e01_d40034;forward;34.48;61.03;34.48;61.03;0.0;
s02e01;tbbt_s02e01_d40032;forward;41.8;44.55;41.8;44.55;0.0;
s02e01;tbbt_s02e01_d40105;forward;85.72;91.82;85.72;91.82;0.0;
s02e01;tbbt_s02e01_d40109;forward;92.73;103.72;92.73;103.72;0.0;
s02e01;tbbt_s02e01_d40106;forward;93.65;97.31;93.65;97.31;0.0;
s02e01;tbbt_s02e01_d40107;forward;99.45;103.72;99.45;103.72;0.0;
s02e01;tbbt_s02e01_d40210;forward;122.0;124.79;122.0;124.79;0.0;
s02e01;tbbt_s02e01_d40213;forward;130.06;135.96;130.06;135.96;0.0;
s02e01;tbbt_s02e01_d40211;forward;132.23;140.3;132.23;140.3;0.0;
s02e01;tbbt_s02e01_d40212;forward;156.12;158.6;156.12;158.6;0.0;
s02e01;tbbt_s02e01_d40214;forward;159.22;164.49;159.22;164.49;0.0;
s02e01;tbbt_s02e01_d30695;forward;184.0;189.53;184.0;189.53;0.0;
s02e01;tbbt_s02e01_d30696;forward;209.69;213.59;209.69;213.59;0.0;
s02e01;tbbt_s02e01_d30697;forward;236.35;240.58;236.35;240.58;0.0;
s02e01;tbbt_s02e01_d28225;forward;273.27;281.21;273.32;281.26;0.05;shifted
s02e01;tbbt_s02e01_d28226;forward;280.6;284.87;280.65;284.92;0.0;
s02e01;tbbt_s02e01_d28227;forward;302.26;305.01;302.31;305.06;0.0;
s02e01;tbbt_s02e01_d74080;forward;333.97;344.95;334.02;345.0;0.0;
s02e01;tbbt_s02e01_d74081;forward;355.94;362.96;355.99;363.01;0.0;
s02e01;tbbt_s02e01_d74083;forward;356.85;363.87;356.9;363.92;0.0;
s02e01;tbbt_s02e01_d74082;forward;362.65;370.28;362.7;370.33;0.0;
s02e01;tbbt_s02e01_d74084;forward;367.53;371.8;367.58;371.85;0.0;
s02e01;tbbt_s02e01_d91603;forward;416.38;420.81;416.43;420.86;0.0;
s02e01;tbbt_s02e01_d91600;forward;416.97;420.22;417.02;420.27;0.0;
s02e01;tbbt_s02e01_d91601;forward;421.4;424.35;421.45;424.4;0.0;
s02e01;tbbt_s02e01_d91602;forward;429.66;435.27;429.71;435.32;0.0;
s02e01;tbbt_s02e01_d91604;forward;433.5;435.56;433.55;435.61;0.0;
s02e01;tbbt_s02e01_d74070;forward;450.61;452.75;450.66;452.8;0.0;
s02e01;tbbt_s02e01_d74071;forward;485.4;493.33;485.45;493.38;0.0;
s02e01;tbbt_s02e01_d74074;forward;486.31;495.47;486.36;495.52;0.0;
s02e01;tbbt_s02e01_d74072;forward;493.33;495.16;493.38;495.21;0.0;
s02e01;tbbt_s02e01_d91595;forward;515.34;525.27;516.39;526.32;1.0;shifted
s02e01;tbbt_s02e01_d91596;forward;547.29;549.15;548.34;550.2;0.0;
s02e01;tbbt_s02e01_d91597;forward;568.69;572.1;569.74;573.15;0.0;
s02e01;tbbt_s02e01_d7735;forward;573.0;580.41;574.05;581.46;0.0;
s02e01;tbbt_s02e01_d7736;forward;580.41;585.26;581.46;586.31;0.0;
s02e01;tbbt_s02e01_d7737;forward;595.52;605.5;596.57;606.55;0.0;
s02e01;tbbt_s02e01_d74056;forward;637.88;640.08;638.93;641.13;0.0;
s02e01;tbbt_s02e01_d74055;forward;638.19;641.66;639.24;642.71;0.0;
s02e01;tbbt_s02e01_d74058;forward;639.45;642.92;640.5;643.97;0.0;
s02e01;tbbt_s02e01_d74057;forward;684.21;687.36;685.26;688.41;0.0;
s02e01;tbbt_s02e01_d74100;forward;790.07;792.35;791.12;793.4;0.0;
s02e01;tbbt_s02e01_d74103;forward;790.64;792.63;791.69;793.68;0.0;
s02e01;tbbt_s02e01_d74101;forward;794.34;798.33;795.39;799.38;0.0;
s02e01;tbbt_s02e01_d74102;forward;800.62;802.04;801.67;803.09;0.0;
s02e01;tbbt_s02e01_d74095;forward;810.0;816.71;811.05;817.76;0.0;
s02e01;tbbt_s02e01_d74096;forward;845.4;854.25;846.45;855.3;0.0;
s02e01;tbbt_s02e01_d74098;forward;850.58;853.64;851.63;854.69;0.0;
s02e01;tbbt_s02e01_d74097;forward;860.35;863.4;861.4;864.45;0.0;
s02e01;tbbt_s02e01_d74099;forward;866.15;871.03;867.2;872.08;0.0;
s02e01;tbbt_s02e01_d85400;forward;871.0;874.72;872.05;875.77;0.0;
s02e01;tbbt_s02e01_d85403;forward;871.0;875.34;872.05;876.39;0.0;
s02e01;tbbt_s02e01_d85401;forward;879.37;886.51;880.42;887.56;0.0;
s02e01;tbbt_s02e01_d85402;forward;904.81;911.94;905.86;912.99;0.0;
s02e01;tbbt_s02e01_d90955;forward;933.0;937.56;934.05;938.61;0.0;
s02e01;tbbt_s02e01_d90956;forward;947.54;953.24;948.59;954.29;0.0;
s02e01;tbbt_s02e01_d90957;forward;984.89;990.02;985.94;991.07;0.0;
s02e01;tbbt_s02e01_d29615;forward;990.0;1004.65;991.05;1005.7;0.0;
s02e01;tbbt_s02e01_d29618;forward;994.27;1003.73;995.32;1004.78;0.0;
s02e01;tbbt_s02e01_d29616;forward;1011.97;1016.85;1013.02;1017.9;0.0;
s02e01;tbbt_s02e01_d29619;forward;1011.97;1020.21;1013.02;1021.26;0.0;
s02e01;tbbt_s02e01_d29617;forward;1048.59;1051.03;1049.64;1052.08;0.0;
s02e01;tbbt_s02e01_d29620;forward;1076.53;1078.42;1077.58;1079.47;0.0;
s02e01;tbbt_s02e01_d29621;forward;1081.25;1083.78;1082.3;1084.83;0.0;
s02e01;tbbt_s02e01_d29622;forward;1106.78;1108.36;1107.83;1109.41;0.0;
s02e01;tbbt_s02e01_d29595;forward;1114.0;1118.35;1115.05;1119.4;0.0;
s02e01;tbbt_s02e01_d29596;forward;1123.57;1130.25;1124.62;1131.3;0.0;
s02e01;tbbt_s02e01_d29597;forward;1131.7;1139.53;1132.75;1140.58;0.0;
s02e01;tbbt_s02e01_d29598;forward;1152.59;1155.49;1153.64;1156.54;0.0;
s02e01;tbbt_s02e01_d29600;forward;1172.89;1178.2;1173.94;1179.25;0.0;
s02e01;tbbt_s02e01_d29601;forward;1191.18;1203.87;1192.23;1204.92;0.0;
s02e01;tbbt_s02e01_d29604;forward;1208.3;1231.03;1209.35;1232.08;0.0;
s02e01;tbbt_s02e01_d29602;forward;1227.19;1229.25;1228.24;1230.3;0.0;
s02e01;tbbt_s02e01_d29605;forward;1231.0;1236.29;1232.05;1237.34;0.0;
s02e01;tbbt_s02e01_d29606;forward;1265.75;1267.82;1266.8;1268.87;0.0;
s02e01;tbbt_s02e01_d29607;forward;1271.73;1277.02;1272.78;1278.07;0.0;
s02e13;tbbt_s02e13_d77725;forward;1.65;8.25;1.65;8.25;0.0;
s02e13;tbbt_s02e13_d77728;forward;1.98;8.25;1.98;8.25;0.0;
s02e13;tbbt_s02e13_d77726;forward;28.39;33.02;28.39;33.02;0.0;
s02e13;tbbt_s02e13_d77729;forward;36.32;42.59;36.32;42.59;0.0;
s02e13;tbbt_s02e13_d77727;forward;46.55;50.19;46.55;50.19;0.0;
s02e13;tbbt_s02e13_d77720;forward;66.0;72.72;66.0;72.72;0.0;
s02e13;tbbt_s02e13_d77721;forward;74.96;85.89;74.96;85.89;0.0;
s02e13;tbbt_s02e13_d77722;forward;85.33;103.82;85.33;103.82;0.0;
s02e13;tbbt_s02e13_d77724;forward;108.02;110.54;108.02;110.54;0.0;
s02e13;tbbt_s02e13_d77730;forward;133.9;135.95;133.9;135.95;0.0;
s02e13;tbbt_s02e13_d77731;forward;156.46;159.13;156.46;159.13;0.0;
s02e13;tbbt_s02e13_d77732;forward;158.92;163.02;158.92;163.02;0.0;
s02e13;tbbt_s02e13_d47836;forward;187.75;211.24;189.16;212.65;1.41;shifted
s02e13;tbbt_s02e13_d47835;forward;211.55;219.79;212.96;221.2;0.0;
s02e13;tbbt_s02e13_d47839;forward;212.46;215.51;213.87;216.92;0.0;
s02e13;tbbt_s02e13_d47837;forward;229.86;231.38;231.27;232.79;0.0;
s02e13;tbbt_s02e13_d47840;forward;251.8;253.02;253.21;254.43;0.0;
s02e13;tbbt_s02e13_d47841;forward;253.93;256.37;255.34;257.78;0.0;
s02e13;tbbt_s02e13_d47842;forward;301.54;305.2;302.98;306.64;0.03;shifted
s02e13;tbbt_s02e13_d47828;forward;307.0;316.76;308.44;318.2;0.0;
s02e13;tbbt_s02e13_d47825;forward;307.31;309.75;308.75;311.19;0.0;
s02e13;tbbt_s02e13_d47826;forward;343.92;345.45;345.36;346.89;0.0;
s02e13;tbbt_s02e13_d47827;forward;346.67;348.5;348.11;349.94;0.0;
s02e13;tbbt_s02e13_d47832;forward;368.0;376.12;369.44;377.56;0.0;
s02e13;tbbt_s02e13_d47830;forward;393.53;400.2;394.97;401.64;0.0;
s02e13;tbbt_s02e13_d47831;forward;402.23;411.52;403.67;412.96;0.0;
s02e13;tbbt_s02e13_d47815;forward;428.1;433.5;429.54;434.94;0.0;
s02e13;tbbt_s02e13_d47816;forward;429.6;431.4;431.04;432.84;0.0;
s02e13;tbbt_s02e13_d47817;forward;476.42;478.22;477.86;479.66;0.0;
s02e13;tbbt_s02e13_d47823;forward;486.0;489.35;487.44;490.79;0.0;
s02e13;tbbt_s02e13_d47822;forward;517.17;520.52;518.61;521.96;0.0;
s02e13;tbbt_s02e13_d47824;forward;520.18;526.88;521.62;528.32;0.0;
s02e13;tbbt_s02e13_d47820;forward;524.2;527.55;525.64;528.99;0.0;
s02e13;tbbt_s02e13_d47821;forward;534.26;536.94;535.7;538.38;0.0;
s02e13;tbbt_s02e13_d47805;forward;553.0;569.53;554.44;570.97;0.0;
s02e13;tbbt_s02e13_d47806;forward;590.26;594.74;591.7;596.18;0.0;
s02e13;tbbt_s02e13_d47807;forward;601.74;607.06;603.18;608.5;0.0;
s02e13;tbbt_s02e13_d47809;forward;603.42;609.02;604.86;610.46;0.0;
s02e13;tbbt_s02e13_d16301;forward;628.1;634.38;629.54;635.82;0.0;
s02e13;tbbt_s02e13_d16300;forward;639.22;646.35;640.66;647.79;0.0;
s02e13;tbbt_s02e13_d16304;forward;640.65;643.21;642.09;644.65;0.0;
s02e13;tbbt_s02e13_d16302;forward;651.48;664.03;652.92;665.47;0.0;
s02e13;tbbt_s02e13_d47853;forward;688.21;693.31;689.65;694.75;0.0;
s02e13;tbbt_s02e13_d47850;forward;688.51;692.11;689.95;693.55;0.0;
s02e13;tbbt_s02e13_d47851;forward;698.71;701.42;700.15;702.86;0.0;
s02e13;tbbt_s02e13_d47854;forward;699.61;711.62;701.05;713.06;0.0;
s02e13;tbbt_s02e13_d47852;forward;711.02;715.82;712.46;717.26;0.0;
s02e13;tbbt_s02e13_d47856;forward;726.64;734.32;728.08;735.76;0.0;
s02e13;tbbt_s02e13_d47857;forward;732.4;738.49;733.84;739.93;0.0;
s02e13;tbbt_s02e13_d47855;forward;743.29;749.69;744.73;751.13;0.0;
s02e13;tbbt_s02e13_d5810;forward;790.0;798.55;791.44;799.99;0.0;
s02e13;tbbt_s02e13_d5811;forward;799.69;804.83;801.13;806.27;0.0;
s02e13;tbbt_s02e13_d5813;forward;802.55;808.25;803.99;809.69;0.0;
s02e13;tbbt_s02e13_d5814;forward;820.51;830.77;821.95;832.21;0.0;
s02e13;tbbt_s02e13_d5812;forward;837.9;839.04;839.34;840.48;0.0;
s02e13;tbbt_s02e13_d5805;forward;847.0;851.65;848.44;853.09;0.0;
s02e13;tbbt_s02e13_d5806;forward;855.06;857.86;856.5;859.3;0.0;
s02e13;tbbt_s02e13_d5807;forward;903.45;905.62;904.89;907.06;0.0;
s02e13;tbbt_s02e13_d33248;forward;915.09;920.61;916.53;922.05;0.0;
s02e13;tbbt_s02e13_d33245;forward;915.38;920.02;916.82;921.46;0.0;
s02e13;tbbt_s02e13_d33246;forward;931.63;950.2;933.07;951.64;0.0;
s02e13;tbbt_s02e13_d33247;forward;950.49;951.94;951.93;953.38;0.0;
s02e13;tbbt_s02e13_d41865;forward;974.44;979.41;975.88;980.85;0.0;
s02e13;tbbt_s02e13_d41866;forward;995.84;998.01;997.28;999.45;0.0;
s02e13;tbbt_s02e13_d41867;forward;1021.9;1024.07;1023.34;1025.51;0.0;
s02e13;tbbt_s02e13_d5830;forward;1029.0;1038.44;1030.44;1039.88;0.0;
s02e13;tbbt_s02e13_d5831;forward;1037.26;1041.4;1038.7;1042.84;0.0;
s02e13;tbbt_s02e13_d5832;forward;1052.32;1058.51;1053.76;1059.95;0.0;
s02e13;tbbt_s02e13_d5825;forward;1095.5;1099.1;1096.94;1100.54;0.0;
s02e13;tbbt_s02e13_d5828;forward;1096.7;1102.11;1098.14;1103.55;0.0;
s02e13;tbbt_s02e13_d5826;forward;1121.01;1123.12;1122.45;1124.56;0.0;
s02e13;tbbt_s02e13_d5827;forward;1134.22;1137.22;1135.66;1138.66;0.0;
s02e13;tbbt_s02e13_d5829;forward;1136.32;1137.82;1137.76;1139.26;0.0;
s02e13;tbbt_s02e13_d5843;forward;1148.0;1170.02;1149.44;1171.46;0.0;
s02e13;tbbt_s02e13_d5840;forward;1150.79;1153.58;1152.23;1155.02;0.0;
s02e13;tbbt_s02e13_d5841;forward;1159.48;1168.78;1160.92;1170.22;0.0;
s02e13;tbbt_s02e13_d5842;forward;1186.77;1192.97;1188.21;1194.41;0.0;
s02e13;tbbt_s02e13_d5835;forward;1227.61;1230.01;1229.05;1231.45;0.0;
s02e13;tbbt_s02e13_d5836;forward;1234.21;1237.82;1235.65;1239.26;0.0;
s02e13;tbbt_s02e13_d5837;forward;1239.22;1248.62;1240.66;1250.06;0.0;
s02e13;tbbt_s02e13_d5839;forward;1240.22;1250.02;1241.66;1251.46;0.0;
s02e21;tbbt_s02e21_d38383;forward;1.58;43.81;1.58;43.81;0.0;
s02e21;tbbt_s02e21_d38382;forward;7.56;11.03;7.56;11.03;0.0;
s02e21;tbbt_s02e21_d38380;forward;44.75;48.53;44.75;48.53;0.0;
s02e21;tbbt_s02e21_d38384;forward;45.7;49.48;45.7;49.48;0.0;
s02e21;tbbt_s02e21_d38381;forward;49.16;52.95;49.16;52.95;0.0;
s02e21;tbbt_s02e21_d21710;forward;79.48;84.34;79.48;84.34;0.0;
s02e21;tbbt_s02e21_d21711;forward;92.17;97.58;92.17;97.58;0.0;
s02e21;tbbt_s02e21_d21713;forward;95.41;98.39;95.41;98.39;0.0;
s02e21;tbbt_s02e21_d21712;forward;109.46;111.89;109.46;111.89;0.0;
s02e21;tbbt_s02e21_d66270;forward;141.83;151.29;143.52;152.98;1.69;shifted
s02e21;tbbt_s02e21_d66271;forward;157.09;164.41;158.78;166.1;0.0;
s02e21;tbbt_s02e21_d66272;forward;164.72;174.18;166.41;175.87;0.0;
s02e21;tbbt_s02e21_d66274;forward;175.4;178.45;177.09;180.14;0.0;
s02e21;tbbt_s02e21_d66280;forward;267.8;270.85;269.49;272.54;0.0;
s02e21;tbbt_s02e21_d66281;forward;272.99;277.26;274.68;278.95;0.0;
s02e21;tbbt_s02e21_d66282;forward;303.19;306.86;304.88;308.55;0.0;
s02e21;tbbt_s02e21_d66275;forward;323.0;329.38;324.69;331.07;0.0;
s02e21;tbbt_s02e21_d66278;forward;324.45;327.35;326.14;329.04;0.0;
s02e21;tbbt_s02e21_d66276;forward;352.3;361.59;353.99;363.28;0.0;
s02e21;tbbt_s02e21_d66279;forward;353.75;358.11;355.44;359.8;0.0;
s02e21;tbbt_s02e21_d66277;forward;375.22;380.73;376.91;382.42;0.0;
s02e21;tbbt_s02e21_d87538;forward;381.0;391.2;382.69;392.89;0.0;
s02e21;tbbt_s02e21_d87535;forward;388.8;391.2;390.49;392.89;0.0;
s02e21;tbbt_s02e21_d87536;forward;412.81;424.22;414.5;425.91;0.0;
s02e21;tbbt_s02e21_d87537;forward;425.42;429.32;427.11;431.01;0.0;
s02e21;tbbt_s02e21_d87539;forward;427.22;438.93;428.91;440.62;0.0;
s02e21;tbbt_s02e21_d66245;forward;442.24;453.41;443.93;455.1;0.0;
s02e21;tbbt_s02e21_d66248;forward;454.65;472.32;456.34;473.69;0.0;trimmed
s02e21;tbbt_s02e21_d66246;forward;473.26;476.98;475.04;478.76;0.09;shifted
s02e21;tbbt_s02e21_d66247;forward;484.73;487.21;486.51;488.99;0.0;
s02e21;tbbt_s02e21_d88800;forward;519.25;523.02;521.03;524.8;0.0;
s02e21;tbbt_s02e21_d88803;forward;522.15;525.05;523.93;526.83;0.0;
s02e21;tbbt_s02e21_d88801;forward;536.36;541.59;538.14;543.37;0.0;
s02e21;tbbt_s02e21_d88802;forward;545.36;547.68;547.14;549.46;0.0;
s02e21;tbbt_s02e21_d88804;forward;553.77;555.8;555.55;557.58;0.0;
s02e21;tbbt_s02e21_d87540;forward;561.0;564.66;562.78;566.44;0.0;
s02e21;tbbt_s02e21_d87544;forward;564.66;571.37;566.44;573.15;0.0;
s02e21;tbbt_s02e21_d87541;forward;570.15;575.95;571.93;577.73;0.0;
s02e21;tbbt_s02e21_d87542;forward;617.45;620.81;619.23;622.59;0.0;
s02e21;tbbt_s02e21_d66290;forward;629.63;631.76;631.41;633.54;0.0;
s02e21;tbbt_s02e21_d66294;forward;651.6;654.65;653.38;656.43;0.0;
s02e21;tbbt_s02e21_d66291;forward;653.12;654.65;654.9;656.43;0.0;
s02e21;tbbt_s02e21_d66292;forward;672.35;678.76;674.13;680.54;0.0;
s02e21;tbbt_s02e21_d7826;forward;747.0;771.27;748.78;773.05;0.0;
s02e21;tbbt_s02e21_d7825;forward;772.53;799.31;774.42;801.2;0.11;shifted
s02e21;tbbt_s02e21_d7827;forward;773.47;778.83;775.36;780.72;0.0;
s02e21;tbbt_s02e21_d7945;forward;810.0;814.68;811.89;816.57;0.0;
s02e21;tbbt_s02e21_d7948;forward;810.0;854.48;811.89;855.92;0.0;trimmed
s02e21;tbbt_s02e21_d7946;forward;827.43;831.33;829.32;833.22;0.0;
s02e21;tbbt_s02e21_d7949;forward;855.78;862.02;857.67;863.91;0.0;
s02e21;tbbt_s02e21_d7947;forward;857.34;860.46;859.23;862.35;0.0;
s02e21;tbbt_s02e21_d21695;forward;877.13;879.65;879.02;881.54;0.0;
s02e21;tbbt_s02e21_d21698;forward;878.7;881.22;880.59;883.11;0.0;
s02e21;tbbt_s02e21_d21696;forward;879.96;882.17;881.85;884.06;0.0;
s02e21;tbbt_s02e21_d21697;forward;887.84;889.73;889.73;891.62;0.0;
s02e21;tbbt_s02e21_d7728;forward;938.07;942.09;939.96;943.98;0.0;
s02e21;tbbt_s02e21_d7725;forward;939.41;942.09;941.3;943.98;0.0;
s02e21;tbbt_s02e21_d7726;forward;983.65;984.99;985.54;986.88;0.0;
s02e21;tbbt_s02e21_d7727;forward;985.32;992.02;987.21;993.91;0.0;
s02e21;tbbt_s02e21_d97625;forward;992.26;998.5;994.15;1000.39;0.0;
s02e21;tbbt_s02e21_d97626;forward;1003.18;1007.35;1005.07;1009.24;0.0;
s02e21;tbbt_s02e21_d97627;forward;1034.14;1037.26;1036.03;1039.15;0.0;
s02e21;tbbt_s02e21_d21731;forward;1044.0;1047.97;1045.89;1049.86;0.0;
s02e21;tbbt_s02e21_d21732;forward;1052.85;1066.58;1054.74;1067.3;0.0;trimmed
s02e21;tbbt_s02e21_d21730;forward;1095.26;1105.03;1097.15;1106.92;0.0;
s02e21;tbbt_s02e21_d38435;forward;1107.07;1109.72;1108.96;1111.61;0.0;
s02e21;tbbt_s02e21_d38436;forward;1150.15;1152.22;1152.04;1154.11;0.0;
s02e21;tbbt_s02e21_d38437;forward;1154.29;1157.83;1156.18;1159.72;0.0;
s02e21;tbbt_s02e21_d38462;forward;1170.79;1173.74;1172.68;1175.63;0.0;
s02e21;tbbt_s02e21_d38460;forward;1171.67;1175.81;1173.56;1177.7;0.0;
s02e21;tbbt_s02e21_d38463;forward;1179.64;1182.59;1181.53;1184.48;0.0;
s02e21;tbbt_s02e21_d38461;forward;1180.82;1182.89;1182.71;1184.78;0.0;
s02e21;tbbt_s02e21_d38265;forward;1237.07;1238.97;1238.96;1240.86;0.0;
s02e21;tbbt_s02e21_d38266;forward;1240.49;1243.53;1242.38;1245.42;0.0;
s02e21;tbbt_s02e21_d38269;forward;1243.15;1248.29;1245.04;1250.18;0.0;
s02e21;tbbt_s02e21_d38267;forward;1244.29;1248.29;1246.18;1250.18;0.0;
s03e02;tbbt_s03e02_d43325;forward;63.0;73.08;63.0;73.08;0.0;
s03e02;tbbt_s03e02_d43326;forward;89.29;93.97;89.29;93.97;0.0;
s03e02;tbbt_s03e02_d43327;forward;121.34;127.46;121.34;127.46;0.0;
s03e02;tbbt_s03e02_d73185;forward;163.73;168.14;163.73;168.14;0.0;
s03e02;tbbt_s03e02_d73187;forward;175.7;176.65;175.7;176.65;0.0;
s03e02;tbbt_s03e02_d73186;forward;197.13;199.65;197.13;199.65;0.0;
s03e02;tbbt_s03e02_d73165;forward;228.2;234.99;228.2;234.99;0.0;
s03e02;tbbt_s03e02_d73167;forward;243.54;246.79;243.54;246.79;0.0;
s03e02;tbbt_s03e02_d73169;forward;270.4;273.35;270.4;273.35;0.0;
s03e02;tbbt_s03e02_d73166;forward;270.99;273.35;270.99;273.35;0.0;
s03e02;tbbt_s03e02_d27755;forward;282.18;285.43;282.18;285.43;0.0;
s03e02;tbbt_s03e02_d27758;forward;308.45;314.94;308.45;314.94;0.0;
s03e02;tbbt_s03e02_d27756;forward;310.22;315.83;310.22;315.83;0.0;
s03e02;tbbt_s03e02_d27759;forward;319.66;323.79;319.66;323.79;0.0;
s03e02;tbbt_s03e02_d27757;forward;321.73;332.65;321.73;332.65;0.0;
s03e02;tbbt_s03e02_d27750;forward;355.56;357.09;355.56;357.09;0.0;
s03e02;tbbt_s03e02_d27751;forward;363.8;365.94;363.8;365.94;0.0;
s03e02;tbbt_s03e02_d27753;forward;370.51;375.7;370.51;375.7;0.0;
s03e02;tbbt_s03e02_d27752;forward;371.73;378.45;371.73;378.45;0.0;
s03e02;tbbt_s03e02_d27754;forward;397.37;401.03;397.37;401.03;0.0;
s03e02;tbbt_s03e02_d27745;forward;408.93;414.12;408.93;414.12;0.0;
s03e02;tbbt_s03e02_d27746;forward;422.66;427.55;422.66;427.55;0.0;
s03e02;tbbt_s03e02_d27747;forward;444.02;447.08;444.02;447.08;0.0;
s03e02;tbbt_s03e02_d73081;forward;489.61;491.71;489.61;491.71;0.0;
s03e02;tbbt_s03e02_d73080;forward;504.92;507.32;504.92;507.32;0.0;
s03e02;tbbt_s03e02_d73082;forward;518.43;522.03;518.43;522.03;0.0;
s03e02;tbbt_s03e02_d89805;forward;522.0;527.8;522.0;527.8;0.0;
s03e02;tbbt_s03e02_d89806;forward;529.93;533.9;529.93;533.9;0.0;
s03e02;tbbt_s03e02_d89809;forward;553.12;564.11;553.12;564.11;0.0;
s03e02;tbbt_s03e02_d89807;forward;554.34;562.89;554.34;562.89;0.0;
s03e02;tbbt_s03e02_d27730;forward;592.0;597.11;592.0;597.11;0.0;
s03e02;tbbt_s03e02_d27731;forward;606.71;612.41;606.71;612.41;0.0;
s03e02;tbbt_s03e02_d27732;forward;633.42;638.83;633.42;638.83;0.0;
s03e02;tbbt_s03e02_d34348;forward;643.0;646.19;643.0;646.19;0.0;
s03e02;tbbt_s03e02_d34345;forward;645.32;647.35;645.32;647.35;0.0;
s03e02;tbbt_s03e02_d34346;forward;662.44;664.76;662.44;664.76;0.0;
s03e02;tbbt_s03e02_d34347;forward;686.81;689.13;686.81;689.13;0.0;
s03e02;tbbt_s03e02_d73055;forward;705.2;706.7;705.59;707.09;0.39;shifted
s03e02;tbbt_s03e02_d73058;forward;705.2;707.9;705.59;708.29;0.0;
s03e02;tbbt_s03e02_d73056;forward;706.4;713.91;706.79;714.3;0.0;
s03e02;tbbt_s03e02_d73057;forward;723.51;731.01;723.9;731.4;0.0;
s03e02;tbbt_s03e02_d73059;forward;753.22;755.32;753.61;755.71;0.0;
s03e02;tbbt_s03e02_d88925;forward;761.0;764.72;761.39;765.11;0.0;
s03e02;tbbt_s03e02_d88928;forward;761.0;765.03;761.39;765.42;0.0;
s03e02;tbbt_s03e02_d88926;forward;774.96;779.3;775.35;779.69;0.0;
s03e02;tbbt_s03e02_d88929;forward;783.95;785.19;784.34;785.58;0.0;
s03e02;tbbt_s03e02_d88927;forward;815.28;819.93;815.67;820.32;0.0;
s03e02;tbbt_s03e02_d63697;forward;832.57;834.02;832.96;834.41;0.0;
s03e02;tbbt_s03e02_d63699;forward;843.31;846.21;843.7;846.6;0.0;
s03e02;tbbt_s03e02_d63695;forward;844.18;845.92;844.57;846.31;0.0;
s03e02;tbbt_s03e02_d63696;forward;845.92;847.08;846.31;847.47;0.0;
s03e02;tbbt_s03e02_d63708;forward;906.12;910.15;906.51;910.54;0.0;
s03e02;tbbt_s03e02_d63705;forward;906.74;909.53;907.13;909.92;0.0;
s03e02;tbbt_s03e02_d63706;forward;909.22;917.29;909.61;917.68;0.0;
s03e02;tbbt_s03e02_d63707;forward;937.14;943.03;937.53;943.42;0.0;
s03e02;tbbt_s03e02_d69007;forward;943.0;947.5;943.39;947.89;0.0;
s03e02;tbbt_s03e02_d69006;forward;956.51;963.71;956.9;964.1;0.0;
s03e02;tbbt_s03e02_d69008;forward;970.91;973.61;971.3;974.0;0.0;
s03e02;tbbt_s03e02_d69005;forward;971.21;980.52;971.6;980.91;0.0;
s03e02;tbbt_s03e02_d69009;forward;980.22;981.12;980.61;981.51;0.0;
s03e02;tbbt_s03e02_d88918;forward;1005.0;1017.83;1005.39;1018.22;0.0;
s03e02;tbbt_s03e02_d88915;forward;1038.07;1039.21;1038.46;1039.6;0.0;
s03e02;tbbt_s03e02_d88916;forward;1043.49;1045.77;1043.88;1046.16;0.0;
s03e02;tbbt_s03e02_d88917;forward;1054.04;1056.6;1054.43;1056.99;0.0;
s03e02;tbbt_s03e02_d88919;forward;1057.74;1059.17;1058.67;1060.1;0.54;shifted
s03e02;tbbt_s03e02_d68975;forward;1062.75;1068.54;1063.68;1069.47;0.0;
s03e02;tbbt_s03e02_d68977;forward;1074.65;1114.31;1075.58;1115.24;0.0;
s03e02;tbbt_s03e02_d68976;forward;1081.66;1090.51;1082.59;1091.44;0.0;
s03e02;tbbt_s03e02_d79560;forward;1145.11;1147.24;1146.04;1148.17;0.0;
s03e02;tbbt_s03e02_d79561;forward;1149.07;1151.82;1150.0;1152.75;0.0;
s03e02;tbbt_s03e02_d79563;forward;1149.07;1152.73;1150.0;1153.66;0.0;
s03e02;tbbt_s03e02_d79562;forward;1159.14;1164.94;1160.07;1165.87;0.0;
s03e02;tbbt_s03e02_d79564;forward;1160.06;1164.33;1160.99;1165.26;0.0;
s03e02;tbbt_s03e02_d68988;forward;1182.0;1184.59;1182.93;1185.52;0.0;
s03e02;tbbt_s03e02_d68987;forward;1197.55;1207.91;1198.48;1208.84;0.0;
s03e02;tbbt_s03e02_d68986;forward;1212.35;1216.05;1213.28;1216.98;0.0;
s03e02;tbbt_s03e02_d68989;forward;1240.85;1248.62;1241.78;1249.55;0.0;
s03e02;tbbt_s03e02_d68985;forward;1245.29;1256.02;1246.22;1256.95;0.0;
s03e15;tbbt_s03e15_d49030;forward;3.15;18.28;3.42;18.55;0.27;shifted
s03e15;tbbt_s03e15_d49033;forward;3.47;8.82;3.74;9.09;0.0;
s03e15;tbbt_s03e15_d49032;forward;36.56;40.97;36.83;41.24;0.0;
s03e15;tbbt_s03e15_d49031;forward;37.82;41.6;38.09;41.87;0.0;
s03e15;tbbt_s03e15_d49034;forward;42.86;45.38;43.13;45.65;0.0;
s03e15;tbbt_s03e15_d49035;forward;63.0;66.0;63.27;66.27;0.0;
s03e15;tbbt_s03e15_d49037;forward;77.41;87.31;77.68;87.58;0.0;
s03e15;tbbt_s03e15_d49036;forward;95.41;105.02;95.68;105.29;0.0;
s03e15;tbbt_s03e15_d48709;forward;128.61;136.87;128.88;137.14;0.0;
s03e15;tbbt_s03e15_d48705;forward;171.53;176.16;171.8;176.43;0.0;
s03e15;tbbt_s03e15_d48708;forward;175.83;179.79;176.1;180.06;0.0;
s03e15;tbbt_s03e15_d48706;forward;177.48;178.8;177.75;179.07;0.0;
s03e15;tbbt_s03e15_d48707;forward;184.41;186.06;184.68;186.33;0.0;
s03e15;tbbt_s03e15_d62365;forward;218.19;226.12;218.46;226.39;0.0;
s03e15;tbbt_s03e15_d62366;forward;229.17;232.83;229.44;233.1;0.0;
s03e15;tbbt_s03e15_d62367;forward;270.37;274.03;270.64;274.3;0.0;
s03e15;tbbt_s03e15_d82970;forward;279.4;292.31;279.67;292.58;0.0;
s03e15;tbbt_s03e15_d82972;forward;292.91;298.31;293.18;298.58;0.0;
s03e15;tbbt_s03e15_d82971;forward;318.12;323.22;318.39;323.49;0.0;
s03e15;tbbt_s03e15_d82965;forward;362.22;373.7;362.49;373.97;0.0;
s03e15;tbbt_s03e15_d82966;forward;374.32;378.35;374.59;378.62;0.0;
s03e15;tbbt_s03e15_d82969;forward;374.63;377.11;374.9;377.38;0.0;
s03e15;tbbt_s03e15_d82967;forward;375.87;396.03;376.14;396.3;0.0;
s03e15;tbbt_s03e15_d82963;forward;400.43;402.49;400.7;402.76;0.0;
s03e15;tbbt_s03e15_d82960;forward;401.61;404.56;401.88;404.83;0.0;
s03e15;tbbt_s03e15_d82961;forward;435.55;445.29;435.82;445.56;0.0;
s03e15;tbbt_s03e15_d82964;forward;442.63;446.76;442.9;447.03;0.0;
s03e15;tbbt_s03e15_d82962;forward;447.94;453.85;448.21;454.12;0.0;
s03e15;tbbt_s03e15_d70910;forward;455.0;461.93;455.27;462.2;0.0;
s03e15;tbbt_s03e15_d70911;forward;464.45;470.44;464.72;470.71;0.0;
s03e15;tbbt_s03e15_d70912;forward;501.33;518.03;502.14;518.84;0.54;shifted
s03e15;tbbt_s03e15_d82950;forward;518.0;528.08;518.81;528.89;0.0;
s03e15;tbbt_s03e15_d82951;forward;528.08;532.01;528.89;532.82;0.0;
s03e15;tbbt_s03e15_d82952;forward;567.86;574.02;568.67;574.83;0.0;
s03e15;tbbt_s03e15_d62310;forward;574.0;578.58;574.81;579.39;0.0;
s03e15;tbbt_s03e15_d62311;forward;582.85;587.12;583.66;587.93;0.0;
s03e15;tbbt_s03e15_d62312;forward;597.8;601.77;598.61;602.58;0.0;
s03e15;tbbt_s03e15_d62314;forward;613.67;619.47;614.48;620.28;0.0;
s03e15;tbbt_s03e15_d62300;forward;635.0;649.41;635.81;650.22;0.0;
s03e15;tbbt_s03e15_d62301;forward;654.51;661.41;655.32;662.22;0.0;
s03e15;tbbt_s03e15_d62304;forward;655.11;661.41;655.92;662.22;0.0;
s03e15;tbbt_s03e15_d62302;forward;670.12;680.32;670.93;681.13;0.0;
s03e15;tbbt_s03e15_d70615;forward;695.0;698.47;695.81;699.28;0.0;
s03e15;tbbt_s03e15_d70618;forward;695.0;699.41;695.81;700.22;0.0;
s03e15;tbbt_s03e15_d70616;forward;725.57;729.35;726.38;730.16;0.0;
s03e15;tbbt_s03e15_d70619;forward;737.55;739.44;738.36;740.25;0.0;
s03e15;tbbt_s03e15_d70617;forward;743.85;748.26;744.66;749.07;0.0;
s03e15;tbbt_s03e15_d62275;forward;785.27;787.88;786.08;788.69;0.0;
s03e15;tbbt_s03e15_d62278;forward;785.56;790.2;786.37;791.01;0.0;
s03e15;tbbt_s03e15_d62276;forward;795.14;796.01;795.95;796.82;0.0;
s03e15;tbbt_s03e15_d62277;forward;799.49;800.94;800.3;801.75;0.0;
s03e15;tbbt_s03e15_d37865;forward;816.0;859.52;816.81;860.33;0.0;
s03e15;tbbt_s03e15_d37866;forward;855.46;858.36;856.27;859.17;0.0;
s03e15;tbbt_s03e15_d37869;forward;860.68;864.16;861.49;864.97;0.0;
s03e15;tbbt_s03e15_d37867;forward;861.55;865.32;862.36;866.13;0.0;
s03e15;tbbt_s03e15_d53173;forward;874.0;877.66;874.81;878.47;0.0;
s03e15;tbbt_s03e15_d53170;forward;875.83;883.46;876.64;884.27;0.0;
s03e15;tbbt_s03e15_d53171;forward;900.85;913.67;901.66;914.48;0.0;
s03e15;tbbt_s03e15_d53172;forward;920.69;935.03;921.5;935.84;0.0;
s03e15;tbbt_s03e15_d53185;forward;940.49;942.93;941.3;943.74;0.0;
s03e15;tbbt_s03e15_d53186;forward;950.87;953.92;951.68;954.73;0.0;
s03e15;tbbt_s03e15_d53187;forward;974.67;978.64;975.48;979.45;0.0;
s03e15;tbbt_s03e15_d53205;forward;1016.07;1021.09;1016.88;1021.9;0.0;
s03e15;tbbt_s03e15_d53207;forward;1020.79;1025.22;1021.6;1025.49;0.0;trimmed
s03e15;tbbt_s03e15_d53206;forward;1045.88;1052.96;1046.69;1053.77;0.0;
s03e15;tbbt_s03e15_d95208;forward;1055.0;1074.48;1055.81;1075.29;0.0;
s03e15;tbbt_s03e15_d95207;forward;1059.72;1061.79;1060.53;1062.6;0.0;
s03e15;tbbt_s03e15_d95206;forward;1068.58;1075.66;1069.39;1075.52;0.0;trimmed
s03e15;tbbt_s03e15_d95209;forward;1078.02;1080.68;1078.83;1081.49;0.0;
s03e15;tbbt_s03e15_d95205;forward;1093.96;1114.03;1094.77;1114.84;0.0;
s03e15;tbbt_s03e15_d53115;forward;1114.0;1120.9;1114.81;1121.23;0.0;trimmed
s03e15;tbbt_s03e15_d53116;forward;1122.7;1133.21;1123.51;1134.02;0.0;
s03e15;tbbt_s03e15_d53119;forward;1139.51;1144.31;1140.32;1145.12;0.0;
s03e15;tbbt_s03e15_d53117;forward;1160.82;1171.03;1161.63;1171.84;0.0;
s03e15;tbbt_s03e15_d37855;forward;1174.0;1180.75;1174.81;1181.56;0.0;
s03e15;tbbt_s03e15_d37858;forward;1178.88;1183.0;1179.69;1183.81;0.0;
s03e15;tbbt_s03e15_d37856;forward;1183.38;1190.13;1184.19;1190.94;0.0;
s03e15;tbbt_s03e15_d37857;forward;1226.89;1232.52;1227.7;1233.33;0.0;
s03e15;tbbt_s03e15_d37859;forward;1226.89;1234.02;1227.7;1234.83;0.0;
s03e19;tbbt_s03e19_d54440;forward;3.12;12.02;3.39;12.29;0.27;shifted
s03e19;tbbt_s03e19_d54443;forward;40.95;46.74;41.22;47.01;0.0;
s03e19;tbbt_s03e19_d54441;forward;41.4;46.74;41.67;47.01;0.0;
s03e19;tbbt_s03e19_d54442;forward;55.19;65.88;55.46;66.15;0.0;
s03e19;tbbt_s03e19_d54444;forward;81.01;83.68;81.28;83.95;0.0;
s03e19;tbbt_s03e19_d96735;forward;120.41;124.37;120.68;124.64;0.0;
s03e19;tbbt_s03e19_d96738;forward;127.73;129.56;128.0;129.83;0.0;
s03e19;tbbt_s03e19_d96736;forward;128.34;136.28;128.61;136.55;0.0;
s03e19;tbbt_s03e19_d96739;forward;134.14;137.8;134.41;138.07;0.0;
s03e19;tbbt_s03e19_d96737;forward;153.06;160.38;153.33;160.65;0.0;
s03e19;tbbt_s03e19_d19955;forward;186.41;191.21;186.68;191.48;0.0;
s03e19;tbbt_s03e19_d19958;forward;188.51;191.81;188.78;191.79;0.0;trimmed
s03e19;tbbt_s03e19_d19956;forward;193.01;195.11;193.28;195.38;0.0;
s03e19;tbbt_s03e19_d19957;forward;216.12;218.52;216.39;218.79;0.0;
s03e19;tbbt_s03e19_d19959;forward;216.42;218.52;216.69;218.79;0.0;
s03e19;tbbt_s03e19_d19953;forward;235.0;237.52;235.27;237.79;0.0;
s03e19;tbbt_s03e19_d19951;forward;256.43;260.21;256.7;260.48;0.0;
s03e19;tbbt_s03e19_d19950;forward;272.82;276.91;273.09;277.18;0.0;
s03e19;tbbt_s03e19_d19952;forward;296.45;298.03;296.72;298.3;0.0;
s03e19;tbbt_s03e19_d28637;forward;301.99;303.99;302.26;304.26;0.0;
s03e19;tbbt_s03e19_d28639;forward;339.34;346.76;339.61;347.03;0.0;
s03e19;tbbt_s03e19_d28635;forward;343.9;345.62;344.17;345.89;0.0;
s03e19;tbbt_s03e19_d28636;forward;352.46;355.02;352.73;355.29;0.0;
s03e19;tbbt_s03e19_d28795;forward;355.0;364.0;355.27;364.27;0.0;
s03e19;tbbt_s03e19_d28798;forward;355.0;358.9;355.27;359.17;0.0;
s03e19;tbbt_s03e19_d28796;forward;385.91;398.22;386.18;398.49;0.0;
s03e19;tbbt_s03e19_d28797;forward;406.02;415.03;406.29;415.3;0.0;
s03e19;tbbt_s03e19_d28799;forward;407.22;415.03;407.49;415.3;0.0;
s03e19;tbbt_s03e19_d19970;forward;415.0;420.58;415.27;420.85;0.0;
s03e19;tbbt_s03e19_d19973;forward;417.48;421.2;417.75;421.47;0.0;
s03e19;tbbt_s03e19_d19971;forward;424.92;428.65;425.19;428.92;0.0;
s03e19;tbbt_s03e19_d19974;forward;441.36;451.29;441.63;451.56;0.0;
s03e19;tbbt_s03e19_d19972;forward;457.49;460.9;457.76;461.17;0.0;
s03e19;tbbt_s03e19_d19965;forward;485.56;488.21;485.83;488.48;0.0;
s03e19;tbbt_s03e19_d19969;forward;525.11;529.83;525.38;530.1;0.0;
s03e19;tbbt_s03e19_d19966;forward;525.7;527.47;525.97;527.74;0.0;
s03e19;tbbt_s03e19_d19967;forward;529.24;530.71;529.51;530.98;0.0;
s03e19;tbbt_s03e19_d19963;forward;536.0;550.65;536.27;550.92;0.0;
s03e19;tbbt_s03e19_d19960;forward;561.33;565.29;561.6;565.56;0.0;
s03e19;tbbt_s03e19_d19961;forward;567.43;570.79;567.7;571.06;0.0;
s03e19;tbbt_s03e19_d19962;forward;572.92;586.35;573.19;586.62;0.0;
s03e19;tbbt_s03e19_d26760;forward;614.71;616.48;614.98;616.75;0.0;
s03e19;tbbt_s03e19_d26761;forward;633.3;640.09;633.57;640.36;0.0;
s03e19;tbbt_s03e19_d26762;forward;643.63;645.11;643.9;645.38;0.0;
s03e19;tbbt_s03e19_d28540;forward;665.6;671.01;665.87;671.28;0.0;
s03e19;tbbt_s03e19_d28541;forward;672.21;675.21;672.48;675.48;0.0;
s03e19;tbbt_s03e19_d28543;forward;672.21;675.51;672.48;675.78;0.0;
s03e19;tbbt_s03e19_d28544;forward;704.62;707.02;704.89;707.29;0.0;
s03e19;tbbt_s03e19_d28542;forward;707.02;711.52;707.29;711.79;0.0;
s03e19;tbbt_s03e19_d61515;forward;716.0;719.66;716.27;719.93;0.0;
s03e19;tbbt_s03e19_d61517;forward;740.41;742.55;740.68;742.45;0.0;trimmed
s03e19;tbbt_s03e19_d61516;forward;744.38;777.03;744.65;777.3;0.0;
s03e19;tbbt_s03e19_d61520;forward;785.56;800.02;785.83;800.29;0.0;
s03e19;tbbt_s03e19_d61523;forward;799.72;805.63;799.99;805.9;0.0;
s03e19;tbbt_s03e19_d61521;forward;800.02;805.04;800.29;805.31;0.0;
s03e19;tbbt_s03e19_d61524;forward;811.53;816.84;811.8;817.11;0.0;
s03e19;tbbt_s03e19_d61522;forward;813.01;817.14;813.28;817.41;0.0;
s03e19;tbbt_s03e19_d61526;forward;842.3;844.1;842.57;844.37;0.0;
s03e19;tbbt_s03e19_d61525;forward;872.02;875.32;872.29;875.59;0.0;
s03e19;tbbt_s03e19_d61527;forward;872.32;876.22;872.59;876.49;0.0;
s03e19;tbbt_s03e19_d78580;forward;983.27;985.33;983.54;985.28;0.0;trimmed
s03e19;tbbt_s03e19_d78581;forward;986.51;988.58;986.78;988.85;0.0;
s03e19;tbbt_s03e19_d78582;forward;1004.52;1007.76;1004.79;1008.03;0.0;
s03e19;tbbt_s03e19_d53935;forward;1044.81;1047.81;1045.08;1048.08;0.0;
s03e19;tbbt_s03e19_d53938;forward;1045.71;1048.11;1045.98;1048.38;0.0;
s03e19;tbbt_s03e19_d53936;forward;1049.92;1052.62;1050.19;1052.89;0.0;
s03e19;tbbt_s03e19_d53939;forward;1050.52;1052.32;1050.79;1052.59;0.0;
s03e19;tbbt_s03e19_d53937;forward;1058.92;1060.72;1059.19;1060.99;0.0;
s03e19;tbbt_s03e19_d61545;forward;1095.51;1097.61;1095.78;1097.88;0.0;
s03e19;tbbt_s03e19_d61546;forward;1115.02;1118.32;1115.29;1118.59;0.0;
s03e19;tbbt_s03e19_d61547;forward;1128.22;1130.92;1128.49;1131.19;0.0;
s03e19;tbbt_s03e19_d61553;forward;1138.33;1141.58;1138.6;1141.85;0.0;
s03e19;tbbt_s03e19_d61550;forward;1143.44;1229.03;1143.71;1229.3;0.0;spans_mask
s03e19;tbbt_s03e19_d61551;forward;1158.79;1164.84;1159.06;1165.11;0.0;
s03e19;tbbt_s03e19_d61552;forward;1214.14;1225.31;1214.41;1225.58;0.0;
s04e01;tbbt_s04e01_d13988;forward;4.24;23.47;4.24;23.47;0.0;
s04e01;tbbt_s04e01_d13985;forward;7.39;8.97;7.39;8.97;0.0;
s04e01;tbbt_s04e01_d13986;forward;18.42;20.0;18.42;20.0;0.0;
s04e01;tbbt_s04e01_d13987;forward;58.13;62.86;58.13;62.86;0.0;
s04e01;tbbt_s04e01_d80200;forward;62.93;67.67;62.93;67.67;0.0;
s04e01;tbbt_s04e01_d80203;forward;111.54;116.68;111.54;116.68;0.0;
s04e01;tbbt_s04e01_d80201;forward;112.72;116.68;112.72;116.68;0.0;
s04e01;tbbt_s04e01_d80202;forward;114.7;119.44;114.7;119.44;0.0;
s04e01;tbbt_s04e01_d80204;forward;133.67;139.6;133.67;139.6;0.0;
s04e01;tbbt_s04e01_d96750;forward;168.19;172.22;168.19;172.22;0.0;
s04e01;tbbt_s04e01_d96753;forward;171.91;181.53;171.91;181.53;0.0;
s04e01;tbbt_s04e01_d96751;forward;185.87;187.73;185.87;187.73;0.0;
s04e01;tbbt_s04e01_d96754;forward;187.11;193.62;187.11;193.62;0.0;
s04e01;tbbt_s04e01_d96752;forward;222.47;224.33;222.47;224.33;0.0;
s04e01;tbbt_s04e01_d62902;forward;224.12;226.19;224.12;226.19;0.0;
s04e01;tbbt_s04e01_d62901;forward;262.49;274.58;262.49;274.58;0.0;
s04e01;tbbt_s04e01_d62900;forward;271.63;283.14;271.63;283.14;0.0;
s04e01;tbbt_s04e01_d62913;forward;283.12;284.4;283.12;284.4;0.0;
s04e01;tbbt_s04e01_d62910;forward;287.6;289.84;287.6;289.84;0.0;
s04e01;tbbt_s04e01_d62914;forward;301.69;303.93;301.69;303.93;0.0;
s04e01;tbbt_s04e01_d62912;forward;303.29;306.81;303.29;306.81;0.0;
s04e01;tbbt_s04e01_d62911;forward;312.25;314.82;312.25;314.82;0.0;
s04e01;tbbt_s04e01_d62905;forward;357.14;364.43;357.14;364.43;0.0;
s04e01;tbbt_s04e01_d62906;forward;366.95;370.87;366.95;370.87;0.0;
s04e01;tbbt_s04e01_d62907;forward;382.64;385.44;382.64;385.44;0.0;
s04e01;tbbt_s04e01_d96742;forward;406.42;407.32;406.42;407.32;0.0;
s04e01;tbbt_s04e01_d96740;forward;408.52;413.62;408.85;413.95;0.33;shifted
s04e01;tbbt_s04e01_d96743;forward;409.12;414.53;409.45;414.86;0.0;
s04e01;tbbt_s04e01_d96741;forward;414.22;417.53;414.55;417.86;0.0;
s04e01;tbbt_s04e01_d62893;forward;463.12;491.93;463.45;492.26;0.0;
s04e01;tbbt_s04e01_d62890;forward;470.32;473.62;470.65;473.95;0.0;
s04e01;tbbt_s04e01_d62891;forward;491.03;492.53;491.36;492.48;0.0;trimmed
s04e01;tbbt_s04e01_d62892;forward;519.55;523.15;519.88;523.48;0.0;
s04e01;tbbt_s04e01_d96745;forward;523.25;525.69;523.58;525.9;0.0;trimmed
s04e01;tbbt_s04e01_d96748;forward;523.25;526.3;523.58;525.9;0.0;trimmed
s04e01;tbbt_s04e01_d96746;forward;532.4;534.54;532.73;534.87;0.0;
s04e01;tbbt_s04e01_d96747;forward;554.07;557.12;554.4;557.45;0.0;
s04e01;tbbt_s04e01_d62895;forward;584.46;604.72;584.79;603.8;0.0;trimmed
s04e01;tbbt_s04e01_d62896;forward;627.22;645.23;627.55;645.56;0.0;
s04e01;tbbt_s04e01_d62897;forward;648.23;659.48;648.56;659.81;0.0;
s04e01;tbbt_s04e01_d62925;forward;674.69;677.33;675.02;677.66;0.0;
s04e01;tbbt_s04e01_d62927;forward;674.91;695.38;675.24;695.71;0.0;
s04e01;tbbt_s04e01_d62926;forward;692.74;695.38;693.07;695.71;0.0;
s04e01;tbbt_s04e01_d62920;forward;709.05;711.49;709.38;711.82;0.0;
s04e01;tbbt_s04e01_d62921;forward;737.12;738.34;737.45;738.67;0.0;
s04e01;tbbt_s04e01_d62922;forward;763.67;764.28;764.0;764.61;0.0;
s04e01;tbbt_s04e01_d18110;forward;764.2;768.17;764.53;768.01;0.0;trimmed
s04e01;tbbt_s04e01_d18111;forward;805.09;806.61;805.42;806.94;0.0;
s04e01;tbbt_s04e01_d18112;forward;824.01;825.23;824.34;825.56;0.0;
s04e01;tbbt_s04e01_d18115;forward;825.13;838.12;825.46;838.45;0.0;
s04e01;tbbt_s04e01_d18118;forward;825.13;828.09;825.46;828.42;0.0;
s04e01;tbbt_s04e01_d18116;forward;839.6;853.17;839.93;853.5;0.0;
s04e01;tbbt_s04e01_d18117;forward;880.02;884.16;880.35;884.49;0.0;
s04e01;tbbt_s04e01_d18119;forward;880.62;884.16;880.95;884.49;0.0;
s04e01;tbbt_s04e01_d18100;forward;884.16;891.41;884.49;891.74;0.0;
s04e01;tbbt_s04e01_d18101;forward;905.91;915.99;906.24;916.32;0.0;
s04e01;tbbt_s04e01_d18102;forward;941.83;945.61;942.16;945.94;0.0;
s04e01;tbbt_s04e01_d18105;forward;948.82;950.22;949.15;950.55;0.0;
s04e01;tbbt_s04e01_d18106;forward;983.56;986.08;983.89;986.41;0.0;
s04e01;tbbt_s04e01_d18107;forward;999.8;1000.92;1000.13;1001.25;0.0;
s04e01;tbbt_s04e01_d18108;forward;999.8;1001.2;1000.13;1001.53;0.0;
s04e01;tbbt_s04e01_d96013;forward;1031.96;1035.56;1032.29;1035.89;0.0;
s04e01;tbbt_s04e01_d96010;forward;1032.86;1035.56;1033.19;1035.89;0.0;
s04e01;tbbt_s04e01_d96012;forward;1033.16;1035.56;1033.49;1035.89;0.0;
s04e01;tbbt_s04e01_d96011;forward;1050.87;1054.17;1051.2;1054.5;0.0;
s04e01;tbbt_s04e01_d96018;forward;1069.94;1072.38;1070.27;1072.44;0.0;trimmed
s04e01;tbbt_s04e01_d96015;forward;1075.44;1091.0;1075.77;1091.33;0.0;
s04e01;tbbt_s04e01_d96019;forward;1076.05;1083.98;1076.38;1084.31;0.0;
s04e01;tbbt_s04e01_d96016;forward;1092.52;1103.81;1092.85;1104.14;0.0;
s04e01;tbbt_s04e01_d96017;forward;1117.85;1124.26;1118.18;1124.59;0.0;
s04e01;tbbt_s04e01_d96020;forward;1124.09;1126.19;1124.42;1126.52;0.0;
s04e01;tbbt_s04e01_d96021;forward;1146.3;1149.9;1146.63;1150.23;0.0;
s04e01;tbbt_s04e01_d96024;forward;1168.21;1184.12;1168.54;1184.45;0.0;
s04e01;tbbt_s04e01_d96022;forward;1171.81;1175.41;1172.14;1175.74;0.0;
s04e01;tbbt_s04e01_d47090;forward;1183.93;1216.19;1184.26;1216.52;0.0;
s04e01;tbbt_s04e01_d47091;forward;1233.45;1243.57;1233.78;1243.9;0.0;
s04e01;tbbt_s04e01_d47092;forward;1246.57;1251.83;1246.9;1252.16;0.0;
s04e01;tbbt_s04e01_d47094;forward;1249.2;1258.95;1249.53;1259.28;0.0;
s04e05;tbbt_s04e05_d89472;forward;4.22;12.15;4.22;12.15;0.0;
s04e05;tbbt_s04e05_d89470;forward;17.03;20.69;17.03;20.69;0.0;
s04e05;tbbt_s04e05_d89471;forward;26.8;60.67;26.8;60.67;0.0;
s04e05;tbbt_s04e05_d89473;forward;34.73;36.26;34.73;36.26;0.0;
s04e05;tbbt_s04e05_d89474;forward;37.17;40.53;37.17;40.53;0.0;
s04e05;tbbt_s04e05_d70060;forward;83.26;84.7;83.26;84.7;0.0;
s04e05;tbbt_s04e05_d70061;forward;98.15;101.27;98.15;101.27;0.0;
s04e05;tbbt_s04e05_d70062;forward;102.48;108.72;102.48;108.29;0.0;trimmed
s04e05;tbbt_s04e05_d21110;forward;133.83;138.71;133.83;138.71;0.0;
s04e05;tbbt_s04e05_d21113;forward;133.83;173.8;133.83;173.8;0.0;
s04e05;tbbt_s04e05_d21111;forward;155.8;158.85;155.8;158.85;0.0;
s04e05;tbbt_s04e05_d21112;forward;164.95;190.28;164.95;190.28;0.0;
s04e05;tbbt_s04e05_d21114;forward;175.94;190.28;175.94;190.28;0.0;
s04e05;tbbt_s04e05_d75516;forward;197.71;208.08;197.71;208.08;0.0;
s04e05;tbbt_s04e05_d75515;forward;228.22;233.1;228.22;233.1;0.0;
s04e05;tbbt_s04e05_d75517;forward;234.33;235.55;234.33;235.55;0.0;
s04e05;tbbt_s04e05_d13250;forward;258.97;259.86;258.97;259.86;0.0;
s04e05;tbbt_s04e05_d13251;forward;270.78;276.68;270.78;276.68;0.0;
s04e05;tbbt_s04e05_d13252;forward;303.24;303.83;303.24;303.83;0.0;
s04e05;tbbt_s04e05_d13245;forward;309.7;337.01;309.7;337.01;0.0;
s04e05;tbbt_s04e05_d13249;forward;361.92;364.32;361.92;364.32;0.0;
s04e05;tbbt_s04e05_d13246;forward;362.52;365.53;362.52;365.53;0.0;
s04e05;tbbt_s04e05_d13247;forward;364.02;365.53;364.02;365.53;0.0;
s04e05;tbbt_s04e05_d75625;forward;372.44;375.5;372.44;375.5;0.0;
s04e05;tbbt_s04e05_d75628;forward;372.75;376.11;372.75;376.11;0.0;
s04e05;tbbt_s04e05_d75626;forward;377.32;380.69;377.32;380.69;0.0;
s04e05;tbbt_s04e05_d75629;forward;405.39;419.44;405.39;419.44;0.0;
s04e05;tbbt_s04e05_d75627;forward;409.98;418.21;409.98;418.21;0.0;
s04e05;tbbt_s04e05_d13255;forward;434.03;439.52;434.03;439.52;0.0;
s04e05;tbbt_s04e05_d13256;forward;443.18;446.84;443.18;446.84;0.0;
s04e05;tbbt_s04e05_d13258;forward;458.74;464.24;458.74;464.24;0.0;
s04e05;tbbt_s04e05_d13257;forward;474.0;488.34;474.0;488.34;0.0;
s04e05;tbbt_s04e05_d13259;forward;477.36;488.65;477.36;488.65;0.0;
s04e05;tbbt_s04e05_d21569;forward;503.22;507.29;503.22;507.29;0.0;
s04e05;tbbt_s04e05_d21565;forward;505.55;507.58;505.55;507.58;0.0;
s04e05;tbbt_s04e05_d21566;forward;513.96;518.6;513.96;518.6;0.0;
s04e05;tbbt_s04e05_d21567;forward;534.56;544.13;534.56;544.13;0.0;
s04e05;tbbt_s04e05_d13275;forward;659.36;661.13;659.36;661.13;0.0;
s04e05;tbbt_s04e05_d13276;forward;664.96;667.62;665.18;667.84;0.22;shifted
s04e05;tbbt_s04e05_d13277;forward;666.73;669.69;666.95;669.91;0.0;
s04e05;tbbt_s04e05_d13270;forward;669.54;673.01;669.76;673.23;0.0;
s04e05;tbbt_s04e05_d13273;forward;676.79;681.83;677.01;682.05;0.0;
s04e05;tbbt_s04e05_d13271;forward;678.05;681.2;678.27;681.42;0.0;
s04e05;tbbt_s04e05_d13272;forward;709.25;713.66;709.47;713.88;0.0;
s04e05;tbbt_s04e05_d55105;forward;743.58;746.2;743.8;746.42;0.0;
s04e05;tbbt_s04e05_d55108;forward;743.58;746.78;743.8;747.0;0.0;
s04e05;tbbt_s04e05_d55106;forward;763.02;767.96;763.24;768.18;0.0;
s04e05;tbbt_s04e05_d55107;forward;787.97;790.88;788.23;791.14;0.04;shifted
s04e05;tbbt_s04e05_d66685;forward;792.32;802.08;792.58;802.34;0.0;
s04e05;tbbt_s04e05_d66686;forward;818.56;821.91;818.82;822.17;0.0;
s04e05;tbbt_s04e05_d66689;forward;826.49;830.76;826.75;831.02;0.0;
s04e05;tbbt_s04e05_d66687;forward;830.46;831.98;830.72;832.24;0.0;
s04e05;tbbt_s04e05_d66656;forward;851.5;856.0;851.76;856.26;0.0;
s04e05;tbbt_s04e05_d66657;forward;856.9;859.3;857.16;859.56;0.0;
s04e05;tbbt_s04e05_d66658;forward;860.8;865.62;861.48;866.3;0.42;shifted
s04e05;tbbt_s04e05_d66655;forward;861.71;864.12;862.39;864.8;0.0;
s04e05;tbbt_s04e05_d87695;forward;915.72;927.23;916.4;927.91;0.0;
s04e05;tbbt_s04e05_d87697;forward;929.89;932.54;930.57;933.22;0.0;
s04e05;tbbt_s04e05_d87696;forward;936.68;940.51;937.36;941.19;0.0;spans_mask
s04e05;tbbt_s04e05_d87698;forward;937.56;939.33;938.24;939.81;0.0;trimmed
s04e05;tbbt_s04e05_d87699;forward;960.88;963.24;961.56;963.92;0.0;
s04e05;tbbt_s04e05_d55090;forward;971.84;972.74;972.52;973.42;0.0;
s04e05;tbbt_s04e05_d55093;forward;991.65;998.55;992.33;999.23;0.0;
s04e05;tbbt_s04e05_d55094;forward;1000.35;1006.06;1001.03;1006.74;0.0;
s04e05;tbbt_s04e05_d55091;forward;1002.45;1003.65;1003.13;1004.33;0.0;
s04e05;tbbt_s04e05_d55092;forward;1006.06;1007.56;1006.74;1008.24;0.0;
s04e05;tbbt_s04e05_d66635;forward;1030.63;1060.04;1031.31;1060.72;0.0;
s04e05;tbbt_s04e05_d66636;forward;1061.54;1066.65;1062.22;1067.31;0.0;trimmed
s04e05;tbbt_s04e05_d66637;forward;1080.15;1082.25;1080.83;1082.93;0.0;
s04e05;tbbt_s04e05_d55080;forward;1106.73;1111.31;1107.41;1111.99;0.0;
s04e05;tbbt_s04e05_d55083;forward;1108.56;1112.53;1109.24;1113.21;0.0;
s04e05;tbbt_s04e05_d55081;forward;1122.6;1129.01;1123.28;1129.69;0.0;
s04e05;tbbt_s04e05_d55082;forward;1138.47;1151.59;1139.15;1152.27;0.0;
s04e05;tbbt_s04e05_d55084;forward;1138.77;1151.59;1139.45;1152.27;0.0;
s04e05;tbbt_s04e05_d55085;forward;1152.25;1182.94;1152.93;1183.62;0.0;
s04e05;tbbt_s04e05_d55087;forward;1171.76;1172.8;1172.44;1173.48;0.0;
s04e05;tbbt_s04e05_d55086;forward;1183.2;1184.24;1183.88;1184.92;0.0;
s04e12;tbbt_s04e12_d48485;forward;3.58;35.01;3.58;35.01;0.0;
s04e12;tbbt_s04e12_d48487;forward;53.62;57.9;53.62;57.9;0.0;
s04e12;tbbt_s04e12_d48489;forward;55.15;56.98;55.15;56.98;0.0;
s04e12;tbbt_s04e12_d48486;forward;55.46;58.2;55.46;58.2;0.0;
s04e12;tbbt_s04e12_d90578;forward;67.35;71.93;67.35;71.93;0.0;
s04e12;tbbt_s04e12_d90575;forward;68.26;71.01;68.26;71.01;0.0;
s04e12;tbbt_s04e12_d90576;forward;80.77;83.52;80.77;83.52;0.0;
s04e12;tbbt_s04e12_d90579;forward;81.99;87.79;81.99;87.79;0.0;
s04e12;tbbt_s04e12_d90577;forward;119.22;121.97;119.22;121.97;0.0;
s04e12;tbbt_s04e12_d84010;forward;195.09;198.75;195.35;199.01;0.26;shifted
s04e12;tbbt_s04e12_d84011;forward;210.35;217.67;210.61;217.93;0.0;
s04e12;tbbt_s04e12_d84012;forward;233.23;236.29;233.49;236.55;0.0;
s04e12;tbbt_s04e12_d84005;forward;251.66;260.67;251.92;260.93;0.0;
s04e12;tbbt_s04e12_d84006;forward;264.27;266.07;264.53;266.33;0.0;
s04e12;tbbt_s04e12_d84007;forward;305.69;308.1;305.95;308.36;0.0;
s04e12;tbbt_s04e12_d68675;forward;311.88;316.68;312.14;316.94;0.0;
s04e12;tbbt_s04e12_d68678;forward;311.88;316.08;312.14;316.34;0.0;
s04e12;tbbt_s04e12_d68676;forward;318.48;323.29;318.74;323.55;0.0;
s04e12;tbbt_s04e12_d68677;forward;351.8;357.5;352.06;357.76;0.0;
s04e12;tbbt_s04e12_d68665;forward;371.54;374.54;371.8;374.8;0.0;
s04e12;tbbt_s04e12_d68666;forward;415.06;416.86;415.4;417.2;0.08;shifted
s04e12;tbbt_s04e12_d68667;forward;419.26;421.66;419.6;422.0;0.0;
s04e12;tbbt_s04e12_d68669;forward;429.17;431.57;429.51;431.91;0.0;
s04e12;tbbt_s04e12_d83990;forward;442.25;444.09;442.59;444.43;0.0;
s04e12;tbbt_s04e12_d83992;forward;458.12;460.26;458.46;460.6;0.0;
s04e12;tbbt_s04e12_d83994;forward;470.02;478.26;470.36;478.6;0.0;
s04e12;tbbt_s04e12_d83991;forward;475.52;478.26;475.86;478.6;0.0;
s04e12;tbbt_s04e12_d83985;forward;537.46;544.84;537.8;545.18;0.0;
s04e12;tbbt_s04e12_d83987;forward;538.65;540.12;538.99;540.46;0.0;
s04e12;tbbt_s04e12_d83986;forward;547.79;550.75;548.13;551.09;0.0;
s04e12;tbbt_s04e12_d68595;forward;553.49;558.21;553.83;558.55;0.0;
s04e12;tbbt_s04e12_d68598;forward;569.56;573.03;569.9;573.37;0.0;
s04e12;tbbt_s04e12_d68596;forward;570.82;574.6;571.16;574.94;0.0;
s04e12;tbbt_s04e12_d68597;forward;598.55;604.22;598.89;604.56;0.0;
s04e12;tbbt_s04e12_d68599;forward;598.87;604.54;599.21;604.88;0.0;
s04e12;tbbt_s04e12_d83998;forward;635.15;646.96;635.49;647.3;0.0;
s04e12;tbbt_s04e12_d83995;forward;636.04;639.58;636.38;639.92;0.0;
s04e12;tbbt_s04e12_d83996;forward;646.37;649.03;646.71;649.37;0.0;
s04e12;tbbt_s04e12_d83997;forward;652.86;673.82;653.21;674.17;0.01;shifted
s04e12;tbbt_s04e12_d84038;forward;688.64;691.34;688.99;691.69;0.0;
s04e12;tbbt_s04e12_d84035;forward;689.84;693.14;690.19;693.49;0.0;
s04e12;tbbt_s04e12_d84036;forward;709.35;712.95;709.7;713.3;0.0;
s04e12;tbbt_s04e12_d84037;forward;730.96;733.66;731.31;734.01;0.0;
s04e12;tbbt_s04e12_d84030;forward;733.81;736.71;734.16;737.06;0.0;
s04e12;tbbt_s04e12_d84033;forward;742.51;746.29;742.86;746.64;0.0;
s04e12;tbbt_s04e12_d84031;forward;743.09;748.61;743.44;748.96;0.0;
s04e12;tbbt_s04e12_d84034;forward;755.86;759.05;756.21;759.4;0.0;
s04e12;tbbt_s04e12_d84032;forward;757.89;760.5;758.24;760.85;0.0;
s04e12;tbbt_s04e12_d38730;forward;794.28;798.18;794.63;798.53;0.0;
s04e12;tbbt_s04e12_d38733;forward;796.68;798.49;797.03;798.84;0.0;
s04e12;tbbt_s04e12_d38732;forward;798.78;804.2;799.13;804.55;0.0;
s04e12;tbbt_s04e12_d38731;forward;811.7;824.29;812.05;824.64;0.0;
s04e12;tbbt_s04e12_d38735;forward;856.62;861.5;856.97;861.85;0.0;
s04e12;tbbt_s04e12_d38736;forward;877.98;886.83;878.33;887.15;0.0;trimmed
s04e12;tbbt_s04e12_d38737;forward;901.48;904.53;901.83;904.88;0.0;
s04e12;tbbt_s04e12_d38720;forward;931.31;935.74;931.66;936.09;0.0;
s04e12;tbbt_s04e12_d38721;forward;946.07;949.02;946.42;949.37;0.0;
s04e12;tbbt_s04e12_d38722;forward;964.37;967.91;964.72;968.26;0.0;
s04e12;tbbt_s04e12_d38725;forward;989.44;991.24;989.79;991.59;0.0;
s04e12;tbbt_s04e12_d38726;forward;1010.15;1014.65;1010.5;1015.0;0.0;
s04e12;tbbt_s04e12_d38729;forward;1011.95;1016.15;1012.3;1016.5;0.0;
s04e12;tbbt_s04e12_d38727;forward;1023.65;1027.56;1024.0;1027.91;0.0;
s04e12;tbbt_s04e12_d38750;forward;1044.39;1048.29;1044.74;1048.64;0.0;
s04e12;tbbt_s04e12_d38751;forward;1053.99;1056.99;1054.34;1057.34;0.0;
s04e12;tbbt_s04e12_d38752;forward;1059.09;1065.1;1059.44;1065.45;0.0;
s04e12;tbbt_s04e12_d38754;forward;1059.99;1063.89;1060.34;1064.24;0.0;
s04e12;tbbt_s04e12_d38758;forward;1091.4;1095.98;1091.75;1096.24;0.0;trimmed
s04e12;tbbt_s04e12_d38759;forward;1112.45;1118.86;1112.8;1119.21;0.0;
s04e12;tbbt_s04e12_d38755;forward;1113.06;1118.25;1113.41;1118.6;0.0;
s04e12;tbbt_s04e12_d38756;forward;1138.7;1140.22;1139.05;1140.57;0.0;
s04e12;tbbt_s04e12_d38757;forward;1147.55;1151.51;1147.9;1151.86;0.0;
s04e12;tbbt_s04e12_d38740;forward;1164.72;1168.27;1165.07;1168.62;0.0;
s04e12;tbbt_s04e12_d38741;forward;1191.59;1193.94;1191.94;1194.29;0.0;
s04e12;tbbt_s04e12_d38742;forward;1195.41;1205.15;1195.76;1205.5;0.0;
s04e12;tbbt_s04e12_d38745;forward;1217.21;1220.09;1217.56;1220.44;0.0;
s04e12;tbbt_s04e12_d38746;forward;1221.53;1223.7;1221.88;1224.05;0.0;
s04e12;tbbt_s04e12_d38747;forward;1227.3;1231.86;1227.65;1232.21;0.0;
s05e09;tbbt_s05e09_d1340;forward;3.97;5.19;3.97;5.19;0.0;
s05e09;tbbt_s05e09_d1341;forward;8.24;9.76;8.24;9.76;0.0;
s05e09;tbbt_s05e09_d1342;forward;10.68;61.03;10.68;61.03;0.0;
s05e09;tbbt_s05e09_d288;forward;61.0;65.88;61.0;65.88;0.0;
s05e09;tbbt_s05e09_d285;forward;64.0;70.0;64.0;70.0;0.0;
s05e09;tbbt_s05e09_d289;forward;67.38;70.38;67.38;70.38;0.0;
s05e09;tbbt_s05e09_d286;forward;77.13;81.63;77.13;81.63;0.0;
s05e09;tbbt_s05e09_d287;forward;122.52;127.4;122.52;127.4;0.0;
s05e09;tbbt_s05e09_d42300;forward;162.55;181.37;162.84;181.66;0.29;shifted
s05e09;tbbt_s05e09_d42303;forward;163.97;169.3;164.26;169.59;0.0;
s05e09;tbbt_s05e09_d42304;forward;182.79;188.12;183.08;188.41;0.0;
s05e09;tbbt_s05e09_d42302;forward;224.34;227.54;224.63;227.83;0.0;
s05e09;tbbt_s05e09_d42301;forward;228.6;230.02;228.89;230.31;0.0;
s05e09;tbbt_s05e09_d42305;forward;230.0;269.27;230.29;269.56;0.0;
s05e09;tbbt_s05e09_d42306;forward;269.52;270.77;269.81;271.06;0.0;
s05e09;tbbt_s05e09_d42307;forward;274.77;276.02;275.06;276.31;0.0;
s05e09;tbbt_s05e09_d42290;forward;285.8;289.46;286.09;289.75;0.0;
s05e09;tbbt_s05e09_d42293;forward;289.46;294.65;289.75;294.94;0.0;
s05e09;tbbt_s05e09_d42294;forward;296.17;301.66;296.46;301.95;0.0;
s05e09;tbbt_s05e09_d42291;forward;307.16;311.73;307.45;312.02;0.0;
s05e09;tbbt_s05e09_d42292;forward;328.52;332.48;328.81;332.77;0.0;
s05e09;tbbt_s05e09_d42295;forward;350.9;353.91;351.19;354.2;0.0;
s05e09;tbbt_s05e09_d42297;forward;362.91;365.91;363.2;366.2;0.0;
s05e09;tbbt_s05e09_d42296;forward;377.92;380.62;378.21;380.91;0.0;
s05e09;tbbt_s05e09_d42320;forward;407.0;409.7;407.29;409.99;0.0;
s05e09;tbbt_s05e09_d42321;forward;435.22;437.92;435.57;438.27;0.06;shifted
s05e09;tbbt_s05e09_d42322;forward;437.92;439.72;438.27;440.07;0.0;
s05e09;tbbt_s05e09_d97505;forward;467.79;470.74;468.14;471.09;0.0;
s05e09;tbbt_s05e09_d97506;forward;498.78;499.37;499.13;499.72;0.0;
s05e09;tbbt_s05e09_d97507;forward;513.24;517.07;513.59;517.42;0.0;
s05e09;tbbt_s05e09_d80032;forward;520.0;529.43;520.35;529.78;0.0;
s05e09;tbbt_s05e09_d80030;forward;530.73;531.71;531.08;532.06;0.0;
s05e09;tbbt_s05e09_d80033;forward;534.31;539.51;534.66;539.86;0.0;
s05e09;tbbt_s05e09_d80034;forward;549.59;554.47;549.94;554.82;0.0;
s05e09;tbbt_s05e09_d80031;forward;549.91;556.74;550.26;557.09;0.0;
s05e09;tbbt_s05e09_d42315;forward;590.5;594.35;590.85;594.7;0.0;
s05e09;tbbt_s05e09_d42318;forward;594.35;598.48;594.7;598.83;0.0;
s05e09;tbbt_s05e09_d42316;forward;611.41;615.54;611.76;615.89;0.0;
s05e09;tbbt_s05e09_d42317;forward;623.52;625.17;623.87;625.52;0.0;
s05e09;tbbt_s05e09_d79870;forward;640.0;643.36;640.35;643.71;0.0;
s05e09;tbbt_s05e09_d79873;forward;641.53;645.8;641.88;646.15;0.0;
s05e09;tbbt_s05e09_d79871;forward;651.9;656.78;652.25;657.13;0.0;
s05e09;tbbt_s05e09_d79874;forward;653.12;657.09;653.47;657.44;0.0;
s05e09;tbbt_s05e09_d79872;forward;665.94;675.09;666.29;675.44;0.0;
s05e09;tbbt_s05e09_d42277;forward;701.0;708.38;701.35;708.73;0.0;
s05e09;tbbt_s05e09_d42275;forward;708.38;711.03;708.73;711.38;0.0;
s05e09;tbbt_s05e09_d42276;forward;716.05;722.54;716.4;722.89;0.0;
s05e09;tbbt_s05e09_d291;forward;766.0;769.9;766.35;770.25;0.0;
s05e09;tbbt_s05e09_d292;forward;791.81;794.82;792.16;795.17;0.0;
s05e09;tbbt_s05e09_d290;forward;794.82;802.92;795.17;803.27;0.0;
s05e09;tbbt_s05e09_d1325;forward;831.79;841.71;832.14;842.06;0.0;
s05e09;tbbt_s05e09_d1328;forward;847.91;854.43;848.26;854.78;0.0;
s05e09;tbbt_s05e09_d1326;forward;851.01;854.74;851.36;855.09;0.0;
s05e09;tbbt_s05e09_d1327;forward;864.66;880.17;865.01;880.52;0.0;
s05e09;tbbt_s05e09_d295;forward;955.64;958.45;955.99;958.8;0.0;
s05e09;tbbt_s05e09_d297;forward;974.41;975.81;974.76;975.78;0.0;trimmed
s05e09;tbbt_s05e09_d299;forward;995.7;998.22;996.05;998.57;0.0;
s05e09;tbbt_s05e09_d296;forward;996.82;1001.02;997.17;1001.37;0.0;
s05e09;tbbt_s05e09_d270;forward;1011.03;1015.46;1011.38;1015.81;0.0;
s05e09;tbbt_s05e09_d273;forward;1019.0;1023.43;1019.35;1023.78;0.0;
s05e09;tbbt_s05e09_d271;forward;1019.89;1023.43;1020.24;1023.78;0.0;
s05e09;tbbt_s05e09_d272;forward;1047.63;1052.65;1047.98;1053.0;0.0;
s05e09;tbbt_s05e09_d266;forward;1078.06;1082.33;1078.41;1082.68;0.0;
s05e09;tbbt_s05e09_d265;forward;1083.28;1094.21;1083.63;1094.56;0.0;
s05e09;tbbt_s05e09_d267;forward;1124.14;1131.75;1124.49;1132.1;0.0;
s05e09;tbbt_s05e09_d283;forward;1155.0;1158.25;1155.35;1158.6;0.0;
s05e09;tbbt_s05e09_d280;forward;1172.02;1176.9;1172.37;1177.25;0.0;
s05e09;tbbt_s05e09_d281;forward;1177.02;1178.27;1177.37;1178.62;0.0;
s05e09;tbbt_s05e09_d284;forward;1177.15;1178.52;1177.5;1178.87;0.0;
s05e09;tbbt_s05e09_d282;forward;1178.02;1180.03;1178.37;1180.38;0.0;
s05e09;tbbt_s05e09_d275;forward;1180.0;1193.6;1180.35;1193.95;0.0;
s05e09;tbbt_s05e09_d278;forward;1180.0;1232.38;1180.35;1232.73;0.0;
s05e09;tbbt_s05e09_d276;forward;1233.4;1236.8;1233.75;1237.15;0.0;
s05e09;tbbt_s05e09_d279;forward;1242.58;1248.02;1242.93;1248.37;0.0;
s05e09;tbbt_s05e09_d277;forward;1243.6;1248.02;1243.95;1248.37;0.0;
s05e13;tbbt_s05e13_d28855;forward;38.04;46.82;38.04;46.82;0.0;
s05e13;tbbt_s05e13_d28856;forward;45.52;53.65;45.52;53.65;0.0;
s05e13;tbbt_s05e13_d28859;forward;53.33;56.9;53.33;56.9;0.0;
s05e13;tbbt_s05e13_d28857;forward;60.48;62.76;60.48;62.76;0.0;
s05e13;tbbt_s05e13_d28860;forward;66.23;75.05;66.23;75.05;0.0;
s05e13;tbbt_s05e13_d28861;forward;82.4;86.08;82.4;86.08;0.0;
s05e13;tbbt_s05e13_d28862;forward;107.16;114.02;107.16;114.02;0.0;
s05e13;tbbt_s05e13_d11693;forward;137.0;146.3;140.46;149.76;3.46;shifted
s05e13;tbbt_s05e13_d11690;forward;141.03;148.79;144.49;152.25;0.0;
s05e13;tbbt_s05e13_d11691;forward;158.4;166.15;161.86;169.61;0.0;
s05e13;tbbt_s05e13_d11692;forward;196.55;199.03;200.01;202.49;0.0;
s05e13;tbbt_s05e13_d66210;forward;199.0;201.75;202.46;205.21;0.0;
s05e13;tbbt_s05e13_d66211;forward;202.05;206.32;205.51;209.78;0.0;
s05e13;tbbt_s05e13_d66213;forward;202.66;204.49;206.12;207.95;0.0;
s05e13;tbbt_s05e13_d66212;forward;241.41;246.3;244.87;249.76;0.0;
s05e13;tbbt_s05e13_d66214;forward;242.94;246.3;246.4;249.76;0.0;
s05e13;tbbt_s05e13_d66203;forward;260.0;275.64;263.46;279.1;0.0;spans_mask
s05e13;tbbt_s05e13_d66200;forward;273.58;276.23;277.28;279.93;0.24;shifted
s05e13;tbbt_s05e13_d66204;forward;278.3;316.07;282.0;319.77;0.0;
s05e13;tbbt_s05e13_d66201;forward;278.89;285.38;282.59;289.08;0.0;
s05e13;tbbt_s05e13_d66202;forward;308.99;314.6;312.69;318.3;0.0;
s05e13;tbbt_s05e13_d11675;forward;327.68;330.17;331.38;333.87;0.0;
s05e13;tbbt_s05e13_d11679;forward;337.3;340.09;341.0;343.79;0.0;
s05e13;tbbt_s05e13_d11676;forward;349.08;358.08;352.78;361.78;0.0;
s05e13;tbbt_s05e13_d11678;forward;368.93;372.66;372.63;376.36;0.0;
s05e13;tbbt_s05e13_d11677;forward;370.79;372.97;374.49;376.67;0.0;
s05e13;tbbt_s05e13_d66180;forward;392.71;395.11;396.41;398.81;0.0;
s05e13;tbbt_s05e13_d66181;forward;398.71;401.71;403.04;406.04;0.63;shifted
s05e13;tbbt_s05e13_d66182;forward;426.32;428.72;430.65;433.05;0.0;
s05e13;tbbt_s05e13_d11668;forward;460.1;463.52;464.43;467.85;0.0;
s05e13;tbbt_s05e13_d11665;forward;460.96;462.1;465.29;466.43;0.0;
s05e13;tbbt_s05e13_d11666;forward;465.81;469.8;470.14;474.13;0.0;
s05e13;tbbt_s05e13_d11667;forward;478.35;480.92;482.68;485.25;0.0;
s05e13;tbbt_s05e13_d11660;forward;516.92;519.05;521.25;523.38;0.0;
s05e13;tbbt_s05e13_d11662;forward;523.94;525.77;528.27;530.1;0.0;
s05e13;tbbt_s05e13_d11661;forward;537.06;546.21;541.39;550.54;0.0;
s05e13;tbbt_s05e13_d11655;forward;562.54;564.61;566.87;568.94;0.0;
s05e13;tbbt_s05e13_d11658;forward;562.84;565.49;567.17;569.82;0.0;
s05e13;tbbt_s05e13_d11656;forward;589.1;596.78;593.43;601.11;0.0;
s05e13;tbbt_s05e13_d11659;forward;600.32;603.86;604.65;608.19;0.0;
s05e13;tbbt_s05e13_d11657;forward;600.61;602.97;604.94;607.3;0.0;
s05e13;tbbt_s05e13_d11650;forward;645.91;649.21;650.88;654.18;0.64;shifted
s05e13;tbbt_s05e13_d11651;forward;653.12;662.12;658.09;667.09;0.0;
s05e13;tbbt_s05e13_d11652;forward;665.42;677.43;670.39;682.4;0.0;
s05e13;tbbt_s05e13_d11654;forward;666.62;675.93;671.59;680.9;0.0;
s05e13;tbbt_s05e13_d11645;forward;678.31;681.97;683.28;686.94;0.0;
s05e13;tbbt_s05e13_d11647;forward;685.32;692.04;690.29;697.01;0.0;spans_mask
s05e13;tbbt_s05e13_d11646;forward;694.78;704.24;699.75;709.21;0.0;
s05e13;tbbt_s05e13_d53270;forward;739.0;744.31;743.97;749.28;0.0;
s05e13;tbbt_s05e13_d53271;forward;754.35;760.54;759.32;765.51;0.0;
s05e13;tbbt_s05e13_d53272;forward;792.42;796.85;797.39;801.82;0.0;
s05e13;tbbt_s05e13_d53278;forward;798.0;803.8;802.97;808.77;0.0;
s05e13;tbbt_s05e13_d53275;forward;805.63;808.98;810.6;813.95;0.0;
s05e13;tbbt_s05e13_d53276;forward;817.22;823.94;822.19;828.91;0.0;
s05e13;tbbt_s05e13_d53279;forward;818.14;832.48;823.11;837.45;0.0;
s05e13;tbbt_s05e13_d53277;forward;823.94;825.46;828.91;830.43;0.0;
s05e13;tbbt_s05e13_d53284;forward;896.53;901.49;901.5;906.46;0.0;
s05e13;tbbt_s05e13_d53280;forward;897.15;906.76;902.12;911.73;0.0;
s05e13;tbbt_s05e13_d53281;forward;906.76;915.45;911.73;920.42;0.0;
s05e13;tbbt_s05e13_d53282;forward;916.07;921.03;921.04;926.0;0.0;
s05e13;tbbt_s05e13_d53285;forward;921.0;935.51;925.97;940.48;0.0;
s05e13;tbbt_s05e13_d53286;forward;941.6;946.82;946.57;951.79;0.0;
s05e13;tbbt_s05e13_d53287;forward;969.45;972.64;974.42;977.61;0.0;
s05e13;tbbt_s05e13_d53252;forward;989.2;998.81;994.17;1003.78;0.0;
s05e13;tbbt_s05e13_d53250;forward;1000.61;1004.21;1005.58;1009.18;0.0;
s05e13;tbbt_s05e13_d53251;forward;1030.92;1038.43;1035.89;1043.4;0.0;
s05e13;tbbt_s05e13_d53258;forward;1044.03;1048.05;1049.0;1053.02;0.0;
s05e13;tbbt_s05e13_d53255;forward;1044.36;1048.38;1049.33;1053.35;0.0;
s05e13;tbbt_s05e13_d53256;forward;1058.77;1066.48;1063.74;1071.45;0.0;
s05e13;tbbt_s05e13_d53257;forward;1100.33;1106.02;1105.3;1110.99;0.0;
s05e13;tbbt_s05e13_d53259;forward;1102.0;1106.02;1106.97;1110.99;0.0;
s05e13;tbbt_s05e13_d53263;forward;1106.0;1110.24;1110.97;1115.21;0.0;
s05e13;tbbt_s05e13_d53261;forward;1107.86;1110.51;1112.83;1115.48;0.0;
s05e13;tbbt_s05e13_d53264;forward;1110.51;1112.89;1115.48;1117.86;0.0;
s05e13;tbbt_s05e13_d53262;forward;1111.04;1113.69;1116.01;1118.66;0.0;
s05e13;tbbt_s05e13_d53260;forward;1141.26;1145.77;1146.23;1150.74;0.0;
s05e13;tbbt_s05e13_d53265;forward;1161.2;1164.72;1166.17;1169.69;0.0;
s05e13;tbbt_s05e13_d53268;forward;1175.72;1178.81;1180.69;1183.78;0.0;
s05e13;tbbt_s05e13_d53266;forward;1197.73;1200.81;1202.7;1205.18;0.0;trimmed
s05e13;tbbt_s05e13_d53267;forward;1226.78;1232.5;1231.75;1237.47;0.0;
s05e20;tbbt_s05e20_d66983;forward;3.41;31.63;3.41;31.63;0.0;
s05e20;tbbt_s05e20_d66980;forward;4.03;7.44;4.03;7.44;0.0;
s05e20;tbbt_s05e20_d66981;forward;13.96;19.23;13.96;19.23;0.0;
s05e20;tbbt_s05e20_d66982;forward;30.39;36.29;30.39;36.29;0.0;
s05e20;tbbt_s05e20_d66985;forward;62.59;66.68;62.59;66.68;0.0;
s05e20;tbbt_s05e20_d66986;forward;71.17;73.9;71.17;73.9;0.0;
s05e20;tbbt_s05e20_d66987;forward;77.02;78.59;77.02;78.59;0.0;
s05e20;tbbt_s05e20_d28106;forward;130.27;132.13;130.39;132.25;0.12;shifted
s05e20;tbbt_s05e20_d28108;forward;131.2;187.03;131.32;187.15;0.0;
s05e20;tbbt_s05e20_d28107;forward;148.26;150.74;148.38;150.86;0.0;
s05e20;tbbt_s05e20_d28105;forward;183.31;187.03;183.43;187.15;0.0;
s05e20;tbbt_s05e20_d28100;forward;187.89;205.89;188.01;206.01;0.0;
s05e20;tbbt_s05e20_d28103;forward;223.89;229.5;224.01;229.62;0.0;
s05e20;tbbt_s05e20_d28101;forward;224.48;229.5;224.6;229.62;0.0;
s05e20;tbbt_s05e20_d28102;forward;237.76;241.6;237.88;241.72;0.0;
s05e20;tbbt_s05e20_d28115;forward;257.04;260.84;257.16;260.96;0.0;
s05e20;tbbt_s05e20_d28116;forward;274.3;277.75;274.42;277.87;0.0;
s05e20;tbbt_s05e20_d28117;forward;298.46;304.67;298.58;304.79;0.0;
s05e20;tbbt_s05e20_d28112;forward;323.91;326.35;324.03;326.47;0.0;
s05e20;tbbt_s05e20_d28110;forward;361.19;364.16;361.56;364.53;0.25;shifted
s05e20;tbbt_s05e20_d28111;forward;362.81;364.7;363.18;365.07;0.0;
s05e20;tbbt_s05e20_d28125;forward;373.93;375.96;374.3;376.33;0.0;
s05e20;tbbt_s05e20_d28126;forward;402.65;405.27;403.02;405.64;0.0;
s05e20;tbbt_s05e20_d28127;forward;413.1;415.13;413.47;415.5;0.0;
s05e20;tbbt_s05e20_d28120;forward;431.5;433.0;431.87;433.37;0.0;
s05e20;tbbt_s05e20_d28121;forward;439.61;448.61;439.98;448.98;0.0;
s05e20;tbbt_s05e20_d28122;forward;484.63;487.03;485.0;487.4;0.0;
s05e20;tbbt_s05e20_d28135;forward;521.22;523.62;521.59;523.99;0.0;
s05e20;tbbt_s05e20_d28136;forward;526.62;529.92;526.99;530.29;0.0;
s05e20;tbbt_s05e20_d28139;forward;527.82;547.03;528.19;547.4;0.0;
s05e20;tbbt_s05e20_d28137;forward;544.03;547.03;544.4;547.4;0.0;
s05e20;tbbt_s05e20_d28130;forward;547.0;552.31;547.37;552.68;0.0;
s05e20;tbbt_s05e20_d28133;forward;550.84;554.38;551.21;554.75;0.0;
s05e20;tbbt_s05e20_d28131;forward;558.21;566.18;558.58;566.55;0.0;
s05e20;tbbt_s05e20_d28134;forward;603.66;606.03;604.14;606.51;0.11;shifted
s05e20;tbbt_s05e20_d28132;forward;604.26;606.03;604.74;606.51;0.0;
s05e20;tbbt_s05e20_d28148;forward;608.14;612.41;608.62;612.89;0.0;
s05e20;tbbt_s05e20_d28145;forward;608.44;611.8;608.92;612.28;0.0;
s05e20;tbbt_s05e20_d28146;forward;611.8;616.07;612.28;616.55;0.0;
s05e20;tbbt_s05e20_d28147;forward;627.05;629.8;627.53;630.28;0.0;
s05e20;tbbt_s05e20_d28140;forward;667.0;674.44;667.48;674.92;0.0;
s05e20;tbbt_s05e20_d28143;forward;667.0;689.95;667.48;690.43;0.0;
s05e20;tbbt_s05e20_d28141;forward;694.91;698.94;695.39;699.42;0.0;
s05e20;tbbt_s05e20_d28142;forward;726.24;729.03;726.72;729.51;0.0;
s05e20;tbbt_s05e20_d69450;forward;729.0;732.48;729.48;732.96;0.0;
s05e20;tbbt_s05e20_d69451;forward;734.8;738.57;735.28;739.05;0.0;
s05e20;tbbt_s05e20_d69453;forward;757.43;761.78;757.91;762.26;0.0;
s05e20;tbbt_s05e20_d69452;forward;760.04;763.52;760.52;764.0;0.0;
s05e20;tbbt_s05e20_d65660;forward;834.45;840.97;834.93;841.45;0.0;
s05e20;tbbt_s05e20_d65663;forward;837.24;842.21;837.72;842.69;0.0;
s05e20;tbbt_s05e20_d65662;forward;843.45;847.17;843.93;847.65;0.0;
s05e20;tbbt_s05e20_d65664;forward;845.0;848.41;845.48;848.89;0.0;
s05e20;tbbt_s05e20_d65661;forward;845.31;848.72;845.79;849.2;0.0;
s05e20;tbbt_s05e20_d69440;forward;849.0;908.02;849.48;908.5;0.0;spans_mask
s05e20;tbbt_s05e20_d69443;forward;854.31;856.38;854.79;856.86;0.0;
s05e20;tbbt_s05e20_d69442;forward;858.74;860.81;859.22;861.29;0.0;
s05e20;tbbt_s05e20_d69441;forward;872.02;875.56;872.5;876.04;0.0;
s05e20;tbbt_s05e20_d69449;forward;919.1;921.51;919.58;921.99;0.0;
s05e20;tbbt_s05e20_d69445;forward;925.71;931.41;926.19;931.89;0.0;
s05e20;tbbt_s05e20_d69448;forward;937.11;939.81;937.59;940.29;0.0;
s05e20;tbbt_s05e20_d69447;forward;941.62;945.52;942.1;946.0;0.0;
s05e20;tbbt_s05e20_d69446;forward;963.52;968.03;964.0;968.51;0.0;
s05e20;tbbt_s05e20_d89105;forward;991.71;995.91;992.19;996.39;0.0;
s05e20;tbbt_s05e20_d89106;forward;997.41;1000.41;997.89;1000.89;0.0;
s05e20;tbbt_s05e20_d89109;forward;1004.92;1009.42;1005.4;1009.9;0.0;
s05e20;tbbt_s05e20_d89107;forward;1015.12;1019.92;1015.6;1020.4;0.0;
s05e20;tbbt_s05e20_d69437;forward;1032.72;1033.61;1033.2;1034.09;0.0;
s05e20;tbbt_s05e20_d69438;forward;1035.38;1038.33;1035.86;1038.81;0.0;
s05e20;tbbt_s05e20_d69435;forward;1064.01;1067.25;1064.49;1067.73;0.0;
s05e20;tbbt_s05e20_d69436;forward;1072.56;1081.42;1073.04;1081.9;0.0;
s05e20;tbbt_s05e20_d69427;forward;1090.05;1092.8;1090.53;1093.28;0.0;
s05e20;tbbt_s05e20_d69428;forward;1102.87;1106.22;1103.35;1106.7;0.0;
s05e20;tbbt_s05e20_d69425;forward;1103.17;1108.36;1103.65;1108.84;0.0;
s05e20;tbbt_s05e20_d69429;forward;1111.11;1114.16;1111.59;1114.64;0.0;
s05e20;tbbt_s05e20_d69426;forward;1114.16;1118.43;1114.64;1118.91;0.0;
s05e20;tbbt_s05e20_d69470;forward;1214.5;1216.58;1214.98;1217.06;0.0;
s05e20;tbbt_s05e20_d69472;forward;1232.71;1237.39;1233.19;1237.87;0.0;
s05e20;tbbt_s05e20_d69471;forward;1238.43;1256.12;1238.91;1256.6;0.0;
s06e01;tbbt_s06e01_d33113;forward;3.7;8.74;3.79;8.83;0.09;shifted
s06e01;tbbt_s06e01_d33111;forward;6.85;8.43;6.94;8.52;0.0;
s06e01;tbbt_s06e01_d33110;forward;7.8;8.74;7.89;8.83;0.0;
s06e01;tbbt_s06e01_d33112;forward;19.46;62.95;19.55;63.04;0.0;
s06e01;tbbt_s06e01_d60792;forward;66.94;70.95;67.03;71.04;0.0;
s06e01;tbbt_s06e01_d60790;forward;69.49;72.05;69.58;72.14;0.0;
s06e01;tbbt_s06e01_d60791;forward;90.3;97.24;90.39;97.33;0.0;
s06e01;tbbt_s06e01_d3373;forward;159.92;174.57;165.33;179.98;5.32;shifted
s06e01;tbbt_s06e01_d3370;forward;164.8;176.09;170.21;181.5;0.0;
s06e01;tbbt_s06e01_d3371;forward;187.69;189.82;193.1;195.23;0.0;
s06e01;tbbt_s06e01_d3372;forward;194.1;196.84;199.51;202.25;0.0;
s06e01;tbbt_s06e01_d3374;forward;209.66;218.2;215.07;223.61;0.0;
s06e01;tbbt_s06e01_d88795;forward;220.92;225.57;226.33;230.98;0.0;
s06e01;tbbt_s06e01_d88798;forward;231.78;234.26;237.19;239.67;0.0;
s06e01;tbbt_s06e01_d88796;forward;235.5;243.87;240.91;249.28;0.0;spans_mask
s06e01;tbbt_s06e01_d88797;forward;247.59;254.11;253.0;259.52;0.0;
s06e01;tbbt_s06e01_d3365;forward;293.91;300.01;299.32;305.42;0.0;
s06e01;tbbt_s06e01_d3368;forward;295.43;300.62;300.84;306.03;0.0;
s06e01;tbbt_s06e01_d3366;forward;321.06;325.94;326.47;331.35;0.0;
s06e01;tbbt_s06e01_d3367;forward;339.37;343.95;344.78;349.36;0.0;
s06e01;tbbt_s06e01_d3361;forward;343.92;391.21;349.33;396.62;0.0;spans_mask
s06e01;tbbt_s06e01_d3362;forward;393.53;401.95;398.94;407.36;0.0;
s06e01;tbbt_s06e01_d3360;forward;400.2;401.95;405.61;407.36;0.0;
s06e01;tbbt_s06e01_d3390;forward;429.38;437.32;434.79;442.73;0.0;
s06e01;tbbt_s06e01_d3391;forward;439.15;441.59;444.56;447.0;0.0;
s06e01;tbbt_s06e01_d3394;forward;459.59;462.95;465.0;468.36;0.0;
s06e01;tbbt_s06e01_d3392;forward;460.2;462.95;465.61;468.36;0.0;
s06e01;tbbt_s06e01_d3385;forward;483.52;487.87;489.5;493.85;0.57;shifted
s06e01;tbbt_s06e01_d3386;forward;490.19;494.83;496.17;500.81;0.0;
s06e01;tbbt_s06e01_d3387;forward;504.12;506.73;510.1;512.71;0.0;
s06e01;tbbt_s06e01_d3380;forward;522.75;523.97;528.73;529.95;0.0;
s06e01;tbbt_s06e01_d3383;forward;526.72;530.99;532.7;536.97;0.0;
s06e01;tbbt_s06e01_d3381;forward;546.25;550.82;552.23;556.8;0.0;
s06e01;tbbt_s06e01_d3382;forward;574.01;577.37;579.99;583.35;0.0;
s06e01;tbbt_s06e01_d3375;forward;581.92;586.8;588.41;593.29;0.51;shifted
s06e01;tbbt_s06e01_d3377;forward;588.33;590.46;594.82;596.95;0.0;
s06e01;tbbt_s06e01_d3376;forward;612.74;614.57;619.23;621.06;0.0;
s06e01;tbbt_s06e01_d3378;forward;613.65;616.1;620.14;622.59;0.0;
s06e01;tbbt_s06e01_d3405;forward;650.07;654.3;656.56;660.79;0.0;
s06e01;tbbt_s06e01_d3406;forward;655.6;663.41;662.09;669.9;0.0;
s06e01;tbbt_s06e01_d3409;forward;658.53;663.73;665.02;670.22;0.0;
s06e01;tbbt_s06e01_d3407;forward;687.14;692.02;693.63;698.51;0.0;
s06e01;tbbt_s06e01_d3400;forward;707.92;712.96;714.41;719.45;0.0;
s06e01;tbbt_s06e01_d3401;forward;723.03;728.07;729.52;734.56;0.0;
s06e01;tbbt_s06e01_d3402;forward;739.73;746.36;746.22;752.85;0.0;
s06e01;tbbt_s06e01_d45182;forward;777.09;784.11;783.58;790.6;0.0;
s06e01;tbbt_s06e01_d45180;forward;805.17;808.22;811.66;814.71;0.0;
s06e01;tbbt_s06e01_d45181;forward;813.71;820.12;820.2;826.61;0.0;
s06e01;tbbt_s06e01_d45184;forward;817.68;821.95;824.17;828.44;0.0;
s06e01;tbbt_s06e01_d45185;forward;826.5;827.41;832.99;833.9;0.0;
s06e01;tbbt_s06e01_d45186;forward;827.11;829.24;833.6;835.73;0.0;
s06e01;tbbt_s06e01_d45187;forward;828.63;831.99;835.12;838.48;0.0;
s06e01;tbbt_s06e01_d45188;forward;828.63;831.99;835.12;838.48;0.0;
s06e01;tbbt_s06e01_d45189;forward;842.67;845.72;849.16;852.21;0.0;
s06e01;tbbt_s06e01_d45192;forward;882.92;895.43;889.41;901.92;0.0;
s06e01;tbbt_s06e01_d45190;forward;918.01;925.03;924.5;931.52;0.0;spans_mask
s06e01;tbbt_s06e01_d45191;forward;940.29;943.95;946.78;950.44;0.0;
s06e01;tbbt_s06e01_d45197;forward;1042.17;1047.48;1048.66;1053.97;0.0;
s06e01;tbbt_s06e01_d45195;forward;1048.07;1054.86;1054.56;1061.35;0.0;spans_mask
s06e01;tbbt_s06e01_d45196;forward;1056.93;1061.95;1063.42;1068.44;0.0;
s06e01;tbbt_s06e01_d45200;forward;1075.2;1080.51;1081.69;1087.0;0.0;
s06e01;tbbt_s06e01_d45201;forward;1084.65;1090.25;1091.14;1096.74;0.0;
s06e01;tbbt_s06e01_d45204;forward;1097.63;1101.47;1104.12;1107.96;0.0;
s06e01;tbbt_s06e01_d45202;forward;1102.94;1120.95;1109.43;1127.44;0.0;
s06e01;tbbt_s06e01_d45205;forward;1120.92;1142.03;1127.41;1148.52;0.0;
s06e01;tbbt_s06e01_d45206;forward;1152.09;1157.78;1158.58;1164.27;0.0;
s06e01;tbbt_s06e01_d45208;forward;1152.42;1156.44;1158.91;1162.93;0.0;
s06e01;tbbt_s06e01_d45207;forward;1160.46;1166.5;1166.95;1172.99;0.0;
s06e01;tbbt_s06e01_d35767;forward;1192.42;1199.18;1198.91;1205.67;0.0;
s06e01;tbbt_s06e01_d35765;forward;1220.94;1226.69;1227.43;1233.18;0.0;
s06e01;tbbt_s06e01_d35769;forward;1225.69;1226.94;1232.18;1233.43;0.0;
s06e01;tbbt_s06e01_d35766;forward;1227.94;1237.94;1234.43;1239.7;0.0;trimmed
s06e07;tbbt_s06e07_d92000;forward;9.41;11.62;9.41;11.62;0.0;
s06e07;tbbt_s06e07_d92001;forward;41.24;43.77;41.24;43.77;0.0;
s06e07;tbbt_s06e07_d92002;forward;53.54;55.43;53.54;55.43;0.0;
s06e07;tbbt_s06e07_d34291;forward;77.42;79.49;77.42;79.49;0.0;
s06e07;tbbt_s06e07_d34290;forward;85.98;91.0;85.98;91.0;0.0;
s06e07;tbbt_s06e07_d34292;forward;94.24;98.08;94.24;98.08;0.0;
s06e07;tbbt_s06e07_d30150;forward;130.95;133.13;130.95;133.13;0.0;
s06e07;tbbt_s06e07_d30151;forward;158.56;162.59;158.56;162.59;0.0;
s06e07;tbbt_s06e07_d30154;forward;161.04;174.37;161.04;174.37;0.0;
s06e07;tbbt_s06e07_d30152;forward;176.55;180.27;176.55;180.27;0.0;
s06e07;tbbt_s06e07_d30155;forward;188.28;190.8;188.28;190.8;0.0;
s06e07;tbbt_s06e07_d30159;forward;214.93;218.53;214.93;218.53;0.0;
s06e07;tbbt_s06e07_d30156;forward;216.73;219.61;216.73;219.61;0.0;
s06e07;tbbt_s06e07_d30157;forward;255.26;255.98;255.26;255.98;0.0;
s06e07;tbbt_s06e07_d9398;forward;281.44;287.33;284.53;290.42;3.09;shifted
s06e07;tbbt_s06e07_d9395;forward;282.68;289.5;285.77;292.59;0.0;
s06e07;tbbt_s06e07_d9399;forward;298.19;306.87;301.28;309.96;0.0;
s06e07;tbbt_s06e07_d9397;forward;299.43;305.63;302.52;308.72;0.0;
s06e07;tbbt_s06e07_d9396;forward;308.11;313.08;311.2;316.17;0.0;
s06e07;tbbt_s06e07_d9393;forward;342.49;344.62;345.58;347.71;0.0;
s06e07;tbbt_s06e07_d9390;forward;342.79;344.62;345.88;347.71;0.0;
s06e07;tbbt_s06e07_d9391;forward;394.36;395.58;397.45;398.67;0.0;
s06e07;tbbt_s06e07_d9392;forward;394.36;401.99;397.45;405.08;0.0;
s06e07;tbbt_s06e07_d9394;forward;394.97;397.41;398.06;400.5;0.0;
s06e07;tbbt_s06e07_d9405;forward;405.86;413.06;408.95;416.15;0.0;
s06e07;tbbt_s06e07_d9406;forward;424.17;439.18;427.26;442.27;0.0;
s06e07;tbbt_s06e07_d9409;forward;449.98;458.69;453.07;461.78;0.0;
s06e07;tbbt_s06e07_d9407;forward;450.28;455.98;453.37;459.07;0.0;
s06e07;tbbt_s06e07_d9402;forward;463.12;467.18;466.21;470.27;0.0;
s06e07;tbbt_s06e07_d9403;forward;464.57;468.34;467.66;471.43;0.0;
s06e07;tbbt_s06e07_d9400;forward;481.4;484.59;484.49;487.68;0.0;
s06e07;tbbt_s06e07_d9404;forward;503.74;508.67;506.83;511.76;0.0;
s06e07;tbbt_s06e07_d9401;forward;504.03;508.38;507.12;511.47;0.0;
s06e07;tbbt_s06e07_d9410;forward;519.96;523.11;523.05;526.2;0.0;
s06e07;tbbt_s06e07_d9411;forward;529.73;531.31;532.82;534.4;0.0;
s06e07;tbbt_s06e07_d9412;forward;540.76;546.12;543.85;549.21;0.0;
s06e07;tbbt_s06e07_d9414;forward;540.76;546.12;543.85;549.21;0.0;
s06e07;tbbt_s06e07_d91735;forward;583.25;588.09;586.34;591.18;0.0;
s06e07;tbbt_s06e07_d91736;forward;628.29;631.43;631.38;634.52;0.0;
s06e07;tbbt_s06e07_d91737;forward;637.7;639.98;640.79;643.07;0.0;
s06e07;tbbt_s06e07_d9420;forward;639.96;644.84;643.05;647.93;0.0;
s06e07;tbbt_s06e07_d9423;forward;650.33;655.83;653.42;658.92;0.0;
s06e07;tbbt_s06e07_d9421;forward;651.56;656.44;654.65;659.53;0.0;
s06e07;tbbt_s06e07_d9424;forward;675.05;678.71;678.14;681.8;0.0;
s06e07;tbbt_s06e07_d9422;forward;675.66;681.15;678.75;684.24;0.0;
s06e07;tbbt_s06e07_d9418;forward;708.16;711.46;711.25;714.55;0.0;
s06e07;tbbt_s06e07_d9415;forward;709.36;710.86;712.45;713.95;0.0;
s06e07;tbbt_s06e07_d9416;forward;711.76;714.77;714.85;717.86;0.0;
s06e07;tbbt_s06e07_d9417;forward;720.47;723.17;723.56;726.26;0.0;
s06e07;tbbt_s06e07_d91630;forward;770.57;773.99;773.66;777.08;0.0;
s06e07;tbbt_s06e07_d91633;forward;778.33;782.67;781.42;785.76;0.0;
s06e07;tbbt_s06e07_d91632;forward;799.73;802.83;804.12;807.22;1.3;shifted
s06e07;tbbt_s06e07_d91631;forward;806.24;812.13;810.63;816.52;0.0;
s06e07;tbbt_s06e07_d52445;forward;822.96;836.89;827.35;841.28;0.0;
s06e07;tbbt_s06e07_d52448;forward;834.57;837.47;838.96;841.86;0.0;
s06e07;tbbt_s06e07_d52446;forward;859.81;865.32;864.2;869.71;0.0;
s06e07;tbbt_s06e07_d52447;forward;874.02;880.99;878.41;885.38;0.0;
s06e07;tbbt_s06e07_d51055;forward;883.91;886.57;888.3;890.96;0.0;
s06e07;tbbt_s06e07_d51056;forward;897.78;900.73;902.17;905.12;0.0;
s06e07;tbbt_s06e07_d51057;forward;920.8;927.0;925.19;931.39;0.0;
s06e07;tbbt_s06e07_d51060;forward;943.43;946.89;947.82;951.28;0.0;
s06e07;tbbt_s06e07_d51062;forward;944.06;1002.99;948.45;1007.38;0.0;spans_mask
s06e07;tbbt_s06e07_d51061;forward;986.92;990.38;991.31;994.77;0.0;
s06e07;tbbt_s06e07_d51045;forward;1002.96;1004.46;1007.35;1008.85;0.0;
s06e07;tbbt_s06e07_d51048;forward;1006.26;1009.56;1010.65;1013.95;0.0;
s06e07;tbbt_s06e07_d51046;forward;1006.86;1010.46;1011.25;1014.85;0.0;
s06e07;tbbt_s06e07_d51047;forward;1029.37;1034.47;1033.76;1038.86;0.0;
s06e07;tbbt_s06e07_d51049;forward;1053.08;1062.99;1057.47;1067.38;0.0;
s06e07;tbbt_s06e07_d51053;forward;1062.96;1075.87;1067.35;1080.26;0.0;
s06e07;tbbt_s06e07_d51050;forward;1080.37;1086.37;1084.76;1090.76;0.0;
s06e07;tbbt_s06e07_d51054;forward;1082.17;1093.27;1086.56;1097.66;0.0;
s06e07;tbbt_s06e07_d51051;forward;1094.47;1101.68;1098.86;1106.07;0.0;spans_mask
s06e07;tbbt_s06e07_d51052;forward;1107.08;1112.18;1111.47;1116.57;0.0;
s06e07;tbbt_s06e07_d51035;forward;1150.52;1153.13;1154.91;1157.52;0.0;
s06e07;tbbt_s06e07_d51036;forward;1158.36;1177.5;1162.75;1181.89;0.0;
s06e07;tbbt_s06e07_d51038;forward;1174.89;1177.5;1179.28;1181.89;0.0;
s06e07;tbbt_s06e07_d51037;forward;1176.92;1180.99;1181.31;1185.38;0.0;
s06e07;tbbt_s06e07_d51040;forward;1180.96;1205.93;1185.35;1209.02;0.0;trimmed
s06e07;tbbt_s06e07_d51042;forward;1192.66;1196.56;1197.05;1200.95;0.0;
s06e07;tbbt_s06e07_d51041;forward;1235.97;1239.87;1240.36;1244.26;0.0;
s06e24;tbbt_s06e24_d3436;forward;3.67;39.67;3.67;39.67;0.0;
s06e24;tbbt_s06e24_d3438;forward;4.88;37.23;4.88;37.23;0.0;
s06e24;tbbt_s06e24_d3435;forward;35.41;41.8;35.41;41.8;0.0;
s06e24;tbbt_s06e24_d3439;forward;37.53;41.51;37.53;41.51;0.0;
s06e24;tbbt_s06e24_d3437;forward;43.34;52.48;43.34;52.48;0.0;
s06e24;tbbt_s06e24_d72161;forward;61.01;68.44;61.01;68.44;0.0;
s06e24;tbbt_s06e24_d72160;forward;68.75;86.44;68.75;86.44;0.0;
s06e24;tbbt_s06e24_d72162;forward;88.3;123.03;88.3;123.03;0.0;
s06e24;tbbt_s06e24_d87555;forward;131.22;133.88;131.22;133.88;0.0;
s06e24;tbbt_s06e24_d87556;forward;150.84;152.97;150.84;152.97;0.0;
s06e24;tbbt_s06e24_d87557;forward;169.94;172.84;169.94;172.84;0.0;
s06e24;tbbt_s06e24_d15730;forward;203.9;208.87;203.93;208.9;0.03;shifted
s06e24;tbbt_s06e24_d15733;forward;226.53;232.75;226.56;232.78;0.0;
s06e24;tbbt_s06e24_d15731;forward;227.78;234.91;227.81;234.94;0.0;
s06e24;tbbt_s06e24_d15734;forward;230.88;233.99;230.91;234.02;0.0;
s06e24;tbbt_s06e24_d15732;forward;251.66;260.04;251.69;260.07;0.0;
s06e24;tbbt_s06e24_d24970;forward;260.0;267.98;260.03;268.01;0.0;
s06e24;tbbt_s06e24_d24971;forward;274.76;279.49;274.8;279.53;0.0;
s06e24;tbbt_s06e24_d24973;forward;274.76;278.89;274.8;278.93;0.01;shifted
s06e24;tbbt_s06e24_d24974;forward;304.56;305.75;304.6;305.79;0.0;
s06e24;tbbt_s06e24_d24972;forward;310.76;319.04;310.8;319.08;0.0;
s06e24;tbbt_s06e24_d72760;forward;326.81;335.81;326.85;335.85;0.0;
s06e24;tbbt_s06e24_d72761;forward;347.51;352.31;347.55;352.35;0.0;
s06e24;tbbt_s06e24_d72762;forward;365.23;370.62;365.27;370.66;0.0;
s06e24;tbbt_s06e24_d15748;forward;379.0;401.64;379.04;401.68;0.0;
s06e24;tbbt_s06e24_d15745;forward;384.89;386.44;384.93;386.48;0.0;
s06e24;tbbt_s06e24_d15746;forward;406.3;407.23;406.34;407.27;0.0;
s06e24;tbbt_s06e24_d15747;forward;413.75;417.15;413.79;417.19;0.0;
s06e24;tbbt_s06e24_d15753;forward;443.11;446.4;443.15;446.44;0.0;
s06e24;tbbt_s06e24_d15750;forward;444.0;445.2;444.04;445.24;0.0;
s06e24;tbbt_s06e24_d15751;forward;484.23;485.12;484.27;485.16;0.0;
s06e24;tbbt_s06e24_d15752;forward;498.94;501.04;498.98;501.08;0.0;
s06e24;tbbt_s06e24_d89002;forward;521.89;523.35;521.93;523.39;0.0;
s06e24;tbbt_s06e24_d89001;forward;542.5;549.16;542.54;549.2;0.0;
s06e24;tbbt_s06e24_d89000;forward;551.2;559.03;551.24;559.07;0.0;
s06e24;tbbt_s06e24_d15760;forward;560.33;562.63;560.37;562.67;0.0;
s06e24;tbbt_s06e24_d15761;forward;596.64;599.62;596.68;599.66;0.0;
s06e24;tbbt_s06e24_d15763;forward;607.53;610.18;607.57;610.22;0.0;
s06e24;tbbt_s06e24_d15762;forward;610.18;613.49;610.22;613.53;0.0;
s06e24;tbbt_s06e24_d15764;forward;611.84;619.75;611.88;619.79;0.0;
s06e24;tbbt_s06e24_d15765;forward;625.0;629.05;625.04;629.09;0.0;
s06e24;tbbt_s06e24_d15768;forward;630.67;634.73;630.71;634.77;0.0;
s06e24;tbbt_s06e24_d15766;forward;631.22;634.18;631.26;634.22;0.0;
s06e24;tbbt_s06e24_d15769;forward;649.86;659.3;649.9;659.34;0.0;
s06e24;tbbt_s06e24_d15767;forward;655.52;658.77;655.56;658.81;0.0;
s06e24;tbbt_s06e24_d15695;forward;683.21;685.3;683.25;685.34;0.0;
s06e24;tbbt_s06e24_d15696;forward;683.21;686.21;683.25;686.25;0.0;
s06e24;tbbt_s06e24_d15697;forward;727.02;730.33;727.06;730.37;0.0;
s06e24;tbbt_s06e24_d62847;forward;815.78;820.98;815.82;821.02;0.0;
s06e24;tbbt_s06e24_d62845;forward;831.97;839.59;832.01;839.63;0.0;
s06e24;tbbt_s06e24_d62846;forward;857.28;860.03;857.32;860.07;0.0;
s06e24;tbbt_s06e24_d13280;forward;860.0;863.48;860.04;863.52;0.0;
s06e24;tbbt_s06e24_d13283;forward;867.57;871.66;867.61;871.7;0.0;
s06e24;tbbt_s06e24_d13284;forward;873.55;878.28;873.59;878.32;0.0;
s06e24;tbbt_s06e24_d13281;forward;873.88;880.8;873.92;880.84;0.0;
s06e24;tbbt_s06e24_d13282;forward;921.46;923.03;921.5;923.07;0.0;
s06e24;tbbt_s06e24_d13268;forward;926.49;930.84;926.53;930.88;0.0;
s06e24;tbbt_s06e24_d13265;forward;927.07;930.25;927.11;930.29;0.0;
s06e24;tbbt_s06e24_d13266;forward;947.38;953.17;947.42;953.21;0.0;
s06e24;tbbt_s06e24_d13267;forward;970.0;975.51;970.04;975.55;0.0;
s06e24;tbbt_s06e24_d13269;forward;972.33;981.03;972.37;981.07;0.0;
s06e24;tbbt_s06e24_d51310;forward;981.0;985.5;981.04;985.54;0.0;
s06e24;tbbt_s06e24_d51313;forward;991.01;995.15;991.05;995.19;0.0;
s06e24;tbbt_s06e24_d51311;forward;1019.32;1024.14;1019.36;1024.18;0.0;
s06e24;tbbt_s06e24_d51314;forward;1020.7;1025.18;1020.74;1025.22;0.0;
s06e24;tbbt_s06e24_d51312;forward;1035.54;1046.58;1035.58;1046.62;0.0;
s06e24;tbbt_s06e24_d51980;forward;1050.01;1056.26;1050.05;1056.3;0.0;
s06e24;tbbt_s06e24_d51981;forward;1064.27;1070.52;1064.31;1070.56;0.0;
s06e24;tbbt_s06e24_d51983;forward;1094.28;1098.78;1094.32;1098.82;0.0;
s06e24;tbbt_s06e24_d51982;forward;1094.78;1100.03;1094.82;1100.07;0.0;
s06e24;tbbt_s06e24_d60540;forward;1100.01;1103.97;1100.05;1104.01;0.0;
s06e24;tbbt_s06e24_d60541;forward;1134.8;1139.37;1134.84;1139.41;0.0;
s06e24;tbbt_s06e24_d60542;forward;1146.69;1149.43;1146.73;1149.47;0.0;
s06e24;tbbt_s06e24_d63727;forward;1161.01;1165.01;1161.05;1165.05;0.0;
s06e24;tbbt_s06e24_d63725;forward;1170.21;1175.82;1170.25;1175.81;0.0;trimmed
s06e24;tbbt_s06e24_d63729;forward;1171.21;1176.82;1171.25;1175.81;0.0;trimmed
s06e24;tbbt_s06e24_d63726;forward;1175.21;1191.83;1175.25;1175.81;0.0;trimmed
s07e02;tbbt_s07e02_d6160;forward;3.6;51.77;3.6;51.77;0.0;
s07e02;tbbt_s07e02_d6161;forward;3.6;14.4;3.6;14.4;0.0;
s07e02;tbbt_s07e02_d6163;forward;52.22;54.02;52.22;54.02;0.0;
s07e02;tbbt_s07e02_d6162;forward;57.62;65.28;57.62;65.28;0.0;
s07e02;tbbt_s07e02_d6164;forward;65.28;66.17;65.28;66.17;0.0;
s07e02;tbbt_s07e02_d12515;forward;119.62;120.25;119.62;120.25;0.0;
s07e02;tbbt_s07e02_d12519;forward;143.25;148.31;143.25;148.31;0.0;
s07e02;tbbt_s07e02_d12516;forward;146.72;148.62;146.72;148.62;0.0;
s07e02;tbbt_s07e02_d12517;forward;170.04;173.82;170.04;173.82;0.0;
s07e02;tbbt_s07e02_d12513;forward;178.96;181.91;178.96;181.91;0.0;
s07e02;tbbt_s07e02_d12510;forward;179.54;192.24;179.54;192.24;0.0;
s07e02;tbbt_s07e02_d12514;forward;183.68;186.93;183.68;186.93;0.0;
s07e02;tbbt_s07e02_d12511;forward;201.09;209.94;201.09;209.94;0.0;
s07e02;tbbt_s07e02_d12512;forward;223.81;235.03;223.81;235.03;0.0;
s07e02;tbbt_s07e02_d12505;forward;235.0;239.5;235.0;239.5;0.0;
s07e02;tbbt_s07e02_d12506;forward;248.51;252.12;248.51;252.12;0.0;
s07e02;tbbt_s07e02_d12507;forward;267.71;271.93;267.71;271.93;0.0;
s07e02;tbbt_s07e02_d12502;forward;296.19;298.25;296.19;298.25;0.0;
s07e02;tbbt_s07e02_d12503;forward;334.56;341.94;334.56;341.94;0.0;
s07e02;tbbt_s07e02_d12500;forward;336.02;340.45;336.02;340.45;0.0;
s07e02;tbbt_s07e02_d12501;forward;351.07;352.56;351.07;352.56;0.0;
s07e02;tbbt_s07e02_d12538;forward;363.93;366.11;363.93;366.11;0.0;
s07e02;tbbt_s07e02_d12535;forward;364.55;366.11;364.55;366.11;0.0;
s07e02;tbbt_s07e02_d12536;forward;382.23;383.46;382.23;383.46;0.0;
s07e02;tbbt_s07e02_d12537;forward;401.14;402.69;401.14;402.69;0.0;
s07e02;tbbt_s07e02_d12534;forward;416.0;425.62;416.0;425.62;0.0;
s07e02;tbbt_s07e02_d12530;forward;420.35;421.58;420.35;421.58;0.0;
s07e02;tbbt_s07e02_d12533;forward;435.55;446.7;435.55;446.7;0.0;
s07e02;tbbt_s07e02_d12531;forward;436.17;437.1;436.17;437.1;0.0;
s07e02;tbbt_s07e02_d12532;forward;445.46;455.08;445.46;455.08;0.0;
s07e02;tbbt_s07e02_d71425;forward;478.0;484.1;478.0;484.1;0.0;
s07e02;tbbt_s07e02_d71428;forward;482.06;485.25;482.06;485.25;0.0;
s07e02;tbbt_s07e02_d71426;forward;485.25;501.21;485.25;501.21;0.0;
s07e02;tbbt_s07e02_d71427;forward;532.54;536.03;532.54;536.03;0.0;
s07e02;tbbt_s07e02_d71429;forward;532.84;536.03;532.84;536.03;0.0;
s07e02;tbbt_s07e02_d71318;forward;596.11;600.3;596.11;600.3;0.0;
s07e02;tbbt_s07e02_d71315;forward;615.01;621.62;615.01;621.62;0.0;
s07e02;tbbt_s07e02_d71319;forward;629.42;633.33;629.42;633.33;0.0;
s07e02;tbbt_s07e02_d71316;forward;631.52;635.73;631.52;635.73;0.0;
s07e02;tbbt_s07e02_d71317;forward;635.42;637.83;635.42;637.83;0.0;
s07e02;tbbt_s07e02_d12475;forward;654.0;657.0;654.0;657.0;0.0;
s07e02;tbbt_s07e02_d12476;forward;662.71;670.51;662.71;670.51;0.0;
s07e02;tbbt_s07e02_d12477;forward;712.84;714.03;712.84;714.03;0.0;
s07e02;tbbt_s07e02_d54260;forward;780.27;784.92;780.27;784.92;0.0;
s07e02;tbbt_s07e02_d54261;forward;796.1;799.82;796.1;799.82;0.0;
s07e02;tbbt_s07e02_d54263;forward;810.99;818.42;810.99;818.42;0.0;
s07e02;tbbt_s07e02_d54264;forward;822.76;826.79;822.76;826.79;0.0;
s07e02;tbbt_s07e02_d54262;forward;831.14;834.87;831.14;834.87;0.0;
s07e02;tbbt_s07e02_d54265;forward;837.0;840.0;837.0;840.0;0.0;
s07e02;tbbt_s07e02_d54266;forward;845.11;846.3;845.11;846.3;0.0;
s07e02;tbbt_s07e02_d54268;forward;845.71;852.62;845.71;852.62;0.0;
s07e02;tbbt_s07e02_d54269;forward;864.01;868.51;864.01;868.51;0.0;
s07e02;tbbt_s07e02_d54267;forward;879.02;897.03;879.02;897.03;0.0;
s07e02;tbbt_s07e02_d54273;forward;900.85;903.4;900.85;903.4;0.0;
s07e02;tbbt_s07e02_d54270;forward;907.89;909.82;908.01;909.94;0.12;shifted
s07e02;tbbt_s07e02_d54274;forward;913.98;921.34;914.1;921.46;0.0;
s07e02;tbbt_s07e02_d54271;forward;923.25;928.38;923.37;928.5;0.0;
s07e02;tbbt_s07e02_d54272;forward;958.48;961.02;958.6;961.14;0.0;
s07e02;tbbt_s07e02_d92486;forward;961.0;966.88;961.12;967.0;0.0;
s07e02;tbbt_s07e02_d92488;forward;961.0;969.12;961.12;969.24;0.0;
s07e02;tbbt_s07e02_d92485;forward;965.76;1004.14;965.88;1004.26;0.0;
s07e02;tbbt_s07e02_d92487;forward;1014.5;1017.02;1014.62;1017.14;0.0;
s07e02;tbbt_s07e02_d54277;forward;1017.0;1021.36;1017.12;1021.35;0.0;trimmed
s07e02;tbbt_s07e02_d54275;forward;1022.51;1025.7;1022.68;1025.87;0.0;
s07e02;tbbt_s07e02_d54278;forward;1022.51;1024.55;1022.68;1024.72;0.05;shifted
s07e02;tbbt_s07e02_d54276;forward;1041.95;1045.14;1042.12;1045.31;0.0;
s07e02;tbbt_s07e02_d54279;forward;1042.83;1045.72;1043.0;1045.89;0.0;
s07e02;tbbt_s07e02_d54283;forward;1085.2;1087.62;1085.37;1087.79;0.0;
s07e02;tbbt_s07e02_d54280;forward;1085.51;1092.71;1085.68;1092.88;0.0;
s07e02;tbbt_s07e02_d54282;forward;1103.82;1106.21;1103.99;1106.38;0.0;
s07e02;tbbt_s07e02_d54281;forward;1107.41;1110.12;1107.58;1110.29;0.0;
s07e02;tbbt_s07e02_d62065;forward;1167.96;1172.85;1168.13;1173.02;0.0;
s07e02;tbbt_s07e02_d62066;forward;1177.41;1183.21;1177.58;1183.38;0.0;
s07e02;tbbt_s07e02_d62067;forward;1193.6;1196.04;1193.77;1196.21;0.0;
s07e02;tbbt_s07e02_d62068;forward;1193.6;1196.04;1193.77;1196.21;0.0;
s07e02;tbbt_s07e02_d54230;forward;1200.94;1202.77;1201.11;1202.94;0.0;
s07e02;tbbt_s07e02_d54231;forward;1213.95;1218.12;1214.12;1218.29;0.0;
s07e02;tbbt_s07e02_d54232;forward;1246.98;1248.03;1247.15;1248.2;0.0;
s07e13;tbbt_s07e13_d46840;forward;4.28;9.77;4.28;9.77;0.0;
s07e13;tbbt_s07e13_d46844;forward;12.83;18.93;12.83;18.93;0.0;
s07e13;tbbt_s07e13_d46843;forward;16.49;21.98;16.49;21.98;0.0;
s07e13;tbbt_s07e13_d46841;forward;19.23;26.25;19.23;26.25;0.0;
s07e13;tbbt_s07e13_d46842;forward;42.42;47.0;42.42;47.0;0.0;
s07e13;tbbt_s07e13_d18750;forward;67.31;78.66;67.31;78.66;0.0;
s07e13;tbbt_s07e13_d18751;forward;85.28;96.62;85.28;96.62;0.0;
s07e13;tbbt_s07e13_d18752;forward;102.92;105.76;102.92;105.76;0.0;
s07e13;tbbt_s07e13_d18707;forward;126.53;129.06;126.53;129.06;0.0;
s07e13;tbbt_s07e13_d18708;forward;131.04;135.0;131.04;135.0;0.0;
s07e13;tbbt_s07e13_d18705;forward;131.76;134.1;131.76;134.1;0.0;
s07e13;tbbt_s07e13_d18709;forward;156.08;160.05;156.08;159.75;0.0;trimmed
s07e13;tbbt_s07e13_d18706;forward;158.42;160.05;158.42;159.75;0.0;trimmed
s07e13;tbbt_s07e13_d37850;forward;190.24;192.42;190.24;192.42;0.0;
s07e13;tbbt_s07e13_d37851;forward;210.4;232.11;210.4;232.11;0.0;
s07e13;tbbt_s07e13_d37852;forward;233.98;236.77;233.98;236.7;0.0;trimmed
s07e13;tbbt_s07e13_d37845;forward;242.01;244.11;242.01;244.11;0.0;
s07e13;tbbt_s07e13_d37848;forward;252.21;257.92;252.21;257.92;0.0;
s07e13;tbbt_s07e13_d37846;forward;253.72;260.62;253.72;260.62;0.0;
s07e13;tbbt_s07e13_d37847;forward;280.73;294.53;280.73;294.53;0.0;
s07e13;tbbt_s07e13_d37863;forward;307.91;312.34;307.91;312.34;0.0;
s07e13;tbbt_s07e13_d37860;forward;309.39;313.22;309.39;313.22;0.0;
s07e13;tbbt_s07e13_d37864;forward;320.6;329.16;320.6;329.16;0.0;
s07e13;tbbt_s07e13_d37861;forward;324.14;327.69;324.14;327.69;0.0;
s07e13;tbbt_s07e13_d37862;forward;347.16;351.59;347.16;351.59;0.0;
s07e13;tbbt_s07e13_d53140;forward;370.93;375.59;370.93;375.59;0.0;
s07e13;tbbt_s07e13_d53144;forward;374.04;376.83;374.04;376.83;0.0;
s07e13;tbbt_s07e13_d53141;forward;375.9;380.24;375.9;380.24;0.0;
s07e13;tbbt_s07e13_d53142;forward;386.75;391.09;386.75;391.09;0.0;
s07e13;tbbt_s07e13_d37870;forward;427.81;429.91;428.22;430.32;0.41;shifted
s07e13;tbbt_s07e13_d37873;forward;428.11;438.02;428.52;438.43;0.0;
s07e13;tbbt_s07e13_d37871;forward;435.32;436.82;435.73;437.23;0.0;
s07e13;tbbt_s07e13_d37872;forward;480.04;483.04;480.45;483.45;0.0;
s07e13;tbbt_s07e13_d24040;forward;483.01;485.91;483.42;486.32;0.0;
s07e13;tbbt_s07e13_d24043;forward;483.01;486.49;483.42;486.45;0.0;trimmed
s07e13;tbbt_s07e13_d24041;forward;517.24;519.57;517.65;519.77;0.0;trimmed
s07e13;tbbt_s07e13_d24042;forward;538.42;541.04;538.83;541.45;0.0;
s07e13;tbbt_s07e13_d24044;forward;538.42;541.04;538.83;541.45;0.0;
s07e13;tbbt_s07e13_d37881;forward;541.01;547.31;541.42;547.72;0.0;
s07e13;tbbt_s07e13_d37880;forward;561.42;565.02;561.83;565.43;0.0;
s07e13;tbbt_s07e13_d37882;forward;593.23;601.04;593.64;601.45;0.0;
s07e13;tbbt_s07e13_d37878;forward;601.01;612.0;601.42;612.41;0.0;
s07e13;tbbt_s07e13_d37875;forward;612.91;615.66;613.32;616.07;0.0;
s07e13;tbbt_s07e13_d37876;forward;614.74;618.4;615.15;618.81;0.0;
s07e13;tbbt_s07e13_d37877;forward;620.84;662.04;621.25;662.45;0.0;
s07e13;tbbt_s07e13_d37840;forward;687.39;690.64;687.8;691.05;0.0;
s07e13;tbbt_s07e13_d37841;forward;689.46;692.41;689.87;692.82;0.0;
s07e13;tbbt_s07e13_d37842;forward;715.13;718.38;715.54;718.79;0.0;
s07e13;tbbt_s07e13_d37835;forward;755.19;759.15;755.6;759.56;0.0;
s07e13;tbbt_s07e13_d37836;forward;763.42;775.94;763.83;776.35;0.0;
s07e13;tbbt_s07e13_d37839;forward;764.34;772.88;764.75;773.29;0.0;
s07e13;tbbt_s07e13_d37837;forward;780.82;782.04;781.23;782.45;0.0;
s07e13;tbbt_s07e13_d79993;forward;782.01;786.89;782.42;787.3;0.0;
s07e13;tbbt_s07e13_d79990;forward;782.93;786.28;783.34;786.69;0.0;
s07e13;tbbt_s07e13_d79994;forward;800.01;803.06;800.42;803.47;0.0;
s07e13;tbbt_s07e13_d79991;forward;800.62;807.03;801.03;807.44;0.0;
s07e13;tbbt_s07e13_d79992;forward;806.42;811.91;806.83;812.32;0.0;
s07e13;tbbt_s07e13_d87245;forward;910.72;912.06;911.13;912.47;0.0;
s07e13;tbbt_s07e13_d87248;forward;917.09;920.11;917.5;920.52;0.0;
s07e13;tbbt_s07e13_d87246;forward;955.96;961.33;956.37;961.74;0.0;
s07e13;tbbt_s07e13_d87249;forward;963.0;969.03;963.42;969.45;0.01;shifted
s07e13;tbbt_s07e13_d87247;forward;964.34;969.03;964.76;969.45;0.0;
s07e13;tbbt_s07e13_d79986;forward;969.01;979.81;969.43;980.23;0.0;
s07e13;tbbt_s07e13_d79988;forward;969.01;981.17;969.43;981.59;0.0;
s07e13;tbbt_s07e13_d79989;forward;1012.5;1015.2;1012.92;1015.62;0.0;
s07e13;tbbt_s07e13_d79985;forward;1012.77;1015.2;1013.19;1015.62;0.0;
s07e13;tbbt_s07e13_d79987;forward;1018.71;1022.76;1019.13;1023.18;0.0;
s07e13;tbbt_s07e13_d79978;forward;1023.01;1041.58;1023.43;1042.0;0.0;
s07e13;tbbt_s07e13_d79975;forward;1032.87;1036.07;1033.29;1036.49;0.0;
s07e13;tbbt_s07e13_d79976;forward;1042.45;1046.8;1042.87;1047.22;0.0;
s07e13;tbbt_s07e13_d79977;forward;1067.4;1070.3;1067.82;1070.72;0.0;
s07e13;tbbt_s07e13_d79982;forward;1097.79;1099.93;1098.21;1100.35;0.0;
s07e13;tbbt_s07e13_d79980;forward;1107.86;1109.69;1108.28;1110.11;0.0;
s07e13;tbbt_s07e13_d79981;forward;1120.68;1122.81;1121.1;1123.23;0.0;
s07e13;tbbt_s07e13_d79970;forward;1143.35;1149.72;1143.77;1150.14;0.0;
s07e13;tbbt_s07e13_d79973;forward;1143.69;1147.04;1144.11;1147.46;0.0;
s07e13;tbbt_s07e13_d79971;forward;1152.73;1156.42;1153.15;1156.84;0.0;
s07e13;tbbt_s07e13_d79974;forward;1153.07;1156.09;1153.49;1156.51;0.0;
s07e13;tbbt_s07e13_d79972;forward;1205.35;1209.03;1205.77;1209.45;0.0;
s08e04;tbbt_s08e04_d86685;forward;5.1;13.35;5.1;13.35;0.0;
s08e04;tbbt_s08e04_d86688;forward;28.36;32.11;28.36;32.11;0.0;
s08e04;tbbt_s08e04_d86686;forward;29.11;33.61;29.11;33.61;0.0;
s08e04;tbbt_s08e04_d86687;forward;49.37;58.74;49.37;58.74;0.0;
s08e04;tbbt_s08e04_d84453;forward;110.0;112.14;110.0;112.14;0.0;
s08e04;tbbt_s08e04_d84450;forward;125.87;129.53;125.87;129.53;0.0;
s08e04;tbbt_s08e04_d84451;forward;144.79;146.01;144.79;146.01;0.0;
s08e04;tbbt_s08e04_d84452;forward;156.69;159.43;156.69;159.43;0.0;
s08e04;tbbt_s08e04_d58100;forward;185.19;188.19;185.19;188.19;0.0;spans_mask
s08e04;tbbt_s08e04_d58103;forward;185.19;187.59;185.19;186.85;0.0;trimmed
s08e04;tbbt_s08e04_d58101;forward;189.39;195.4;189.39;195.4;0.0;
s08e04;tbbt_s08e04_d58102;forward;202.0;204.7;202.0;204.7;0.0;
s08e04;tbbt_s08e04_d58105;forward;225.71;227.24;225.71;227.24;0.0;
s08e04;tbbt_s08e04_d58106;forward;263.86;268.43;263.86;268.43;0.0;
s08e04;tbbt_s08e04_d58107;forward;278.81;281.25;278.81;281.25;0.0;
s08e04;tbbt_s08e04_d56243;forward;281.1;285.3;281.1;285.3;0.0;
s08e04;tbbt_s08e04_d56241;forward;282.0;285.9;282.0;285.9;0.0;
s08e04;tbbt_s08e04_d56244;forward;286.8;289.8;286.8;289.8;0.0;
s08e04;tbbt_s08e04_d56240;forward;287.1;288.6;287.1;288.6;0.0;
s08e04;tbbt_s08e04_d56242;forward;335.42;337.53;335.42;337.53;0.0;
s08e04;tbbt_s08e04_d58117;forward;349.0;359.33;349.0;359.08;0.0;trimmed
s08e04;tbbt_s08e04_d58115;forward;362.28;365.53;362.28;365.53;0.0;
s08e04;tbbt_s08e04_d58118;forward;362.57;366.71;362.57;366.71;0.0;
s08e04;tbbt_s08e04_d58116;forward;365.53;370.84;365.53;370.84;0.0;
s08e04;tbbt_s08e04_d58119;forward;382.64;386.18;382.64;386.18;0.0;
s08e04;tbbt_s08e04_d58120;forward;401.35;403.49;401.35;403.49;0.0;
s08e04;tbbt_s08e04_d58123;forward;421.49;424.24;421.49;424.24;0.0;
s08e04;tbbt_s08e04_d58121;forward;423.02;425.76;423.02;425.76;0.0;
s08e04;tbbt_s08e04_d58124;forward;433.39;438.58;433.39;438.58;0.0;
s08e04;tbbt_s08e04_d58122;forward;434.31;436.44;434.31;436.44;0.0;
s08e04;tbbt_s08e04_d58126;forward;467.58;474.19;467.58;474.19;0.0;
s08e04;tbbt_s08e04_d58127;forward;469.38;474.79;469.38;474.79;0.0;
s08e04;tbbt_s08e04_d58128;forward;478.99;483.79;478.99;483.79;0.0;
s08e04;tbbt_s08e04_d58125;forward;518.01;520.11;518.01;520.11;0.0;
s08e04;tbbt_s08e04_d58129;forward;518.01;519.51;518.01;519.51;0.0;
s08e04;tbbt_s08e04_d94230;forward;535.03;536.21;535.03;536.21;0.0;
s08e04;tbbt_s08e04_d94231;forward;540.93;542.99;540.93;542.99;0.0;
s08e04;tbbt_s08e04_d94233;forward;550.96;555.39;550.96;555.39;0.0;
s08e04;tbbt_s08e04_d94232;forward;569.26;573.98;569.26;573.98;0.0;
s08e04;tbbt_s08e04_d58055;forward;579.37;583.21;579.37;583.21;0.0;
s08e04;tbbt_s08e04_d58058;forward;581.92;584.8;581.92;584.8;0.0;
s08e04;tbbt_s08e04_d58056;forward;608.82;611.38;608.82;611.38;0.0;
s08e04;tbbt_s08e04_d58059;forward;611.07;612.99;611.07;612.99;0.0;
s08e04;tbbt_s08e04_d58057;forward;638.6;642.75;638.6;642.25;0.0;trimmed
s08e04;tbbt_s08e04_d58060;forward;643.24;663.77;643.57;664.1;0.33;shifted
s08e04;tbbt_s08e04_d58064;forward;653.5;657.21;653.83;657.54;0.0;
s08e04;tbbt_s08e04_d58063;forward;660.35;664.05;660.68;664.38;0.0;
s08e04;tbbt_s08e04_d58061;forward;663.2;678.88;663.53;679.21;0.0;
s08e04;tbbt_s08e04_d58062;forward;680.02;692.28;680.35;692.61;0.0;
s08e04;tbbt_s08e04_d16410;forward;700.23;703.18;700.56;703.51;0.0;
s08e04;tbbt_s08e04_d16414;forward;700.23;743.61;700.56;743.81;0.0;trimmed
s08e04;tbbt_s08e04_d16411;forward;740.07;742.43;740.4;742.76;0.0;
s08e04;tbbt_s08e04_d16412;forward;748.04;759.26;748.37;759.59;0.0;
s08e04;tbbt_s08e04_d8908;forward;759.27;774.08;759.6;774.16;0.0;trimmed
s08e04;tbbt_s08e04_d8905;forward;764.0;773.14;764.33;773.47;0.0;
s08e04;tbbt_s08e04_d8907;forward;780.39;789.52;780.72;789.85;0.0;
s08e04;tbbt_s08e04_d8906;forward;813.48;820.72;813.81;821.05;0.0;
s08e04;tbbt_s08e04_d8909;forward;815.68;819.78;816.01;820.11;0.0;
s08e04;tbbt_s08e04_d16400;forward;822.06;823.83;822.39;824.16;0.0;
s08e04;tbbt_s08e04_d16403;forward;835.34;837.11;835.67;837.44;0.0;
s08e04;tbbt_s08e04_d16404;forward;840.65;846.26;840.98;846.59;0.0;
s08e04;tbbt_s08e04_d16401;forward;850.98;852.46;851.31;852.69;0.0;trimmed
s08e04;tbbt_s08e04_d16402;forward;878.72;880.79;879.05;881.12;0.0;
s08e04;tbbt_s08e04_d16396;forward;923.26;930.05;923.59;930.38;0.0;
s08e04;tbbt_s08e04_d16398;forward;931.82;935.95;932.15;936.28;0.0;
s08e04;tbbt_s08e04_d16395;forward;932.41;940.09;932.74;940.42;0.0;
s08e04;tbbt_s08e04_d16397;forward;936.54;940.09;936.87;940.42;0.0;
s08e04;tbbt_s08e04_d16399;forward;936.84;939.5;937.17;939.83;0.0;
s08e04;tbbt_s08e04_d4063;forward;1000.11;1004.08;1000.44;1004.41;0.0;
s08e04;tbbt_s08e04_d4060;forward;1002.55;1005.91;1002.88;1006.24;0.0;
s08e04;tbbt_s08e04_d4061;forward;1018.11;1019.33;1018.44;1019.66;0.0;
s08e04;tbbt_s08e04_d4062;forward;1043.44;1046.19;1043.77;1046.52;0.0;
s08e04;tbbt_s08e04_d16422;forward;1060.7;1072.21;1061.19;1072.7;0.16;shifted
s08e04;tbbt_s08e04_d16420;forward;1071.63;1079.82;1072.12;1080.31;0.0;
s08e04;tbbt_s08e04_d16421;forward;1082.16;1086.46;1082.71;1087.01;0.06;shifted
s08e08;tbbt_s08e08_d66768;forward;1.83;5.05;3.38;6.6;1.55;shifted
s08e08;tbbt_s08e08_d66765;forward;3.21;6.43;4.76;7.98;0.0;
s08e08;tbbt_s08e08_d66766;forward;4.13;4.59;5.68;6.14;0.0;
s08e08;tbbt_s08e08_d66767;forward;6.89;91.11;8.44;91.66;0.0;trimmed
s08e08;tbbt_s08e08_d66769;forward;86.06;91.58;87.61;91.66;0.0;trimmed
s08e08;tbbt_s08e08_d83405;forward;125.53;126.14;127.08;127.69;0.0;
s08e08;tbbt_s08e08_d83406;forward;127.05;128.88;128.6;130.43;0.0;
s08e08;tbbt_s08e08_d83407;forward;145.06;150.24;146.61;151.79;0.0;
s08e08;tbbt_s08e08_d11681;forward;181.49;183.9;183.04;185.45;0.0;
s08e08;tbbt_s08e08_d11680;forward;193.2;198.0;194.75;199.55;0.0;
s08e08;tbbt_s08e08_d11682;forward;193.8;231.92;195.35;233.47;0.0;
s08e08;tbbt_s08e08_d11684;forward;194.1;199.8;195.65;201.35;0.0;
s08e08;tbbt_s08e08_d44400;forward;242.28;244.69;243.83;246.24;0.0;
s08e08;tbbt_s08e08_d44401;forward;264.19;265.7;265.74;267.25;0.0;
s08e08;tbbt_s08e08_d44402;forward;276.2;291.81;277.75;293.36;0.0;
s08e08;tbbt_s08e08_d55040;forward;303.16;304.66;304.71;306.21;0.0;
s08e08;tbbt_s08e08_d55041;forward;326.57;328.67;328.12;330.22;0.0;
s08e08;tbbt_s08e08_d55042;forward;338.57;341.27;340.12;342.82;0.0;
s08e08;tbbt_s08e08_d66115;forward;351.71;395.04;353.26;396.59;0.0;
s08e08;tbbt_s08e08_d66116;forward;366.36;369.41;367.91;370.96;0.0;
s08e08;tbbt_s08e08_d66117;forward;411.21;412.74;412.76;414.29;0.0;
s08e08;tbbt_s08e08_d54461;forward;412.66;418.27;414.21;419.82;0.0;
s08e08;tbbt_s08e08_d54462;forward;438.34;440.99;439.89;442.54;0.0;
s08e08;tbbt_s08e08_d54460;forward;446.01;451.62;447.56;453.17;0.0;
s08e08;tbbt_s08e08_d54550;forward;471.42;475.92;472.97;477.47;0.0;
s08e08;tbbt_s08e08_d54551;forward;489.43;498.13;490.98;499.68;0.0;
s08e08;tbbt_s08e08_d54553;forward;490.33;494.83;491.88;496.38;0.0;
s08e08;tbbt_s08e08_d54554;forward;503.83;509.84;505.38;511.39;0.0;
s08e08;tbbt_s08e08_d54552;forward;507.74;511.94;509.29;513.49;0.0;
s08e08;tbbt_s08e08_d11671;forward;547.67;566.29;549.89;568.51;0.67;shifted
s08e08;tbbt_s08e08_d11672;forward;569.35;572.39;571.57;574.61;0.0;
s08e08;tbbt_s08e08_d11670;forward;583.68;589.17;585.9;591.39;0.0;
s08e08;tbbt_s08e08_d11674;forward;583.99;588.57;586.21;590.79;0.0;
s08e08;tbbt_s08e08_d11635;forward;592.55;600.18;594.77;602.4;0.0;
s08e08;tbbt_s08e08_d11638;forward;596.52;601.4;598.74;603.62;0.0;
s08e08;tbbt_s08e08_d11636;forward;599.57;608.72;601.79;610.94;0.0;
s08e08;tbbt_s08e08_d11639;forward;620.01;622.45;622.23;624.67;0.0;
s08e08;tbbt_s08e08_d11637;forward;624.59;629.47;626.81;631.69;0.0;
s08e08;tbbt_s08e08_d11640;forward;658.4;659.9;660.62;662.12;0.0;
s08e08;tbbt_s08e08_d11643;forward;659.3;660.8;661.52;663.02;0.0;
s08e08;tbbt_s08e08_d11641;forward;667.41;670.71;669.93;673.23;0.3;shifted
s08e08;tbbt_s08e08_d11644;forward;697.12;706.72;699.64;709.24;0.0;
s08e08;tbbt_s08e08_d11642;forward;698.02;700.42;700.54;702.94;0.0;
s08e08;tbbt_s08e08_d75195;forward;715.24;718.72;717.96;721.44;0.2;shifted
s08e08;tbbt_s08e08_d75196;forward;720.17;722.78;722.89;725.5;0.0;
s08e08;tbbt_s08e08_d75197;forward;745.7;750.93;748.42;753.65;0.0;
s08e08;tbbt_s08e08_d75194;forward;777.59;781.19;780.31;783.91;0.0;
s08e08;tbbt_s08e08_d75193;forward;787.5;791.4;790.22;794.12;0.0;
s08e08;tbbt_s08e08_d75190;forward;788.1;791.1;790.82;793.82;0.0;
s08e08;tbbt_s08e08_d75191;forward;808.81;813.01;811.53;815.73;0.0;
s08e08;tbbt_s08e08_d75192;forward;828.62;830.42;831.34;833.14;0.0;
s08e08;tbbt_s08e08_d56528;forward;835.78;838.18;838.5;840.9;0.0;
s08e08;tbbt_s08e08_d56525;forward;836.08;838.48;838.8;841.2;0.0;
s08e08;tbbt_s08e08_d56526;forward;840.88;862.49;843.6;865.21;0.0;
s08e08;tbbt_s08e08_d56527;forward;877.8;883.8;880.52;886.52;0.0;
s08e08;tbbt_s08e08_d9757;forward;897.45;899.62;900.17;902.34;0.0;
s08e08;tbbt_s08e08_d9755;forward;908.0;909.86;910.72;912.58;0.0;
s08e08;tbbt_s08e08_d9756;forward;950.18;952.35;952.9;955.07;0.0;
s08e08;tbbt_s08e08_d9759;forward;950.8;952.35;953.52;955.07;0.0;
s08e08;tbbt_s08e08_d75136;forward;952.25;963.27;954.97;965.99;0.0;
s08e08;tbbt_s08e08_d75137;forward;961.24;967.34;963.96;970.06;0.0;
s08e08;tbbt_s08e08_d75138;forward;965.31;967.34;968.03;970.06;0.0;
s08e08;tbbt_s08e08_d75135;forward;1003.31;1010.28;1006.03;1013.0;0.0;
s08e08;tbbt_s08e08_d75139;forward;1003.31;1010.28;1006.03;1013.0;0.0;
s08e08;tbbt_s08e08_d56510;forward;1013.35;1019.65;1016.07;1022.37;0.0;
s08e08;tbbt_s08e08_d56511;forward;1019.97;1025.96;1022.69;1028.68;0.0;
s08e08;tbbt_s08e08_d56512;forward;1055.58;1073.23;1058.3;1075.95;0.0;
s08e08;tbbt_s08e08_d93500;forward;1104.42;1111.46;1107.14;1114.18;0.0;
s08e08;tbbt_s08e08_d93501;forward;1114.98;1118.83;1117.7;1121.55;0.0;
s08e08;tbbt_s08e08_d93504;forward;1133.56;1137.07;1136.52;1140.03;0.24;shifted
s08e08;tbbt_s08e08_d93502;forward;1133.88;1137.07;1136.84;1140.03;0.0;
s08e08;tbbt_s08e08_d75124;forward;1136.7;1139.94;1139.66;1142.9;0.0;
s08e08;tbbt_s08e08_d75120;forward;1137.96;1140.12;1140.92;1143.08;0.0;
s08e08;tbbt_s08e08_d75122;forward;1142.28;1146.61;1145.24;1149.57;0.0;
s08e08;tbbt_s08e08_d75123;forward;1142.46;1145.71;1145.42;1148.67;0.0;
s08e08;tbbt_s08e08_d75121;forward;1149.31;1150.93;1152.27;1153.89;0.0;
s09e12;tbbt_s09e12_d56268;forward;1.68;5.95;3.37;7.64;1.69;shifted
s09e12;tbbt_s09e12_d56265;forward;5.04;18.16;6.73;19.85;0.0;
s09e12;tbbt_s09e12_d56266;forward;22.12;26.7;23.81;28.39;0.0;
s09e12;tbbt_s09e12_d56267;forward;55.38;62.71;57.07;64.4;0.0;
s09e12;tbbt_s09e12_d53160;forward;62.34;65.64;64.03;67.33;0.0;
s09e12;tbbt_s09e12_d53163;forward;65.2;68.72;66.89;70.41;0.0;
s09e12;tbbt_s09e12_d53161;forward;83.69;90.08;85.38;91.77;0.0;
s09e12;tbbt_s09e12_d53164;forward;98.22;100.42;99.91;102.11;0.0;
s09e12;tbbt_s09e12_d53162;forward;101.52;106.36;103.21;105.62;0.0;trimmed
s09e12;tbbt_s09e12_d61848;forward;132.41;137.69;134.1;139.38;0.0;
s09e12;tbbt_s09e12_d61846;forward;133.34;135.51;135.03;137.2;0.0;
s09e12;tbbt_s09e12_d61847;forward;136.13;138.62;137.82;140.31;0.0;
s09e12;tbbt_s09e12_d61849;forward;140.48;153.19;142.17;154.88;0.0;
s09e12;tbbt_s09e12_d61850;forward;188.88;197.88;190.57;199.57;0.0;
s09e12;tbbt_s09e12_d61851;forward;204.4;209.35;206.09;211.04;0.0;
s09e12;tbbt_s09e12_d61853;forward;213.07;214.62;214.76;215.08;0.0;trimmed
s09e12;tbbt_s09e12_d61852;forward;221.76;226.1;223.45;227.79;0.0;
s09e12;tbbt_s09e12_d61837;forward;250.98;253.83;252.67;255.52;0.0;
s09e12;tbbt_s09e12_d61838;forward;250.98;253.26;252.67;254.95;0.0;
s09e12;tbbt_s09e12_d61839;forward;301.16;305.15;302.85;306.84;0.0;
s09e12;tbbt_s09e12_d61835;forward;301.45;306.58;303.14;308.27;0.0;
s09e12;tbbt_s09e12_d61836;forward;306.01;308.0;307.7;309.69;0.0;
s09e12;tbbt_s09e12_d61840;forward;308.0;311.6;309.69;313.29;0.0;
s09e12;tbbt_s09e12_d61843;forward;316.7;322.41;318.39;324.1;0.0;
s09e12;tbbt_s09e12_d61844;forward;330.21;333.81;331.9;335.5;0.0;
s09e12;tbbt_s09e12_d61841;forward;331.11;335.91;332.8;337.6;0.0;
s09e12;tbbt_s09e12_d61842;forward;360.82;368.03;362.51;369.72;0.0;
s09e12;tbbt_s09e12_d61825;forward;371.22;376.41;372.91;378.1;0.0;
s09e12;tbbt_s09e12_d61826;forward;404.18;409.06;405.87;410.75;0.0;
s09e12;tbbt_s09e12_d61827;forward;413.94;423.09;415.63;424.78;0.0;
s09e12;tbbt_s09e12_d61830;forward;428.96;432.32;430.65;434.01;0.0;
s09e12;tbbt_s09e12_d61831;forward;434.45;435.98;436.14;437.67;0.0;
s09e12;tbbt_s09e12_d61833;forward;462.83;470.15;464.52;471.84;0.0;
s09e12;tbbt_s09e12_d61832;forward;472.9;474.73;474.59;476.42;0.0;
s09e12;tbbt_s09e12_d61834;forward;473.82;478.09;475.51;479.78;0.0;
s09e12;tbbt_s09e12_d61815;forward;493.3;499.49;494.99;501.18;0.0;
s09e12;tbbt_s09e12_d61818;forward;496.25;499.49;497.94;501.18;0.0;
s09e12;tbbt_s09e12_d61816;forward;510.41;524.29;512.1;525.98;0.0;
s09e12;tbbt_s09e12_d61819;forward;520.45;524.28;522.14;525.97;0.0;
s09e12;tbbt_s09e12_d61817;forward;526.06;530.19;527.75;531.88;0.0;
s09e12;tbbt_s09e12_d61820;forward;549.43;556.45;551.12;558.14;0.0;
s09e12;tbbt_s09e12_d61821;forward;562.86;569.26;564.55;570.95;0.0;
s09e12;tbbt_s09e12_d61822;forward;603.13;610.46;604.82;612.15;0.0;spans_mask
s09e12;tbbt_s09e12_d61810;forward;613.88;615.04;615.57;616.73;0.0;
s09e12;tbbt_s09e12_d61814;forward;630.42;632.45;632.11;634.14;0.0;
s09e12;tbbt_s09e12_d61811;forward;647.25;659.43;648.94;661.12;0.0;spans_mask
s09e12;tbbt_s09e12_d61812;forward;661.46;666.68;663.15;668.37;0.0;
s09e12;tbbt_s09e12_d96202;forward;674.66;678.26;676.35;679.95;0.0;
s09e12;tbbt_s09e12_d96200;forward;696.27;700.17;697.96;701.86;0.0;
s09e12;tbbt_s09e12_d96201;forward;713.38;721.48;715.07;723.17;0.0;
s09e12;tbbt_s09e12_d96204;forward;719.08;721.18;720.77;722.87;0.0;
s09e12;tbbt_s09e12_d20160;forward;743.66;758.24;745.35;758.82;0.0;trimmed
s09e12;tbbt_s09e12_d20163;forward;744.6;747.08;746.29;748.77;0.0;
s09e12;tbbt_s09e12_d20161;forward;762.27;770.96;763.96;772.65;0.0;
s09e12;tbbt_s09e12_d20164;forward;763.21;767.24;764.9;768.93;0.0;
s09e12;tbbt_s09e12_d20162;forward;786.77;790.5;788.46;792.19;0.0;
s09e12;tbbt_s09e12_d20155;forward;790.28;792.89;791.97;794.58;0.0;
s09e12;tbbt_s09e12_d20156;forward;809.43;815.23;811.12;816.92;0.0;
s09e12;tbbt_s09e12_d20157;forward;816.68;821.03;818.37;822.72;0.0;
s09e12;tbbt_s09e12_d20170;forward;865.69;866.59;867.38;868.28;0.0;
s09e12;tbbt_s09e12_d20172;forward;882.5;887.0;884.19;888.69;0.0;
s09e12;tbbt_s09e12_d20171;forward;894.2;897.2;895.89;898.89;0.0;
s09e12;tbbt_s09e12_d20166;forward;908.46;911.46;910.15;913.15;0.0;
s09e12;tbbt_s09e12_d20165;forward;913.26;917.76;914.95;919.45;0.0;
s09e12;tbbt_s09e12_d20167;forward;919.56;923.77;921.25;925.46;0.0;spans_mask
s09e12;tbbt_s09e12_d20168;forward;929.17;934.27;930.86;935.96;0.0;
s09e12;tbbt_s09e12_d20180;forward;970.46;973.2;972.15;974.89;0.0;spans_mask
s09e12;tbbt_s09e12_d20181;forward;977.17;982.36;978.86;984.05;0.0;
s09e12;tbbt_s09e12_d20183;forward;980.83;984.19;982.52;985.88;0.0;
s09e12;tbbt_s09e12_d20184;forward;1018.67;1026.91;1020.36;1028.6;0.0;
s09e12;tbbt_s09e12_d20182;forward;1024.47;1027.82;1026.16;1029.51;0.0;
s09e12;tbbt_s09e12_d20179;forward;1035.99;1042.75;1037.68;1044.44;0.0;spans_mask
s09e12;tbbt_s09e12_d20175;forward;1040.5;1043.25;1042.19;1044.94;0.0;
s09e12;tbbt_s09e12_d20176;forward;1052.75;1060.5;1054.44;1062.19;0.0;
s09e12;tbbt_s09e12_d20177;forward;1073.51;1079.51;1075.2;1080.91;0.0;trimmed
s09e22;tbbt_s09e22_d66900;forward;5.14;9.1;5.14;9.1;0.0;
s09e22;tbbt_s09e22_d66903;forward;9.71;13.99;9.71;13.99;0.0;
s09e22;tbbt_s09e22_d66901;forward;13.68;18.26;13.68;18.26;0.0;
s09e22;tbbt_s09e22_d66902;forward;42.67;44.81;42.67;44.81;0.0;
s09e22;tbbt_s09e22_d25014;forward;62.23;67.37;62.23;67.37;0.0;
s09e22;tbbt_s09e22_d25012;forward;63.81;66.18;63.81;66.18;0.0;
s09e22;tbbt_s09e22_d25010;forward;70.53;71.32;70.53;71.32;0.0;
s09e22;tbbt_s09e22_d25011;forward;71.71;72.9;71.71;72.9;0.0;
s09e22;tbbt_s09e22_d25013;forward;95.02;99.37;95.02;99.37;0.0;
s09e22;tbbt_s09e22_d78975;forward;167.42;170.57;167.42;170.57;0.0;
s09e22;tbbt_s09e22_d78978;forward;171.2;173.41;171.2;173.41;0.0;
s09e22;tbbt_s09e22_d78976;forward;192.32;197.36;192.32;197.36;0.0;
s09e22;tbbt_s09e22_d78977;forward;211.86;214.7;211.86;214.7;0.0;
s09e22;tbbt_s09e22_d78979;forward;219.11;224.15;219.11;224.15;0.0;
s09e22;tbbt_s09e22_d78970;forward;224.25;230.63;224.25;230.63;0.0;
s09e22;tbbt_s09e22_d78973;forward;245.14;250.07;245.14;250.07;0.0;
s09e22;tbbt_s09e22_d78971;forward;247.46;252.68;247.46;251.6;0.0;trimmed
s09e22;tbbt_s09e22_d78972;forward;255.0;259.36;255.0;259.36;0.0;
s09e22;tbbt_s09e22_d49335;forward;282.15;288.66;282.15;288.66;0.0;
s09e22;tbbt_s09e22_d49336;forward;308.2;312.85;308.2;312.85;0.0;
s09e22;tbbt_s09e22_d49339;forward;308.2;312.54;308.2;312.54;0.0;
s09e22;tbbt_s09e22_d49337;forward;315.96;320.61;315.96;320.61;0.0;
s09e22;tbbt_s09e22_d78960;forward;344.02;346.63;344.02;346.63;0.0;
s09e22;tbbt_s09e22_d78961;forward;359.99;369.26;359.99;369.26;0.0;
s09e22;tbbt_s09e22_d78963;forward;366.07;370.43;366.07;370.43;0.0;
s09e22;tbbt_s09e22_d78964;forward;374.77;379.71;374.77;379.71;0.0;
s09e22;tbbt_s09e22_d78962;forward;375.36;377.96;375.36;377.96;0.0;
s09e22;tbbt_s09e22_d78990;forward;464.96;468.01;464.96;468.01;0.0;spans_mask
s09e22;tbbt_s09e22_d78991;forward;469.23;474.12;469.23;474.12;0.0;
s09e22;tbbt_s09e22_d78994;forward;509.51;524.16;509.51;524.16;0.0;
s09e22;tbbt_s09e22_d78992;forward;516.22;522.94;516.22;522.94;0.0;
s09e22;tbbt_s09e22_d78985;forward;524.08;527.03;524.08;527.03;0.0;
s09e22;tbbt_s09e22_d78988;forward;524.08;528.51;524.08;528.51;0.0;
s09e22;tbbt_s09e22_d78986;forward;532.05;533.52;532.05;533.52;0.0;
s09e22;tbbt_s09e22_d78987;forward;559.79;563.33;559.79;563.33;0.0;
s09e22;tbbt_s09e22_d37715;forward;585.55;587.95;585.55;587.95;0.0;
s09e22;tbbt_s09e22_d37719;forward;585.55;587.95;585.55;587.95;0.0;
s09e22;tbbt_s09e22_d37716;forward;626.97;633.57;626.97;633.57;0.0;
s09e22;tbbt_s09e22_d37717;forward;632.07;634.77;632.07;634.77;0.0;
s09e22;tbbt_s09e22_d79010;forward;642.98;646.23;642.98;646.23;0.0;
s09e22;tbbt_s09e22_d79011;forward;668.07;671.9;668.07;671.49;0.0;trimmed
s09e22;tbbt_s09e22_d79012;forward;677.81;681.05;677.81;681.05;0.0;
s09e22;tbbt_s09e22_d79005;forward;701.98;706.48;701.98;706.48;0.0;
s09e22;tbbt_s09e22_d79008;forward;713.69;716.09;713.69;716.09;0.0;
s09e22;tbbt_s09e22_d79006;forward;715.19;716.99;715.19;716.99;0.0;
s09e22;tbbt_s09e22_d79007;forward;733.19;738.0;733.19;738.0;0.0;
s09e22;tbbt_s09e22_d34110;forward;761.97;765.33;761.97;765.33;0.0;
s09e22;tbbt_s09e22_d34113;forward;764.41;766.55;764.41;766.55;0.0;
s09e22;tbbt_s09e22_d34111;forward;765.33;772.96;765.33;772.96;0.0;
s09e22;tbbt_s09e22_d34112;forward;816.9;823.0;816.9;823.0;0.0;
s09e22;tbbt_s09e22_d34115;forward;825.95;829.2;825.95;829.2;0.0;
s09e22;tbbt_s09e22_d34118;forward;825.95;828.31;825.95;828.31;0.0;
s09e22;tbbt_s09e22_d34119;forward;828.31;830.67;828.31;830.67;0.0;
s09e22;tbbt_s09e22_d34116;forward;838.64;848.97;838.64;848.97;0.0;
s09e22;tbbt_s09e22_d34117;forward;855.76;860.19;855.76;860.19;0.0;
s09e22;tbbt_s09e22_d34120;forward;881.97;887.16;881.97;887.16;0.0;
s09e22;tbbt_s09e22_d34123;forward;892.04;906.69;892.04;905.98;0.0;trimmed
s09e22;tbbt_s09e22_d34121;forward;895.7;901.19;895.7;901.19;0.0;
s09e22;tbbt_s09e22_d34122;forward;910.04;914.31;910.04;914.31;0.0;
s09e22;tbbt_s09e22_d34125;forward;943.15;958.76;943.15;958.76;0.0;
s09e22;tbbt_s09e22_d34126;forward;971.97;975.57;971.97;975.57;0.0;
s09e22;tbbt_s09e22_d34127;forward;1000.49;1002.59;1000.49;1002.59;0.0;
s09e22;tbbt_s09e22_d34130;forward;1011.19;1014.8;1011.19;1014.8;0.0;
s09e22;tbbt_s09e22_d34134;forward;1011.79;1015.7;1011.79;1015.7;0.0;
s09e22;tbbt_s09e22_d34131;forward;1050.21;1052.91;1050.21;1052.91;0.0;
s09e22;tbbt_s09e22_d34132;forward;1055.61;1060.12;1055.61;1060.12;0.0;
s09e22;tbbt_s09e22_d34133;forward;1055.91;1060.42;1055.91;1060.42;0.0;
s09e22;tbbt_s09e22_d34135;forward;1066.44;1070.64;1066.44;1070.64;0.0;
s09e22;tbbt_s09e22_d34139;forward;1079.65;1082.95;1079.65;1082.95;0.0;
s09e22;tbbt_s09e22_d34136;forward;1080.85;1083.55;1080.85;1083.55;0.0;
s09e22;tbbt_s09e22_d34137;forward;1104.56;1108.46;1104.56;1108.46;0.0;
s09e22;tbbt_s09e22_d34140;forward;1124.7;1127.16;1124.7;1127.16;0.0;
s09e22;tbbt_s09e22_d34141;forward;1132.49;1135.77;1132.49;1135.77;0.0;
s09e22;tbbt_s09e22_d34143;forward;1132.7;1164.28;1132.7;1164.28;0.0;
s09e22;tbbt_s09e22_d34144;forward;1134.54;1138.85;1134.54;1138.85;0.0;
s09e22;tbbt_s09e22_d34142;forward;1142.95;1146.85;1142.95;1146.85;0.0;
