desc_id;desc;fragment;video_file;start;end;relevant
79981;Leonard grabs Penny by the arms and walks her back a few steps, while standing in the living room in front of Sheldon.;s07e13_132;tbbt_s07e13.mp4;1139.42;1151.40;
83407;Bernadette touches a red dress that Amy is holding up as they stand in front of the blue couch.;s08e04_123;tbbt_s08e04.mp4;1042.29;1050.11;
291;Amy and Bernadette look at a bird on the couch, then turn to Sheldon standing in the doorway with crossed arms.;s06e01_017;tbbt_s06e01.mp4;218.77;232.13;
18709;Penny happily jumps toward Leonard on the sofa to give him a hug.;s08e08_051;tbbt_s08e08.mp4;364.91;371.04;
9411;A shot of the laptop screen, where Amy reaches forward and presses a button that shuts the video off.;s06e24_080;tbbt_s06e24.mp4;742.87;753.00;
6010003;Howard, in a green polo shirt and cap, pushes off from one wall to the opposite one, as he floats through the space station.;s06e01_037;tbbt_s06e01.mp4;393.42;401.15;
291;Amy and Bernadette look at a bird on the couch, then turn to Sheldon standing in the doorway with crossed arms.;s08e04_028;tbbt_s08e04.mp4;238.53;242.88;
80591;Leonard walks to the door, lets in Howard holding a CD and Raj, who is wearing a red hat.;s03e15_122;tbbt_s03e15.mp4;1147.03;1159.28;
16404;Bernadette, in a blue floral dress, reaches out and holds Howard's hand to comfort him while they are eating dinner.;s04e12_010;tbbt_s04e12.mp4;109.42;121.34;
296;Sheldon, with a bird on his arm, picks up a cup from a table near the sofa and offers it to the bird, which takes it.;s04e12_072;tbbt_s04e12.mp4;646.56;656.03;
55040;Raj, in a red and blue track jacket, presses his palms together and taps his fingers excitedly, smiling on the couch.;s02e21_023;tbbt_s02e21.mp4;206.58;210.96;
82961;Penny, in a red blouse, and Leonard both look down while sitting on the couch and Penny puts her hand on his shoulder.;s03e19_079;tbbt_s03e19.mp4;608.32;615.11;
3022;Penny pulls back the shower curtain and climbs inside the shower.;s02e13_085;tbbt_s02e13.mp4;927.72;936.00;
11690;Amy and Bernadette are sitting on Penny's bed on a pile of clothes when Penny comes out of her bathroom in a green dress.;s08e08_016;tbbt_s08e08.mp4;141.22;151.32;
11659;Leonard, in a black suit, comes into the apartment and slams the door, then Howard looks at his watch.;s02e01_109;tbbt_s02e01.mp4;1081.52;1087.00;
3385;A man floats across the International Space Station behind Howard at the laptop.;s06e01_069;tbbt_s06e01.mp4;743.68;757.96;
37856;Penny sits beside Sheldon on the couch with a bowl in her hand and covers herself with the blanket.;s03e15_040;tbbt_s03e15.mp4;293.34;307.59;
79981;Leonard grabs Penny by the arms and walks her back a few steps, while standing in the living room in front of Sheldon.;s01e01_049;tbbt_s01e01.mp4;509.21;522.81;
51045;Sheldon quickly drinks his whole drink while holding a red straw, then makes a happy face, at the bar.;s03e15_021;tbbt_s03e15.mp4;138.56;148.44;
79981;Leonard grabs Penny by the arms and walks her back a few steps, while standing in the living room in front of Sheldon.;s07e13_018;tbbt_s07e13.mp4;205.31;217.38;
29596;Sheldon, in green plaid pajamas, slumps from the headrest of the armchair down into the chair and makes a shushing gesture.;s02e01_103;tbbt_s02e01.mp4;1053.84;1056.97;
58103;Sheldon, in a grey shirt, hands Amy, in a purple sweater next to him, food wrapped in foil.;s03e19_094;tbbt_s03e19.mp4;691.98;696.86;
62276;Sheldon walks up and flips the light switch to turn off the lights in the laundry room.;s01e06_013;tbbt_s01e06.mp4;170.33;183.12;
11656;Sheldon lays down some cards in a couple of places on the table while playing a card game with bored Raj and Howard.;s05e13_025;tbbt_s05e13.mp4;277.28;289.65;
13987;The robotic hand drops the small package into Penny's hand, which she holds out expectantly.;s07e13_045;tbbt_s07e13.mp4;428.22;442.75;
4060;A wide shot of Stuart, Howard and Bernadette sitting down together in a cozy, antique-filled living room.;s01e06_052;tbbt_s01e06.mp4;570.20;584.62;
79007;A shot of Sheldon standing at the kitchen island in front of a row of toast, while Bernadette sits across from him.;s09e22_042;tbbt_s09e22.mp4;496.75;508.23;
11644;Penny, in a red dress, rests her arms on Leonard's shoulder while smiling at him, as Amy, in a blue dress, stands at the doorway.;s03e19_111;tbbt_s03e19.mp4;824.20;830.79;
3366;Raj lifts up his foot above the table at the canteen to show Sheldon and Leonard that he's wearing sandals.;s02e13_005;tbbt_s02e13.mp4;50.13;63.84;
13987;The robotic hand drops the small package into Penny's hand, which she holds out expectantly.;s09e22_039;tbbt_s09e22.mp4;466.59;477.27;
84012;Sheldon, in a purple shirt with black sleeves, suddenly moves his body while sitting on the couch and starts to clap as he is singing a song.;s04e12_020;tbbt_s04e12.mp4;200.41;207.46;
11679;Leonard, in a black suit, is looking at his computer while talking to his friends, who are playing a board game at the glass table.;s02e21_049;tbbt_s02e21.mp4;425.72;433.29;
79007;A shot of Sheldon standing at the kitchen island in front of a row of toast, while Bernadette sits across from him.;s06e07_098;tbbt_s06e07.mp4;955.83;967.76;
42301;Sheldon, standing in front of a bookcase, near the window with drapes, dials a number on his cell phone.;s03e15_031;tbbt_s03e15.mp4;218.12;231.81;
11644;Penny, in a red dress, rests her arms on Leonard's shoulder while smiling at him, as Amy, in a blue dress, stands at the doorway.;s02e01_131;tbbt_s02e01.mp4;1266.07;1280.15;
51045;Sheldon quickly drinks his whole drink while holding a red straw, then makes a happy face, at the bar.;s02e13_100;tbbt_s02e13.mp4;1027.46;1037.12;
7725;Penny, standing, leans forward and looks at Sheldon, who is sitting on the couch, with her hands on her knees.;s03e19_093;tbbt_s03e19.mp4;688.56;691.98;
18709;Penny happily jumps toward Leonard on the sofa to give him a hug.;s02e13_028;tbbt_s02e13.mp4;287.48;301.63;
62276;Sheldon walks up and flips the light switch to turn off the lights in the laundry room.;s03e19_169;tbbt_s03e19.mp4;1172.13;1178.01;
18709;Penny happily jumps toward Leonard on the sofa to give him a hug.;s02e13_026;tbbt_s02e13.mp4;259.15;273.31;
55040;Raj, in a red and blue track jacket, presses his palms together and taps his fingers excitedly, smiling on the couch.;s05e13_037;tbbt_s05e13.mp4;380.55;388.18;
296;Sheldon, with a bird on his arm, picks up a cup from a table near the sofa and offers it to the bird, which takes it.;s05e09_113;tbbt_s05e09.mp4;975.77;987.57;
13987;The robotic hand drops the small package into Penny's hand, which she holds out expectantly.;s05e13_090;tbbt_s05e13.mp4;936.73;947.42;
3385;A man floats across the International Space Station behind Howard at the laptop.;s06e01_071;tbbt_s06e01.mp4;772.25;786.54;
45195;Sheldon reaches for his wallet in his jacket pocket while sitting at the restaurant with Amy.;s06e01_051;tbbt_s06e01.mp4;503.33;517.17;
79987;Sheldon stands with one arm stretched straight up and the other arm down at his side, bending his body backward, looking around, uncomfortable.;s03e19_127;tbbt_s03e19.mp4;917.25;924.47;
96015;Leonard and Raj slowly walk through a doorway into a clinic pulling a robotic arm that is attached, underneath a blanket, to Howard.;s01e01_020;tbbt_s01e01.mp4;182.08;193.77;
3366;Raj lifts up his foot above the table at the canteen to show Sheldon and Leonard that he's wearing sandals.;s02e21_050;tbbt_s02e21.mp4;433.29;440.86;
82961;Penny, in a red blouse, and Leonard both look down while sitting on the couch and Penny puts her hand on his shoulder.;s03e15_046;tbbt_s03e15.mp4;378.84;389.51;
79987;Sheldon stands with one arm stretched straight up and the other arm down at his side, bending his body backward, looking around, uncomfortable.;s05e09_016;tbbt_s05e09.mp4;112.32;118.37;
3394;Bernadette adjusts her glasses when she's talking to Howard online.;s07e13_058;tbbt_s07e13.mp4;552.47;556.43;
51045;Sheldon quickly drinks his whole drink while holding a red straw, then makes a happy face, at the bar.;s06e07_085;tbbt_s06e07.mp4;804.12;818.78;
3394;Bernadette adjusts her glasses when she's talking to Howard online.;s06e07_067;tbbt_s06e07.mp4;622.37;635.93;
80591;Leonard walks to the door, lets in Howard holding a CD and Raj, who is wearing a red hat.;s06e07_083;tbbt_s06e07.mp4;785.83;794.30;
3366;Raj lifts up his foot above the table at the canteen to show Sheldon and Leonard that he's wearing sandals.;s08e08_010;tbbt_s08e08.mp4;85.17;91.66;
79981;Leonard grabs Penny by the arms and walks her back a few steps, while standing in the living room in front of Sheldon.;s02e21_054;tbbt_s02e21.mp4;473.68;485.65;
83407;Bernadette touches a red dress that Amy is holding up as they stand in front of the blue couch.;s08e08_019;tbbt_s08e08.mp4;162.20;168.54;
296;Sheldon, with a bird on his arm, picks up a cup from a table near the sofa and offers it to the bird, which takes it.;s05e09_096;tbbt_s05e09.mp4;805.22;811.77;
46843;Penny puts her wine glass on the table and gets down on one knee in front of Leonard.;s08e04_104;tbbt_s08e04.mp4;828.83;836.75;
84012;Sheldon, in a purple shirt with black sleeves, suddenly moves his body while sitting on the couch and starts to clap as he is singing a song.;s04e12_040;tbbt_s04e12.mp4;385.09;397.61;
53286;Leonard, in a red robe, looks at the ground and blinks a couple of times, then takes the money from Sheldon's hand.;s04e12_063;tbbt_s04e12.mp4;574.07;586.59;
7725;Penny, standing, leans forward and looks at Sheldon, who is sitting on the couch, with her hands on her knees.;s01e06_092;tbbt_s01e06.mp4;1020.56;1028.19;
84012;Sheldon, in a purple shirt with black sleeves, suddenly moves his body while sitting on the couch and starts to clap as he is singing a song.;s09e22_028;tbbt_s09e22.mp4;333.11;346.60;
291;Amy and Bernadette look at a bird on the couch, then turn to Sheldon standing in the doorway with crossed arms.;s04e01_004;tbbt_s04e01.mp4;39.33;50.63;
80227;Leonard, in a costume, closes his front door quickly and locks it.;s07e13_007;tbbt_s07e13.mp4;71.07;83.08;
46843;Penny puts her wine glass on the table and gets down on one knee in front of Leonard.;s09e22_035;tbbt_s09e22.mp4;413.52;426.79;
46843;Penny puts her wine glass on the table and gets down on one knee in front of Leonard.;s05e13_042;tbbt_s05e13.mp4;417.14;431.25;
80587;Leonard and Sheldon grab bottles from the kitchen island, then Sheldon sits on the couch while Leonard leans against the wall, still talking.;s04e12_030;tbbt_s04e12.mp4;300.26;304.68;
80591;Leonard walks to the door, lets in Howard holding a CD and Raj, who is wearing a red hat.;s01e06_048;tbbt_s01e06.mp4;512.51;526.93;
3366;Raj lifts up his foot above the table at the canteen to show Sheldon and Leonard that he's wearing sandals.;s06e01_024;tbbt_s06e01.mp4;292.63;299.63;
96015;Leonard and Raj slowly walk through a doorway into a clinic pulling a robotic arm that is attached, underneath a blanket, to Howard.;s02e13_061;tbbt_s02e13.mp4;700.41;710.63;
291;Amy and Bernadette look at a bird on the couch, then turn to Sheldon standing in the doorway with crossed arms.;s02e21_111;tbbt_s02e21.mp4;1040.94;1055.10;
79987;Sheldon stands with one arm stretched straight up and the other arm down at his side, bending his body backward, looking around, uncomfortable.;s06e24_074;tbbt_s06e24.mp4;690.11;696.65;
91631;Sheldon enters the bar and sits on a stool in front of Penny, with a snack lying on the bar counter.;s09e22_003;tbbt_s09e22.mp4;16.60;25.80;
16404;Bernadette, in a blue floral dress, reaches out and holds Howard's hand to comfort him while they are eating dinner.;s06e24_067;tbbt_s06e24.mp4;615.99;624.65;
3394;Bernadette adjusts her glasses when she's talking to Howard online.;s06e07_061;tbbt_s06e07.mp4;540.99;554.55;
79007;A shot of Sheldon standing at the kitchen island in front of a row of toast, while Bernadette sits across from him.;s08e08_024;tbbt_s08e08.mp4;191.32;195.40;
79987;Sheldon stands with one arm stretched straight up and the other arm down at his side, bending his body backward, looking around, uncomfortable.;s05e13_085;tbbt_s05e13.mp4;896.81;901.02;
46843;Penny puts her wine glass on the table and gets down on one knee in front of Leonard.;s05e09_107;tbbt_s05e09.mp4;892.35;906.26;
45195;Sheldon reaches for his wallet in his jacket pocket while sitting at the restaurant with Amy.;s06e07_098;tbbt_s06e07.mp4;955.83;967.76;
55040;Raj, in a red and blue track jacket, presses his palms together and taps his fingers excitedly, smiling on the couch.;s03e19_028;tbbt_s03e19.mp4;214.05;219.93;
80596;Sheldon, in plaid pants, slides to his spot on the couch after Penny gets up.;s02e01_125;tbbt_s02e01.mp4;1193.28;1205.66;
3372;Penny wipes the cream off the spatula with a tissue.;s06e07_045;tbbt_s06e07.mp4;404.70;414.87;
11656;Sheldon lays down some cards in a couple of places on the table while playing a card game with bored Raj and Howard.;s02e13_002;tbbt_s02e13.mp4;12.53;25.07;
80227;Leonard, in a costume, closes his front door quickly and locks it.;s07e13_009;tbbt_s07e13.mp4;89.26;102.85;
62276;Sheldon walks up and flips the light switch to turn off the lights in the laundry room.;s07e13_017;tbbt_s07e13.mp4;193.24;205.31;
55040;Raj, in a red and blue track jacket, presses his palms together and taps his fingers excitedly, smiling on the couch.;s04e12_125;tbbt_s04e12.mp4;1039.58;1044.46;
11656;Sheldon lays down some cards in a couple of places on the table while playing a card game with bored Raj and Howard.;s03e19_143;tbbt_s03e19.mp4;1005.00;1015.38;
28861;While Penny, Amy, and Bernadette are unboxing something, Leonard knocks on Penny's opened door.;s05e13_117;tbbt_s05e13.mp4;1183.18;1190.44;
28861;While Penny, Amy, and Bernadette are unboxing something, Leonard knocks on Penny's opened door.;s06e07_084;tbbt_s06e07.mp4;794.30;804.12;
88802;A bartender hands Raj a mint green drink and Leonard a beer bottle, at the bar.;s02e21_070;tbbt_s02e21.mp4;579.64;588.34;
84012;Sheldon, in a purple shirt with black sleeves, suddenly moves his body while sitting on the couch and starts to clap as he is singing a song.;s04e12_113;tbbt_s04e12.mp4;954.87;959.12;
38099;Raj jumps into the apartment wearing a Flash costume.;s01e06_015;tbbt_s01e06.mp4;195.91;208.70;
96015;Leonard and Raj slowly walk through a doorway into a clinic pulling a robotic arm that is attached, underneath a blanket, to Howard.;s04e01_081;tbbt_s04e01.mp4;769.35;777.24;
15762;Lucy puts aside an orange napkin and rushes away from the table where Amy and Raj are sitting.;s09e22_059;tbbt_s09e22.mp4;727.52;741.09;
15762;Lucy puts aside an orange napkin and rushes away from the table where Amy and Raj are sitting.;s09e22_057;tbbt_s09e22.mp4;700.16;713.84;
296;Sheldon, with a bird on his arm, picks up a cup from a table near the sofa and offers it to the bird, which takes it.;s05e09_009;tbbt_s05e09.mp4;77.45;81.37;
38099;Raj jumps into the apartment wearing a Flash costume.;s05e09_082;tbbt_s05e09.mp4;657.03;669.73;
55040;Raj, in a red and blue track jacket, presses his palms together and taps his fingers excitedly, smiling on the couch.;s03e19_017;tbbt_s03e19.mp4;129.30;137.51;
62276;Sheldon walks up and flips the light switch to turn off the lights in the laundry room.;s08e08_080;tbbt_s08e08.mp4;575.16;582.12;
38416;Penny sits in the back seat and shrugs her shoulders twice as they all drive in a car.;s04e01_072;tbbt_s04e01.mp4;714.42;721.89;
80227;Leonard, in a costume, closes his front door quickly and locks it.;s01e06_019;tbbt_s01e06.mp4;249.46;263.16;
37856;Penny sits beside Sheldon on the couch with a bowl in her hand and covers herself with the blanket.;s02e21_093;tbbt_s02e21.mp4;855.90;866.95;
80227;Leonard, in a costume, closes his front door quickly and locks it.;s01e06_105;tbbt_s01e06.mp4;1166.79;1171.71;
46843;Penny puts her wine glass on the table and gets down on one knee in front of Leonard.;s05e09_073;tbbt_s05e09.mp4;543.31;557.77;
38416;Penny sits in the back seat and shrugs her shoulders twice as they all drive in a car.;s06e24_114;tbbt_s06e24.mp4;973.76;985.80;
19965;Penny looks up and winks at someone, making a finger gun gesture.;s05e13_109;tbbt_s05e13.mp4;1118.87;1125.96;
3366;Raj lifts up his foot above the table at the canteen to show Sheldon and Leonard that he's wearing sandals.;s04e12_004;tbbt_s04e12.mp4;44.02;57.72;
29607;Leonard leaves Penny's apartment door to go inside his apartment and looks up at the camera.;s02e21_040;tbbt_s02e21.mp4;348.72;361.69;
86431;Penny catches Leonard and Sheldon staring at her from the hallway.;s02e21_034;tbbt_s02e21.mp4;272.48;285.19;
79981;Leonard grabs Penny by the arms and walks her back a few steps, while standing in the living room in front of Sheldon.;s05e13_088;tbbt_s05e13.mp4;916.16;926.42;
11690;Amy and Bernadette are sitting on Penny's bed on a pile of clothes when Penny comes out of her bathroom in a green dress.;s08e08_019;tbbt_s08e08.mp4;162.20;168.54;
3370;Penny applies white cream with a spatula on Amy's face between her lip and her nose.;s06e01_016;tbbt_s06e01.mp4;205.41;218.77;
55040;Raj, in a red and blue track jacket, presses his palms together and taps his fingers excitedly, smiling on the couch.;s09e22_025;tbbt_s09e22.mp4;291.81;304.76;
42301;Sheldon, standing in front of a bookcase, near the window with drapes, dials a number on his cell phone.;s09e22_025;tbbt_s09e22.mp4;291.81;304.76;
79987;Sheldon stands with one arm stretched straight up and the other arm down at his side, bending his body backward, looking around, uncomfortable.;s05e09_017;tbbt_s05e09.mp4;118.37;124.75;
96016;The nurse takes off her glasses, walks over and looks underneath Howard's purple blanket.;s04e01_121;tbbt_s04e01.mp4;1154.53;1159.16;
82961;Penny, in a red blouse, and Leonard both look down while sitting on the couch and Penny puts her hand on his shoulder.;s02e21_098;tbbt_s02e21.mp4;905.13;916.65;
11679;Leonard, in a black suit, is looking at his computer while talking to his friends, who are playing a board game at the glass table.;s02e21_104;tbbt_s02e21.mp4;960.75;974.92;
28861;While Penny, Amy, and Bernadette are unboxing something, Leonard knocks on Penny's opened door.;s06e24_136;tbbt_s06e24.mp4;1166.29;1175.81;
51045;Sheldon quickly drinks his whole drink while holding a red straw, then makes a happy face, at the bar.;s02e13_112;tbbt_s02e13.mp4;1156.65;1159.99;
96016;The nurse takes off her glasses, walks over and looks underneath Howard's purple blanket.;s04e01_083;tbbt_s04e01.mp4;783.66;789.00;
11659;Leonard, in a black suit, comes into the apartment and slams the door, then Howard looks at his watch.;s09e22_071;tbbt_s09e22.mp4;892.42;907.28;
16404;Bernadette, in a blue floral dress, reaches out and holds Howard's hand to comfort him while they are eating dinner.;s06e01_038;tbbt_s06e01.mp4;401.15;413.20;
37856;Penny sits beside Sheldon on the couch with a bowl in her hand and covers herself with the blanket.;s08e08_041;tbbt_s08e08.mp4;303.30;307.56;
42301;Sheldon, standing in front of a bookcase, near the window with drapes, dials a number on his cell phone.;s04e12_063;tbbt_s04e12.mp4;574.07;586.59;
11656;Sheldon lays down some cards in a couple of places on the table while playing a card game with bored Raj and Howard.;s03e15_003;tbbt_s03e15.mp4;17.64;25.32;
11659;Leonard, in a black suit, comes into the apartment and slams the door, then Howard looks at his watch.;s02e21_052;tbbt_s02e21.mp4;450.24;461.96;
4060;A wide shot of Stuart, Howard and Bernadette sitting down together in a cozy, antique-filled living room.;s04e12_035;tbbt_s04e12.mp4;348.17;358.90;
11690;Amy and Bernadette are sitting on Penny's bed on a pile of clothes when Penny comes out of her bathroom in a green dress.;s03e19_014;tbbt_s03e19.mp4;90.38;94.28;
3022;Penny pulls back the shower curtain and climbs inside the shower.;s03e15_117;tbbt_s03e15.mp4;1076.83;1091.62;
15762;Lucy puts aside an orange napkin and rushes away from the table where Amy and Raj are sitting.;s06e24_008;tbbt_s06e24.mp4;52.01;65.57;
46843;Penny puts her wine glass on the table and gets down on one knee in front of Leonard.;s08e04_081;tbbt_s08e04.mp4;606.61;611.99;
82961;Penny, in a red blouse, and Leonard both look down while sitting on the couch and Penny puts her hand on his shoulder.;s03e19_111;tbbt_s03e19.mp4;824.20;830.79;
11644;Penny, in a red dress, rests her arms on Leonard's shoulder while smiling at him, as Amy, in a blue dress, stands at the doorway.;s08e08_104;tbbt_s08e08.mp4;803.89;816.40;
3372;Penny wipes the cream off the spatula with a tissue.;s06e24_031;tbbt_s06e24.mp4;303.20;317.40;
15751;Raj, while holding a beer bottle, reaches out and slaps Leonard on the back while he eats his food.;s09e22_005;tbbt_s09e22.mp4;34.99;38.04;
40031;Leonard and Penny kiss in the hall and a camera on the wall watches them.;s09e22_039;tbbt_s09e22.mp4;466.59;477.27;
79007;A shot of Sheldon standing at the kitchen island in front of a row of toast, while Bernadette sits across from him.;s02e13_103;tbbt_s02e13.mp4;1060.89;1072.49;
3372;Penny wipes the cream off the spatula with a tissue.;s09e22_009;tbbt_s09e22.mp4;82.71;97.60;
82961;Penny, in a red blouse, and Leonard both look down while sitting on the couch and Penny puts her hand on his shoulder.;s06e01_060;tbbt_s06e01.mp4;625.97;638.50;
42301;Sheldon, standing in front of a bookcase, near the window with drapes, dials a number on his cell phone.;s08e08_052;tbbt_s08e08.mp4;371.04;375.04;
6010003;Howard, in a green polo shirt and cap, pushes off from one wall to the opposite one, as he floats through the space station.;s06e01_067;tbbt_s06e01.mp4;715.10;729.39;
11679;Leonard, in a black suit, is looking at his computer while talking to his friends, who are playing a board game at the glass table.;s02e21_081;tbbt_s02e21.mp4;709.71;712.79;
3022;Penny pulls back the shower curtain and climbs inside the shower.;s01e01_102;tbbt_s01e01.mp4;906.20;909.83;
96015;Leonard and Raj slowly walk through a doorway into a clinic pulling a robotic arm that is attached, underneath a blanket, to Howard.;s07e13_006;tbbt_s07e13.mp4;59.05;71.07;
86431;Penny catches Leonard and Sheldon staring at her from the hallway.;s04e01_125;tbbt_s04e01.mp4;1180.00;1192.09;
42301;Sheldon, standing in front of a bookcase, near the window with drapes, dials a number on his cell phone.;s05e13_033;tbbt_s05e13.mp4;358.32;363.74;
51045;Sheldon quickly drinks his whole drink while holding a red straw, then makes a happy face, at the bar.;s01e06_057;tbbt_s01e06.mp4;642.30;656.72;
11679;Leonard, in a black suit, is looking at his computer while talking to his friends, who are playing a board game at the glass table.;s02e21_082;tbbt_s02e21.mp4;712.79;724.93;
13987;The robotic hand drops the small package into Penny's hand, which she holds out expectantly.;s04e01_019;tbbt_s04e01.mp4;167.97;176.47;
3022;Penny pulls back the shower curtain and climbs inside the shower.;s07e13_045;tbbt_s07e13.mp4;428.22;442.75;
28861;While Penny, Amy, and Bernadette are unboxing something, Leonard knocks on Penny's opened door.;s03e15_048;tbbt_s03e15.mp4;400.19;410.87;
3366;Raj lifts up his foot above the table at the canteen to show Sheldon and Leonard that he's wearing sandals.;s04e12_072;tbbt_s04e12.mp4;646.56;656.03;
86431;Penny catches Leonard and Sheldon staring at her from the hallway.;s01e01_037;tbbt_s01e01.mp4;334.79;348.52;
11679;Leonard, in a black suit, is looking at his computer while talking to his friends, who are playing a board game at the glass table.;s02e21_066;tbbt_s02e21.mp4;548.88;559.52;
38099;Raj jumps into the apartment wearing a Flash costume.;s03e19_046;tbbt_s03e19.mp4;378.99;391.74;
3394;Bernadette adjusts her glasses when she's talking to Howard online.;s06e07_108;tbbt_s06e07.mp4;1041.79;1045.25;
11659;Leonard, in a black suit, comes into the apartment and slams the door, then Howard looks at his watch.;s05e13_035;tbbt_s05e13.mp4;368.08;372.83;
19960;Raj raises his beer and then takes a sip of it, at the bowling lane.;s03e19_145;tbbt_s03e19.mp4;1025.75;1036.12;
3385;A man floats across the International Space Station behind Howard at the laptop.;s06e01_110;tbbt_s06e01.mp4;1199.87;1206.58;
55040;Raj, in a red and blue track jacket, presses his palms together and taps his fingers excitedly, smiling on the couch.;s05e13_040;tbbt_s05e13.mp4;398.61;403.04;
51045;Sheldon quickly drinks his whole drink while holding a red straw, then makes a happy face, at the bar.;s08e04_004;tbbt_s08e04.mp4;38.33;48.72;
13987;The robotic hand drops the small package into Penny's hand, which she holds out expectantly.;s08e04_048;tbbt_s08e04.mp4;414.00;419.59;
38416;Penny sits in the back seat and shrugs her shoulders twice as they all drive in a car.;s04e01_075;tbbt_s04e01.mp4;736.69;740.74;
5090003;The bird flies into the apartment through the open window.;s05e09_009;tbbt_s05e09.mp4;77.45;81.37;
37856;Penny sits beside Sheldon on the couch with a bowl in her hand and covers herself with the blanket.;s03e15_130;tbbt_s03e15.mp4;1211.71;1222.66;
3372;Penny wipes the cream off the spatula with a tissue.;s06e24_056;tbbt_s06e24.mp4;540.44;549.67;
11679;Leonard, in a black suit, is looking at his computer while talking to his friends, who are playing a board game at the glass table.;s06e07_044;tbbt_s06e07.mp4;394.53;404.70;
79987;Sheldon stands with one arm stretched straight up and the other arm down at his side, bending his body backward, looking around, uncomfortable.;s04e01_053;tbbt_s04e01.mp4;512.97;527.53;
28861;While Penny, Amy, and Bernadette are unboxing something, Leonard knocks on Penny's opened door.;s01e01_120;tbbt_s01e01.mp4;1109.00;1122.29;
16404;Bernadette, in a blue floral dress, reaches out and holds Howard's hand to comfort him while they are eating dinner.;s02e01_032;tbbt_s02e01.mp4;311.27;323.92;
11679;Leonard, in a black suit, is looking at his computer while talking to his friends, who are playing a board game at the glass table.;s02e21_084;tbbt_s02e21.mp4;734.90;744.18;
79007;A shot of Sheldon standing at the kitchen island in front of a row of toast, while Bernadette sits across from him.;s09e22_060;tbbt_s09e22.mp4;741.09;753.34;
11659;Leonard, in a black suit, comes into the apartment and slams the door, then Howard looks at his watch.;s01e01_091;tbbt_s01e01.mp4;831.58;835.96;
38416;Penny sits in the back seat and shrugs her shoulders twice as they all drive in a car.;s01e01_109;tbbt_s01e01.mp4;980.18;993.49;
11679;Leonard, in a black suit, is looking at his computer while talking to his friends, who are playing a board game at the glass table.;s05e13_059;tbbt_s05e13.mp4;639.76;650.88;
34121;Howard, while in the bathroom with Leonard, goes to the sink and washes his hands.;s02e21_048;tbbt_s02e21.mp4;412.45;425.72;
33248;Sheldon is being clipped in by the instructor to climb the wall.;s02e13_088;tbbt_s02e13.mp4;947.28;951.95;
29607;Leonard leaves Penny's apartment door to go inside his apartment and looks up at the camera.;s03e15_118;tbbt_s03e15.mp4;1091.62;1106.41;
7725;Penny, standing, leans forward and looks at Sheldon, who is sitting on the couch, with her hands on her knees.;s09e22_077;tbbt_s09e22.mp4;978.42;992.64;
3394;Bernadette adjusts her glasses when she's talking to Howard online.;s08e04_103;tbbt_s08e04.mp4;820.90;828.83;
11656;Sheldon lays down some cards in a couple of places on the table while playing a card game with bored Raj and Howard.;s05e13_040;tbbt_s05e13.mp4;398.61;403.04;
6010003;Howard, in a green polo shirt and cap, pushes off from one wall to the opposite one, as he floats through the space station.;s06e01_073;tbbt_s06e01.mp4;791.96;796.46;
3394;Bernadette adjusts her glasses when she's talking to Howard online.;s06e07_056;tbbt_s06e07.mp4;500.75;506.71;
3022;Penny pulls back the shower curtain and climbs inside the shower.;s08e08_130;tbbt_s08e08.mp4;1069.65;1078.41;
45195;Sheldon reaches for his wallet in his jacket pocket while sitting at the restaurant with Amy.;s06e01_090;tbbt_s06e01.mp4;1012.77;1027.05;
42301;Sheldon, standing in front of a bookcase, near the window with drapes, dials a number on his cell phone.;s02e01_113;tbbt_s02e01.mp4;1120.62;1129.84;
62276;Sheldon walks up and flips the light switch to turn off the lights in the laundry room.;s01e06_085;tbbt_s01e06.mp4;963.21;972.35;
53286;Leonard, in a red robe, looks at the ground and blinks a couple of times, then takes the money from Sheldon's hand.;s08e08_005;tbbt_s08e08.mp4;41.33;54.43;
38416;Penny sits in the back seat and shrugs her shoulders twice as they all drive in a car.;s04e01_057;tbbt_s04e01.mp4;556.28;566.93;
29596;Sheldon, in green plaid pajamas, slumps from the headrest of the armchair down into the chair and makes a shushing gesture.;s05e13_072;tbbt_s05e13.mp4;815.66;825.87;
296;Sheldon, with a bird on his arm, picks up a cup from a table near the sofa and offers it to the bird, which takes it.;s05e09_095;tbbt_s05e09.mp4;799.92;805.22;
7130004;A shot of a busy multi-lane highway with cars driving in both directions, trees lining the roadside.;s06e24_017;tbbt_s06e24.mp4;135.76;146.02;
37856;Penny sits beside Sheldon on the couch with a bowl in her hand and covers herself with the blanket.;s08e04_123;tbbt_s08e04.mp4;1042.29;1050.11;
13987;The robotic hand drops the small package into Penny's hand, which she holds out expectantly.;s08e04_042;tbbt_s08e04.mp4;383.93;389.89;
13987;The robotic hand drops the small package into Penny's hand, which she holds out expectantly.;s08e08_118;tbbt_s08e08.mp4;952.86;965.22;
80591;Leonard walks to the door, lets in Howard holding a CD and Raj, who is wearing a red hat.;s02e21_104;tbbt_s02e21.mp4;960.75;974.92;
3366;Raj lifts up his foot above the table at the canteen to show Sheldon and Leonard that he's wearing sandals.;s03e15_067;tbbt_s03e15.mp4;594.09;602.94;
96016;The nurse takes off her glasses, walks over and looks underneath Howard's purple blanket.;s02e21_124;tbbt_s02e21.mp4;1155.61;1159.20;
82961;Penny, in a red blouse, and Leonard both look down while sitting on the couch and Penny puts her hand on his shoulder.;s08e04_116;tbbt_s08e04.mp4;962.34;975.66;
84012;Sheldon, in a purple shirt with black sleeves, suddenly moves his body while sitting on the couch and starts to clap as he is singing a song.;s04e12_147;tbbt_s04e12.mp4;1217.11;1225.27;
11690;Amy and Bernadette are sitting on Penny's bed on a pile of clothes when Penny comes out of her bathroom in a green dress.;s02e21_124;tbbt_s02e21.mp4;1155.61;1159.20;
80227;Leonard, in a costume, closes his front door quickly and locks it.;s07e13_017;tbbt_s07e13.mp4;193.24;205.31;
16404;Bernadette, in a blue floral dress, reaches out and holds Howard's hand to comfort him while they are eating dinner.;s06e07_062;tbbt_s06e07.mp4;554.55;568.12;
62276;Sheldon walks up and flips the light switch to turn off the lights in the laundry room.;s05e13_007;tbbt_s05e13.mp4;65.84;79.64;
3394;Bernadette adjusts her glasses when she's talking to Howard online.;s06e01_085;tbbt_s06e01.mp4;941.39;955.67;
80587;Leonard and Sheldon grab bottles from the kitchen island, then Sheldon sits on the couch while Leonard leans against the wall, still talking.;s02e21_007;tbbt_s02e21.mp4;57.02;71.22;
3366;Raj lifts up his foot above the table at the canteen to show Sheldon and Leonard that he's wearing sandals.;s03e15_070;tbbt_s03e15.mp4;610.69;621.43;
7725;Penny, standing, leans forward and looks at Sheldon, who is sitting on the couch, with her hands on her knees.;s08e08_051;tbbt_s08e08.mp4;364.91;371.04;
11656;Sheldon lays down some cards in a couple of places on the table while playing a card game with bored Raj and Howard.;s03e15_070;tbbt_s03e15.mp4;610.69;621.43;
3394;Bernadette adjusts her glasses when she's talking to Howard online.;s08e08_045;tbbt_s08e08.mp4;328.09;335.58;
80587;Leonard and Sheldon grab bottles from the kitchen island, then Sheldon sits on the couch while Leonard leans against the wall, still talking.;s02e21_006;tbbt_s02e21.mp4;42.81;57.02;
53286;Leonard, in a red robe, looks at the ground and blinks a couple of times, then takes the money from Sheldon's hand.;s04e12_067;tbbt_s04e12.mp4;607.19;615.16;
296;Sheldon, with a bird on his arm, picks up a cup from a table near the sofa and offers it to the bird, which takes it.;s03e15_104;tbbt_s03e15.mp4;933.27;947.03;
11659;Leonard, in a black suit, comes into the apartment and slams the door, then Howard looks at his watch.;s05e09_031;tbbt_s05e09.mp4;221.68;228.23;
55040;Raj, in a red and blue track jacket, presses his palms together and taps his fingers excitedly, smiling on the couch.;s08e04_116;tbbt_s08e04.mp4;962.34;975.66;
46843;Penny puts her wine glass on the table and gets down on one knee in front of Leonard.;s08e04_103;tbbt_s08e04.mp4;820.90;828.83;
96016;The nurse takes off her glasses, walks over and looks underneath Howard's purple blanket.;s05e13_061;tbbt_s05e13.mp4;665.87;679.60;
9411;A shot of the laptop screen, where Amy reaches forward and presses a button that shuts the video off.;s06e01_048;tbbt_s06e01.mp4;472.06;481.19;
19960;Raj raises his beer and then takes a sip of it, at the bowling lane.;s03e19_141;tbbt_s03e19.mp4;995.95;1000.92;
83407;Bernadette touches a red dress that Amy is holding up as they stand in front of the blue couch.;s08e08_140;tbbt_s08e08.mp4;1134.13;1142.52;
5090003;The bird flies into the apartment through the open window.;s05e09_121;tbbt_s05e09.mp4;1079.27;1093.43;
84012;Sheldon, in a purple shirt with black sleeves, suddenly moves his body while sitting on the couch and starts to clap as he is singing a song.;s04e01_039;tbbt_s04e01.mp4;359.61;373.46;
46843;Penny puts her wine glass on the table and gets down on one knee in front of Leonard.;s09e22_044;tbbt_s09e22.mp4;521.58;534.93;
79987;Sheldon stands with one arm stretched straight up and the other arm down at his side, bending his body backward, looking around, uncomfortable.;s08e08_108;tbbt_s08e08.mp4;846.22;857.15;
18709;Penny happily jumps toward Leonard on the sofa to give him a hug.;s07e13_013;tbbt_s07e13.mp4;128.34;138.81;
79987;Sheldon stands with one arm stretched straight up and the other arm down at his side, bending his body backward, looking around, uncomfortable.;s05e13_078;tbbt_s05e13.mp4;849.85;855.52;
42301;Sheldon, standing in front of a bookcase, near the window with drapes, dials a number on his cell phone.;s03e19_174;tbbt_s03e19.mp4;1200.29;1212.72;
3370;Penny applies white cream with a spatula on Amy's face between her lip and her nose.;s08e04_055;tbbt_s08e04.mp4;452.62;459.79;
11656;Sheldon lays down some cards in a couple of places on the table while playing a card game with bored Raj and Howard.;s04e12_035;tbbt_s04e12.mp4;348.17;358.90;
13987;The robotic hand drops the small package into Penny's hand, which she holds out expectantly.;s06e07_103;tbbt_s06e07.mp4;1006.05;1015.10;
79981;Leonard grabs Penny by the arms and walks her back a few steps, while standing in the living room in front of Sheldon.;s09e22_027;tbbt_s09e22.mp4;319.61;333.11;
6010003;Howard, in a green polo shirt and cap, pushes off from one wall to the opposite one, as he floats through the space station.;s06e01_065;tbbt_s06e01.mp4;686.53;700.82;
7130004;A shot of a busy multi-lane highway with cars driving in both directions, trees lining the roadside.;s07e13_076;tbbt_s07e13.mp4;676.97;682.64;
19965;Penny looks up and winks at someone, making a finger gun gesture.;s08e04_053;tbbt_s08e04.mp4;443.07;447.28;
6010003;Howard, in a green polo shirt and cap, pushes off from one wall to the opposite one, as he floats through the space station.;s06e01_070;tbbt_s06e01.mp4;757.96;772.25;
84012;Sheldon, in a purple shirt with black sleeves, suddenly moves his body while sitting on the couch and starts to clap as he is singing a song.;s04e12_029;tbbt_s04e12.mp4;294.00;300.26;
4060;A wide shot of Stuart, Howard and Bernadette sitting down together in a cozy, antique-filled living room.;s06e24_100;tbbt_s06e24.mp4;868.76;879.92;
83407;Bernadette touches a red dress that Amy is holding up as they stand in front of the blue couch.;s08e08_015;tbbt_s08e08.mp4;134.76;141.22;
3022;Penny pulls back the shower curtain and climbs inside the shower.;s05e13_024;tbbt_s05e13.mp4;263.80;277.28;
38416;Penny sits in the back seat and shrugs her shoulders twice as they all drive in a car.;s07e13_138;tbbt_s07e13.mp4;1199.71;1214.20;
40031;Leonard and Penny kiss in the hall and a camera on the wall watches them.;s06e01_061;tbbt_s06e01.mp4;638.50;651.02;
11659;Leonard, in a black suit, comes into the apartment and slams the door, then Howard looks at his watch.;s02e21_045;tbbt_s02e21.mp4;390.43;395.60;
28861;While Penny, Amy, and Bernadette are unboxing something, Leonard knocks on Penny's opened door.;s05e09_004;tbbt_s05e09.mp4;29.64;42.23;
29607;Leonard leaves Penny's apartment door to go inside his apartment and looks up at the camera.;s02e21_041;tbbt_s02e21.mp4;361.69;374.67;
3370;Penny applies white cream with a spatula on Amy's face between her lip and her nose.;s08e08_026;tbbt_s08e08.mp4;201.24;206.91;
3366;Raj lifts up his foot above the table at the canteen to show Sheldon and Leonard that he's wearing sandals.;s02e13_002;tbbt_s02e13.mp4;12.53;25.07;
9411;A shot of the laptop screen, where Amy reaches forward and presses a button that shuts the video off.;s06e01_113;tbbt_s06e01.mp4;1215.38;1221.51;
18709;Penny happily jumps toward Leonard on the sofa to give him a hug.;s01e06_095;tbbt_s01e06.mp4;1050.54;1065.26;
3370;Penny applies white cream with a spatula on Amy's face between her lip and her nose.;s08e08_024;tbbt_s08e08.mp4;191.32;195.40;
3370;Penny applies white cream with a spatula on Amy's face between her lip and her nose.;s08e08_065;tbbt_s08e08.mp4;469.39;473.35;
3372;Penny wipes the cream off the spatula with a tissue.;s08e08_026;tbbt_s08e08.mp4;201.24;206.91;
11659;Leonard, in a black suit, comes into the apartment and slams the door, then Howard looks at his watch.;s02e01_023;tbbt_s02e01.mp4;189.94;201.53;
33248;Sheldon is being clipped in by the instructor to climb the wall.;s02e13_083;tbbt_s02e13.mp4;906.86;914.08;
3022;Penny pulls back the shower curtain and climbs inside the shower.;s05e13_126;tbbt_s05e13.mp4;1245.29;1252.29;
84012;Sheldon, in a purple shirt with black sleeves, suddenly moves his body while sitting on the couch and starts to clap as he is singing a song.;s01e06_039;tbbt_s01e06.mp4;422.21;426.47;
62276;Sheldon walks up and flips the light switch to turn off the lights in the laundry room.;s02e21_129;tbbt_s02e21.mp4;1185.42;1199.66;
78581;Howard is struggling to take a black bowling ball from the tray.;s03e19_148;tbbt_s03e19.mp4;1044.25;1049.55;
96016;The nurse takes off her glasses, walks over and looks underneath Howard's purple blanket.;s04e01_084;tbbt_s04e01.mp4;789.00;795.42;
11679;Leonard, in a black suit, is looking at his computer while talking to his friends, who are playing a board game at the glass table.;s02e21_075;tbbt_s02e21.mp4;636.09;650.05;
79987;Sheldon stands with one arm stretched straight up and the other arm down at his side, bending his body backward, looking around, uncomfortable.;s01e01_125;tbbt_s01e01.mp4;1160.98;1174.42;
291;Amy and Bernadette look at a bird on the couch, then turn to Sheldon standing in the doorway with crossed arms.;s04e12_135;tbbt_s04e12.mp4;1107.52;1120.76;
40031;Leonard and Penny kiss in the hall and a camera on the wall watches them.;s07e13_090;tbbt_s07e13.mp4;782.57;790.75;
18709;Penny happily jumps toward Leonard on the sofa to give him a hug.;s08e04_123;tbbt_s08e04.mp4;1042.29;1050.11;
291;Amy and Bernadette look at a bird on the couch, then turn to Sheldon standing in the doorway with crossed arms.;s05e09_097;tbbt_s05e09.mp4;811.77;820.07;
18709;Penny happily jumps toward Leonard on the sofa to give him a hug.;s06e07_106;tbbt_s06e07.mp4;1022.19;1031.99;
58103;Sheldon, in a grey shirt, hands Amy, in a purple sweater next to him, food wrapped in foil.;s04e01_009;tbbt_s04e01.mp4;88.25;95.47;
78581;Howard is struggling to take a black bowling ball from the tray.;s03e15_042;tbbt_s03e15.mp4;321.84;336.09;
45195;Sheldon reaches for his wallet in his jacket pocket while sitting at the restaurant with Amy.;s06e01_052;tbbt_s06e01.mp4;517.17;531.00;
79981;Leonard grabs Penny by the arms and walks her back a few steps, while standing in the living room in front of Sheldon.;s04e12_084;tbbt_s04e12.mp4;715.92;722.80;
11690;Amy and Bernadette are sitting on Penny's bed on a pile of clothes when Penny comes out of her bathroom in a green dress.;s05e13_023;tbbt_s05e13.mp4;251.62;263.80;
38099;Raj jumps into the apartment wearing a Flash costume.;s01e06_017;tbbt_s01e06.mp4;221.49;234.28;
11656;Sheldon lays down some cards in a couple of places on the table while playing a card game with bored Raj and Howard.;s05e13_059;tbbt_s05e13.mp4;639.76;650.88;
96015;Leonard and Raj slowly walk through a doorway into a clinic pulling a robotic arm that is attached, underneath a blanket, to Howard.;s02e21_052;tbbt_s02e21.mp4;450.24;461.96;
37856;Penny sits beside Sheldon on the couch with a bowl in her hand and covers herself with the blanket.;s08e08_040;tbbt_s08e08.mp4;294.79;303.30;
80587;Leonard and Sheldon grab bottles from the kitchen island, then Sheldon sits on the couch while Leonard leans against the wall, still talking.;s02e13_101;tbbt_s02e13.mp4;1037.12;1049.01;
11659;Leonard, in a black suit, comes into the apartment and slams the door, then Howard looks at his watch.;s08e04_065;tbbt_s08e04.mp4;513.20;521.52;
7725;Penny, standing, leans forward and looks at Sheldon, who is sitting on the couch, with her hands on her knees.;s02e21_096;tbbt_s02e21.mp4;882.09;893.61;
38099;Raj jumps into the apartment wearing a Flash costume.;s01e06_016;tbbt_s01e06.mp4;208.70;221.49;
11679;Leonard, in a black suit, is looking at his computer while talking to his friends, who are playing a board game at the glass table.;s08e08_087;tbbt_s08e08.mp4;623.37;635.05;
91631;Sheldon enters the bar and sits on a stool in front of Penny, with a snack lying on the bar counter.;s06e07_100;tbbt_s06e07.mp4;979.69;991.62;
62276;Sheldon walks up and flips the light switch to turn off the lights in the laundry room.;s07e13_009;tbbt_s07e13.mp4;89.26;102.85;
37856;Penny sits beside Sheldon on the couch with a bowl in her hand and covers herself with the blanket.;s03e15_125;tbbt_s03e15.mp4;1168.29;1179.43;
88802;A bartender hands Raj a mint green drink and Leonard a beer bottle, at the bar.;s02e21_080;tbbt_s02e21.mp4;705.91;709.71;
28861;While Penny, Amy, and Bernadette are unboxing something, Leonard knocks on Penny's opened door.;s05e09_006;tbbt_s05e09.mp4;54.81;67.40;
15751;Raj, while holding a beer bottle, reaches out and slaps Leonard on the back while he eats his food.;s09e22_046;tbbt_s09e22.mp4;548.28;561.63;
42301;Sheldon, standing in front of a bookcase, near the window with drapes, dials a number on his cell phone.;s08e08_057;tbbt_s08e08.mp4;396.90;406.07;
83407;Bernadette touches a red dress that Amy is holding up as they stand in front of the blue couch.;s08e08_092;tbbt_s08e08.mp4;682.14;689.61;
15751;Raj, while holding a beer bottle, reaches out and slaps Leonard on the back while he eats his food.;s04e12_022;tbbt_s04e12.mp4;211.79;222.47;
291;Amy and Bernadette look at a bird on the couch, then turn to Sheldon standing in the doorway with crossed arms.;s05e09_113;tbbt_s05e09.mp4;975.77;987.57;
96015;Leonard and Raj slowly walk through a doorway into a clinic pulling a robotic arm that is attached, underneath a blanket, to Howard.;s04e01_110;tbbt_s04e01.mp4;1084.25;1087.59;
34121;Howard, while in the bathroom with Leonard, goes to the sink and washes his hands.;s08e04_055;tbbt_s08e04.mp4;452.62;459.79;
79981;Leonard grabs Penny by the arms and walks her back a few steps, while standing in the living room in front of Sheldon.;s08e04_123;tbbt_s08e04.mp4;1042.29;1050.11;
79987;Sheldon stands with one arm stretched straight up and the other arm down at his side, bending his body backward, looking around, uncomfortable.;s03e19_133;tbbt_s03e19.mp4;950.32;956.37;
3370;Penny applies white cream with a spatula on Amy's face between her lip and her nose.;s06e07_045;tbbt_s06e07.mp4;404.70;414.87;
15751;Raj, while holding a beer bottle, reaches out and slaps Leonard on the back while he eats his food.;s03e15_030;tbbt_s03e15.mp4;182.22;192.83;
79987;Sheldon stands with one arm stretched straight up and the other arm down at his side, bending his body backward, looking around, uncomfortable.;s06e01_006;tbbt_s06e01.mp4;49.76;62.76;
3394;Bernadette adjusts her glasses when she's talking to Howard online.;s08e04_101;tbbt_s08e04.mp4;798.30;808.47;
38099;Raj jumps into the apartment wearing a Flash costume.;s05e13_088;tbbt_s05e13.mp4;916.16;926.42;
80587;Leonard and Sheldon grab bottles from the kitchen island, then Sheldon sits on the couch while Leonard leans against the wall, still talking.;s02e13_121;tbbt_s02e13.mp4;1222.05;1236.40;
79007;A shot of Sheldon standing at the kitchen island in front of a row of toast, while Bernadette sits across from him.;s03e15_094;tbbt_s03e15.mp4;807.82;821.76;
42301;Sheldon, standing in front of a bookcase, near the window with drapes, dials a number on his cell phone.;s05e09_085;tbbt_s05e09.mp4;686.48;696.03;
78581;Howard is struggling to take a black bowling ball from the tray.;s08e04_033;tbbt_s08e04.mp4;296.88;307.77;
83407;Bernadette touches a red dress that Amy is holding up as they stand in front of the blue couch.;s08e04_028;tbbt_s08e04.mp4;238.53;242.88;
96016;The nurse takes off her glasses, walks over and looks underneath Howard's purple blanket.;s04e01_117;tbbt_s04e01.mp4;1127.13;1132.26;
62276;Sheldon walks up and flips the light switch to turn off the lights in the laundry room.;s02e21_041;tbbt_s02e21.mp4;361.69;374.67;
55040;Raj, in a red and blue track jacket, presses his palms together and taps his fingers excitedly, smiling on the couch.;s03e19_026;tbbt_s03e19.mp4;198.78;204.62;
80596;Sheldon, in plaid pants, slides to his spot on the couch after Penny gets up.;s02e21_129;tbbt_s02e21.mp4;1185.42;1199.66;
80596;Sheldon, in plaid pants, slides to his spot on the couch after Penny gets up.;s02e21_102;tbbt_s02e21.mp4;938.27;948.85;
55040;Raj, in a red and blue track jacket, presses his palms together and taps his fingers excitedly, smiling on the couch.;s09e22_024;tbbt_s09e22.mp4;278.85;291.81;
19965;Penny looks up and winks at someone, making a finger gun gesture.;s01e01_076;tbbt_s01e01.mp4;698.92;709.65;
3385;A man floats across the International Space Station behind Howard at the laptop.;s06e01_039;tbbt_s06e01.mp4;413.20;417.46;
37856;Penny sits beside Sheldon on the couch with a bowl in her hand and covers herself with the blanket.;s08e04_026;tbbt_s08e04.mp4;225.81;234.73;
53286;Leonard, in a red robe, looks at the ground and blinks a couple of times, then takes the money from Sheldon's hand.;s02e01_110;tbbt_s02e01.mp4;1087.00;1096.76;
91631;Sheldon enters the bar and sits on a stool in front of Penny, with a snack lying on the bar counter.;s06e07_092;tbbt_s06e07.mp4;906.74;917.25;
45195;Sheldon reaches for his wallet in his jacket pocket while sitting at the restaurant with Amy.;s06e01_089;tbbt_s06e01.mp4;998.50;1012.77;
38099;Raj jumps into the apartment wearing a Flash costume.;s04e01_113;tbbt_s04e01.mp4;1101.64;1109.19;
19960;Raj raises his beer and then takes a sip of it, at the bowling lane.;s03e19_142;tbbt_s03e19.mp4;1000.92;1005.00;
16404;Bernadette, in a blue floral dress, reaches out and holds Howard's hand to comfort him while they are eating dinner.;s02e21_092;tbbt_s02e21.mp4;842.95;855.90;
3366;Raj lifts up his foot above the table at the canteen to show Sheldon and Leonard that he's wearing sandals.;s06e24_008;tbbt_s06e24.mp4;52.01;65.57;
80227;Leonard, in a costume, closes his front door quickly and locks it.;s01e06_069;tbbt_s01e06.mp4;794.00;798.21;
3370;Penny applies white cream with a spatula on Amy's face between her lip and her nose.;s08e04_053;tbbt_s08e04.mp4;443.07;447.28;
4060;A wide shot of Stuart, Howard and Bernadette sitting down together in a cozy, antique-filled living room.;s02e21_006;tbbt_s02e21.mp4;42.81;57.02;
11656;Sheldon lays down some cards in a couple of places on the table while playing a card game with bored Raj and Howard.;s03e19_065;tbbt_s03e19.mp4;521.94;525.52;
78581;Howard is struggling to take a black bowling ball from the tray.;s03e19_062;tbbt_s03e19.mp4;497.75;507.21;
3385;A man floats across the International Space Station behind Howard at the laptop.;s06e01_047;tbbt_s06e01.mp4;467.26;472.06;
7130004;A shot of a busy multi-lane highway with cars driving in both directions, trees lining the roadside.;s06e24_012;tbbt_s06e24.mp4;100.39;108.07;
3372;Penny wipes the cream off the spatula with a tissue.;s03e15_042;tbbt_s03e15.mp4;321.84;336.09;
58103;Sheldon, in a grey shirt, hands Amy, in a purple sweater next to him, food wrapped in foil.;s04e12_027;tbbt_s04e12.mp4;268.91;281.46;
96015;Leonard and Raj slowly walk through a doorway into a clinic pulling a robotic arm that is attached, underneath a blanket, to Howard.;s04e01_119;tbbt_s04e01.mp4;1137.01;1147.65;
80227;Leonard, in a costume, closes his front door quickly and locks it.;s08e08_095;tbbt_s08e08.mp4;701.83;709.67;
15762;Lucy puts aside an orange napkin and rushes away from the table where Amy and Raj are sitting.;s02e21_070;tbbt_s02e21.mp4;579.64;588.34;
33248;Sheldon is being clipped in by the instructor to climb the wall.;s05e09_139;tbbt_s05e09.mp4;1241.16;1244.58;
84012;Sheldon, in a purple shirt with black sleeves, suddenly moves his body while sitting on the couch and starts to clap as he is singing a song.;s06e24_099;tbbt_s06e24.mp4;857.61;868.76;
9411;A shot of the laptop screen, where Amy reaches forward and presses a button that shuts the video off.;s08e08_069;tbbt_s08e08.mp4;494.45;499.58;
40031;Leonard and Penny kiss in the hall and a camera on the wall watches them.;s05e09_003;tbbt_s05e09.mp4;17.05;29.64;
291;Amy and Bernadette look at a bird on the couch, then turn to Sheldon standing in the doorway with crossed arms.;s05e09_099;tbbt_s05e09.mp4;824.95;829.25;
86431;Penny catches Leonard and Sheldon staring at her from the hallway.;s01e01_023;tbbt_s01e01.mp4;212.34;216.76;
7130004;A shot of a busy multi-lane highway with cars driving in both directions, trees lining the roadside.;s01e01_109;tbbt_s01e01.mp4;980.18;993.49;
3394;Bernadette adjusts her glasses when she's talking to Howard online.;s06e01_039;tbbt_s06e01.mp4;413.20;417.46;
55040;Raj, in a red and blue track jacket, presses his palms together and taps his fingers excitedly, smiling on the couch.;s06e01_078;tbbt_s06e01.mp4;841.81;855.80;
11646;Leonard rolls onto his side toward Penny, while they are lying together in bed on orange pillows.;s03e19_010;tbbt_s03e19.mp4;65.73;69.53;
79987;Sheldon stands with one arm stretched straight up and the other arm down at his side, bending his body backward, looking around, uncomfortable.;s03e15_090;tbbt_s03e15.mp4;772.52;778.15;
38099;Raj jumps into the apartment wearing a Flash costume.;s01e01_130;tbbt_s01e01.mp4;1228.21;1242.80;
291;Amy and Bernadette look at a bird on the couch, then turn to Sheldon standing in the doorway with crossed arms.;s05e09_120;tbbt_s05e09.mp4;1065.12;1079.27;
58103;Sheldon, in a grey shirt, hands Amy, in a purple sweater next to him, food wrapped in foil.;s02e21_012;tbbt_s02e21.mp4;104.19;107.19;
11656;Sheldon lays down some cards in a couple of places on the table while playing a card game with bored Raj and Howard.;s01e01_011;tbbt_s01e01.mp4;77.49;89.21;
5090003;The bird flies into the apartment through the open window.;s05e09_070;tbbt_s05e09.mp4;526.32;533.87;
91631;Sheldon enters the bar and sits on a stool in front of Penny, with a snack lying on the bar counter.;s06e07_086;tbbt_s06e07.mp4;818.78;833.44;
88802;A bartender hands Raj a mint green drink and Leonard a beer bottle, at the bar.;s09e22_080;tbbt_s09e22.mp4;1022.44;1036.67;
6010003;Howard, in a green polo shirt and cap, pushes off from one wall to the opposite one, as he floats through the space station.;s06e01_071;tbbt_s06e01.mp4;772.25;786.54;
11679;Leonard, in a black suit, is looking at his computer while talking to his friends, who are playing a board game at the glass table.;s04e12_072;tbbt_s04e12.mp4;646.56;656.03;
53286;Leonard, in a red robe, looks at the ground and blinks a couple of times, then takes the money from Sheldon's hand.;s06e01_051;tbbt_s06e01.mp4;503.33;517.17;
3394;Bernadette adjusts her glasses when she's talking to Howard online.;s08e04_019;tbbt_s08e04.mp4;177.51;186.81;
83407;Bernadette touches a red dress that Amy is holding up as they stand in front of the blue couch.;s08e04_125;tbbt_s08e04.mp4;1057.93;1066.23;
40031;Leonard and Penny kiss in the hall and a camera on the wall watches them.;s06e01_062;tbbt_s06e01.mp4;651.02;663.54;
18709;Penny happily jumps toward Leonard on the sofa to give him a hug.;s07e13_014;tbbt_s07e13.mp4;138.81;149.28;
7725;Penny, standing, leans forward and looks at Sheldon, who is sitting on the couch, with her hands on her knees.;s08e08_048;tbbt_s08e08.mp4;348.39;355.40;
6010003;Howard, in a green polo shirt and cap, pushes off from one wall to the opposite one, as he floats through the space station.;s06e01_109;tbbt_s06e01.mp4;1192.40;1199.87;
3370;Penny applies white cream with a spatula on Amy's face between her lip and her nose.;s05e13_023;tbbt_s05e13.mp4;251.62;263.80;
83407;Bernadette touches a red dress that Amy is holding up as they stand in front of the blue couch.;s02e21_119;tbbt_s02e21.mp4;1120.84;1128.76;
53286;Leonard, in a red robe, looks at the ground and blinks a couple of times, then takes the money from Sheldon's hand.;s02e01_113;tbbt_s02e01.mp4;1120.62;1129.84;
96016;The nurse takes off her glasses, walks over and looks underneath Howard's purple blanket.;s07e13_038;tbbt_s07e13.mp4;374.25;383.38;
84012;Sheldon, in a purple shirt with black sleeves, suddenly moves his body while sitting on the couch and starts to clap as he is singing a song.;s02e21_059;tbbt_s02e21.mp4;503.92;510.22;
16404;Bernadette, in a blue floral dress, reaches out and holds Howard's hand to comfort him while they are eating dinner.;s06e07_066;tbbt_s06e07.mp4;608.80;622.37;
79987;Sheldon stands with one arm stretched straight up and the other arm down at his side, bending his body backward, looking around, uncomfortable.;s02e01_033;tbbt_s02e01.mp4;323.92;336.57;
19960;Raj raises his beer and then takes a sip of it, at the bowling lane.;s02e21_083;tbbt_s02e21.mp4;724.93;734.90;
53286;Leonard, in a red robe, looks at the ground and blinks a couple of times, then takes the money from Sheldon's hand.;s04e12_010;tbbt_s04e12.mp4;109.42;121.34;
80227;Leonard, in a costume, closes his front door quickly and locks it.;s07e13_008;tbbt_s07e13.mp4;83.08;89.26;
11679;Leonard, in a black suit, is looking at his computer while talking to his friends, who are playing a board game at the glass table.;s02e21_080;tbbt_s02e21.mp4;705.91;709.71;
58103;Sheldon, in a grey shirt, hands Amy, in a purple sweater next to him, food wrapped in foil.;s02e21_102;tbbt_s02e21.mp4;938.27;948.85;
29596;Sheldon, in green plaid pajamas, slumps from the headrest of the armchair down into the chair and makes a shushing gesture.;s01e01_070;tbbt_s01e01.mp4;650.57;660.37;
84012;Sheldon, in a purple shirt with black sleeves, suddenly moves his body while sitting on the couch and starts to clap as he is singing a song.;s02e21_109;tbbt_s02e21.mp4;1016.56;1026.78;
55040;Raj, in a red and blue track jacket, presses his palms together and taps his fingers excitedly, smiling on the couch.;s02e21_011;tbbt_s02e21.mp4;98.02;104.19;
91631;Sheldon enters the bar and sits on a stool in front of Penny, with a snack lying on the bar counter.;s06e07_097;tbbt_s06e07.mp4;943.90;955.83;
79981;Leonard grabs Penny by the arms and walks her back a few steps, while standing in the living room in front of Sheldon.;s05e13_072;tbbt_s05e13.mp4;815.66;825.87;
29607;Leonard leaves Penny's apartment door to go inside his apartment and looks up at the camera.;s07e13_018;tbbt_s07e13.mp4;205.31;217.38;
3394;Bernadette adjusts her glasses when she's talking to Howard online.;s05e13_016;tbbt_s05e13.mp4;178.90;193.15;
55040;Raj, in a red and blue track jacket, presses his palms together and taps his fingers excitedly, smiling on the couch.;s06e24_088;tbbt_s06e24.mp4;797.88;802.09;
38099;Raj jumps into the apartment wearing a Flash costume.;s03e15_122;tbbt_s03e15.mp4;1147.03;1159.28;
11644;Penny, in a red dress, rests her arms on Leonard's shoulder while smiling at him, as Amy, in a blue dress, stands at the doorway.;s08e08_143;tbbt_s08e08.mp4;1155.36;1159.08;
78581;Howard is struggling to take a black bowling ball from the tray.;s03e19_140;tbbt_s03e19.mp4;992.53;995.95;
46843;Penny puts her wine glass on the table and gets down on one knee in front of Leonard.;s05e13_048;tbbt_s05e13.mp4;501.76;515.86;
13987;The robotic hand drops the small package into Penny's hand, which she holds out expectantly.;s08e04_012;tbbt_s08e04.mp4;130.17;138.35;
91631;Sheldon enters the bar and sits on a stool in front of Penny, with a snack lying on the bar counter.;s06e24_070;tbbt_s06e24.mp4;650.19;662.95;
42301;Sheldon, standing in front of a bookcase, near the window with drapes, dials a number on his cell phone.;s05e13_034;tbbt_s05e13.mp4;363.74;368.08;
82961;Penny, in a red blouse, and Leonard both look down while sitting on the couch and Penny puts her hand on his shoulder.;s09e22_014;tbbt_s09e22.mp4;133.93;139.81;
18709;Penny happily jumps toward Leonard on the sofa to give him a hug.;s08e08_059;tbbt_s08e08.mp4;412.66;419.59;
28861;While Penny, Amy, and Bernadette are unboxing something, Leonard knocks on Penny's opened door.;s04e12_124;tbbt_s04e12.mp4;1031.91;1039.58;
46843;Penny puts her wine glass on the table and gets down on one knee in front of Leonard.;s08e04_101;tbbt_s08e04.mp4;798.30;808.47;
86431;Penny catches Leonard and Sheldon staring at her from the hallway.;s07e13_005;tbbt_s07e13.mp4;47.04;59.05;
11679;Leonard, in a black suit, is looking at his computer while talking to his friends, who are playing a board game at the glass table.;s04e12_097;tbbt_s04e12.mp4;801.55;811.35;
15751;Raj, while holding a beer bottle, reaches out and slaps Leonard on the back while he eats his food.;s04e12_074;tbbt_s04e12.mp4;661.83;666.21;
19960;Raj raises his beer and then takes a sip of it, at the bowling lane.;s02e21_081;tbbt_s02e21.mp4;709.71;712.79;
46843;Penny puts her wine glass on the table and gets down on one knee in front of Leonard.;s08e04_079;tbbt_s08e04.mp4;592.47;597.39;
11644;Penny, in a red dress, rests her arms on Leonard's shoulder while smiling at him, as Amy, in a blue dress, stands at the doorway.;s08e08_092;tbbt_s08e08.mp4;682.14;689.61;
42301;Sheldon, standing in front of a bookcase, near the window with drapes, dials a number on his cell phone.;s02e13_051;tbbt_s02e13.mp4;565.45;580.09;
80587;Leonard and Sheldon grab bottles from the kitchen island, then Sheldon sits on the couch while Leonard leans against the wall, still talking.;s03e15_107;tbbt_s03e15.mp4;967.97;982.35;
15768;Penny, in a grocery store with Sheldon, grabs two bottles of vodka and puts them in a cart.;s06e24_074;tbbt_s06e24.mp4;690.11;696.65;
4060;A wide shot of Stuart, Howard and Bernadette sitting down together in a cozy, antique-filled living room.;s08e04_123;tbbt_s08e04.mp4;1042.29;1050.11;
40031;Leonard and Penny kiss in the hall and a camera on the wall watches them.;s05e09_004;tbbt_s05e09.mp4;29.64;42.23;
15762;Lucy puts aside an orange napkin and rushes away from the table where Amy and Raj are sitting.;s09e22_038;tbbt_s09e22.mp4;453.32;466.59;
18709;Penny happily jumps toward Leonard on the sofa to give him a hug.;s08e04_125;tbbt_s08e04.mp4;1057.93;1066.23;
84012;Sheldon, in a purple shirt with black sleeves, suddenly moves his body while sitting on the couch and starts to clap as he is singing a song.;s03e19_160;tbbt_s03e19.mp4;1134.72;1139.18;
11656;Sheldon lays down some cards in a couple of places on the table while playing a card game with bored Raj and Howard.;s04e12_048;tbbt_s04e12.mp4;450.74;460.67;
86431;Penny catches Leonard and Sheldon staring at her from the hallway.;s06e07_069;tbbt_s06e07.mp4;645.52;657.85;
96016;The nurse takes off her glasses, walks over and looks underneath Howard's purple blanket.;s02e01_113;tbbt_s02e01.mp4;1120.62;1129.84;
3385;A man floats across the International Space Station behind Howard at the laptop.;s06e01_070;tbbt_s06e01.mp4;757.96;772.25;
291;Amy and Bernadette look at a bird on the couch, then turn to Sheldon standing in the doorway with crossed arms.;s06e07_111;tbbt_s06e07.mp4;1073.84;1088.14;
29596;Sheldon, in green plaid pajamas, slumps from the headrest of the armchair down into the chair and makes a shushing gesture.;s06e07_002;tbbt_s06e07.mp4;15.44;29.56;
3372;Penny wipes the cream off the spatula with a tissue.;s08e08_031;tbbt_s08e08.mp4;224.06;230.94;
96016;The nurse takes off her glasses, walks over and looks underneath Howard's purple blanket.;s04e01_093;tbbt_s04e01.mp4;858.32;870.54;
19960;Raj raises his beer and then takes a sip of it, at the bowling lane.;s03e19_140;tbbt_s03e19.mp4;992.53;995.95;
96015;Leonard and Raj slowly walk through a doorway into a clinic pulling a robotic arm that is attached, underneath a blanket, to Howard.;s02e01_099;tbbt_s02e01.mp4;1012.55;1022.15;
3372;Penny wipes the cream off the spatula with a tissue.;s03e19_104;tbbt_s03e19.mp4;757.05;770.31;
53286;Leonard, in a red robe, looks at the ground and blinks a couple of times, then takes the money from Sheldon's hand.;s05e13_081;tbbt_s05e13.mp4;870.50;881.67;
34121;Howard, while in the bathroom with Leonard, goes to the sink and washes his hands.;s08e04_045;tbbt_s08e04.mp4;400.86;405.53;
7130004;A shot of a busy multi-lane highway with cars driving in both directions, trees lining the roadside.;s06e24_113;tbbt_s06e24.mp4;969.01;973.76;
46843;Penny puts her wine glass on the table and gets down on one knee in front of Leonard.;s05e13_053;tbbt_s05e13.mp4;572.27;586.38;
51045;Sheldon quickly drinks his whole drink while holding a red straw, then makes a happy face, at the bar.;s06e24_095;tbbt_s06e24.mp4;831.46;836.04;
79007;A shot of Sheldon standing at the kitchen island in front of a row of toast, while Bernadette sits across from him.;s03e19_154;tbbt_s03e19.mp4;1093.72;1103.89;
29607;Leonard leaves Penny's apartment door to go inside his apartment and looks up at the camera.;s08e08_139;tbbt_s08e08.mp4;1128.21;1134.13;
82961;Penny, in a red blouse, and Leonard both look down while sitting on the couch and Penny puts her hand on his shoulder.;s06e24_129;tbbt_s06e24.mp4;1104.47;1117.88;
29607;Leonard leaves Penny's apartment door to go inside his apartment and looks up at the camera.;s05e09_130;tbbt_s05e09.mp4;1171.63;1183.81;
62276;Sheldon walks up and flips the light switch to turn off the lights in the laundry room.;s08e08_095;tbbt_s08e08.mp4;701.83;709.67;
4060;A wide shot of Stuart, Howard and Bernadette sitting down together in a cozy, antique-filled living room.;s01e01_059;tbbt_s01e01.mp4;568.49;573.70;
38099;Raj jumps into the apartment wearing a Flash costume.;s06e07_116;tbbt_s06e07.mp4;1133.13;1140.60;
42301;Sheldon, standing in front of a bookcase, near the window with drapes, dials a number on his cell phone.;s02e13_067;tbbt_s02e13.mp4;751.38;761.85;
79007;A shot of Sheldon standing at the kitchen island in front of a row of toast, while Bernadette sits across from him.;s04e01_039;tbbt_s04e01.mp4;359.61;373.46;
291;Amy and Bernadette look at a bird on the couch, then turn to Sheldon standing in the doorway with crossed arms.;s05e09_116;tbbt_s05e09.mp4;1008.51;1022.66;
55040;Raj, in a red and blue track jacket, presses his palms together and taps his fingers excitedly, smiling on the couch.;s03e15_132;tbbt_s03e15.mp4;1233.01;1243.37;
82961;Penny, in a red blouse, and Leonard both look down while sitting on the couch and Penny puts her hand on his shoulder.;s01e06_100;tbbt_s01e06.mp4;1124.13;1138.85;
80591;Leonard walks to the door, lets in Howard holding a CD and Raj, who is wearing a red hat.;s02e01_111;tbbt_s02e01.mp4;1096.76;1108.69;
62276;Sheldon walks up and flips the light switch to turn off the lights in the laundry room.;s02e21_128;tbbt_s02e21.mp4;1171.17;1185.42;
79981;Leonard grabs Penny by the arms and walks her back a few steps, while standing in the living room in front of Sheldon.;s04e01_004;tbbt_s04e01.mp4;39.33;50.63;
7725;Penny, standing, leans forward and looks at Sheldon, who is sitting on the couch, with her hands on her knees.;s04e12_141;tbbt_s04e12.mp4;1169.04;1175.18;
79987;Sheldon stands with one arm stretched straight up and the other arm down at his side, bending his body backward, looking around, uncomfortable.;s08e04_093;tbbt_s08e04.mp4;710.63;723.60;
40031;Leonard and Penny kiss in the hall and a camera on the wall watches them.;s08e08_091;tbbt_s08e08.mp4;667.54;682.14;
58103;Sheldon, in a grey shirt, hands Amy, in a purple sweater next to him, food wrapped in foil.;s04e12_026;tbbt_s04e12.mp4;256.37;268.91;
91631;Sheldon enters the bar and sits on a stool in front of Penny, with a snack lying on the bar counter.;s06e07_089;tbbt_s06e07.mp4;862.76;877.42;
38099;Raj jumps into the apartment wearing a Flash costume.;s01e06_013;tbbt_s01e06.mp4;170.33;183.12;
78581;Howard is struggling to take a black bowling ball from the tray.;s03e15_049;tbbt_s03e15.mp4;410.87;425.43;
19965;Penny looks up and winks at someone, making a finger gun gesture.;s08e04_068;tbbt_s08e04.mp4;528.57;534.03;
7725;Penny, standing, leans forward and looks at Sheldon, who is sitting on the couch, with her hands on her knees.;s08e04_123;tbbt_s08e04.mp4;1042.29;1050.11;
79981;Leonard grabs Penny by the arms and walks her back a few steps, while standing in the living room in front of Sheldon.;s08e04_057;tbbt_s08e04.mp4;466.18;475.35;
91631;Sheldon enters the bar and sits on a stool in front of Penny, with a snack lying on the bar counter.;s06e07_091;tbbt_s06e07.mp4;892.08;906.74;
58103;Sheldon, in a grey shirt, hands Amy, in a purple sweater next to him, food wrapped in foil.;s02e13_036;tbbt_s02e13.mp4;386.23;399.52;
3370;Penny applies white cream with a spatula on Amy's face between her lip and her nose.;s08e04_056;tbbt_s08e04.mp4;459.79;466.18;
55040;Raj, in a red and blue track jacket, presses his palms together and taps his fingers excitedly, smiling on the couch.;s02e21_065;tbbt_s02e21.mp4;538.25;548.88;
62276;Sheldon walks up and flips the light switch to turn off the lights in the laundry room.;s06e07_113;tbbt_s06e07.mp4;1102.43;1117.74;
18709;Penny happily jumps toward Leonard on the sofa to give him a hug.;s09e22_001;tbbt_s09e22.mp4;0.00;12.30;
16404;Bernadette, in a blue floral dress, reaches out and holds Howard's hand to comfort him while they are eating dinner.;s02e21_085;tbbt_s02e21.mp4;744.18;758.63;
80227;Leonard, in a costume, closes his front door quickly and locks it.;s01e06_018;tbbt_s01e06.mp4;234.28;249.46;
79007;A shot of Sheldon standing at the kitchen island in front of a row of toast, while Bernadette sits across from him.;s08e08_069;tbbt_s08e08.mp4;494.45;499.58;
11659;Leonard, in a black suit, comes into the apartment and slams the door, then Howard looks at his watch.;s02e01_111;tbbt_s02e01.mp4;1096.76;1108.69;
11656;Sheldon lays down some cards in a couple of places on the table while playing a card game with bored Raj and Howard.;s05e13_057;tbbt_s05e13.mp4;622.96;634.88;
62276;Sheldon walks up and flips the light switch to turn off the lights in the laundry room.;s01e06_107;tbbt_s01e06.mp4;1175.09;1187.69;
18709;Penny happily jumps toward Leonard on the sofa to give him a hug.;s03e15_102;tbbt_s03e15.mp4;905.57;918.17;
80587;Leonard and Sheldon grab bottles from the kitchen island, then Sheldon sits on the couch while Leonard leans against the wall, still talking.;s04e12_027;tbbt_s04e12.mp4;268.91;281.46;
16404;Bernadette, in a blue floral dress, reaches out and holds Howard's hand to comfort him while they are eating dinner.;s08e08_005;tbbt_s08e08.mp4;41.33;54.43;
58103;Sheldon, in a grey shirt, hands Amy, in a purple sweater next to him, food wrapped in foil.;s02e01_038;tbbt_s02e01.mp4;367.51;378.30;
82961;Penny, in a red blouse, and Leonard both look down while sitting on the couch and Penny puts her hand on his shoulder.;s06e01_076;tbbt_s06e01.mp4;813.81;827.81;
28861;While Penny, Amy, and Bernadette are unboxing something, Leonard knocks on Penny's opened door.;s06e07_112;tbbt_s06e07.mp4;1088.14;1102.43;
33248;Sheldon is being clipped in by the instructor to climb the wall.;s03e15_099;tbbt_s03e15.mp4;867.78;880.38;
5090003;The bird flies into the apartment through the open window.;s05e09_081;tbbt_s05e09.mp4;653.95;657.03;
3372;Penny wipes the cream off the spatula with a tissue.;s03e15_114;tbbt_s03e15.mp4;1057.14;1060.93;
79987;Sheldon stands with one arm stretched straight up and the other arm down at his side, bending his body backward, looking around, uncomfortable.;s02e13_044;tbbt_s02e13.mp4;478.49;490.68;
19965;Penny looks up and winks at someone, making a finger gun gesture.;s07e13_002;tbbt_s07e13.mp4;12.29;22.91;
11659;Leonard, in a black suit, comes into the apartment and slams the door, then Howard looks at his watch.;s02e01_112;tbbt_s02e01.mp4;1108.69;1120.62;
11679;Leonard, in a black suit, is looking at his computer while talking to his friends, who are playing a board game at the glass table.;s04e12_122;tbbt_s04e12.mp4;1018.10;1024.23;
15751;Raj, while holding a beer bottle, reaches out and slaps Leonard on the back while he eats his food.;s01e01_057;tbbt_s01e01.mp4;557.60;562.06;
11646;Leonard rolls onto his side toward Penny, while they are lying together in bed on orange pillows.;s03e15_112;tbbt_s03e15.mp4;1036.93;1047.03;
15762;Lucy puts aside an orange napkin and rushes away from the table where Amy and Raj are sitting.;s02e21_115;tbbt_s02e21.mp4;1090.77;1101.85;
11644;Penny, in a red dress, rests her arms on Leonard's shoulder while smiling at him, as Amy, in a blue dress, stands at the doorway.;s01e01_001;tbbt_s01e01.mp4;0.00;14.18;
11656;Sheldon lays down some cards in a couple of places on the table while playing a card game with bored Raj and Howard.;s06e01_075;tbbt_s06e01.mp4;805.20;813.81;
19960;Raj raises his beer and then takes a sip of it, at the bowling lane.;s03e19_150;tbbt_s03e19.mp4;1054.76;1061.56;
11646;Leonard rolls onto his side toward Penny, while they are lying together in bed on orange pillows.;s05e13_068;tbbt_s05e13.mp4;759.47;773.18;
96016;The nurse takes off her glasses, walks over and looks underneath Howard's purple blanket.;s04e01_119;tbbt_s04e01.mp4;1137.01;1147.65;
4060;A wide shot of Stuart, Howard and Bernadette sitting down together in a cozy, antique-filled living room.;s06e07_067;tbbt_s06e07.mp4;622.37;635.93;
3394;Bernadette adjusts her glasses when she's talking to Howard online.;s09e22_033;tbbt_s09e22.mp4;386.98;400.25;
42301;Sheldon, standing in front of a bookcase, near the window with drapes, dials a number on his cell phone.;s08e08_079;tbbt_s08e08.mp4;569.07;575.16;
80227;Leonard, in a costume, closes his front door quickly and locks it.;s01e06_004;tbbt_s01e06.mp4;35.56;46.42;
80591;Leonard walks to the door, lets in Howard holding a CD and Raj, who is wearing a red hat.;s08e04_065;tbbt_s08e04.mp4;513.20;521.52;
15762;Lucy puts aside an orange napkin and rushes away from the table where Amy and Raj are sitting.;s06e24_057;tbbt_s06e24.mp4;549.67;558.10;
11644;Penny, in a red dress, rests her arms on Leonard's shoulder while smiling at him, as Amy, in a blue dress, stands at the doorway.;s08e08_094;tbbt_s08e08.mp4;698.24;701.83;
11659;Leonard, in a black suit, comes into the apartment and slams the door, then Howard looks at his watch.;s08e08_139;tbbt_s08e08.mp4;1128.21;1134.13;
84012;Sheldon, in a purple shirt with black sleeves, suddenly moves his body while sitting on the couch and starts to clap as he is singing a song.;s08e04_056;tbbt_s08e04.mp4;459.79;466.18;
80591;Leonard walks to the door, lets in Howard holding a CD and Raj, who is wearing a red hat.;s01e01_114;tbbt_s01e01.mp4;1038.75;1051.51;
96016;The nurse takes off her glasses, walks over and looks underneath Howard's purple blanket.;s05e13_016;tbbt_s05e13.mp4;178.90;193.15;
46843;Penny puts her wine glass on the table and gets down on one knee in front of Leonard.;s09e22_045;tbbt_s09e22.mp4;534.93;548.28;
79007;A shot of Sheldon standing at the kitchen island in front of a row of toast, while Bernadette sits across from him.;s08e08_074;tbbt_s08e08.mp4;521.52;529.40;
79981;Leonard grabs Penny by the arms and walks her back a few steps, while standing in the living room in front of Sheldon.;s05e13_116;tbbt_s05e13.mp4;1172.84;1183.18;
11659;Leonard, in a black suit, comes into the apartment and slams the door, then Howard looks at his watch.;s07e13_049;tbbt_s07e13.mp4;478.39;487.80;
296;Sheldon, with a bird on his arm, picks up a cup from a table near the sofa and offers it to the bird, which takes it.;s05e09_085;tbbt_s05e09.mp4;686.48;696.03;
82961;Penny, in a red blouse, and Leonard both look down while sitting on the couch and Penny puts her hand on his shoulder.;s01e01_114;tbbt_s01e01.mp4;1038.75;1051.51;
38099;Raj jumps into the apartment wearing a Flash costume.;s03e19_045;tbbt_s03e19.mp4;366.24;378.99;
3394;Bernadette adjusts her glasses when she's talking to Howard online.;s06e01_044;tbbt_s06e01.mp4;449.12;459.79;
29607;Leonard leaves Penny's apartment door to go inside his apartment and looks up at the camera.;s05e09_006;tbbt_s05e09.mp4;54.81;67.40;
58103;Sheldon, in a grey shirt, hands Amy, in a purple sweater next to him, food wrapped in foil.;s03e19_146;tbbt_s03e19.mp4;1036.12;1040.25;
3372;Penny wipes the cream off the spatula with a tissue.;s04e12_024;tbbt_s04e12.mp4;233.15;243.83;
88802;A bartender hands Raj a mint green drink and Leonard a beer bottle, at the bar.;s02e21_083;tbbt_s02e21.mp4;724.93;734.90;
58103;Sheldon, in a grey shirt, hands Amy, in a purple sweater next to him, food wrapped in foil.;s06e24_068;tbbt_s06e24.mp4;624.65;637.42;
3372;Penny wipes the cream off the spatula with a tissue.;s02e21_046;tbbt_s02e21.mp4;395.60;400.69;
29596;Sheldon, in green plaid pajamas, slumps from the headrest of the armchair down into the chair and makes a shushing gesture.;s02e01_116;tbbt_s02e01.mp4;1144.02;1149.40;
80587;Leonard and Sheldon grab bottles from the kitchen island, then Sheldon sits on the couch while Leonard leans against the wall, still talking.;s02e13_099;tbbt_s02e13.mp4;1017.81;1027.46;
62276;Sheldon walks up and flips the light switch to turn off the lights in the laundry room.;s03e15_099;tbbt_s03e15.mp4;867.78;880.38;
15762;Lucy puts aside an orange napkin and rushes away from the table where Amy and Raj are sitting.;s09e22_037;tbbt_s09e22.mp4;440.05;453.32;
29607;Leonard leaves Penny's apartment door to go inside his apartment and looks up at the camera.;s07e13_008;tbbt_s07e13.mp4;83.08;89.26;
55040;Raj, in a red and blue track jacket, presses his palms together and taps his fingers excitedly, smiling on the couch.;s08e08_040;tbbt_s08e08.mp4;294.79;303.30;
80227;Leonard, in a costume, closes his front door quickly and locks it.;s02e21_052;tbbt_s02e21.mp4;450.24;461.96;
19965;Penny looks up and winks at someone, making a finger gun gesture.;s08e04_013;tbbt_s08e04.mp4;138.35;146.52;
82961;Penny, in a red blouse, and Leonard both look down while sitting on the couch and Penny puts her hand on his shoulder.;s08e04_121;tbbt_s08e04.mp4;1013.76;1028.03;
79987;Sheldon stands with one arm stretched straight up and the other arm down at his side, bending his body backward, looking around, uncomfortable.;s04e12_084;tbbt_s04e12.mp4;715.92;722.80;
91631;Sheldon enters the bar and sits on a stool in front of Penny, with a snack lying on the bar counter.;s06e24_068;tbbt_s06e24.mp4;624.65;637.42;
84012;Sheldon, in a purple shirt with black sleeves, suddenly moves his body while sitting on the couch and starts to clap as he is singing a song.;s03e15_090;tbbt_s03e15.mp4;772.52;778.15;
79987;Sheldon stands with one arm stretched straight up and the other arm down at his side, bending his body backward, looking around, uncomfortable.;s07e13_009;tbbt_s07e13.mp4;89.26;102.85;
3022;Penny pulls back the shower curtain and climbs inside the shower.;s01e01_105;tbbt_s01e01.mp4;926.93;940.25;
291;Amy and Bernadette look at a bird on the couch, then turn to Sheldon standing in the doorway with crossed arms.;s05e13_010;tbbt_s05e13.mp4;102.60;106.19;
3366;Raj lifts up his foot above the table at the canteen to show Sheldon and Leonard that he's wearing sandals.;s01e01_004;tbbt_s01e01.mp4;28.24;35.77;
80587;Leonard and Sheldon grab bottles from the kitchen island, then Sheldon sits on the couch while Leonard leans against the wall, still talking.;s04e12_023;tbbt_s04e12.mp4;222.47;233.15;
37856;Penny sits beside Sheldon on the couch with a bowl in her hand and covers herself with the blanket.;s02e21_129;tbbt_s02e21.mp4;1185.42;1199.66;
7725;Penny, standing, leans forward and looks at Sheldon, who is sitting on the couch, with her hands on her knees.;s02e21_110;tbbt_s02e21.mp4;1026.78;1040.94;
33248;Sheldon is being clipped in by the instructor to climb the wall.;s05e13_034;tbbt_s05e13.mp4;363.74;368.08;
79987;Sheldon stands with one arm stretched straight up and the other arm down at his side, bending his body backward, looking around, uncomfortable.;s03e19_083;tbbt_s03e19.mp4;633.26;640.64;
3022;Penny pulls back the shower curtain and climbs inside the shower.;s03e15_118;tbbt_s03e15.mp4;1091.62;1106.41;
11646;Leonard rolls onto his side toward Penny, while they are lying together in bed on orange pillows.;s03e19_006;tbbt_s03e19.mp4;47.42;50.68;
38416;Penny sits in the back seat and shrugs her shoulders twice as they all drive in a car.;s07e13_137;tbbt_s07e13.mp4;1185.23;1199.71;
51045;Sheldon quickly drinks his whole drink while holding a red straw, then makes a happy face, at the bar.;s02e21_067;tbbt_s02e21.mp4;559.52;564.94;
34121;Howard, while in the bathroom with Leonard, goes to the sink and washes his hands.;s08e04_054;tbbt_s08e04.mp4;447.28;452.62;
19960;Raj raises his beer and then takes a sip of it, at the bowling lane.;s09e22_080;tbbt_s09e22.mp4;1022.44;1036.67;
15751;Raj, while holding a beer bottle, reaches out and slaps Leonard on the back while he eats his food.;s08e08_009;tbbt_s08e08.mp4;80.58;85.17;
51045;Sheldon quickly drinks his whole drink while holding a red straw, then makes a happy face, at the bar.;s09e22_067;tbbt_s09e22.mp4;838.28;851.75;
40031;Leonard and Penny kiss in the hall and a camera on the wall watches them.;s09e22_069;tbbt_s09e22.mp4;865.31;878.87;
80227;Leonard, in a costume, closes his front door quickly and locks it.;s02e21_133;tbbt_s02e21.mp4;1242.41;1254.24;
91631;Sheldon enters the bar and sits on a stool in front of Penny, with a snack lying on the bar counter.;s06e07_087;tbbt_s06e07.mp4;833.44;848.10;
37856;Penny sits beside Sheldon on the couch with a bowl in her hand and covers herself with the blanket.;s08e04_024;tbbt_s08e04.mp4;216.47;222.47;
62276;Sheldon walks up and flips the light switch to turn off the lights in the laundry room.;s08e08_139;tbbt_s08e08.mp4;1128.21;1134.13;
11644;Penny, in a red dress, rests her arms on Leonard's shoulder while smiling at him, as Amy, in a blue dress, stands at the doorway.;s05e09_137;tbbt_s05e09.mp4;1219.63;1230.40;
42301;Sheldon, standing in front of a bookcase, near the window with drapes, dials a number on his cell phone.;s05e09_080;tbbt_s05e09.mp4;642.69;653.95;
3394;Bernadette adjusts her glasses when she's talking to Howard online.;s05e09_120;tbbt_s05e09.mp4;1065.12;1079.27;
13987;The robotic hand drops the small package into Penny's hand, which she holds out expectantly.;s06e01_038;tbbt_s06e01.mp4;401.15;413.20;
79987;Sheldon stands with one arm stretched straight up and the other arm down at his side, bending his body backward, looking around, uncomfortable.;s06e07_120;tbbt_s06e07.mp4;1164.45;1169.96;
84012;Sheldon, in a purple shirt with black sleeves, suddenly moves his body while sitting on the couch and starts to clap as he is singing a song.;s04e12_048;tbbt_s04e12.mp4;450.74;460.67;
11644;Penny, in a red dress, rests her arms on Leonard's shoulder while smiling at him, as Amy, in a blue dress, stands at the doorway.;s05e13_062;tbbt_s05e13.mp4;679.60;693.32;
91631;Sheldon enters the bar and sits on a stool in front of Penny, with a snack lying on the bar counter.;s06e24_094;tbbt_s06e24.mp4;824.37;831.46;
15751;Raj, while holding a beer bottle, reaches out and slaps Leonard on the back while he eats his food.;s06e24_009;tbbt_s06e24.mp4;65.57;79.12;
96015;Leonard and Raj slowly walk through a doorway into a clinic pulling a robotic arm that is attached, underneath a blanket, to Howard.;s07e13_113;tbbt_s07e13.mp4;955.96;963.42;
80596;Sheldon, in plaid pants, slides to his spot on the couch after Penny gets up.;s02e01_106;tbbt_s02e01.mp4;1065.52;1069.90;
4060;A wide shot of Stuart, Howard and Bernadette sitting down together in a cozy, antique-filled living room.;s08e04_010;tbbt_s08e04.mp4;104.09;117.13;
11659;Leonard, in a black suit, comes into the apartment and slams the door, then Howard looks at his watch.;s08e04_071;tbbt_s08e04.mp4;549.76;556.26;
78581;Howard is struggling to take a black bowling ball from the tray.;s03e19_063;tbbt_s03e19.mp4;507.21;513.22;
33248;Sheldon is being clipped in by the instructor to climb the wall.;s06e07_045;tbbt_s06e07.mp4;404.70;414.87;
3394;Bernadette adjusts her glasses when she's talking to Howard online.;s08e08_056;tbbt_s08e08.mp4;391.52;396.90;
78581;Howard is struggling to take a black bowling ball from the tray.;s03e19_067;tbbt_s03e19.mp4;529.40;534.03;
79987;Sheldon stands with one arm stretched straight up and the other arm down at his side, bending his body backward, looking around, uncomfortable.;s02e01_125;tbbt_s02e01.mp4;1193.28;1205.66;
3394;Bernadette adjusts her glasses when she's talking to Howard online.;s05e13_020;tbbt_s05e13.mp4;216.31;227.88;
3372;Penny wipes the cream off the spatula with a tissue.;s03e15_115;tbbt_s03e15.mp4;1060.93;1069.36;
9411;A shot of the laptop screen, where Amy reaches forward and presses a button that shuts the video off.;s07e13_109;tbbt_s07e13.mp4;934.06;942.52;
86431;Penny catches Leonard and Sheldon staring at her from the hallway.;s07e13_132;tbbt_s07e13.mp4;1139.42;1151.40;
11659;Leonard, in a black suit, comes into the apartment and slams the door, then Howard looks at his watch.;s01e01_019;tbbt_s01e01.mp4;170.40;182.08;
96015;Leonard and Raj slowly walk through a doorway into a clinic pulling a robotic arm that is attached, underneath a blanket, to Howard.;s02e21_048;tbbt_s02e21.mp4;412.45;425.72;
58103;Sheldon, in a grey shirt, hands Amy, in a purple sweater next to him, food wrapped in foil.;s09e22_004;tbbt_s09e22.mp4;25.80;34.99;
80596;Sheldon, in plaid pants, slides to his spot on the couch after Penny gets up.;s02e01_117;tbbt_s02e01.mp4;1149.40;1156.49;
7725;Penny, standing, leans forward and looks at Sheldon, who is sitting on the couch, with her hands on her knees.;s07e13_128;tbbt_s07e13.mp4;1095.80;1103.48;
3366;Raj lifts up his foot above the table at the canteen to show Sheldon and Leonard that he's wearing sandals.;s09e22_038;tbbt_s09e22.mp4;453.32;466.59;
83407;Bernadette touches a red dress that Amy is holding up as they stand in front of the blue couch.;s08e04_127;tbbt_s08e04.mp4;1069.57;1082.71;
11656;Sheldon lays down some cards in a couple of places on the table while playing a card game with bored Raj and Howard.;s05e13_030;tbbt_s05e13.mp4;330.60;340.59;
5090003;The bird flies into the apartment through the open window.;s05e09_022;tbbt_s05e09.mp4;172.03;181.22;
86431;Penny catches Leonard and Sheldon staring at her from the hallway.;s01e01_001;tbbt_s01e01.mp4;0.00;14.18;
45195;Sheldon reaches for his wallet in his jacket pocket while sitting at the restaurant with Amy.;s05e13_045;tbbt_s05e13.mp4;459.45;473.55;
3394;Bernadette adjusts her glasses when she's talking to Howard online.;s06e07_041;tbbt_s06e07.mp4;364.74;373.29;
82961;Penny, in a red blouse, and Leonard both look down while sitting on the couch and Penny puts her hand on his shoulder.;s01e06_096;tbbt_s01e06.mp4;1065.26;1079.98;
62276;Sheldon walks up and flips the light switch to turn off the lights in the laundry room.;s02e21_130;tbbt_s02e21.mp4;1199.66;1213.91;
80591;Leonard walks to the door, lets in Howard holding a CD and Raj, who is wearing a red hat.;s03e15_121;tbbt_s03e15.mp4;1134.78;1147.03;
80591;Leonard walks to the door, lets in Howard holding a CD and Raj, who is wearing a red hat.;s07e13_017;tbbt_s07e13.mp4;193.24;205.31;
62276;Sheldon walks up and flips the light switch to turn off the lights in the laundry room.;s02e01_079;tbbt_s02e01.mp4;802.93;809.35;
88802;A bartender hands Raj a mint green drink and Leonard a beer bottle, at the bar.;s02e21_081;tbbt_s02e21.mp4;709.71;712.79;
80227;Leonard, in a costume, closes his front door quickly and locks it.;s03e15_121;tbbt_s03e15.mp4;1134.78;1147.03;
37856;Penny sits beside Sheldon on the couch with a bowl in her hand and covers herself with the blanket.;s08e04_023;tbbt_s08e04.mp4;210.50;216.47;
4060;A wide shot of Stuart, Howard and Bernadette sitting down together in a cozy, antique-filled living room.;s05e09_019;tbbt_s05e09.mp4;129.25;134.55;
91631;Sheldon enters the bar and sits on a stool in front of Penny, with a snack lying on the bar counter.;s09e22_032;tbbt_s09e22.mp4;373.71;386.98;
291;Amy and Bernadette look at a bird on the couch, then turn to Sheldon standing in the doorway with crossed arms.;s05e09_114;tbbt_s05e09.mp4;987.57;998.04;
7130004;A shot of a busy multi-lane highway with cars driving in both directions, trees lining the roadside.;s06e24_018;tbbt_s06e24.mp4;146.02;156.28;
53286;Leonard, in a red robe, looks at the ground and blinks a couple of times, then takes the money from Sheldon's hand.;s09e22_089;tbbt_s09e22.mp4;1146.75;1158.45;
46843;Penny puts her wine glass on the table and gets down on one knee in front of Leonard.;s05e09_086;tbbt_s05e09.mp4;696.03;708.42;
3372;Penny wipes the cream off the spatula with a tissue.;s08e04_044;tbbt_s08e04.mp4;395.39;400.86;
80587;Leonard and Sheldon grab bottles from the kitchen island, then Sheldon sits on the couch while Leonard leans against the wall, still talking.;s04e12_036;tbbt_s04e12.mp4;358.90;366.41;
3372;Penny wipes the cream off the spatula with a tissue.;s04e12_031;tbbt_s04e12.mp4;304.68;316.07;
11646;Leonard rolls onto his side toward Penny, while they are lying together in bed on orange pillows.;s05e13_064;tbbt_s05e13.mp4;704.62;718.33;
3394;Bernadette adjusts her glasses when she's talking to Howard online.;s06e24_052;tbbt_s06e24.mp4;517.06;523.06;
80227;Leonard, in a costume, closes his front door quickly and locks it.;s01e01_027;tbbt_s01e01.mp4;250.00;257.59;
11646;Leonard rolls onto his side toward Penny, while they are lying together in bed on orange pillows.;s03e15_113;tbbt_s03e15.mp4;1047.03;1057.14;
78581;Howard is struggling to take a black bowling ball from the tray.;s03e15_041;tbbt_s03e15.mp4;307.59;321.84;
79981;Leonard grabs Penny by the arms and walks her back a few steps, while standing in the living room in front of Sheldon.;s09e22_026;tbbt_s09e22.mp4;304.76;319.61;
84012;Sheldon, in a purple shirt with black sleeves, suddenly moves his body while sitting on the couch and starts to clap as he is singing a song.;s09e22_022;tbbt_s09e22.mp4;252.93;265.89;
3022;Penny pulls back the shower curtain and climbs inside the shower.;s05e13_015;tbbt_s05e13.mp4;164.65;178.90;
3366;Raj lifts up his foot above the table at the canteen to show Sheldon and Leonard that he's wearing sandals.;s04e12_148;tbbt_s04e12.mp4;1225.27;1236.86;
15762;Lucy puts aside an orange napkin and rushes away from the table where Amy and Raj are sitting.;s08e04_113;tbbt_s08e04.mp4;930.43;944.11;
3366;Raj lifts up his foot above the table at the canteen to show Sheldon and Leonard that he's wearing sandals.;s02e21_049;tbbt_s02e21.mp4;425.72;433.29;
96015;Leonard and Raj slowly walk through a doorway into a clinic pulling a robotic arm that is attached, underneath a blanket, to Howard.;s02e01_011;tbbt_s02e01.mp4;93.84;105.27;
80227;Leonard, in a costume, closes his front door quickly and locks it.;s06e07_112;tbbt_s06e07.mp4;1088.14;1102.43;
11656;Sheldon lays down some cards in a couple of places on the table while playing a card game with bored Raj and Howard.;s06e24_008;tbbt_s06e24.mp4;52.01;65.57;
79987;Sheldon stands with one arm stretched straight up and the other arm down at his side, bending his body backward, looking around, uncomfortable.;s07e13_020;tbbt_s07e13.mp4;227.60;236.69;
38099;Raj jumps into the apartment wearing a Flash costume.;s08e04_071;tbbt_s08e04.mp4;549.76;556.26;
80591;Leonard walks to the door, lets in Howard holding a CD and Raj, who is wearing a red hat.;s07e13_005;tbbt_s07e13.mp4;47.04;59.05;
28861;While Penny, Amy, and Bernadette are unboxing something, Leonard knocks on Penny's opened door.;s03e15_052;tbbt_s03e15.mp4;454.54;467.31;
55040;Raj, in a red and blue track jacket, presses his palms together and taps his fingers excitedly, smiling on the couch.;s02e21_067;tbbt_s02e21.mp4;559.52;564.94;
58103;Sheldon, in a grey shirt, hands Amy, in a purple sweater next to him, food wrapped in foil.;s02e21_129;tbbt_s02e21.mp4;1185.42;1199.66;
34121;Howard, while in the bathroom with Leonard, goes to the sink and washes his hands.;s02e13_073;tbbt_s02e13.mp4;813.37;826.35;
78581;Howard is struggling to take a black bowling ball from the tray.;s06e24_005;tbbt_s06e24.mp4;32.49;37.45;
7725;Penny, standing, leans forward and looks at Sheldon, who is sitting on the couch, with her hands on her knees.;s02e21_111;tbbt_s02e21.mp4;1040.94;1055.10;
79987;Sheldon stands with one arm stretched straight up and the other arm down at his side, bending his body backward, looking around, uncomfortable.;s04e01_120;tbbt_s04e01.mp4;1147.65;1154.53;
55040;Raj, in a red and blue track jacket, presses his palms together and taps his fingers excitedly, smiling on the couch.;s02e21_025;tbbt_s02e21.mp4;214.59;227.89;
28861;While Penny, Amy, and Bernadette are unboxing something, Leonard knocks on Penny's opened door.;s08e04_125;tbbt_s08e04.mp4;1057.93;1066.23;
7130004;A shot of a busy multi-lane highway with cars driving in both directions, trees lining the roadside.;s01e01_136;tbbt_s01e01.mp4;1300.87;1313.65;
18709;Penny happily jumps toward Leonard on the sofa to give him a hug.;s01e06_096;tbbt_s01e06.mp4;1065.26;1079.98;
11656;Sheldon lays down some cards in a couple of places on the table while playing a card game with bored Raj and Howard.;s03e19_041;tbbt_s03e19.mp4;324.82;335.44;
3022;Penny pulls back the shower curtain and climbs inside the shower.;s02e21_055;tbbt_s02e21.mp4;485.65;490.12;
45195;Sheldon reaches for his wallet in his jacket pocket while sitting at the restaurant with Amy.;s06e07_089;tbbt_s06e07.mp4;862.76;877.42;
4060;A wide shot of Stuart, Howard and Bernadette sitting down together in a cozy, antique-filled living room.;s06e07_110;tbbt_s06e07.mp4;1059.55;1073.84;
79981;Leonard grabs Penny by the arms and walks her back a few steps, while standing in the living room in front of Sheldon.;s07e13_017;tbbt_s07e13.mp4;193.24;205.31;
40031;Leonard and Penny kiss in the hall and a camera on the wall watches them.;s08e04_096;tbbt_s08e04.mp4;745.15;759.65;
58103;Sheldon, in a grey shirt, hands Amy, in a purple sweater next to him, food wrapped in foil.;s08e08_061;tbbt_s08e08.mp4;430.40;441.22;
38416;Penny sits in the back seat and shrugs her shoulders twice as they all drive in a car.;s07e13_071;tbbt_s07e13.mp4;647.69;654.03;
80591;Leonard walks to the door, lets in Howard holding a CD and Raj, who is wearing a red hat.;s03e15_085;tbbt_s03e15.mp4;731.98;741.45;
51045;Sheldon quickly drinks his whole drink while holding a red straw, then makes a happy face, at the bar.;s06e24_098;tbbt_s06e24.mp4;847.47;857.61;
84012;Sheldon, in a purple shirt with black sleeves, suddenly moves his body while sitting on the couch and starts to clap as he is singing a song.;s01e01_069;tbbt_s01e01.mp4;639.85;650.57;
19965;Penny looks up and winks at someone, making a finger gun gesture.;s08e04_079;tbbt_s08e04.mp4;592.47;597.39;
19965;Penny looks up and winks at someone, making a finger gun gesture.;s08e08_032;tbbt_s08e08.mp4;230.94;239.24;
42301;Sheldon, standing in front of a bookcase, near the window with drapes, dials a number on his cell phone.;s03e15_126;tbbt_s03e15.mp4;1179.43;1190.56;
3022;Penny pulls back the shower curtain and climbs inside the shower.;s02e21_133;tbbt_s02e21.mp4;1242.41;1254.24;
33248;Sheldon is being clipped in by the instructor to climb the wall.;s03e15_031;tbbt_s03e15.mp4;218.12;231.81;
7130004;A shot of a busy multi-lane highway with cars driving in both directions, trees lining the roadside.;s06e24_011;tbbt_s06e24.mp4;88.01;100.39;
11679;Leonard, in a black suit, is looking at his computer while talking to his friends, who are playing a board game at the glass table.;s02e21_050;tbbt_s02e21.mp4;433.29;440.86;
5090003;The bird flies into the apartment through the open window.;s05e09_021;tbbt_s05e09.mp4;162.84;172.03;
83407;Bernadette touches a red dress that Amy is holding up as they stand in front of the blue couch.;s01e06_092;tbbt_s01e06.mp4;1020.56;1028.19;
15751;Raj, while holding a beer bottle, reaches out and slaps Leonard on the back while he eats his food.;s04e01_022;tbbt_s04e01.mp4;201.41;204.50;
11656;Sheldon lays down some cards in a couple of places on the table while playing a card game with bored Raj and Howard.;s04e12_090;tbbt_s04e12.mp4;753.63;758.47;
11679;Leonard, in a black suit, is looking at his computer while talking to his friends, who are playing a board game at the glass table.;s08e08_090;tbbt_s08e08.mp4;653.30;667.54;
79007;A shot of Sheldon standing at the kitchen island in front of a row of toast, while Bernadette sits across from him.;s08e04_107;tbbt_s08e04.mp4;854.06;866.79;
3372;Penny wipes the cream off the spatula with a tissue.;s04e01_026;tbbt_s04e01.mp4;219.55;226.18;
55040;Raj, in a red and blue track jacket, presses his palms together and taps his fingers excitedly, smiling on the couch.;s08e04_009;tbbt_s08e04.mp4;71.24;79.10;
33248;Sheldon is being clipped in by the instructor to climb the wall.;s02e13_087;tbbt_s02e13.mp4;944.28;947.28;
3372;Penny wipes the cream off the spatula with a tissue.;s08e04_076;tbbt_s08e04.mp4;577.70;582.79;
291;Amy and Bernadette look at a bird on the couch, then turn to Sheldon standing in the doorway with crossed arms.;s07e13_013;tbbt_s07e13.mp4;128.34;138.81;
80227;Leonard, in a costume, closes his front door quickly and locks it.;s01e06_081;tbbt_s01e06.mp4;927.18;935.18;
296;Sheldon, with a bird on his arm, picks up a cup from a table near the sofa and offers it to the bird, which takes it.;s01e06_088;tbbt_s01e06.mp4;985.44;998.08;
11659;Leonard, in a black suit, comes into the apartment and slams the door, then Howard looks at his watch.;s02e21_043;tbbt_s02e21.mp4;380.09;385.26;
84012;Sheldon, in a purple shirt with black sleeves, suddenly moves his body while sitting on the couch and starts to clap as he is singing a song.;s02e01_092;tbbt_s02e01.mp4;925.46;940.02;
58103;Sheldon, in a grey shirt, hands Amy, in a purple sweater next to him, food wrapped in foil.;s02e21_095;tbbt_s02e21.mp4;871.37;882.09;
11659;Leonard, in a black suit, comes into the apartment and slams the door, then Howard looks at his watch.;s08e08_091;tbbt_s08e08.mp4;667.54;682.14;
38416;Penny sits in the back seat and shrugs her shoulders twice as they all drive in a car.;s04e01_068;tbbt_s04e01.mp4;673.08;685.52;
4060;A wide shot of Stuart, Howard and Bernadette sitting down together in a cozy, antique-filled living room.;s06e01_076;tbbt_s06e01.mp4;813.81;827.81;
79007;A shot of Sheldon standing at the kitchen island in front of a row of toast, while Bernadette sits across from him.;s08e08_017;tbbt_s08e08.mp4;151.32;156.11;
84012;Sheldon, in a purple shirt with black sleeves, suddenly moves his body while sitting on the couch and starts to clap as he is singing a song.;s04e12_041;tbbt_s04e12.mp4;397.61;411.62;
3370;Penny applies white cream with a spatula on Amy's face between her lip and her nose.;s03e15_128;tbbt_s03e15.mp4;1201.70;1208.08;
80227;Leonard, in a costume, closes his front door quickly and locks it.;s08e08_139;tbbt_s08e08.mp4;1128.21;1134.13;
15751;Raj, while holding a beer bottle, reaches out and slaps Leonard on the back while he eats his food.;s03e15_067;tbbt_s03e15.mp4;594.09;602.94;
46843;Penny puts her wine glass on the table and gets down on one knee in front of Leonard.;s05e09_074;tbbt_s05e09.mp4;557.77;572.24;
84012;Sheldon, in a purple shirt with black sleeves, suddenly moves his body while sitting on the couch and starts to clap as he is singing a song.;s02e13_072;tbbt_s02e13.mp4;800.38;813.37;
79981;Leonard grabs Penny by the arms and walks her back a few steps, while standing in the living room in front of Sheldon.;s09e22_001;tbbt_s09e22.mp4;0.00;12.30;
82961;Penny, in a red blouse, and Leonard both look down while sitting on the couch and Penny puts her hand on his shoulder.;s03e15_043;tbbt_s03e15.mp4;336.09;350.34;
11644;Penny, in a red dress, rests her arms on Leonard's shoulder while smiling at him, as Amy, in a blue dress, stands at the doorway.;s08e08_075;tbbt_s08e08.mp4;529.40;539.75;
18709;Penny happily jumps toward Leonard on the sofa to give him a hug.;s03e19_006;tbbt_s03e19.mp4;47.42;50.68;
78581;Howard is struggling to take a black bowling ball from the tray.;s03e19_142;tbbt_s03e19.mp4;1000.92;1005.00;
34121;Howard, while in the bathroom with Leonard, goes to the sink and washes his hands.;s02e21_045;tbbt_s02e21.mp4;390.43;395.60;
91631;Sheldon enters the bar and sits on a stool in front of Penny, with a snack lying on the bar counter.;s06e24_098;tbbt_s06e24.mp4;847.47;857.61;
19965;Penny looks up and winks at someone, making a finger gun gesture.;s08e04_026;tbbt_s08e04.mp4;225.81;234.73;
58103;Sheldon, in a grey shirt, hands Amy, in a purple sweater next to him, food wrapped in foil.;s04e12_004;tbbt_s04e12.mp4;44.02;57.72;
91631;Sheldon enters the bar and sits on a stool in front of Penny, with a snack lying on the bar counter.;s06e07_090;tbbt_s06e07.mp4;877.42;892.08;
296;Sheldon, with a bird on his arm, picks up a cup from a table near the sofa and offers it to the bird, which takes it.;s05e09_116;tbbt_s05e09.mp4;1008.51;1022.66;
5090003;The bird flies into the apartment through the open window.;s05e09_036;tbbt_s05e09.mp4;283.93;297.05;
3366;Raj lifts up his foot above the table at the canteen to show Sheldon and Leonard that he's wearing sandals.;s02e13_006;tbbt_s02e13.mp4;63.84;77.54;
82961;Penny, in a red blouse, and Leonard both look down while sitting on the couch and Penny puts her hand on his shoulder.;s03e15_041;tbbt_s03e15.mp4;307.59;321.84;
18709;Penny happily jumps toward Leonard on the sofa to give him a hug.;s01e06_099;tbbt_s01e06.mp4;1109.41;1124.13;
84012;Sheldon, in a purple shirt with black sleeves, suddenly moves his body while sitting on the couch and starts to clap as he is singing a song.;s01e06_037;tbbt_s01e06.mp4;412.08;418.50;
79007;A shot of Sheldon standing at the kitchen island in front of a row of toast, while Bernadette sits across from him.;s08e04_076;tbbt_s08e04.mp4;577.70;582.79;
296;Sheldon, with a bird on his arm, picks up a cup from a table near the sofa and offers it to the bird, which takes it.;s05e09_021;tbbt_s05e09.mp4;162.84;172.03;
13987;The robotic hand drops the small package into Penny's hand, which she holds out expectantly.;s04e01_017;tbbt_s04e01.mp4;135.84;139.56;
18709;Penny happily jumps toward Leonard on the sofa to give him a hug.;s01e06_092;tbbt_s01e06.mp4;1020.56;1028.19;
80591;Leonard walks to the door, lets in Howard holding a CD and Raj, who is wearing a red hat.;s02e21_052;tbbt_s02e21.mp4;450.24;461.96;
80227;Leonard, in a costume, closes his front door quickly and locks it.;s02e01_131;tbbt_s02e01.mp4;1266.07;1280.15;
4060;A wide shot of Stuart, Howard and Bernadette sitting down together in a cozy, antique-filled living room.;s03e19_015;tbbt_s03e19.mp4;119.82;123.79;
4060;A wide shot of Stuart, Howard and Bernadette sitting down together in a cozy, antique-filled living room.;s01e06_048;tbbt_s01e06.mp4;512.51;526.93;
28861;While Penny, Amy, and Bernadette are unboxing something, Leonard knocks on Penny's opened door.;s05e13_009;tbbt_s05e13.mp4;93.43;102.60;
34121;Howard, while in the bathroom with Leonard, goes to the sink and washes his hands.;s09e22_068;tbbt_s09e22.mp4;851.75;865.31;
11679;Leonard, in a black suit, is looking at his computer while talking to his friends, who are playing a board game at the glass table.;s02e21_083;tbbt_s02e21.mp4;724.93;734.90;
40031;Leonard and Penny kiss in the hall and a camera on the wall watches them.;s01e06_103;tbbt_s01e06.mp4;1158.32;1162.08;
42301;Sheldon, standing in front of a bookcase, near the window with drapes, dials a number on his cell phone.;s08e08_087;tbbt_s08e08.mp4;623.37;635.05;
38099;Raj jumps into the apartment wearing a Flash costume.;s05e09_031;tbbt_s05e09.mp4;221.68;228.23;
58103;Sheldon, in a grey shirt, hands Amy, in a purple sweater next to him, food wrapped in foil.;s03e15_108;tbbt_s03e15.mp4;982.35;996.73;
3366;Raj lifts up his foot above the table at the canteen to show Sheldon and Leonard that he's wearing sandals.;s03e15_003;tbbt_s03e15.mp4;17.64;25.32;
37856;Penny sits beside Sheldon on the couch with a bowl in her hand and covers herself with the blanket.;s08e04_020;tbbt_s08e04.mp4;186.81;195.99;
86431;Penny catches Leonard and Sheldon staring at her from the hallway.;s08e08_094;tbbt_s08e08.mp4;698.24;701.83;
33248;Sheldon is being clipped in by the instructor to climb the wall.;s06e07_037;tbbt_s06e07.mp4;334.08;347.51;
88802;A bartender hands Raj a mint green drink and Leonard a beer bottle, at the bar.;s02e21_067;tbbt_s02e21.mp4;559.52;564.94;
28861;While Penny, Amy, and Bernadette are unboxing something, Leonard knocks on Penny's opened door.;s05e13_005;tbbt_s05e13.mp4;47.01;52.05;
82961;Penny, in a red blouse, and Leonard both look down while sitting on the couch and Penny puts her hand on his shoulder.;s03e19_075;tbbt_s03e19.mp4;589.55;594.13;
37856;Penny sits beside Sheldon on the couch with a bowl in her hand and covers herself with the blanket.;s08e04_011;tbbt_s08e04.mp4;117.13;130.17;
29596;Sheldon, in green plaid pajamas, slumps from the headrest of the armchair down into the chair and makes a shushing gesture.;s02e01_121;tbbt_s02e01.mp4;1169.71;1179.55;
79007;A shot of Sheldon standing at the kitchen island in front of a row of toast, while Bernadette sits across from him.;s08e04_085;tbbt_s08e04.mp4;628.29;634.55;
3366;Raj lifts up his foot above the table at the canteen to show Sheldon and Leonard that he's wearing sandals.;s03e15_071;tbbt_s03e15.mp4;621.43;632.17;
45195;Sheldon reaches for his wallet in his jacket pocket while sitting at the restaurant with Amy.;s06e01_054;tbbt_s06e01.mp4;544.84;559.80;
4060;A wide shot of Stuart, Howard and Bernadette sitting down together in a cozy, antique-filled living room.;s08e04_065;tbbt_s08e04.mp4;513.20;521.52;
13987;The robotic hand drops the small package into Penny's hand, which she holds out expectantly.;s06e07_071;tbbt_s06e07.mp4;670.18;682.51;
16404;Bernadette, in a blue floral dress, reaches out and holds Howard's hand to comfort him while they are eating dinner.;s06e07_103;tbbt_s06e07.mp4;1006.05;1015.10;
58103;Sheldon, in a grey shirt, hands Amy, in a purple sweater next to him, food wrapped in foil.;s02e21_130;tbbt_s02e21.mp4;1199.66;1213.91;
18709;Penny happily jumps toward Leonard on the sofa to give him a hug.;s01e06_097;tbbt_s01e06.mp4;1079.98;1094.70;
80587;Leonard and Sheldon grab bottles from the kitchen island, then Sheldon sits on the couch while Leonard leans against the wall, still talking.;s08e08_035;tbbt_s08e08.mp4;252.88;257.55;
79007;A shot of Sheldon standing at the kitchen island in front of a row of toast, while Bernadette sits across from him.;s09e22_087;tbbt_s09e22.mp4;1122.04;1135.06;
79987;Sheldon stands with one arm stretched straight up and the other arm down at his side, bending his body backward, looking around, uncomfortable.;s02e21_041;tbbt_s02e21.mp4;361.69;374.67;
11644;Penny, in a red dress, rests her arms on Leonard's shoulder while smiling at him, as Amy, in a blue dress, stands at the doorway.;s06e07_110;tbbt_s06e07.mp4;1059.55;1073.84;
88802;A bartender hands Raj a mint green drink and Leonard a beer bottle, at the bar.;s02e21_079;tbbt_s02e21.mp4;691.95;705.91;
18709;Penny happily jumps toward Leonard on the sofa to give him a hug.;s05e13_061;tbbt_s05e13.mp4;665.87;679.60;
62276;Sheldon walks up and flips the light switch to turn off the lights in the laundry room.;s05e13_011;tbbt_s05e13.mp4;106.19;111.65;
80591;Leonard walks to the door, lets in Howard holding a CD and Raj, who is wearing a red hat.;s01e06_034;tbbt_s01e06.mp4;382.63;393.39;
11656;Sheldon lays down some cards in a couple of places on the table while playing a card game with bored Raj and Howard.;s06e24_006;tbbt_s06e24.mp4;37.45;44.13;
3394;Bernadette adjusts her glasses when she's talking to Howard online.;s04e01_112;tbbt_s04e01.mp4;1092.42;1101.64;
18709;Penny happily jumps toward Leonard on the sofa to give him a hug.;s03e15_045;tbbt_s03e15.mp4;364.59;378.84;
11656;Sheldon lays down some cards in a couple of places on the table while playing a card game with bored Raj and Howard.;s06e24_001;tbbt_s06e24.mp4;0.00;10.05;
11656;Sheldon lays down some cards in a couple of places on the table while playing a card game with bored Raj and Howard.;s02e21_049;tbbt_s02e21.mp4;425.72;433.29;
13987;The robotic hand drops the small package into Penny's hand, which she holds out expectantly.;s02e01_032;tbbt_s02e01.mp4;311.27;323.92;
78581;Howard is struggling to take a black bowling ball from the tray.;s03e19_150;tbbt_s03e19.mp4;1054.76;1061.56;
6010003;Howard, in a green polo shirt and cap, pushes off from one wall to the opposite one, as he floats through the space station.;s03e19_091;tbbt_s03e19.mp4;675.55;682.97;
83407;Bernadette touches a red dress that Amy is holding up as they stand in front of the blue couch.;s08e08_118;tbbt_s08e08.mp4;952.86;965.22;
9411;A shot of the laptop screen, where Amy reaches forward and presses a button that shuts the video off.;s06e24_081;tbbt_s06e24.mp4;753.00;758.34;
15751;Raj, while holding a beer bottle, reaches out and slaps Leonard on the back while he eats his food.;s03e15_003;tbbt_s03e15.mp4;17.64;25.32;
80587;Leonard and Sheldon grab bottles from the kitchen island, then Sheldon sits on the couch while Leonard leans against the wall, still talking.;s02e21_020;tbbt_s02e21.mp4;192.23;196.03;
29607;Leonard leaves Penny's apartment door to go inside his apartment and looks up at the camera.;s02e01_127;tbbt_s02e01.mp4;1209.75;1223.83;
80596;Sheldon, in plaid pants, slides to his spot on the couch after Penny gets up.;s02e21_103;tbbt_s02e21.mp4;948.85;960.75;
11646;Leonard rolls onto his side toward Penny, while they are lying together in bed on orange pillows.;s05e13_063;tbbt_s05e13.mp4;693.32;704.62;
15762;Lucy puts aside an orange napkin and rushes away from the table where Amy and Raj are sitting.;s06e24_060;tbbt_s06e24.mp4;574.87;578.04;
11646;Leonard rolls onto his side toward Penny, while they are lying together in bed on orange pillows.;s05e13_070;tbbt_s05e13.mp4;786.89;800.60;
3372;Penny wipes the cream off the spatula with a tissue.;s08e08_081;tbbt_s08e08.mp4;582.12;588.13;
7130004;A shot of a busy multi-lane highway with cars driving in both directions, trees lining the roadside.;s01e01_108;tbbt_s01e01.mp4;966.87;980.18;
11659;Leonard, in a black suit, comes into the apartment and slams the door, then Howard looks at his watch.;s01e01_018;tbbt_s01e01.mp4;158.71;170.40;
58103;Sheldon, in a grey shirt, hands Amy, in a purple sweater next to him, food wrapped in foil.;s06e07_089;tbbt_s06e07.mp4;862.76;877.42;
5090003;The bird flies into the apartment through the open window.;s05e09_037;tbbt_s05e09.mp4;297.05;306.71;
79981;Leonard grabs Penny by the arms and walks her back a few steps, while standing in the living room in front of Sheldon.;s01e01_038;tbbt_s01e01.mp4;348.52;362.24;
80591;Leonard walks to the door, lets in Howard holding a CD and Raj, who is wearing a red hat.;s01e06_033;tbbt_s01e06.mp4;372.33;382.63;
3366;Raj lifts up his foot above the table at the canteen to show Sheldon and Leonard that he's wearing sandals.;s02e13_014;tbbt_s02e13.mp4;134.63;138.51;
79981;Leonard grabs Penny by the arms and walks her back a few steps, while standing in the living room in front of Sheldon.;s07e13_016;tbbt_s07e13.mp4;185.12;193.24;
62276;Sheldon walks up and flips the light switch to turn off the lights in the laundry room.;s07e13_008;tbbt_s07e13.mp4;83.08;89.26;
3370;Penny applies white cream with a spatula on Amy's face between her lip and her nose.;s04e12_139;tbbt_s04e12.mp4;1155.84;1164.45;
82961;Penny, in a red blouse, and Leonard both look down while sitting on the couch and Penny puts her hand on his shoulder.;s07e13_015;tbbt_s07e13.mp4;149.28;159.75;
37856;Penny sits beside Sheldon on the couch with a bowl in her hand and covers herself with the blanket.;s02e13_028;tbbt_s02e13.mp4;287.48;301.63;
291;Amy and Bernadette look at a bird on the couch, then turn to Sheldon standing in the doorway with crossed arms.;s06e24_100;tbbt_s06e24.mp4;868.76;879.92;
13987;The robotic hand drops the small package into Penny's hand, which she holds out expectantly.;s02e21_046;tbbt_s02e21.mp4;395.60;400.69;
80587;Leonard and Sheldon grab bottles from the kitchen island, then Sheldon sits on the couch while Leonard leans against the wall, still talking.;s01e01_044;tbbt_s01e01.mp4;441.20;454.80;
96016;The nurse takes off her glasses, walks over and looks underneath Howard's purple blanket.;s05e13_062;tbbt_s05e13.mp4;679.60;693.32;
6010003;Howard, in a green polo shirt and cap, pushes off from one wall to the opposite one, as he floats through the space station.;s06e07_034;tbbt_s06e07.mp4;310.98;320.34;
15762;Lucy puts aside an orange napkin and rushes away from the table where Amy and Raj are sitting.;s06e07_064;tbbt_s06e07.mp4;581.68;595.24;
3385;A man floats across the International Space Station behind Howard at the laptop.;s06e01_038;tbbt_s06e01.mp4;401.15;413.20;
291;Amy and Bernadette look at a bird on the couch, then turn to Sheldon standing in the doorway with crossed arms.;s05e09_096;tbbt_s05e09.mp4;805.22;811.77;
84012;Sheldon, in a purple shirt with black sleeves, suddenly moves his body while sitting on the couch and starts to clap as he is singing a song.;s02e01_121;tbbt_s02e01.mp4;1169.71;1179.55;
86431;Penny catches Leonard and Sheldon staring at her from the hallway.;s05e09_004;tbbt_s05e09.mp4;29.64;42.23;
15762;Lucy puts aside an orange napkin and rushes away from the table where Amy and Raj are sitting.;s03e15_071;tbbt_s03e15.mp4;621.43;632.17;
82961;Penny, in a red blouse, and Leonard both look down while sitting on the couch and Penny puts her hand on his shoulder.;s06e24_130;tbbt_s06e24.mp4;1117.88;1131.28;
96016;The nurse takes off her glasses, walks over and looks underneath Howard's purple blanket.;s05e09_045;tbbt_s05e09.mp4;352.14;355.90;
13987;The robotic hand drops the small package into Penny's hand, which she holds out expectantly.;s09e22_051;tbbt_s09e22.mp4;616.38;630.15;
3394;Bernadette adjusts her glasses when she's talking to Howard online.;s06e01_048;tbbt_s06e01.mp4;472.06;481.19;
11656;Sheldon lays down some cards in a couple of places on the table while playing a card game with bored Raj and Howard.;s08e04_009;tbbt_s08e04.mp4;71.24;79.10;
88802;A bartender hands Raj a mint green drink and Leonard a beer bottle, at the bar.;s02e21_082;tbbt_s02e21.mp4;712.79;724.93;
7130004;A shot of a busy multi-lane highway with cars driving in both directions, trees lining the roadside.;s04e01_056;tbbt_s04e01.mp4;545.63;556.28;
11656;Sheldon lays down some cards in a couple of places on the table while playing a card game with bored Raj and Howard.;s04e01_022;tbbt_s04e01.mp4;201.41;204.50;
80591;Leonard walks to the door, lets in Howard holding a CD and Raj, who is wearing a red hat.;s02e01_074;tbbt_s02e01.mp4;731.77;746.00;
79981;Leonard grabs Penny by the arms and walks her back a few steps, while standing in the living room in front of Sheldon.;s07e13_117;tbbt_s07e13.mp4;1000.50;1015.26;
15751;Raj, while holding a beer bottle, reaches out and slaps Leonard on the back while he eats his food.;s03e15_071;tbbt_s03e15.mp4;621.43;632.17;
34121;Howard, while in the bathroom with Leonard, goes to the sink and washes his hands.;s02e01_047;tbbt_s02e01.mp4;435.79;449.00;
38099;Raj jumps into the apartment wearing a Flash costume.;s08e04_073;tbbt_s08e04.mp4;560.60;566.11;
7130004;A shot of a busy multi-lane highway with cars driving in both directions, trees lining the roadside.;s06e24_020;tbbt_s06e24.mp4;166.54;177.95;
18709;Penny happily jumps toward Leonard on the sofa to give him a hug.;s08e08_121;tbbt_s08e08.mp4;989.95;1002.32;
11656;Sheldon lays down some cards in a couple of places on the table while playing a card game with bored Raj and Howard.;s05e13_027;tbbt_s05e13.mp4;302.02;314.40;
19965;Penny looks up and winks at someone, making a finger gun gesture.;s07e13_124;tbbt_s07e13.mp4;1053.30;1066.44;
291;Amy and Bernadette look at a bird on the couch, then turn to Sheldon standing in the doorway with crossed arms.;s05e09_095;tbbt_s05e09.mp4;799.92;805.22;
79987;Sheldon stands with one arm stretched straight up and the other arm down at his side, bending his body backward, looking around, uncomfortable.;s02e01_121;tbbt_s02e01.mp4;1169.71;1179.55;
291;Amy and Bernadette look at a bird on the couch, then turn to Sheldon standing in the doorway with crossed arms.;s08e04_123;tbbt_s08e04.mp4;1042.29;1050.11;
15762;Lucy puts aside an orange napkin and rushes away from the table where Amy and Raj are sitting.;s06e24_027;tbbt_s06e24.mp4;257.26;268.60;
11690;Amy and Bernadette are sitting on Penny's bed on a pile of clothes when Penny comes out of her bathroom in a green dress.;s05e13_015;tbbt_s05e13.mp4;164.65;178.90;
37856;Penny sits beside Sheldon on the couch with a bowl in her hand and covers herself with the blanket.;s02e21_107;tbbt_s02e21.mp4;1003.25;1011.76;
15762;Lucy puts aside an orange napkin and rushes away from the table where Amy and Raj are sitting.;s09e22_024;tbbt_s09e22.mp4;278.85;291.81;
291;Amy and Bernadette look at a bird on the couch, then turn to Sheldon standing in the doorway with crossed arms.;s05e09_102;tbbt_s05e09.mp4;837.96;846.97;
4060;A wide shot of Stuart, Howard and Bernadette sitting down together in a cozy, antique-filled living room.;s04e12_021;tbbt_s04e12.mp4;207.46;211.79;
80587;Leonard and Sheldon grab bottles from the kitchen island, then Sheldon sits on the couch while Leonard leans against the wall, still talking.;s02e01_114;tbbt_s02e01.mp4;1129.84;1139.06;
55040;Raj, in a red and blue track jacket, presses his palms together and taps his fingers excitedly, smiling on the couch.;s03e19_071;tbbt_s03e19.mp4;555.55;565.15;
3385;A man floats across the International Space Station behind Howard at the laptop.;s06e01_037;tbbt_s06e01.mp4;393.42;401.15;
37856;Penny sits beside Sheldon on the couch with a bowl in her hand and covers herself with the blanket.;s02e21_123;tbbt_s02e21.mp4;1147.77;1155.61;
6010003;Howard, in a green polo shirt and cap, pushes off from one wall to the opposite one, as he floats through the space station.;s06e01_115;tbbt_s06e01.mp4;1228.23;1234.19;
9411;A shot of the laptop screen, where Amy reaches forward and presses a button that shuts the video off.;s06e01_038;tbbt_s06e01.mp4;401.15;413.20;
11690;Amy and Bernadette are sitting on Penny's bed on a pile of clothes when Penny comes out of her bathroom in a green dress.;s05e13_126;tbbt_s05e13.mp4;1245.29;1252.29;
11656;Sheldon lays down some cards in a couple of places on the table while playing a card game with bored Raj and Howard.;s03e15_071;tbbt_s03e15.mp4;621.43;632.17;
11659;Leonard, in a black suit, comes into the apartment and slams the door, then Howard looks at his watch.;s02e01_010;tbbt_s02e01.mp4;88.21;93.84;
291;Amy and Bernadette look at a bird on the couch, then turn to Sheldon standing in the doorway with crossed arms.;s09e22_052;tbbt_s09e22.mp4;630.15;643.92;
83407;Bernadette touches a red dress that Amy is holding up as they stand in front of the blue couch.;s02e21_123;tbbt_s02e21.mp4;1147.77;1155.61;
58103;Sheldon, in a grey shirt, hands Amy, in a purple sweater next to him, food wrapped in foil.;s06e24_076;tbbt_s06e24.mp4;704.58;716.07;
55040;Raj, in a red and blue track jacket, presses his palms together and taps his fingers excitedly, smiling on the couch.;s06e24_080;tbbt_s06e24.mp4;742.87;753.00;
7130004;A shot of a busy multi-lane highway with cars driving in both directions, trees lining the roadside.;s06e24_016;tbbt_s06e24.mp4;127.77;135.76;
88802;A bartender hands Raj a mint green drink and Leonard a beer bottle, at the bar.;s02e21_078;tbbt_s02e21.mp4;677.98;691.95;
78581;Howard is struggling to take a black bowling ball from the tray.;s03e15_039;tbbt_s03e15.mp4;279.09;293.34;
79987;Sheldon stands with one arm stretched straight up and the other arm down at his side, bending his body backward, looking around, uncomfortable.;s07e13_007;tbbt_s07e13.mp4;71.07;83.08;
15751;Raj, while holding a beer bottle, reaches out and slaps Leonard on the back while he eats his food.;s08e08_004;tbbt_s08e08.mp4;29.82;41.33;
19960;Raj raises his beer and then takes a sip of it, at the bowling lane.;s03e19_070;tbbt_s03e19.mp4;545.96;555.55;
46843;Penny puts her wine glass on the table and gets down on one knee in front of Leonard.;s09e22_058;tbbt_s09e22.mp4;713.84;727.52;
28861;While Penny, Amy, and Bernadette are unboxing something, Leonard knocks on Penny's opened door.;s08e04_127;tbbt_s08e04.mp4;1069.57;1082.71;
55040;Raj, in a red and blue track jacket, presses his palms together and taps his fingers excitedly, smiling on the couch.;s01e01_113;tbbt_s01e01.mp4;1030.90;1038.75;
15762;Lucy puts aside an orange napkin and rushes away from the table where Amy and Raj are sitting.;s09e22_058;tbbt_s09e22.mp4;713.84;727.52;
7725;Penny, standing, leans forward and looks at Sheldon, who is sitting on the couch, with her hands on her knees.;s01e01_045;tbbt_s01e01.mp4;454.80;468.40;
3394;Bernadette adjusts her glasses when she's talking to Howard online.;s08e08_025;tbbt_s08e08.mp4;195.40;201.24;
3394;Bernadette adjusts her glasses when she's talking to Howard online.;s06e01_041;tbbt_s06e01.mp4;420.84;428.26;
58103;Sheldon, in a grey shirt, hands Amy, in a purple sweater next to him, food wrapped in foil.;s08e08_039;tbbt_s08e08.mp4;280.68;294.79;
28861;While Penny, Amy, and Bernadette are unboxing something, Leonard knocks on Penny's opened door.;s08e08_030;tbbt_s08e08.mp4;220.89;224.06;
11679;Leonard, in a black suit, is looking at his computer while talking to his friends, who are playing a board game at the glass table.;s04e12_050;tbbt_s04e12.mp4;466.03;478.81;
84012;Sheldon, in a purple shirt with black sleeves, suddenly moves his body while sitting on the couch and starts to clap as he is singing a song.;s02e01_123;tbbt_s02e01.mp4;1182.56;1189.65;
11646;Leonard rolls onto his side toward Penny, while they are lying together in bed on orange pillows.;s03e15_111;tbbt_s03e15.mp4;1025.48;1036.93;
96016;The nurse takes off her glasses, walks over and looks underneath Howard's purple blanket.;s05e13_022;tbbt_s05e13.mp4;239.45;251.62;
84012;Sheldon, in a purple shirt with black sleeves, suddenly moves his body while sitting on the couch and starts to clap as he is singing a song.;s04e12_045;tbbt_s04e12.mp4;430.60;439.56;
51045;Sheldon quickly drinks his whole drink while holding a red straw, then makes a happy face, at the bar.;s06e24_071;tbbt_s06e24.mp4;662.95;675.01;
3385;A man floats across the International Space Station behind Howard at the laptop.;s06e01_109;tbbt_s06e01.mp4;1192.40;1199.87;
15768;Penny, in a grocery store with Sheldon, grabs two bottles of vodka and puts them in a cart.;s09e22_042;tbbt_s09e22.mp4;496.75;508.23;
80227;Leonard, in a costume, closes his front door quickly and locks it.;s03e15_122;tbbt_s03e15.mp4;1147.03;1159.28;
15751;Raj, while holding a beer bottle, reaches out and slaps Leonard on the back while he eats his food.;s09e22_082;tbbt_s09e22.mp4;1050.90;1065.12;
91631;Sheldon enters the bar and sits on a stool in front of Penny, with a snack lying on the bar counter.;s09e22_060;tbbt_s09e22.mp4;741.09;753.34;
96015;Leonard and Raj slowly walk through a doorway into a clinic pulling a robotic arm that is attached, underneath a blanket, to Howard.;s01e01_019;tbbt_s01e01.mp4;170.40;182.08;
291;Amy and Bernadette look at a bird on the couch, then turn to Sheldon standing in the doorway with crossed arms.;s02e21_110;tbbt_s02e21.mp4;1026.78;1040.94;
79987;Sheldon stands with one arm stretched straight up and the other arm down at his side, bending his body backward, looking around, uncomfortable.;s06e24_078;tbbt_s06e24.mp4;727.56;735.21;
83407;Bernadette touches a red dress that Amy is holding up as they stand in front of the blue couch.;s08e04_117;tbbt_s08e04.mp4;975.66;988.99;
80227;Leonard, in a costume, closes his front door quickly and locks it.;s02e01_093;tbbt_s02e01.mp4;940.02;954.70;
53286;Leonard, in a red robe, looks at the ground and blinks a couple of times, then takes the money from Sheldon's hand.;s08e08_122;tbbt_s08e08.mp4;1002.32;1014.68;
18709;Penny happily jumps toward Leonard on the sofa to give him a hug.;s03e19_013;tbbt_s03e19.mp4;85.58;90.38;
11644;Penny, in a red dress, rests her arms on Leonard's shoulder while smiling at him, as Amy, in a blue dress, stands at the doorway.;s07e13_018;tbbt_s07e13.mp4;205.31;217.38;
37856;Penny sits beside Sheldon on the couch with a bowl in her hand and covers herself with the blanket.;s01e01_065;tbbt_s01e01.mp4;607.02;618.83;
29596;Sheldon, in green plaid pajamas, slumps from the headrest of the armchair down into the chair and makes a shushing gesture.;s05e13_082;tbbt_s05e13.mp4;881.67;885.34;
42301;Sheldon, standing in front of a bookcase, near the window with drapes, dials a number on his cell phone.;s05e09_016;tbbt_s05e09.mp4;112.32;118.37;
13987;The robotic hand drops the small package into Penny's hand, which she holds out expectantly.;s09e22_054;tbbt_s09e22.mp4;657.69;671.46;
58103;Sheldon, in a grey shirt, hands Amy, in a purple sweater next to him, food wrapped in foil.;s02e01_046;tbbt_s02e01.mp4;422.59;435.79;
53286;Leonard, in a red robe, looks at the ground and blinks a couple of times, then takes the money from Sheldon's hand.;s05e13_090;tbbt_s05e13.mp4;936.73;947.42;
79007;A shot of Sheldon standing at the kitchen island in front of a row of toast, while Bernadette sits across from him.;s08e08_060;tbbt_s08e08.mp4;419.59;430.40;
84012;Sheldon, in a purple shirt with black sleeves, suddenly moves his body while sitting on the couch and starts to clap as he is singing a song.;s04e01_029;tbbt_s04e01.mp4;251.21;263.78;
11690;Amy and Bernadette are sitting on Penny's bed on a pile of clothes when Penny comes out of her bathroom in a green dress.;s05e13_013;tbbt_s05e13.mp4;140.46;150.40;
15762;Lucy puts aside an orange napkin and rushes away from the table where Amy and Raj are sitting.;s06e24_064;tbbt_s06e24.mp4;600.89;607.36;
55040;Raj, in a red and blue track jacket, presses his palms together and taps his fingers excitedly, smiling on the couch.;s05e13_026;tbbt_s05e13.mp4;289.65;302.02;
96015;Leonard and Raj slowly walk through a doorway into a clinic pulling a robotic arm that is attached, underneath a blanket, to Howard.;s05e13_002;tbbt_s05e13.mp4;12.74;24.16;
83407;Bernadette touches a red dress that Amy is holding up as they stand in front of the blue couch.;s08e08_096;tbbt_s08e08.mp4;709.67;717.96;
291;Amy and Bernadette look at a bird on the couch, then turn to Sheldon standing in the doorway with crossed arms.;s08e04_019;tbbt_s08e04.mp4;177.51;186.81;
84012;Sheldon, in a purple shirt with black sleeves, suddenly moves his body while sitting on the couch and starts to clap as he is singing a song.;s04e12_031;tbbt_s04e12.mp4;304.68;316.07;
79981;Leonard grabs Penny by the arms and walks her back a few steps, while standing in the living room in front of Sheldon.;s07e13_013;tbbt_s07e13.mp4;128.34;138.81;
88802;A bartender hands Raj a mint green drink and Leonard a beer bottle, at the bar.;s02e21_072;tbbt_s02e21.mp4;597.97;607.73;
296;Sheldon, with a bird on his arm, picks up a cup from a table near the sofa and offers it to the bird, which takes it.;s02e21_107;tbbt_s02e21.mp4;1003.25;1011.76;
11659;Leonard, in a black suit, comes into the apartment and slams the door, then Howard looks at his watch.;s08e08_089;tbbt_s08e08.mp4;639.05;653.30;
4060;A wide shot of Stuart, Howard and Bernadette sitting down together in a cozy, antique-filled living room.;s01e01_114;tbbt_s01e01.mp4;1038.75;1051.51;
79987;Sheldon stands with one arm stretched straight up and the other arm down at his side, bending his body backward, looking around, uncomfortable.;s05e09_093;tbbt_s05e09.mp4;784.66;796.34;
62276;Sheldon walks up and flips the light switch to turn off the lights in the laundry room.;s01e01_018;tbbt_s01e01.mp4;158.71;170.40;
9411;A shot of the laptop screen, where Amy reaches forward and presses a button that shuts the video off.;s03e19_090;tbbt_s03e19.mp4;671.88;675.55;
42301;Sheldon, standing in front of a bookcase, near the window with drapes, dials a number on his cell phone.;s06e01_017;tbbt_s06e01.mp4;218.77;232.13;
3366;Raj lifts up his foot above the table at the canteen to show Sheldon and Leonard that he's wearing sandals.;s03e15_001;tbbt_s03e15.mp4;0.00;8.97;
28861;While Penny, Amy, and Bernadette are unboxing something, Leonard knocks on Penny's opened door.;s08e08_011;tbbt_s08e08.mp4;116.70;120.54;
79007;A shot of Sheldon standing at the kitchen island in front of a row of toast, while Bernadette sits across from him.;s02e21_102;tbbt_s02e21.mp4;938.27;948.85;
86431;Penny catches Leonard and Sheldon staring at her from the hallway.;s07e13_129;tbbt_s07e13.mp4;1103.48;1115.46;
15762;Lucy puts aside an orange napkin and rushes away from the table where Amy and Raj are sitting.;s06e07_061;tbbt_s06e07.mp4;540.99;554.55;
79981;Leonard grabs Penny by the arms and walks her back a few steps, while standing in the living room in front of Sheldon.;s07e13_123;tbbt_s07e13.mp4;1040.16;1053.30;
80591;Leonard walks to the door, lets in Howard holding a CD and Raj, who is wearing a red hat.;s03e19_044;tbbt_s03e19.mp4;352.48;366.24;
46843;Penny puts her wine glass on the table and gets down on one knee in front of Leonard.;s09e22_066;tbbt_s09e22.mp4;826.10;838.28;
96015;Leonard and Raj slowly walk through a doorway into a clinic pulling a robotic arm that is attached, underneath a blanket, to Howard.;s04e01_082;tbbt_s04e01.mp4;777.24;783.66;
79987;Sheldon stands with one arm stretched straight up and the other arm down at his side, bending his body backward, looking around, uncomfortable.;s03e15_031;tbbt_s03e15.mp4;218.12;231.81;
3366;Raj lifts up his foot above the table at the canteen to show Sheldon and Leonard that he's wearing sandals.;s06e24_002;tbbt_s06e24.mp4;10.05;18.64;
53286;Leonard, in a red robe, looks at the ground and blinks a couple of times, then takes the money from Sheldon's hand.;s03e15_099;tbbt_s03e15.mp4;867.78;880.38;
38099;Raj jumps into the apartment wearing a Flash costume.;s08e04_074;tbbt_s08e04.mp4;566.11;573.03;
58103;Sheldon, in a grey shirt, hands Amy, in a purple sweater next to him, food wrapped in foil.;s04e12_002;tbbt_s04e12.mp4;15.82;30.32;
83407;Bernadette touches a red dress that Amy is holding up as they stand in front of the blue couch.;s01e01_101;tbbt_s01e01.mp4;892.14;906.20;
80227;Leonard, in a costume, closes his front door quickly and locks it.;s08e08_123;tbbt_s08e08.mp4;1014.68;1025.82;
11679;Leonard, in a black suit, is looking at his computer while talking to his friends, who are playing a board game at the glass table.;s05e13_034;tbbt_s05e13.mp4;363.74;368.08;
80587;Leonard and Sheldon grab bottles from the kitchen island, then Sheldon sits on the couch while Leonard leans against the wall, still talking.;s02e21_102;tbbt_s02e21.mp4;938.27;948.85;
9411;A shot of the laptop screen, where Amy reaches forward and presses a button that shuts the video off.;s06e24_091;tbbt_s06e24.mp4;809.98;815.56;
46843;Penny puts her wine glass on the table and gets down on one knee in front of Leonard.;s09e22_038;tbbt_s09e22.mp4;453.32;466.59;
291;Amy and Bernadette look at a bird on the couch, then turn to Sheldon standing in the doorway with crossed arms.;s09e22_077;tbbt_s09e22.mp4;978.42;992.64;
79987;Sheldon stands with one arm stretched straight up and the other arm down at his side, bending his body backward, looking around, uncomfortable.;s08e08_139;tbbt_s08e08.mp4;1128.21;1134.13;
82961;Penny, in a red blouse, and Leonard both look down while sitting on the couch and Penny puts her hand on his shoulder.;s08e04_123;tbbt_s08e04.mp4;1042.29;1050.11;
42301;Sheldon, standing in front of a bookcase, near the window with drapes, dials a number on his cell phone.;s05e09_033;tbbt_s05e09.mp4;242.42;256.62;
3372;Penny wipes the cream off the spatula with a tissue.;s05e13_098;tbbt_s05e13.mp4;1020.83;1034.53;
3370;Penny applies white cream with a spatula on Amy's face between her lip and her nose.;s08e08_135;tbbt_s08e08.mp4;1101.93;1110.07;
45195;Sheldon reaches for his wallet in his jacket pocket while sitting at the restaurant with Amy.;s06e01_088;tbbt_s06e01.mp4;984.22;998.50;
28861;While Penny, Amy, and Bernadette are unboxing something, Leonard knocks on Penny's opened door.;s07e13_045;tbbt_s07e13.mp4;428.22;442.75;
38099;Raj jumps into the apartment wearing a Flash costume.;s03e15_121;tbbt_s03e15.mp4;1134.78;1147.03;
7725;Penny, standing, leans forward and looks at Sheldon, who is sitting on the couch, with her hands on her knees.;s02e21_099;tbbt_s02e21.mp4;916.65;928.18;
80596;Sheldon, in plaid pants, slides to his spot on the couch after Penny gets up.;s02e01_101;tbbt_s02e01.mp4;1036.14;1050.13;
11679;Leonard, in a black suit, is looking at his computer while talking to his friends, who are playing a board game at the glass table.;s02e21_052;tbbt_s02e21.mp4;450.24;461.96;
11690;Amy and Bernadette are sitting on Penny's bed on a pile of clothes when Penny comes out of her bathroom in a green dress.;s02e21_128;tbbt_s02e21.mp4;1171.17;1185.42;
15768;Penny, in a grocery store with Sheldon, grabs two bottles of vodka and puts them in a cart.;s06e24_072;tbbt_s06e24.mp4;675.01;682.89;
11644;Penny, in a red dress, rests her arms on Leonard's shoulder while smiling at him, as Amy, in a blue dress, stands at the doorway.;s08e08_105;tbbt_s08e08.mp4;816.40;828.91;
78581;Howard is struggling to take a black bowling ball from the tray.;s03e19_141;tbbt_s03e19.mp4;995.95;1000.92;
80591;Leonard walks to the door, lets in Howard holding a CD and Raj, who is wearing a red hat.;s01e06_020;tbbt_s01e06.mp4;263.16;276.87;
19960;Raj raises his beer and then takes a sip of it, at the bowling lane.;s03e19_062;tbbt_s03e19.mp4;497.75;507.21;
38416;Penny sits in the back seat and shrugs her shoulders twice as they all drive in a car.;s07e13_067;tbbt_s07e13.mp4;616.87;624.21;
7725;Penny, standing, leans forward and looks at Sheldon, who is sitting on the couch, with her hands on her knees.;s02e21_093;tbbt_s02e21.mp4;855.90;866.95;
16404;Bernadette, in a blue floral dress, reaches out and holds Howard's hand to comfort him while they are eating dinner.;s08e04_104;tbbt_s08e04.mp4;828.83;836.75;
3372;Penny wipes the cream off the spatula with a tissue.;s09e22_013;tbbt_s09e22.mp4;122.12;133.93;
96016;The nurse takes off her glasses, walks over and looks underneath Howard's purple blanket.;s04e01_110;tbbt_s04e01.mp4;1084.25;1087.59;
79981;Leonard grabs Penny by the arms and walks her back a few steps, while standing in the living room in front of Sheldon.;s03e15_045;tbbt_s03e15.mp4;364.59;378.84;
296;Sheldon, with a bird on his arm, picks up a cup from a table near the sofa and offers it to the bird, which takes it.;s09e22_079;tbbt_s09e22.mp4;1006.87;1022.44;
3394;Bernadette adjusts her glasses when she's talking to Howard online.;s06e01_015;tbbt_s06e01.mp4;192.05;205.41;
11656;Sheldon lays down some cards in a couple of places on the table while playing a card game with bored Raj and Howard.;s08e08_004;tbbt_s08e08.mp4;29.82;41.33;
11644;Penny, in a red dress, rests her arms on Leonard's shoulder while smiling at him, as Amy, in a blue dress, stands at the doorway.;s05e13_052;tbbt_s05e13.mp4;558.17;572.27;
86431;Penny catches Leonard and Sheldon staring at her from the hallway.;s01e01_133;tbbt_s01e01.mp4;1262.55;1275.33;
4060;A wide shot of Stuart, Howard and Bernadette sitting down together in a cozy, antique-filled living room.;s09e22_052;tbbt_s09e22.mp4;630.15;643.92;
28861;While Penny, Amy, and Bernadette are unboxing something, Leonard knocks on Penny's opened door.;s05e13_062;tbbt_s05e13.mp4;679.60;693.32;
16404;Bernadette, in a blue floral dress, reaches out and holds Howard's hand to comfort him while they are eating dinner.;s06e07_065;tbbt_s06e07.mp4;595.24;608.80;
11656;Sheldon lays down some cards in a couple of places on the table while playing a card game with bored Raj and Howard.;s04e12_001;tbbt_s04e12.mp4;0.00;15.82;
38416;Penny sits in the back seat and shrugs her shoulders twice as they all drive in a car.;s04e01_079;tbbt_s04e01.mp4;757.59;763.47;
79981;Leonard grabs Penny by the arms and walks her back a few steps, while standing in the living room in front of Sheldon.;s07e13_126;tbbt_s07e13.mp4;1079.58;1092.72;
3394;Bernadette adjusts her glasses when she's talking to Howard online.;s08e08_029;tbbt_s08e08.mp4;216.05;220.89;
11644;Penny, in a red dress, rests her arms on Leonard's shoulder while smiling at him, as Amy, in a blue dress, stands at the doorway.;s08e08_121;tbbt_s08e08.mp4;989.95;1002.32;
6010003;Howard, in a green polo shirt and cap, pushes off from one wall to the opposite one, as he floats through the space station.;s06e01_043;tbbt_s06e01.mp4;438.69;449.12;
3370;Penny applies white cream with a spatula on Amy's face between her lip and her nose.;s01e01_085;tbbt_s01e01.mp4;775.25;787.50;
96016;The nurse takes off her glasses, walks over and looks underneath Howard's purple blanket.;s04e01_115;tbbt_s04e01.mp4;1115.66;1122.16;
38099;Raj jumps into the apartment wearing a Flash costume.;s06e24_024;tbbt_s06e24.mp4;223.22;234.57;
80227;Leonard, in a costume, closes his front door quickly and locks it.;s03e15_037;tbbt_s03e15.mp4;266.93;271.98;
80227;Leonard, in a costume, closes his front door quickly and locks it.;s05e13_077;tbbt_s05e13.mp4;846.01;849.85;
13987;The robotic hand drops the small package into Penny's hand, which she holds out expectantly.;s06e01_043;tbbt_s06e01.mp4;438.69;449.12;
33248;Sheldon is being clipped in by the instructor to climb the wall.;s02e13_077;tbbt_s02e13.mp4;859.69;864.70;
80227;Leonard, in a costume, closes his front door quickly and locks it.;s01e01_001;tbbt_s01e01.mp4;0.00;14.18;
29607;Leonard leaves Penny's apartment door to go inside his apartment and looks up at the camera.;s05e13_007;tbbt_s05e13.mp4;65.84;79.64;
79987;Sheldon stands with one arm stretched straight up and the other arm down at his side, bending his body backward, looking around, uncomfortable.;s02e01_039;tbbt_s02e01.mp4;378.30;381.38;
11659;Leonard, in a black suit, comes into the apartment and slams the door, then Howard looks at his watch.;s02e21_053;tbbt_s02e21.mp4;461.96;473.68;
42301;Sheldon, standing in front of a bookcase, near the window with drapes, dials a number on his cell phone.;s02e13_052;tbbt_s02e13.mp4;580.09;594.72;
7130004;A shot of a busy multi-lane highway with cars driving in both directions, trees lining the roadside.;s07e13_137;tbbt_s07e13.mp4;1185.23;1199.71;
82961;Penny, in a red blouse, and Leonard both look down while sitting on the couch and Penny puts her hand on his shoulder.;s02e21_093;tbbt_s02e21.mp4;855.90;866.95;
3366;Raj lifts up his foot above the table at the canteen to show Sheldon and Leonard that he's wearing sandals.;s02e13_001;tbbt_s02e13.mp4;0.00;12.53;
3366;Raj lifts up his foot above the table at the canteen to show Sheldon and Leonard that he's wearing sandals.;s04e12_013;tbbt_s04e12.mp4;137.30;140.89;
84012;Sheldon, in a purple shirt with black sleeves, suddenly moves his body while sitting on the couch and starts to clap as he is singing a song.;s04e12_140;tbbt_s04e12.mp4;1164.45;1169.04;
82961;Penny, in a red blouse, and Leonard both look down while sitting on the couch and Penny puts her hand on his shoulder.;s02e13_027;tbbt_s02e13.mp4;273.31;287.48;
15751;Raj, while holding a beer bottle, reaches out and slaps Leonard on the back while he eats his food.;s06e24_067;tbbt_s06e24.mp4;615.99;624.65;
3370;Penny applies white cream with a spatula on Amy's face between her lip and her nose.;s08e04_085;tbbt_s08e04.mp4;628.29;634.55;
86431;Penny catches Leonard and Sheldon staring at her from the hallway.;s02e01_055;tbbt_s02e01.mp4;533.91;542.19;
84012;Sheldon, in a purple shirt with black sleeves, suddenly moves his body while sitting on the couch and starts to clap as he is singing a song.;s02e01_107;tbbt_s02e01.mp4;1069.90;1075.95;
11646;Leonard rolls onto his side toward Penny, while they are lying together in bed on orange pillows.;s03e19_003;tbbt_s03e19.mp4;23.32;34.33;
11659;Leonard, in a black suit, comes into the apartment and slams the door, then Howard looks at his watch.;s06e07_117;tbbt_s06e07.mp4;1140.60;1153.49;
19965;Penny looks up and winks at someone, making a finger gun gesture.;s07e13_130;tbbt_s07e13.mp4;1115.46;1127.44;
79987;Sheldon stands with one arm stretched straight up and the other arm down at his side, bending his body backward, looking around, uncomfortable.;s07e13_115;tbbt_s07e13.mp4;974.58;985.74;
13987;The robotic hand drops the small package into Penny's hand, which she holds out expectantly.;s08e04_127;tbbt_s08e04.mp4;1069.57;1082.71;
3394;Bernadette adjusts her glasses when she's talking to Howard online.;s06e07_059;tbbt_s06e07.mp4;521.86;531.36;
58103;Sheldon, in a grey shirt, hands Amy, in a purple sweater next to him, food wrapped in foil.;s04e12_008;tbbt_s04e12.mp4;85.58;97.50;
11659;Leonard, in a black suit, comes into the apartment and slams the door, then Howard looks at his watch.;s02e21_051;tbbt_s02e21.mp4;440.86;450.24;
19965;Penny looks up and winks at someone, making a finger gun gesture.;s08e04_086;tbbt_s08e04.mp4;634.55;643.57;
80596;Sheldon, in plaid pants, slides to his spot on the couch after Penny gets up.;s02e01_113;tbbt_s02e01.mp4;1120.62;1129.84;
88802;A bartender hands Raj a mint green drink and Leonard a beer bottle, at the bar.;s02e21_066;tbbt_s02e21.mp4;548.88;559.52;
37856;Penny sits beside Sheldon on the couch with a bowl in her hand and covers herself with the blanket.;s02e21_097;tbbt_s02e21.mp4;893.61;905.13;
7130004;A shot of a busy multi-lane highway with cars driving in both directions, trees lining the roadside.;s06e24_019;tbbt_s06e24.mp4;156.28;166.54;
80587;Leonard and Sheldon grab bottles from the kitchen island, then Sheldon sits on the couch while Leonard leans against the wall, still talking.;s01e01_081;tbbt_s01e01.mp4;734.27;738.53;
29607;Leonard leaves Penny's apartment door to go inside his apartment and looks up at the camera.;s07e13_020;tbbt_s07e13.mp4;227.60;236.69;
11644;Penny, in a red dress, rests her arms on Leonard's shoulder while smiling at him, as Amy, in a blue dress, stands at the doorway.;s08e08_103;tbbt_s08e08.mp4;791.37;803.89;
55040;Raj, in a red and blue track jacket, presses his palms together and taps his fingers excitedly, smiling on the couch.;s08e04_066;tbbt_s08e04.mp4;521.52;524.82;
79981;Leonard grabs Penny by the arms and walks her back a few steps, while standing in the living room in front of Sheldon.;s09e22_039;tbbt_s09e22.mp4;466.59;477.27;
29607;Leonard leaves Penny's apartment door to go inside his apartment and looks up at the camera.;s01e01_018;tbbt_s01e01.mp4;158.71;170.40;
96015;Leonard and Raj slowly walk through a doorway into a clinic pulling a robotic arm that is attached, underneath a blanket, to Howard.;s02e01_097;tbbt_s02e01.mp4;986.90;999.73;
3372;Penny wipes the cream off the spatula with a tissue.;s06e07_076;tbbt_s06e07.mp4;720.14;729.81;
79987;Sheldon stands with one arm stretched straight up and the other arm down at his side, bending his body backward, looking around, uncomfortable.;s01e01_084;tbbt_s01e01.mp4;763.01;775.25;
80591;Leonard walks to the door, lets in Howard holding a CD and Raj, who is wearing a red hat.;s07e13_016;tbbt_s07e13.mp4;185.12;193.24;
15751;Raj, while holding a beer bottle, reaches out and slaps Leonard on the back while he eats his food.;s09e22_080;tbbt_s09e22.mp4;1022.44;1036.67;
11656;Sheldon lays down some cards in a couple of places on the table while playing a card game with bored Raj and Howard.;s02e21_052;tbbt_s02e21.mp4;450.24;461.96;
38099;Raj jumps into the apartment wearing a Flash costume.;s06e07_113;tbbt_s06e07.mp4;1102.43;1117.74;
40031;Leonard and Penny kiss in the hall and a camera on the wall watches them.;s02e01_001;tbbt_s02e01.mp4;0.00;12.82;
3385;A man floats across the International Space Station behind Howard at the laptop.;s06e01_040;tbbt_s06e01.mp4;417.46;420.84;
62276;Sheldon walks up and flips the light switch to turn off the lights in the laundry room.;s09e22_020;tbbt_s09e22.mp4;224.18;237.89;
7725;Penny, standing, leans forward and looks at Sheldon, who is sitting on the couch, with her hands on her knees.;s02e21_095;tbbt_s02e21.mp4;871.37;882.09;
86431;Penny catches Leonard and Sheldon staring at her from the hallway.;s08e04_097;tbbt_s08e04.mp4;759.65;774.15;
296;Sheldon, with a bird on his arm, picks up a cup from a table near the sofa and offers it to the bird, which takes it.;s05e09_119;tbbt_s05e09.mp4;1050.97;1065.12;
296;Sheldon, with a bird on his arm, picks up a cup from a table near the sofa and offers it to the bird, which takes it.;s05e09_022;tbbt_s05e09.mp4;172.03;181.22;
29607;Leonard leaves Penny's apartment door to go inside his apartment and looks up at the camera.;s01e01_001;tbbt_s01e01.mp4;0.00;14.18;
79007;A shot of Sheldon standing at the kitchen island in front of a row of toast, while Bernadette sits across from him.;s06e07_089;tbbt_s06e07.mp4;862.76;877.42;
15768;Penny, in a grocery store with Sheldon, grabs two bottles of vodka and puts them in a cart.;s06e24_073;tbbt_s06e24.mp4;682.89;690.11;
91631;Sheldon enters the bar and sits on a stool in front of Penny, with a snack lying on the bar counter.;s06e07_094;tbbt_s06e07.mp4;927.38;933.89;
80591;Leonard walks to the door, lets in Howard holding a CD and Raj, who is wearing a red hat.;s01e01_093;tbbt_s01e01.mp4;841.59;849.25;
29607;Leonard leaves Penny's apartment door to go inside his apartment and looks up at the camera.;s05e09_003;tbbt_s05e09.mp4;17.05;29.64;
80227;Leonard, in a costume, closes his front door quickly and locks it.;s01e06_091;tbbt_s01e06.mp4;1015.51;1020.56;
45195;Sheldon reaches for his wallet in his jacket pocket while sitting at the restaurant with Amy.;s06e01_084;tbbt_s06e01.mp4;927.12;941.39;
80227;Leonard, in a costume, closes his front door quickly and locks it.;s05e09_084;tbbt_s05e09.mp4;682.43;686.48;
3022;Penny pulls back the shower curtain and climbs inside the shower.;s08e08_124;tbbt_s08e08.mp4;1025.82;1034.20;
11656;Sheldon lays down some cards in a couple of places on the table while playing a card game with bored Raj and Howard.;s09e22_038;tbbt_s09e22.mp4;453.32;466.59;
4060;A wide shot of Stuart, Howard and Bernadette sitting down together in a cozy, antique-filled living room.;s05e09_101;tbbt_s05e09.mp4;833.79;837.96;
58103;Sheldon, in a grey shirt, hands Amy, in a purple sweater next to him, food wrapped in foil.;s06e24_078;tbbt_s06e24.mp4;727.56;735.21;
3394;Bernadette adjusts her glasses when she's talking to Howard online.;s09e22_032;tbbt_s09e22.mp4;373.71;386.98;
11656;Sheldon lays down some cards in a couple of places on the table while playing a card game with bored Raj and Howard.;s09e22_037;tbbt_s09e22.mp4;440.05;453.32;
11646;Leonard rolls onto his side toward Penny, while they are lying together in bed on orange pillows.;s05e13_113;tbbt_s05e13.mp4;1142.77;1155.90;
3372;Penny wipes the cream off the spatula with a tissue.;s03e15_124;tbbt_s03e15.mp4;1164.62;1168.29;
46843;Penny puts her wine glass on the table and gets down on one knee in front of Leonard.;s06e01_086;tbbt_s06e01.mp4;955.67;969.95;
86431;Penny catches Leonard and Sheldon staring at her from the hallway.;s01e01_020;tbbt_s01e01.mp4;182.08;193.77;
29596;Sheldon, in green plaid pajamas, slumps from the headrest of the armchair down into the chair and makes a shushing gesture.;s02e01_101;tbbt_s02e01.mp4;1036.14;1050.13;
42301;Sheldon, standing in front of a bookcase, near the window with drapes, dials a number on his cell phone.;s04e01_021;tbbt_s04e01.mp4;186.65;201.41;
80587;Leonard and Sheldon grab bottles from the kitchen island, then Sheldon sits on the couch while Leonard leans against the wall, still talking.;s02e21_027;tbbt_s02e21.mp4;231.48;235.69;
28861;While Penny, Amy, and Bernadette are unboxing something, Leonard knocks on Penny's opened door.;s08e04_044;tbbt_s08e04.mp4;395.39;400.86;
79981;Leonard grabs Penny by the arms and walks her back a few steps, while standing in the living room in front of Sheldon.;s01e01_039;tbbt_s01e01.mp4;385.44;393.23;
79987;Sheldon stands with one arm stretched straight up and the other arm down at his side, bending his body backward, looking around, uncomfortable.;s02e01_094;tbbt_s02e01.mp4;954.70;969.38;
42301;Sheldon, standing in front of a bookcase, near the window with drapes, dials a number on his cell phone.;s05e09_036;tbbt_s05e09.mp4;283.93;297.05;
46843;Penny puts her wine glass on the table and gets down on one knee in front of Leonard.;s09e22_032;tbbt_s09e22.mp4;373.71;386.98;
38416;Penny sits in the back seat and shrugs her shoulders twice as they all drive in a car.;s07e13_074;tbbt_s07e13.mp4;664.96;671.13;
80596;Sheldon, in plaid pants, slides to his spot on the couch after Penny gets up.;s03e15_130;tbbt_s03e15.mp4;1211.71;1222.66;
33248;Sheldon is being clipped in by the instructor to climb the wall.;s02e13_091;tbbt_s02e13.mp4;964.96;969.76;
11656;Sheldon lays down some cards in a couple of places on the table while playing a card game with bored Raj and Howard.;s06e01_024;tbbt_s06e01.mp4;292.63;299.63;
13987;The robotic hand drops the small package into Penny's hand, which she holds out expectantly.;s04e01_119;tbbt_s04e01.mp4;1137.01;1147.65;
9411;A shot of the laptop screen, where Amy reaches forward and presses a button that shuts the video off.;s06e01_039;tbbt_s06e01.mp4;413.20;417.46;
80587;Leonard and Sheldon grab bottles from the kitchen island, then Sheldon sits on the couch while Leonard leans against the wall, still talking.;s04e01_037;tbbt_s04e01.mp4;342.80;356.44;
79987;Sheldon stands with one arm stretched straight up and the other arm down at his side, bending his body backward, looking around, uncomfortable.;s01e01_085;tbbt_s01e01.mp4;775.25;787.50;
51045;Sheldon quickly drinks his whole drink while holding a red straw, then makes a happy face, at the bar.;s06e07_095;tbbt_s06e07.mp4;933.89;939.31;
83407;Bernadette touches a red dress that Amy is holding up as they stand in front of the blue couch.;s03e19_098;tbbt_s03e19.mp4;716.26;725.43;
37856;Penny sits beside Sheldon on the couch with a bowl in her hand and covers herself with the blanket.;s01e06_095;tbbt_s01e06.mp4;1050.54;1065.26;
51045;Sheldon quickly drinks his whole drink while holding a red straw, then makes a happy face, at the bar.;s03e15_009;tbbt_s03e15.mp4;55.51;69.03;
82961;Penny, in a red blouse, and Leonard both look down while sitting on the couch and Penny puts her hand on his shoulder.;s01e06_095;tbbt_s01e06.mp4;1050.54;1065.26;
34121;Howard, while in the bathroom with Leonard, goes to the sink and washes his hands.;s09e22_069;tbbt_s09e22.mp4;865.31;878.87;
7725;Penny, standing, leans forward and looks at Sheldon, who is sitting on the couch, with her hands on her knees.;s02e21_098;tbbt_s02e21.mp4;905.13;916.65;
11644;Penny, in a red dress, rests her arms on Leonard's shoulder while smiling at him, as Amy, in a blue dress, stands at the doorway.;s08e08_106;tbbt_s08e08.mp4;828.91;841.42;
3394;Bernadette adjusts her glasses when she's talking to Howard online.;s06e01_112;tbbt_s06e01.mp4;1211.46;1215.38;
58103;Sheldon, in a grey shirt, hands Amy, in a purple sweater next to him, food wrapped in foil.;s02e01_120;tbbt_s02e01.mp4;1166.58;1169.71;
34121;Howard, while in the bathroom with Leonard, goes to the sink and washes his hands.;s01e01_090;tbbt_s01e01.mp4;826.16;831.58;
28861;While Penny, Amy, and Bernadette are unboxing something, Leonard knocks on Penny's opened door.;s01e01_001;tbbt_s01e01.mp4;0.00;14.18;
29607;Leonard leaves Penny's apartment door to go inside his apartment and looks up at the camera.;s03e15_121;tbbt_s03e15.mp4;1134.78;1147.03;
29596;Sheldon, in green plaid pajamas, slumps from the headrest of the armchair down into the chair and makes a shushing gesture.;s02e13_108;tbbt_s02e13.mp4;1122.62;1135.47;
40031;Leonard and Penny kiss in the hall and a camera on the wall watches them.;s01e06_047;tbbt_s01e06.mp4;498.09;512.51;
34121;Howard, while in the bathroom with Leonard, goes to the sink and washes his hands.;s05e13_055;tbbt_s05e13.mp4;600.98;611.03;
80596;Sheldon, in plaid pants, slides to his spot on the couch after Penny gets up.;s02e01_115;tbbt_s02e01.mp4;1139.06;1144.02;
11659;Leonard, in a black suit, comes into the apartment and slams the door, then Howard looks at his watch.;s01e01_116;tbbt_s01e01.mp4;1055.85;1069.13;
79007;A shot of Sheldon standing at the kitchen island in front of a row of toast, while Bernadette sits across from him.;s04e01_037;tbbt_s04e01.mp4;342.80;356.44;
11644;Penny, in a red dress, rests her arms on Leonard's shoulder while smiling at him, as Amy, in a blue dress, stands at the doorway.;s08e08_118;tbbt_s08e08.mp4;952.86;965.22;
3366;Raj lifts up his foot above the table at the canteen to show Sheldon and Leonard that he's wearing sandals.;s06e24_006;tbbt_s06e24.mp4;37.45;44.13;
46843;Penny puts her wine glass on the table and gets down on one knee in front of Leonard.;s09e22_043;tbbt_s09e22.mp4;508.23;521.58;
55040;Raj, in a red and blue track jacket, presses his palms together and taps his fingers excitedly, smiling on the couch.;s08e08_034;tbbt_s08e08.mp4;247.46;252.88;
18709;Penny happily jumps toward Leonard on the sofa to give him a hug.;s04e12_140;tbbt_s04e12.mp4;1164.45;1169.04;
96015;Leonard and Raj slowly walk through a doorway into a clinic pulling a robotic arm that is attached, underneath a blanket, to Howard.;s06e07_077;tbbt_s06e07.mp4;729.81;741.22;
9411;A shot of the laptop screen, where Amy reaches forward and presses a button that shuts the video off.;s06e24_083;tbbt_s06e24.mp4;764.89;771.98;
53286;Leonard, in a red robe, looks at the ground and blinks a couple of times, then takes the money from Sheldon's hand.;s02e01_111;tbbt_s02e01.mp4;1096.76;1108.69;
13987;The robotic hand drops the small package into Penny's hand, which she holds out expectantly.;s06e01_059;tbbt_s06e01.mp4;613.45;625.97;
80587;Leonard and Sheldon grab bottles from the kitchen island, then Sheldon sits on the couch while Leonard leans against the wall, still talking.;s06e24_038;tbbt_s06e24.mp4;402.15;407.45;
19965;Penny looks up and winks at someone, making a finger gun gesture.;s08e04_126;tbbt_s08e04.mp4;1066.23;1069.57;
15751;Raj, while holding a beer bottle, reaches out and slaps Leonard on the back while he eats his food.;s03e15_066;tbbt_s03e15.mp4;585.25;594.09;
29607;Leonard leaves Penny's apartment door to go inside his apartment and looks up at the camera.;s02e21_134;tbbt_s02e21.mp4;1254.24;1266.07;
18709;Penny happily jumps toward Leonard on the sofa to give him a hug.;s08e04_127;tbbt_s08e04.mp4;1069.57;1082.71;
18709;Penny happily jumps toward Leonard on the sofa to give him a hug.;s08e08_045;tbbt_s08e08.mp4;328.09;335.58;
28861;While Penny, Amy, and Bernadette are unboxing something, Leonard knocks on Penny's opened door.;s06e24_132;tbbt_s06e24.mp4;1144.68;1150.86;
42301;Sheldon, standing in front of a bookcase, near the window with drapes, dials a number on his cell phone.;s05e13_091;tbbt_s05e13.mp4;947.42;958.12;
62276;Sheldon walks up and flips the light switch to turn off the lights in the laundry room.;s03e15_098;tbbt_s03e15.mp4;855.19;867.78;
11646;Leonard rolls onto his side toward Penny, while they are lying together in bed on orange pillows.;s03e19_002;tbbt_s03e19.mp4;12.32;23.32;
84012;Sheldon, in a purple shirt with black sleeves, suddenly moves his body while sitting on the couch and starts to clap as he is singing a song.;s04e12_134;tbbt_s04e12.mp4;1103.85;1107.52;
62276;Sheldon walks up and flips the light switch to turn off the lights in the laundry room.;s02e01_059;tbbt_s02e01.mp4;571.59;583.44;
3366;Raj lifts up his foot above the table at the canteen to show Sheldon and Leonard that he's wearing sandals.;s04e12_003;tbbt_s04e12.mp4;30.32;44.02;
80591;Leonard walks to the door, lets in Howard holding a CD and Raj, who is wearing a red hat.;s01e06_017;tbbt_s01e06.mp4;221.49;234.28;
79981;Leonard grabs Penny by the arms and walks her back a few steps, while standing in the living room in front of Sheldon.;s07e13_128;tbbt_s07e13.mp4;1095.80;1103.48;
29596;Sheldon, in green plaid pajamas, slumps from the headrest of the armchair down into the chair and makes a shushing gesture.;s02e01_123;tbbt_s02e01.mp4;1182.56;1189.65;
19965;Penny looks up and winks at someone, making a finger gun gesture.;s08e04_050;tbbt_s08e04.mp4;424.13;431.43;
78581;Howard is struggling to take a black bowling ball from the tray.;s03e19_129;tbbt_s03e19.mp4;929.30;935.02;
13987;The robotic hand drops the small package into Penny's hand, which she holds out expectantly.;s06e07_065;tbbt_s06e07.mp4;595.24;608.80;
19965;Penny looks up and winks at someone, making a finger gun gesture.;s08e04_114;tbbt_s08e04.mp4;944.11;953.83;
42301;Sheldon, standing in front of a bookcase, near the window with drapes, dials a number on his cell phone.;s02e01_114;tbbt_s02e01.mp4;1129.84;1139.06;
11644;Penny, in a red dress, rests her arms on Leonard's shoulder while smiling at him, as Amy, in a blue dress, stands at the doorway.;s08e08_140;tbbt_s08e08.mp4;1134.13;1142.52;
15751;Raj, while holding a beer bottle, reaches out and slaps Leonard on the back while he eats his food.;s08e08_005;tbbt_s08e08.mp4;41.33;54.43;
78581;Howard is struggling to take a black bowling ball from the tray.;s05e13_055;tbbt_s05e13.mp4;600.98;611.03;
80587;Leonard and Sheldon grab bottles from the kitchen island, then Sheldon sits on the couch while Leonard leans against the wall, still talking.;s09e22_087;tbbt_s09e22.mp4;1122.04;1135.06;
38416;Penny sits in the back seat and shrugs her shoulders twice as they all drive in a car.;s07e13_066;tbbt_s07e13.mp4;612.28;616.87;
79987;Sheldon stands with one arm stretched straight up and the other arm down at his side, bending his body backward, looking around, uncomfortable.;s02e01_105;tbbt_s02e01.mp4;1060.35;1065.52;
80587;Leonard and Sheldon grab bottles from the kitchen island, then Sheldon sits on the couch while Leonard leans against the wall, still talking.;s03e15_104;tbbt_s03e15.mp4;933.27;947.03;
79987;Sheldon stands with one arm stretched straight up and the other arm down at his side, bending his body backward, looking around, uncomfortable.;s03e19_095;tbbt_s03e19.mp4;696.86;702.70;
80227;Leonard, in a costume, closes his front door quickly and locks it.;s02e21_053;tbbt_s02e21.mp4;461.96;473.68;
29596;Sheldon, in green plaid pajamas, slumps from the headrest of the armchair down into the chair and makes a shushing gesture.;s05e13_089;tbbt_s05e13.mp4;926.42;936.73;
80587;Leonard and Sheldon grab bottles from the kitchen island, then Sheldon sits on the couch while Leonard leans against the wall, still talking.;s04e12_019;tbbt_s04e12.mp4;195.35;200.41;
3366;Raj lifts up his foot above the table at the canteen to show Sheldon and Leonard that he's wearing sandals.;s04e12_077;tbbt_s04e12.mp4;679.93;690.23;
34121;Howard, while in the bathroom with Leonard, goes to the sink and washes his hands.;s02e21_042;tbbt_s02e21.mp4;374.67;380.09;
86431;Penny catches Leonard and Sheldon staring at her from the hallway.;s02e01_056;tbbt_s02e01.mp4;542.19;550.47;
58103;Sheldon, in a grey shirt, hands Amy, in a purple sweater next to him, food wrapped in foil.;s02e13_013;tbbt_s02e13.mp4;130.21;134.63;
15751;Raj, while holding a beer bottle, reaches out and slaps Leonard on the back while he eats his food.;s03e15_007;tbbt_s03e15.mp4;46.67;51.97;
79987;Sheldon stands with one arm stretched straight up and the other arm down at his side, bending his body backward, looking around, uncomfortable.;s03e19_131;tbbt_s03e19.mp4;939.90;946.11;
15762;Lucy puts aside an orange napkin and rushes away from the table where Amy and Raj are sitting.;s02e21_072;tbbt_s02e21.mp4;597.97;607.73;
11679;Leonard, in a black suit, is looking at his computer while talking to his friends, who are playing a board game at the glass table.;s09e22_038;tbbt_s09e22.mp4;453.32;466.59;
3394;Bernadette adjusts her glasses when she's talking to Howard online.;s09e22_083;tbbt_s09e22.mp4;1065.12;1079.35;
18709;Penny happily jumps toward Leonard on the sofa to give him a hug.;s03e19_007;tbbt_s03e19.mp4;50.68;54.72;
58103;Sheldon, in a grey shirt, hands Amy, in a purple sweater next to him, food wrapped in foil.;s08e08_060;tbbt_s08e08.mp4;419.59;430.40;
6010003;Howard, in a green polo shirt and cap, pushes off from one wall to the opposite one, as he floats through the space station.;s06e01_009;tbbt_s06e01.mp4;88.75;101.41;
13987;The robotic hand drops the small package into Penny's hand, which she holds out expectantly.;s04e01_115;tbbt_s04e01.mp4;1115.66;1122.16;
55040;Raj, in a red and blue track jacket, presses his palms together and taps his fingers excitedly, smiling on the couch.;s02e21_016;tbbt_s02e21.mp4;155.22;166.92;
19965;Penny looks up and winks at someone, making a finger gun gesture.;s08e04_055;tbbt_s08e04.mp4;452.62;459.79;
91631;Sheldon enters the bar and sits on a stool in front of Penny, with a snack lying on the bar counter.;s08e08_043;tbbt_s08e08.mp4;314.23;318.69;
84012;Sheldon, in a purple shirt with black sleeves, suddenly moves his body while sitting on the couch and starts to clap as he is singing a song.;s05e09_122;tbbt_s05e09.mp4;1093.43;1099.56;
19965;Penny looks up and winks at someone, making a finger gun gesture.;s01e01_131;tbbt_s01e01.mp4;1242.80;1257.38;
80587;Leonard and Sheldon grab bottles from the kitchen island, then Sheldon sits on the couch while Leonard leans against the wall, still talking.;s02e01_018;tbbt_s02e01.mp4;156.57;165.92;
51045;Sheldon quickly drinks his whole drink while holding a red straw, then makes a happy face, at the bar.;s02e21_084;tbbt_s02e21.mp4;734.90;744.18;
29607;Leonard leaves Penny's apartment door to go inside his apartment and looks up at the camera.;s05e09_138;tbbt_s05e09.mp4;1230.40;1241.16;
84012;Sheldon, in a purple shirt with black sleeves, suddenly moves his body while sitting on the couch and starts to clap as he is singing a song.;s01e01_065;tbbt_s01e01.mp4;607.02;618.83;
29607;Leonard leaves Penny's apartment door to go inside his apartment and looks up at the camera.;s01e01_027;tbbt_s01e01.mp4;250.00;257.59;
11659;Leonard, in a black suit, comes into the apartment and slams the door, then Howard looks at his watch.;s02e01_027;tbbt_s02e01.mp4;236.03;240.28;
9411;A shot of the laptop screen, where Amy reaches forward and presses a button that shuts the video off.;s06e01_070;tbbt_s06e01.mp4;757.96;772.25;
11646;Leonard rolls onto his side toward Penny, while they are lying together in bed on orange pillows.;s02e21_129;tbbt_s02e21.mp4;1185.42;1199.66;
15762;Lucy puts aside an orange napkin and rushes away from the table where Amy and Raj are sitting.;s04e12_003;tbbt_s04e12.mp4;30.32;44.02;
29596;Sheldon, in green plaid pajamas, slumps from the headrest of the armchair down into the chair and makes a shushing gesture.;s06e07_003;tbbt_s06e07.mp4;29.56;43.69;
42301;Sheldon, standing in front of a bookcase, near the window with drapes, dials a number on his cell phone.;s08e08_112;tbbt_s08e08.mp4;876.33;885.15;
18709;Penny happily jumps toward Leonard on the sofa to give him a hug.;s06e01_062;tbbt_s06e01.mp4;651.02;663.54;
80596;Sheldon, in plaid pants, slides to his spot on the couch after Penny gets up.;s02e13_039;tbbt_s02e13.mp4;422.57;433.43;
6010003;Howard, in a green polo shirt and cap, pushes off from one wall to the opposite one, as he floats through the space station.;s06e01_049;tbbt_s06e01.mp4;481.19;489.50;
3370;Penny applies white cream with a spatula on Amy's face between her lip and her nose.;s08e08_086;tbbt_s08e08.mp4;618.49;623.37;
38099;Raj jumps into the apartment wearing a Flash costume.;s06e07_112;tbbt_s06e07.mp4;1088.14;1102.43;
80591;Leonard walks to the door, lets in Howard holding a CD and Raj, who is wearing a red hat.;s02e01_059;tbbt_s02e01.mp4;571.59;583.44;
296;Sheldon, with a bird on his arm, picks up a cup from a table near the sofa and offers it to the bird, which takes it.;s09e22_022;tbbt_s09e22.mp4;252.93;265.89;
7725;Penny, standing, leans forward and looks at Sheldon, who is sitting on the couch, with her hands on her knees.;s07e13_014;tbbt_s07e13.mp4;138.81;149.28;
96016;The nurse takes off her glasses, walks over and looks underneath Howard's purple blanket.;s06e24_057;tbbt_s06e24.mp4;549.67;558.10;
55040;Raj, in a red and blue track jacket, presses his palms together and taps his fingers excitedly, smiling on the couch.;s02e21_006;tbbt_s02e21.mp4;42.81;57.02;
3372;Penny wipes the cream off the spatula with a tissue.;s08e04_041;tbbt_s08e04.mp4;376.29;383.93;
3394;Bernadette adjusts her glasses when she's talking to Howard online.;s08e04_082;tbbt_s08e04.mp4;611.99;617.53;
18709;Penny happily jumps toward Leonard on the sofa to give him a hug.;s03e19_010;tbbt_s03e19.mp4;65.73;69.53;
33248;Sheldon is being clipped in by the instructor to climb the wall.;s08e08_089;tbbt_s08e08.mp4;639.05;653.30;
58103;Sheldon, in a grey shirt, hands Amy, in a purple sweater next to him, food wrapped in foil.;s02e21_097;tbbt_s02e21.mp4;893.61;905.13;
96015;Leonard and Raj slowly walk through a doorway into a clinic pulling a robotic arm that is attached, underneath a blanket, to Howard.;s05e13_062;tbbt_s05e13.mp4;679.60;693.32;
7130004;A shot of a busy multi-lane highway with cars driving in both directions, trees lining the roadside.;s01e01_112;tbbt_s01e01.mp4;1018.43;1030.90;
3372;Penny wipes the cream off the spatula with a tissue.;s06e07_096;tbbt_s06e07.mp4;939.31;943.90;
80587;Leonard and Sheldon grab bottles from the kitchen island, then Sheldon sits on the couch while Leonard leans against the wall, still talking.;s04e12_032;tbbt_s04e12.mp4;316.07;326.70;
19965;Penny looks up and winks at someone, making a finger gun gesture.;s08e04_116;tbbt_s08e04.mp4;962.34;975.66;
83407;Bernadette touches a red dress that Amy is holding up as they stand in front of the blue couch.;s03e19_102;tbbt_s03e19.mp4;739.11;743.79;
15768;Penny, in a grocery store with Sheldon, grabs two bottles of vodka and puts them in a cart.;s06e24_077;tbbt_s06e24.mp4;716.07;727.56;
16404;Bernadette, in a blue floral dress, reaches out and holds Howard's hand to comfort him while they are eating dinner.;s09e22_003;tbbt_s09e22.mp4;16.60;25.80;
3370;Penny applies white cream with a spatula on Amy's face between her lip and her nose.;s08e04_074;tbbt_s08e04.mp4;566.11;573.03;
55040;Raj, in a red and blue track jacket, presses his palms together and taps his fingers excitedly, smiling on the couch.;s06e24_125;tbbt_s06e24.mp4;1062.00;1070.07;
45195;Sheldon reaches for his wallet in his jacket pocket while sitting at the restaurant with Amy.;s06e01_086;tbbt_s06e01.mp4;955.67;969.95;
34121;Howard, while in the bathroom with Leonard, goes to the sink and washes his hands.;s02e21_043;tbbt_s02e21.mp4;380.09;385.26;
28861;While Penny, Amy, and Bernadette are unboxing something, Leonard knocks on Penny's opened door.;s02e01_109;tbbt_s02e01.mp4;1081.52;1087.00;
51045;Sheldon quickly drinks his whole drink while holding a red straw, then makes a happy face, at the bar.;s02e21_079;tbbt_s02e21.mp4;691.95;705.91;
7130004;A shot of a busy multi-lane highway with cars driving in both directions, trees lining the roadside.;s04e01_067;tbbt_s04e01.mp4;660.65;673.08;
88802;A bartender hands Raj a mint green drink and Leonard a beer bottle, at the bar.;s02e21_074;tbbt_s02e21.mp4;622.12;636.09;
82961;Penny, in a red blouse, and Leonard both look down while sitting on the couch and Penny puts her hand on his shoulder.;s06e01_061;tbbt_s06e01.mp4;638.50;651.02;
80596;Sheldon, in plaid pants, slides to his spot on the couch after Penny gets up.;s02e01_119;tbbt_s02e01.mp4;1162.45;1166.58;
3370;Penny applies white cream with a spatula on Amy's face between her lip and her nose.;s09e22_090;tbbt_s09e22.mp4;1158.45;1170.15;
80587;Leonard and Sheldon grab bottles from the kitchen island, then Sheldon sits on the couch while Leonard leans against the wall, still talking.;s01e01_082;tbbt_s01e01.mp4;738.53;750.77;
55040;Raj, in a red and blue track jacket, presses his palms together and taps his fingers excitedly, smiling on the couch.;s02e13_001;tbbt_s02e13.mp4;0.00;12.53;
15751;Raj, while holding a beer bottle, reaches out and slaps Leonard on the back while he eats his food.;s04e01_028;tbbt_s04e01.mp4;238.70;251.21;
7130004;A shot of a busy multi-lane highway with cars driving in both directions, trees lining the roadside.;s03e15_062;tbbt_s03e15.mp4;551.87;562.14;
11679;Leonard, in a black suit, is looking at his computer while talking to his friends, who are playing a board game at the glass table.;s01e06_024;tbbt_s01e06.mp4;298.13;312.48;
80596;Sheldon, in plaid pants, slides to his spot on the couch after Penny gets up.;s02e21_107;tbbt_s02e21.mp4;1003.25;1011.76;
83407;Bernadette touches a red dress that Amy is holding up as they stand in front of the blue couch.;s08e08_104;tbbt_s08e08.mp4;803.89;816.40;
11656;Sheldon lays down some cards in a couple of places on the table while playing a card game with bored Raj and Howard.;s04e12_004;tbbt_s04e12.mp4;44.02;57.72;
55040;Raj, in a red and blue track jacket, presses his palms together and taps his fingers excitedly, smiling on the couch.;s06e24_041;tbbt_s06e24.mp4;425.05;433.14;
42301;Sheldon, standing in front of a bookcase, near the window with drapes, dials a number on his cell phone.;s07e13_017;tbbt_s07e13.mp4;193.24;205.31;
16404;Bernadette, in a blue floral dress, reaches out and holds Howard's hand to comfort him while they are eating dinner.;s02e13_005;tbbt_s02e13.mp4;50.13;63.84;
55040;Raj, in a red and blue track jacket, presses his palms together and taps his fingers excitedly, smiling on the couch.;s03e15_070;tbbt_s03e15.mp4;610.69;621.43;
15762;Lucy puts aside an orange napkin and rushes away from the table where Amy and Raj are sitting.;s02e13_001;tbbt_s02e13.mp4;0.00;12.53;
82961;Penny, in a red blouse, and Leonard both look down while sitting on the couch and Penny puts her hand on his shoulder.;s07e13_014;tbbt_s07e13.mp4;138.81;149.28;
38416;Penny sits in the back seat and shrugs her shoulders twice as they all drive in a car.;s04e01_066;tbbt_s04e01.mp4;646.86;660.65;
55040;Raj, in a red and blue track jacket, presses his palms together and taps his fingers excitedly, smiling on the couch.;s09e22_023;tbbt_s09e22.mp4;265.89;278.85;
96015;Leonard and Raj slowly walk through a doorway into a clinic pulling a robotic arm that is attached, underneath a blanket, to Howard.;s02e01_098;tbbt_s02e01.mp4;999.73;1012.55;
11644;Penny, in a red dress, rests her arms on Leonard's shoulder while smiling at him, as Amy, in a blue dress, stands at the doorway.;s05e09_088;tbbt_s05e09.mp4;722.37;736.32;
45195;Sheldon reaches for his wallet in his jacket pocket while sitting at the restaurant with Amy.;s06e01_053;tbbt_s06e01.mp4;531.00;544.84;
33248;Sheldon is being clipped in by the instructor to climb the wall.;s02e13_094;tbbt_s02e13.mp4;977.64;983.36;
88802;A bartender hands Raj a mint green drink and Leonard a beer bottle, at the bar.;s02e21_073;tbbt_s02e21.mp4;607.73;622.12;
11656;Sheldon lays down some cards in a couple of places on the table while playing a card game with bored Raj and Howard.;s05e13_026;tbbt_s05e13.mp4;289.65;302.02;
3022;Penny pulls back the shower curtain and climbs inside the shower.;s02e21_041;tbbt_s02e21.mp4;361.69;374.67;
18709;Penny happily jumps toward Leonard on the sofa to give him a hug.;s02e01_004;tbbt_s02e01.mp4;38.45;47.38;
291;Amy and Bernadette look at a bird on the couch, then turn to Sheldon standing in the doorway with crossed arms.;s05e09_121;tbbt_s05e09.mp4;1079.27;1093.43;
33248;Sheldon is being clipped in by the instructor to climb the wall.;s07e13_113;tbbt_s07e13.mp4;955.96;963.42;
3366;Raj lifts up his foot above the table at the canteen to show Sheldon and Leonard that he's wearing sandals.;s06e24_056;tbbt_s06e24.mp4;540.44;549.67;
96016;The nurse takes off her glasses, walks over and looks underneath Howard's purple blanket.;s02e21_132;tbbt_s02e21.mp4;1228.16;1242.41;
11690;Amy and Bernadette are sitting on Penny's bed on a pile of clothes when Penny comes out of her bathroom in a green dress.;s02e21_123;tbbt_s02e21.mp4;1147.77;1155.61;
38099;Raj jumps into the apartment wearing a Flash costume.;s01e06_003;tbbt_s01e06.mp4;24.70;35.56;
15762;Lucy puts aside an orange napkin and rushes away from the table where Amy and Raj are sitting.;s09e22_085;tbbt_s09e22.mp4;1093.58;1107.81;
53286;Leonard, in a red robe, looks at the ground and blinks a couple of times, then takes the money from Sheldon's hand.;s04e12_069;tbbt_s04e12.mp4;622.00;629.67;
3394;Bernadette adjusts her glasses when she's talking to Howard online.;s08e04_080;tbbt_s08e04.mp4;597.39;606.61;
79987;Sheldon stands with one arm stretched straight up and the other arm down at his side, bending his body backward, looking around, uncomfortable.;s03e19_097;tbbt_s03e19.mp4;707.08;716.26;
15762;Lucy puts aside an orange napkin and rushes away from the table where Amy and Raj are sitting.;s06e07_062;tbbt_s06e07.mp4;554.55;568.12;
3372;Penny wipes the cream off the spatula with a tissue.;s04e01_020;tbbt_s04e01.mp4;176.47;186.65;
28861;While Penny, Amy, and Bernadette are unboxing something, Leonard knocks on Penny's opened door.;s05e09_002;tbbt_s05e09.mp4;4.46;17.05;
3372;Penny wipes the cream off the spatula with a tissue.;s08e08_079;tbbt_s08e08.mp4;569.07;575.16;
53286;Leonard, in a red robe, looks at the ground and blinks a couple of times, then takes the money from Sheldon's hand.;s02e01_032;tbbt_s02e01.mp4;311.27;323.92;
11644;Penny, in a red dress, rests her arms on Leonard's shoulder while smiling at him, as Amy, in a blue dress, stands at the doorway.;s08e08_141;tbbt_s08e08.mp4;1142.52;1150.11;
42301;Sheldon, standing in front of a bookcase, near the window with drapes, dials a number on his cell phone.;s04e12_144;tbbt_s04e12.mp4;1196.24;1205.95;
55040;Raj, in a red and blue track jacket, presses his palms together and taps his fingers excitedly, smiling on the couch.;s03e15_066;tbbt_s03e15.mp4;585.25;594.09;
80587;Leonard and Sheldon grab bottles from the kitchen island, then Sheldon sits on the couch while Leonard leans against the wall, still talking.;s02e21_004;tbbt_s02e21.mp4;18.77;28.61;
40031;Leonard and Penny kiss in the hall and a camera on the wall watches them.;s05e09_005;tbbt_s05e09.mp4;42.23;54.81;
45195;Sheldon reaches for his wallet in his jacket pocket while sitting at the restaurant with Amy.;s06e07_085;tbbt_s06e07.mp4;804.12;818.78;
3385;A man floats across the International Space Station behind Howard at the laptop.;s06e01_043;tbbt_s06e01.mp4;438.69;449.12;
28861;While Penny, Amy, and Bernadette are unboxing something, Leonard knocks on Penny's opened door.;s08e04_115;tbbt_s08e04.mp4;953.83;962.34;
6010003;Howard, in a green polo shirt and cap, pushes off from one wall to the opposite one, as he floats through the space station.;s06e01_069;tbbt_s06e01.mp4;743.68;757.96;
40031;Leonard and Penny kiss in the hall and a camera on the wall watches them.;s09e22_054;tbbt_s09e22.mp4;657.69;671.46;
58103;Sheldon, in a grey shirt, hands Amy, in a purple sweater next to him, food wrapped in foil.;s01e01_094;tbbt_s01e01.mp4;849.25;856.90;
79981;Leonard grabs Penny by the arms and walks her back a few steps, while standing in the living room in front of Sheldon.;s07e13_002;tbbt_s07e13.mp4;12.29;22.91;
86431;Penny catches Leonard and Sheldon staring at her from the hallway.;s05e09_002;tbbt_s05e09.mp4;4.46;17.05;
58103;Sheldon, in a grey shirt, hands Amy, in a purple sweater next to him, food wrapped in foil.;s03e15_109;tbbt_s03e15.mp4;996.73;1011.10;
79007;A shot of Sheldon standing at the kitchen island in front of a row of toast, while Bernadette sits across from him.;s06e07_100;tbbt_s06e07.mp4;979.69;991.62;
46843;Penny puts her wine glass on the table and gets down on one knee in front of Leonard.;s08e08_025;tbbt_s08e08.mp4;195.40;201.24;
53286;Leonard, in a red robe, looks at the ground and blinks a couple of times, then takes the money from Sheldon's hand.;s06e07_124;tbbt_s06e07.mp4;1198.18;1209.00;
78581;Howard is struggling to take a black bowling ball from the tray.;s03e19_065;tbbt_s03e19.mp4;521.94;525.52;
3370;Penny applies white cream with a spatula on Amy's face between her lip and her nose.;s08e04_086;tbbt_s08e04.mp4;634.55;643.57;
58103;Sheldon, in a grey shirt, hands Amy, in a purple sweater next to him, food wrapped in foil.;s02e21_132;tbbt_s02e21.mp4;1228.16;1242.41;
13987;The robotic hand drops the small package into Penny's hand, which she holds out expectantly.;s08e04_045;tbbt_s08e04.mp4;400.86;405.53;
16404;Bernadette, in a blue floral dress, reaches out and holds Howard's hand to comfort him while they are eating dinner.;s02e21_113;tbbt_s02e21.mp4;1068.62;1079.70;
29607;Leonard leaves Penny's apartment door to go inside his apartment and looks up at the camera.;s07e13_005;tbbt_s07e13.mp4;47.04;59.05;
91631;Sheldon enters the bar and sits on a stool in front of Penny, with a snack lying on the bar counter.;s06e07_099;tbbt_s06e07.mp4;967.76;979.69;
29607;Leonard leaves Penny's apartment door to go inside his apartment and looks up at the camera.;s02e01_057;tbbt_s02e01.mp4;550.47;559.73;
53286;Leonard, in a red robe, looks at the ground and blinks a couple of times, then takes the money from Sheldon's hand.;s01e06_029;tbbt_s01e06.mp4;337.75;346.35;
84012;Sheldon, in a purple shirt with black sleeves, suddenly moves his body while sitting on the couch and starts to clap as he is singing a song.;s03e19_018;tbbt_s03e19.mp4;137.51;152.44;
15751;Raj, while holding a beer bottle, reaches out and slaps Leonard on the back while he eats his food.;s08e08_039;tbbt_s08e08.mp4;280.68;294.79;
3022;Penny pulls back the shower curtain and climbs inside the shower.;s01e01_097;tbbt_s01e01.mp4;866.66;871.66;
11644;Penny, in a red dress, rests her arms on Leonard's shoulder while smiling at him, as Amy, in a blue dress, stands at the doorway.;s08e08_096;tbbt_s08e08.mp4;709.67;717.96;
6010003;Howard, in a green polo shirt and cap, pushes off from one wall to the opposite one, as he floats through the space station.;s06e01_042;tbbt_s06e01.mp4;428.26;438.69;
15762;Lucy puts aside an orange napkin and rushes away from the table where Amy and Raj are sitting.;s09e22_022;tbbt_s09e22.mp4;252.93;265.89;
55040;Raj, in a red and blue track jacket, presses his palms together and taps his fingers excitedly, smiling on the couch.;s02e01_089;tbbt_s02e01.mp4;881.76;896.32;
291;Amy and Bernadette look at a bird on the couch, then turn to Sheldon standing in the doorway with crossed arms.;s05e09_119;tbbt_s05e09.mp4;1050.97;1065.12;
55040;Raj, in a red and blue track jacket, presses his palms together and taps his fingers excitedly, smiling on the couch.;s06e24_086;tbbt_s06e24.mp4;783.07;792.42;
15762;Lucy puts aside an orange napkin and rushes away from the table where Amy and Raj are sitting.;s02e21_078;tbbt_s02e21.mp4;677.98;691.95;
29596;Sheldon, in green plaid pajamas, slumps from the headrest of the armchair down into the chair and makes a shushing gesture.;s03e15_126;tbbt_s03e15.mp4;1179.43;1190.56;
9411;A shot of the laptop screen, where Amy reaches forward and presses a button that shuts the video off.;s01e01_129;tbbt_s01e01.mp4;1213.63;1228.21;
11690;Amy and Bernadette are sitting on Penny's bed on a pile of clothes when Penny comes out of her bathroom in a green dress.;s03e19_003;tbbt_s03e19.mp4;23.32;34.33;
11644;Penny, in a red dress, rests her arms on Leonard's shoulder while smiling at him, as Amy, in a blue dress, stands at the doorway.;s01e06_072;tbbt_s01e06.mp4;818.90;831.25;
34121;Howard, while in the bathroom with Leonard, goes to the sink and washes his hands.;s03e15_118;tbbt_s03e15.mp4;1091.62;1106.41;
33248;Sheldon is being clipped in by the instructor to climb the wall.;s02e13_093;tbbt_s02e13.mp4;973.76;977.64;
80587;Leonard and Sheldon grab bottles from the kitchen island, then Sheldon sits on the couch while Leonard leans against the wall, still talking.;s01e01_004;tbbt_s01e01.mp4;28.24;35.77;
15751;Raj, while holding a beer bottle, reaches out and slaps Leonard on the back while he eats his food.;s03e15_006;tbbt_s03e15.mp4;40.83;46.67;
3366;Raj lifts up his foot above the table at the canteen to show Sheldon and Leonard that he's wearing sandals.;s06e24_003;tbbt_s06e24.mp4;18.64;26.90;
46843;Penny puts her wine glass on the table and gets down on one knee in front of Leonard.;s09e22_083;tbbt_s09e22.mp4;1065.12;1079.35;
38099;Raj jumps into the apartment wearing a Flash costume.;s03e19_175;tbbt_s03e19.mp4;1212.72;1225.14;
11659;Leonard, in a black suit, comes into the apartment and slams the door, then Howard looks at his watch.;s02e01_093;tbbt_s02e01.mp4;940.02;954.70;
11644;Penny, in a red dress, rests her arms on Leonard's shoulder while smiling at him, as Amy, in a blue dress, stands at the doorway.;s08e04_012;tbbt_s08e04.mp4;130.17;138.35;
79987;Sheldon stands with one arm stretched straight up and the other arm down at his side, bending his body backward, looking around, uncomfortable.;s02e21_056;tbbt_s02e21.mp4;490.12;494.54;
296;Sheldon, with a bird on his arm, picks up a cup from a table near the sofa and offers it to the bird, which takes it.;s08e04_107;tbbt_s08e04.mp4;854.06;866.79;
79981;Leonard grabs Penny by the arms and walks her back a few steps, while standing in the living room in front of Sheldon.;s01e06_092;tbbt_s01e06.mp4;1020.56;1028.19;
29596;Sheldon, in green plaid pajamas, slumps from the headrest of the armchair down into the chair and makes a shushing gesture.;s02e01_100;tbbt_s02e01.mp4;1022.15;1036.14;
78581;Howard is struggling to take a black bowling ball from the tray.;s03e19_115;tbbt_s03e19.mp4;851.89;857.69;
55040;Raj, in a red and blue track jacket, presses his palms together and taps his fingers excitedly, smiling on the couch.;s04e01_002;tbbt_s04e01.mp4;14.54;27.74;
40031;Leonard and Penny kiss in the hall and a camera on the wall watches them.;s05e09_006;tbbt_s05e09.mp4;54.81;67.40;
13987;The robotic hand drops the small package into Penny's hand, which she holds out expectantly.;s03e15_099;tbbt_s03e15.mp4;867.78;880.38;
3366;Raj lifts up his foot above the table at the canteen to show Sheldon and Leonard that he's wearing sandals.;s06e01_027;tbbt_s06e01.mp4;310.10;321.99;
38416;Penny sits in the back seat and shrugs her shoulders twice as they all drive in a car.;s07e13_069;tbbt_s07e13.mp4;632.92;639.30;
16404;Bernadette, in a blue floral dress, reaches out and holds Howard's hand to comfort him while they are eating dinner.;s08e04_098;tbbt_s08e04.mp4;774.15;780.57;
80591;Leonard walks to the door, lets in Howard holding a CD and Raj, who is wearing a red hat.;s01e01_004;tbbt_s01e01.mp4;28.24;35.77;
62276;Sheldon walks up and flips the light switch to turn off the lights in the laundry room.;s05e13_060;tbbt_s05e13.mp4;650.88;665.87;
11690;Amy and Bernadette are sitting on Penny's bed on a pile of clothes when Penny comes out of her bathroom in a green dress.;s05e13_024;tbbt_s05e13.mp4;263.80;277.28;
79007;A shot of Sheldon standing at the kitchen island in front of a row of toast, while Bernadette sits across from him.;s09e22_030;tbbt_s09e22.mp4;354.81;368.45;
3022;Penny pulls back the shower curtain and climbs inside the shower.;s01e01_101;tbbt_s01e01.mp4;892.14;906.20;
19965;Penny looks up and winks at someone, making a finger gun gesture.;s02e13_108;tbbt_s02e13.mp4;1122.62;1135.47;
40031;Leonard and Penny kiss in the hall and a camera on the wall watches them.;s01e06_092;tbbt_s01e06.mp4;1020.56;1028.19;
96016;The nurse takes off her glasses, walks over and looks underneath Howard's purple blanket.;s05e13_111;tbbt_s05e13.mp4;1130.55;1136.05;
80587;Leonard and Sheldon grab bottles from the kitchen island, then Sheldon sits on the couch while Leonard leans against the wall, still talking.;s02e13_109;tbbt_s02e13.mp4;1135.47;1148.31;
9411;A shot of the laptop screen, where Amy reaches forward and presses a button that shuts the video off.;s06e24_087;tbbt_s06e24.mp4;792.42;797.88;
19960;Raj raises his beer and then takes a sip of it, at the bowling lane.;s02e21_067;tbbt_s02e21.mp4;559.52;564.94;
7130004;A shot of a busy multi-lane highway with cars driving in both directions, trees lining the roadside.;s06e24_014;tbbt_s06e24.mp4;115.74;119.79;
79981;Leonard grabs Penny by the arms and walks her back a few steps, while standing in the living room in front of Sheldon.;s05e13_064;tbbt_s05e13.mp4;704.62;718.33;
11644;Penny, in a red dress, rests her arms on Leonard's shoulder while smiling at him, as Amy, in a blue dress, stands at the doorway.;s03e19_098;tbbt_s03e19.mp4;716.26;725.43;
29596;Sheldon, in green plaid pajamas, slumps from the headrest of the armchair down into the chair and makes a shushing gesture.;s02e01_106;tbbt_s02e01.mp4;1065.52;1069.90;
3385;A man floats across the International Space Station behind Howard at the laptop.;s06e01_116;tbbt_s06e01.mp4;1234.19;1239.70;
62276;Sheldon walks up and flips the light switch to turn off the lights in the laundry room.;s03e19_083;tbbt_s03e19.mp4;633.26;640.64;
29607;Leonard leaves Penny's apartment door to go inside his apartment and looks up at the camera.;s05e09_128;tbbt_s05e09.mp4;1147.29;1159.46;
3022;Penny pulls back the shower curtain and climbs inside the shower.;s05e13_018;tbbt_s05e13.mp4;196.15;204.75;
11656;Sheldon lays down some cards in a couple of places on the table while playing a card game with bored Raj and Howard.;s03e19_037;tbbt_s03e19.mp4;289.44;302.09;
29596;Sheldon, in green plaid pajamas, slumps from the headrest of the armchair down into the chair and makes a shushing gesture.;s05e13_087;tbbt_s05e13.mp4;905.53;916.16;
86431;Penny catches Leonard and Sheldon staring at her from the hallway.;s05e09_126;tbbt_s05e09.mp4;1122.94;1135.11;
11679;Leonard, in a black suit, is looking at his computer while talking to his friends, who are playing a board game at the glass table.;s02e01_024;tbbt_s02e01.mp4;201.53;213.03;
46843;Penny puts her wine glass on the table and gets down on one knee in front of Leonard.;s09e22_037;tbbt_s09e22.mp4;440.05;453.32;
34121;Howard, while in the bathroom with Leonard, goes to the sink and washes his hands.;s01e01_105;tbbt_s01e01.mp4;926.93;940.25;
3394;Bernadette adjusts her glasses when she's talking to Howard online.;s07e13_039;tbbt_s07e13.mp4;383.38;393.44;
46843;Penny puts her wine glass on the table and gets down on one knee in front of Leonard.;s08e04_078;tbbt_s08e04.mp4;586.38;592.47;
15751;Raj, while holding a beer bottle, reaches out and slaps Leonard on the back while he eats his food.;s02e13_001;tbbt_s02e13.mp4;0.00;12.53;
296;Sheldon, with a bird on his arm, picks up a cup from a table near the sofa and offers it to the bird, which takes it.;s01e01_113;tbbt_s01e01.mp4;1030.90;1038.75;
291;Amy and Bernadette look at a bird on the couch, then turn to Sheldon standing in the doorway with crossed arms.;s08e08_023;tbbt_s08e08.mp4;186.40;191.32;
51045;Sheldon quickly drinks his whole drink while holding a red straw, then makes a happy face, at the bar.;s06e24_094;tbbt_s06e24.mp4;824.37;831.46;
37856;Penny sits beside Sheldon on the couch with a bowl in her hand and covers herself with the blanket.;s02e21_111;tbbt_s02e21.mp4;1040.94;1055.10;
86431;Penny catches Leonard and Sheldon staring at her from the hallway.;s01e01_038;tbbt_s01e01.mp4;348.52;362.24;
38099;Raj jumps into the apartment wearing a Flash costume.;s02e01_068;tbbt_s02e01.mp4;652.29;665.83;
46843;Penny puts her wine glass on the table and gets down on one knee in front of Leonard.;s05e13_051;tbbt_s05e13.mp4;544.07;558.17;
62276;Sheldon walks up and flips the light switch to turn off the lights in the laundry room.;s02e01_131;tbbt_s02e01.mp4;1266.07;1280.15;
51045;Sheldon quickly drinks his whole drink while holding a red straw, then makes a happy face, at the bar.;s06e07_091;tbbt_s06e07.mp4;892.08;906.74;
96016;The nurse takes off her glasses, walks over and looks underneath Howard's purple blanket.;s05e13_122;tbbt_s05e13.mp4;1212.75;1216.01;
55040;Raj, in a red and blue track jacket, presses his palms together and taps his fingers excitedly, smiling on the couch.;s05e13_027;tbbt_s05e13.mp4;302.02;314.40;
80596;Sheldon, in plaid pants, slides to his spot on the couch after Penny gets up.;s02e01_110;tbbt_s02e01.mp4;1087.00;1096.76;
80591;Leonard walks to the door, lets in Howard holding a CD and Raj, who is wearing a red hat.;s08e04_064;tbbt_s08e04.mp4;504.88;513.20;
29596;Sheldon, in green plaid pajamas, slumps from the headrest of the armchair down into the chair and makes a shushing gesture.;s09e22_030;tbbt_s09e22.mp4;354.81;368.45;
38099;Raj jumps into the apartment wearing a Flash costume.;s08e04_069;tbbt_s08e04.mp4;534.03;544.29;
83407;Bernadette touches a red dress that Amy is holding up as they stand in front of the blue couch.;s03e19_097;tbbt_s03e19.mp4;707.08;716.26;
29596;Sheldon, in green plaid pajamas, slumps from the headrest of the armchair down into the chair and makes a shushing gesture.;s02e01_117;tbbt_s02e01.mp4;1149.40;1156.49;
291;Amy and Bernadette look at a bird on the couch, then turn to Sheldon standing in the doorway with crossed arms.;s05e09_122;tbbt_s05e09.mp4;1093.43;1099.56;
7130004;A shot of a busy multi-lane highway with cars driving in both directions, trees lining the roadside.;s03e15_057;tbbt_s03e15.mp4;502.14;516.93;
33248;Sheldon is being clipped in by the instructor to climb the wall.;s02e13_081;tbbt_s02e13.mp4;894.73;903.15;
79981;Leonard grabs Penny by the arms and walks her back a few steps, while standing in the living room in front of Sheldon.;s07e13_129;tbbt_s07e13.mp4;1103.48;1115.46;
79987;Sheldon stands with one arm stretched straight up and the other arm down at his side, bending his body backward, looking around, uncomfortable.;s05e13_060;tbbt_s05e13.mp4;650.88;665.87;
291;Amy and Bernadette look at a bird on the couch, then turn to Sheldon standing in the doorway with crossed arms.;s08e08_019;tbbt_s08e08.mp4;162.20;168.54;
45195;Sheldon reaches for his wallet in his jacket pocket while sitting at the restaurant with Amy.;s06e01_087;tbbt_s06e01.mp4;969.95;984.22;
11656;Sheldon lays down some cards in a couple of places on the table while playing a card game with bored Raj and Howard.;s08e04_033;tbbt_s08e04.mp4;296.88;307.77;
11644;Penny, in a red dress, rests her arms on Leonard's shoulder while smiling at him, as Amy, in a blue dress, stands at the doorway.;s09e22_067;tbbt_s09e22.mp4;838.28;851.75;
80596;Sheldon, in plaid pants, slides to his spot on the couch after Penny gets up.;s02e21_111;tbbt_s02e21.mp4;1040.94;1055.10;
58103;Sheldon, in a grey shirt, hands Amy, in a purple sweater next to him, food wrapped in foil.;s04e12_048;tbbt_s04e12.mp4;450.74;460.67;
84012;Sheldon, in a purple shirt with black sleeves, suddenly moves his body while sitting on the couch and starts to clap as he is singing a song.;s01e01_061;tbbt_s01e01.mp4;581.50;588.00;
29596;Sheldon, in green plaid pajamas, slumps from the headrest of the armchair down into the chair and makes a shushing gesture.;s02e01_110;tbbt_s02e01.mp4;1087.00;1096.76;
55040;Raj, in a red and blue track jacket, presses his palms together and taps his fingers excitedly, smiling on the couch.;s03e15_071;tbbt_s03e15.mp4;621.43;632.17;
16404;Bernadette, in a blue floral dress, reaches out and holds Howard's hand to comfort him while they are eating dinner.;s06e07_063;tbbt_s06e07.mp4;568.12;581.68;
79987;Sheldon stands with one arm stretched straight up and the other arm down at his side, bending his body backward, looking around, uncomfortable.;s05e09_126;tbbt_s05e09.mp4;1122.94;1135.11;
4060;A wide shot of Stuart, Howard and Bernadette sitting down together in a cozy, antique-filled living room.;s08e04_125;tbbt_s08e04.mp4;1057.93;1066.23;
79007;A shot of Sheldon standing at the kitchen island in front of a row of toast, while Bernadette sits across from him.;s06e07_097;tbbt_s06e07.mp4;943.90;955.83;
46843;Penny puts her wine glass on the table and gets down on one knee in front of Leonard.;s05e13_041;tbbt_s05e13.mp4;403.04;417.14;
11646;Leonard rolls onto his side toward Penny, while they are lying together in bed on orange pillows.;s05e13_069;tbbt_s05e13.mp4;773.18;786.89;
11656;Sheldon lays down some cards in a couple of places on the table while playing a card game with bored Raj and Howard.;s05e13_038;tbbt_s05e13.mp4;388.18;392.64;
28861;While Penny, Amy, and Bernadette are unboxing something, Leonard knocks on Penny's opened door.;s04e01_018;tbbt_s04e01.mp4;139.56;142.65;
84012;Sheldon, in a purple shirt with black sleeves, suddenly moves his body while sitting on the couch and starts to clap as he is singing a song.;s02e01_100;tbbt_s02e01.mp4;1022.15;1036.14;
82961;Penny, in a red blouse, and Leonard both look down while sitting on the couch and Penny puts her hand on his shoulder.;s06e24_127;tbbt_s06e24.mp4;1077.66;1091.07;
46843;Penny puts her wine glass on the table and gets down on one knee in front of Leonard.;s05e13_043;tbbt_s05e13.mp4;431.25;445.35;
55040;Raj, in a red and blue track jacket, presses his palms together and taps his fingers excitedly, smiling on the couch.;s06e24_090;tbbt_s06e24.mp4;805.72;809.98;
62276;Sheldon walks up and flips the light switch to turn off the lights in the laundry room.;s07e13_018;tbbt_s07e13.mp4;205.31;217.38;
79987;Sheldon stands with one arm stretched straight up and the other arm down at his side, bending his body backward, looking around, uncomfortable.;s05e13_064;tbbt_s05e13.mp4;704.62;718.33;
3366;Raj lifts up his foot above the table at the canteen to show Sheldon and Leonard that he's wearing sandals.;s09e22_037;tbbt_s09e22.mp4;440.05;453.32;
6010003;Howard, in a green polo shirt and cap, pushes off from one wall to the opposite one, as he floats through the space station.;s06e01_011;tbbt_s06e01.mp4;114.06;126.72;
33248;Sheldon is being clipped in by the instructor to climb the wall.;s02e13_086;tbbt_s02e13.mp4;936.00;944.28;
11659;Leonard, in a black suit, comes into the apartment and slams the door, then Howard looks at his watch.;s02e01_086;tbbt_s02e01.mp4;849.01;857.44;
33248;Sheldon is being clipped in by the instructor to climb the wall.;s02e13_078;tbbt_s02e13.mp4;864.70;879.04;
86431;Penny catches Leonard and Sheldon staring at her from the hallway.;s01e01_035;tbbt_s01e01.mp4;307.35;321.07;
9411;A shot of the laptop screen, where Amy reaches forward and presses a button that shuts the video off.;s06e07_057;tbbt_s06e07.mp4;506.71;512.35;
15762;Lucy puts aside an orange napkin and rushes away from the table where Amy and Raj are sitting.;s05e13_042;tbbt_s05e13.mp4;417.14;431.25;
13987;The robotic hand drops the small package into Penny's hand, which she holds out expectantly.;s04e01_121;tbbt_s04e01.mp4;1154.53;1159.16;
37856;Penny sits beside Sheldon on the couch with a bowl in her hand and covers herself with the blanket.;s03e15_042;tbbt_s03e15.mp4;321.84;336.09;
29607;Leonard leaves Penny's apartment door to go inside his apartment and looks up at the camera.;s05e09_126;tbbt_s05e09.mp4;1122.94;1135.11;
11690;Amy and Bernadette are sitting on Penny's bed on a pile of clothes when Penny comes out of her bathroom in a green dress.;s05e13_021;tbbt_s05e13.mp4;227.88;239.45;
4060;A wide shot of Stuart, Howard and Bernadette sitting down together in a cozy, antique-filled living room.;s01e01_081;tbbt_s01e01.mp4;734.27;738.53;
5090003;The bird flies into the apartment through the open window.;s05e09_095;tbbt_s05e09.mp4;799.92;805.22;
78581;Howard is struggling to take a black bowling ball from the tray.;s03e19_149;tbbt_s03e19.mp4;1049.55;1054.76;
42301;Sheldon, standing in front of a bookcase, near the window with drapes, dials a number on his cell phone.;s05e13_088;tbbt_s05e13.mp4;916.16;926.42;
38099;Raj jumps into the apartment wearing a Flash costume.;s03e15_134;tbbt_s03e15.mp4;1247.58;1252.76;
3372;Penny wipes the cream off the spatula with a tissue.;s06e07_046;tbbt_s06e07.mp4;414.87;423.84;
15751;Raj, while holding a beer bottle, reaches out and slaps Leonard on the back while he eats his food.;s04e12_075;tbbt_s04e12.mp4;666.21;672.63;
80591;Leonard walks to the door, lets in Howard holding a CD and Raj, who is wearing a red hat.;s01e01_018;tbbt_s01e01.mp4;158.71;170.40;
42301;Sheldon, standing in front of a bookcase, near the window with drapes, dials a number on his cell phone.;s02e13_024;tbbt_s02e13.mp4;232.86;245.00;
11644;Penny, in a red dress, rests her arms on Leonard's shoulder while smiling at him, as Amy, in a blue dress, stands at the doorway.;s02e21_106;tbbt_s02e21.mp4;989.09;1003.25;
29607;Leonard leaves Penny's apartment door to go inside his apartment and looks up at the camera.;s03e19_044;tbbt_s03e19.mp4;352.48;366.24;
6010003;Howard, in a green polo shirt and cap, pushes off from one wall to the opposite one, as he floats through the space station.;s06e01_066;tbbt_s06e01.mp4;700.82;715.10;
4060;A wide shot of Stuart, Howard and Bernadette sitting down together in a cozy, antique-filled living room.;s09e22_014;tbbt_s09e22.mp4;133.93;139.81;
4060;A wide shot of Stuart, Howard and Bernadette sitting down together in a cozy, antique-filled living room.;s08e04_011;tbbt_s08e04.mp4;117.13;130.17;
11644;Penny, in a red dress, rests her arms on Leonard's shoulder while smiling at him, as Amy, in a blue dress, stands at the doorway.;s05e13_061;tbbt_s05e13.mp4;665.87;679.60;
38416;Penny sits in the back seat and shrugs her shoulders twice as they all drive in a car.;s04e01_060;tbbt_s04e01.mp4;581.08;588.63;
296;Sheldon, with a bird on his arm, picks up a cup from a table near the sofa and offers it to the bird, which takes it.;s05e09_102;tbbt_s05e09.mp4;837.96;846.97;
15751;Raj, while holding a beer bottle, reaches out and slaps Leonard on the back while he eats his food.;s06e24_008;tbbt_s06e24.mp4;52.01;65.57;
3366;Raj lifts up his foot above the table at the canteen to show Sheldon and Leonard that he's wearing sandals.;s08e04_001;tbbt_s08e04.mp4;0.00;14.32;
34121;Howard, while in the bathroom with Leonard, goes to the sink and washes his hands.;s01e01_104;tbbt_s01e01.mp4;913.62;926.93;
40031;Leonard and Penny kiss in the hall and a camera on the wall watches them.;s05e09_128;tbbt_s05e09.mp4;1147.29;1159.46;
91631;Sheldon enters the bar and sits on a stool in front of Penny, with a snack lying on the bar counter.;s06e07_098;tbbt_s06e07.mp4;955.83;967.76;
15762;Lucy puts aside an orange napkin and rushes away from the table where Amy and Raj are sitting.;s09e22_025;tbbt_s09e22.mp4;291.81;304.76;
40031;Leonard and Penny kiss in the hall and a camera on the wall watches them.;s01e06_097;tbbt_s01e06.mp4;1079.98;1094.70;
5090003;The bird flies into the apartment through the open window.;s05e09_001;tbbt_s05e09.mp4;0.00;4.46;
11659;Leonard, in a black suit, comes into the apartment and slams the door, then Howard looks at his watch.;s05e13_028;tbbt_s05e13.mp4;314.40;320.61;
83407;Bernadette touches a red dress that Amy is holding up as they stand in front of the blue couch.;s08e08_097;tbbt_s08e08.mp4;717.96;731.35;
80587;Leonard and Sheldon grab bottles from the kitchen island, then Sheldon sits on the couch while Leonard leans against the wall, still talking.;s04e01_011;tbbt_s04e01.mp4;99.39;104.31;
83407;Bernadette touches a red dress that Amy is holding up as they stand in front of the blue couch.;s05e13_014;tbbt_s05e13.mp4;150.40;164.65;
58103;Sheldon, in a grey shirt, hands Amy, in a purple sweater next to him, food wrapped in foil.;s04e01_029;tbbt_s04e01.mp4;251.21;263.78;
11679;Leonard, in a black suit, is looking at his computer while talking to his friends, who are playing a board game at the glass table.;s02e01_012;tbbt_s02e01.mp4;105.27;115.59;
84012;Sheldon, in a purple shirt with black sleeves, suddenly moves his body while sitting on the couch and starts to clap as he is singing a song.;s04e12_046;tbbt_s04e12.mp4;439.56;447.11;
5090003;The bird flies into the apartment through the open window.;s05e09_016;tbbt_s05e09.mp4;112.32;118.37;
80587;Leonard and Sheldon grab bottles from the kitchen island, then Sheldon sits on the couch while Leonard leans against the wall, still talking.;s04e12_026;tbbt_s04e12.mp4;256.37;268.91;
28861;While Penny, Amy, and Bernadette are unboxing something, Leonard knocks on Penny's opened door.;s07e13_047;tbbt_s07e13.mp4;457.28;471.81;
45195;Sheldon reaches for his wallet in his jacket pocket while sitting at the restaurant with Amy.;s06e01_050;tbbt_s06e01.mp4;489.50;503.33;
296;Sheldon, with a bird on his arm, picks up a cup from a table near the sofa and offers it to the bird, which takes it.;s05e09_036;tbbt_s05e09.mp4;283.93;297.05;
33248;Sheldon is being clipped in by the instructor to climb the wall.;s02e13_090;tbbt_s02e13.mp4;958.46;964.96;
29607;Leonard leaves Penny's apartment door to go inside his apartment and looks up at the camera.;s05e09_004;tbbt_s05e09.mp4;29.64;42.23;
80596;Sheldon, in plaid pants, slides to his spot on the couch after Penny gets up.;s02e21_110;tbbt_s02e21.mp4;1026.78;1040.94;
86431;Penny catches Leonard and Sheldon staring at her from the hallway.;s07e13_009;tbbt_s07e13.mp4;89.26;102.85;
80596;Sheldon, in plaid pants, slides to his spot on the couch after Penny gets up.;s05e13_081;tbbt_s05e13.mp4;870.50;881.67;
79981;Leonard grabs Penny by the arms and walks her back a few steps, while standing in the living room in front of Sheldon.;s05e09_007;tbbt_s05e09.mp4;67.40;72.16;
42301;Sheldon, standing in front of a bookcase, near the window with drapes, dials a number on his cell phone.;s08e08_058;tbbt_s08e08.mp4;406.07;412.66;
46843;Penny puts her wine glass on the table and gets down on one knee in front of Leonard.;s09e22_085;tbbt_s09e22.mp4;1093.58;1107.81;
82961;Penny, in a red blouse, and Leonard both look down while sitting on the couch and Penny puts her hand on his shoulder.;s03e15_053;tbbt_s03e15.mp4;467.31;480.09;
3022;Penny pulls back the shower curtain and climbs inside the shower.;s01e01_106;tbbt_s01e01.mp4;940.25;953.56;
7725;Penny, standing, leans forward and looks at Sheldon, who is sitting on the couch, with her hands on her knees.;s07e13_002;tbbt_s07e13.mp4;12.29;22.91;
29596;Sheldon, in green plaid pajamas, slumps from the headrest of the armchair down into the chair and makes a shushing gesture.;s01e06_046;tbbt_s01e06.mp4;483.67;498.09;
96016;The nurse takes off her glasses, walks over and looks underneath Howard's purple blanket.;s02e21_123;tbbt_s02e21.mp4;1147.77;1155.61;
78581;Howard is struggling to take a black bowling ball from the tray.;s03e19_138;tbbt_s03e19.mp4;983.52;988.45;
86431;Penny catches Leonard and Sheldon staring at her from the hallway.;s04e01_127;tbbt_s04e01.mp4;1204.17;1216.26;
11679;Leonard, in a black suit, is looking at his computer while talking to his friends, who are playing a board game at the glass table.;s02e21_067;tbbt_s02e21.mp4;559.52;564.94;
15762;Lucy puts aside an orange napkin and rushes away from the table where Amy and Raj are sitting.;s04e12_075;tbbt_s04e12.mp4;666.21;672.63;
38099;Raj jumps into the apartment wearing a Flash costume.;s06e07_079;tbbt_s06e07.mp4;752.63;760.30;
46843;Penny puts her wine glass on the table and gets down on one knee in front of Leonard.;s09e22_057;tbbt_s09e22.mp4;700.16;713.84;
11679;Leonard, in a black suit, is looking at his computer while talking to his friends, who are playing a board game at the glass table.;s08e08_089;tbbt_s08e08.mp4;639.05;653.30;
28861;While Penny, Amy, and Bernadette are unboxing something, Leonard knocks on Penny's opened door.;s02e13_037;tbbt_s02e13.mp4;399.52;411.70;
29607;Leonard leaves Penny's apartment door to go inside his apartment and looks up at the camera.;s07e13_007;tbbt_s07e13.mp4;71.07;83.08;
11690;Amy and Bernadette are sitting on Penny's bed on a pile of clothes when Penny comes out of her bathroom in a green dress.;s05e13_121;tbbt_s05e13.mp4;1206.53;1212.75;
40031;Leonard and Penny kiss in the hall and a camera on the wall watches them.;s09e22_021;tbbt_s09e22.mp4;237.89;252.93;
15768;Penny, in a grocery store with Sheldon, grabs two bottles of vodka and puts them in a cart.;s07e13_027;tbbt_s07e13.mp4;299.74;313.90;
79987;Sheldon stands with one arm stretched straight up and the other arm down at his side, bending his body backward, looking around, uncomfortable.;s04e01_004;tbbt_s04e01.mp4;39.33;50.63;
29596;Sheldon, in green plaid pajamas, slumps from the headrest of the armchair down into the chair and makes a shushing gesture.;s03e15_130;tbbt_s03e15.mp4;1211.71;1222.66;
79981;Leonard grabs Penny by the arms and walks her back a few steps, while standing in the living room in front of Sheldon.;s01e01_040;tbbt_s01e01.mp4;393.23;404.68;
53286;Leonard, in a red robe, looks at the ground and blinks a couple of times, then takes the money from Sheldon's hand.;s06e01_038;tbbt_s06e01.mp4;401.15;413.20;
34121;Howard, while in the bathroom with Leonard, goes to the sink and washes his hands.;s01e01_106;tbbt_s01e01.mp4;940.25;953.56;
80227;Leonard, in a costume, closes his front door quickly and locks it.;s05e09_031;tbbt_s05e09.mp4;221.68;228.23;
11646;Leonard rolls onto his side toward Penny, while they are lying together in bed on orange pillows.;s03e15_117;tbbt_s03e15.mp4;1076.83;1091.62;
7725;Penny, standing, leans forward and looks at Sheldon, who is sitting on the couch, with her hands on her knees.;s03e19_097;tbbt_s03e19.mp4;707.08;716.26;
11679;Leonard, in a black suit, is looking at his computer while talking to his friends, who are playing a board game at the glass table.;s02e21_077;tbbt_s02e21.mp4;664.02;677.98;
53286;Leonard, in a red robe, looks at the ground and blinks a couple of times, then takes the money from Sheldon's hand.;s09e22_087;tbbt_s09e22.mp4;1122.04;1135.06;
15762;Lucy puts aside an orange napkin and rushes away from the table where Amy and Raj are sitting.;s06e01_056;tbbt_s06e01.mp4;573.44;588.41;
13987;The robotic hand drops the small package into Penny's hand, which she holds out expectantly.;s07e13_003;tbbt_s07e13.mp4;22.91;35.02;
51045;Sheldon quickly drinks his whole drink while holding a red straw, then makes a happy face, at the bar.;s09e22_080;tbbt_s09e22.mp4;1022.44;1036.67;
53286;Leonard, in a red robe, looks at the ground and blinks a couple of times, then takes the money from Sheldon's hand.;s02e01_081;tbbt_s02e01.mp4;815.19;829.12;
13987;The robotic hand drops the small package into Penny's hand, which she holds out expectantly.;s08e08_122;tbbt_s08e08.mp4;1002.32;1014.68;
291;Amy and Bernadette look at a bird on the couch, then turn to Sheldon standing in the doorway with crossed arms.;s05e09_118;tbbt_s05e09.mp4;1036.81;1050.97;
80596;Sheldon, in plaid pants, slides to his spot on the couch after Penny gets up.;s02e01_116;tbbt_s02e01.mp4;1144.02;1149.40;
19960;Raj raises his beer and then takes a sip of it, at the bowling lane.;s03e19_149;tbbt_s03e19.mp4;1049.55;1054.76;
9411;A shot of the laptop screen, where Amy reaches forward and presses a button that shuts the video off.;s06e01_110;tbbt_s06e01.mp4;1199.87;1206.58;
46843;Penny puts her wine glass on the table and gets down on one knee in front of Leonard.;s09e22_086;tbbt_s09e22.mp4;1107.81;1122.04;
29607;Leonard leaves Penny's apartment door to go inside his apartment and looks up at the camera.;s06e07_073;tbbt_s06e07.mp4;694.84;707.16;
51045;Sheldon quickly drinks his whole drink while holding a red straw, then makes a happy face, at the bar.;s06e24_102;tbbt_s06e24.mp4;888.47;896.65;
82961;Penny, in a red blouse, and Leonard both look down while sitting on the couch and Penny puts her hand on his shoulder.;s03e19_144;tbbt_s03e19.mp4;1015.38;1025.75;
80591;Leonard walks to the door, lets in Howard holding a CD and Raj, who is wearing a red hat.;s08e04_059;tbbt_s08e04.mp4;483.11;486.44;
15762;Lucy puts aside an orange napkin and rushes away from the table where Amy and Raj are sitting.;s06e24_061;tbbt_s06e24.mp4;578.04;586.04;
29607;Leonard leaves Penny's apartment door to go inside his apartment and looks up at the camera.;s02e01_056;tbbt_s02e01.mp4;542.19;550.47;
82961;Penny, in a red blouse, and Leonard both look down while sitting on the couch and Penny puts her hand on his shoulder.;s08e04_117;tbbt_s08e04.mp4;975.66;988.99;
78581;Howard is struggling to take a black bowling ball from the tray.;s03e15_040;tbbt_s03e15.mp4;293.34;307.59;
3366;Raj lifts up his foot above the table at the canteen to show Sheldon and Leonard that he's wearing sandals.;s04e01_022;tbbt_s04e01.mp4;201.41;204.50;
91631;Sheldon enters the bar and sits on a stool in front of Penny, with a snack lying on the bar counter.;s09e22_080;tbbt_s09e22.mp4;1022.44;1036.67;
3372;Penny wipes the cream off the spatula with a tissue.;s08e08_041;tbbt_s08e08.mp4;303.30;307.56;
80591;Leonard walks to the door, lets in Howard holding a CD and Raj, who is wearing a red hat.;s02e01_109;tbbt_s02e01.mp4;1081.52;1087.00;
15762;Lucy puts aside an orange napkin and rushes away from the table where Amy and Raj are sitting.;s06e01_051;tbbt_s06e01.mp4;503.33;517.17;
62276;Sheldon walks up and flips the light switch to turn off the lights in the laundry room.;s02e21_039;tbbt_s02e21.mp4;336.02;348.72;
7725;Penny, standing, leans forward and looks at Sheldon, who is sitting on the couch, with her hands on her knees.;s07e13_013;tbbt_s07e13.mp4;128.34;138.81;
296;Sheldon, with a bird on his arm, picks up a cup from a table near the sofa and offers it to the bird, which takes it.;s05e09_121;tbbt_s05e09.mp4;1079.27;1093.43;
11690;Amy and Bernadette are sitting on Penny's bed on a pile of clothes when Penny comes out of her bathroom in a green dress.;s04e01_051;tbbt_s04e01.mp4;493.80;503.39;
11646;Leonard rolls onto his side toward Penny, while they are lying together in bed on orange pillows.;s05e13_066;tbbt_s05e13.mp4;732.04;745.75;
96016;The nurse takes off her glasses, walks over and looks underneath Howard's purple blanket.;s05e13_107;tbbt_s05e13.mp4;1110.15;1115.57;
19960;Raj raises his beer and then takes a sip of it, at the bowling lane.;s06e24_053;tbbt_s06e24.mp4;523.06;526.65;
9411;A shot of the laptop screen, where Amy reaches forward and presses a button that shuts the video off.;s07e13_111;tbbt_s07e13.mp4;948.16;952.41;
15768;Penny, in a grocery store with Sheldon, grabs two bottles of vodka and puts them in a cart.;s06e24_079;tbbt_s06e24.mp4;735.21;742.87;
53286;Leonard, in a red robe, looks at the ground and blinks a couple of times, then takes the money from Sheldon's hand.;s06e07_103;tbbt_s06e07.mp4;1006.05;1015.10;
11644;Penny, in a red dress, rests her arms on Leonard's shoulder while smiling at him, as Amy, in a blue dress, stands at the doorway.;s02e21_092;tbbt_s02e21.mp4;842.95;855.90;
11646;Leonard rolls onto his side toward Penny, while they are lying together in bed on orange pillows.;s03e19_011;tbbt_s03e19.mp4;69.53;73.91;
3370;Penny applies white cream with a spatula on Amy's face between her lip and her nose.;s06e24_136;tbbt_s06e24.mp4;1166.29;1175.81;
3372;Penny wipes the cream off the spatula with a tissue.;s02e21_055;tbbt_s02e21.mp4;485.65;490.12;
34121;Howard, while in the bathroom with Leonard, goes to the sink and washes his hands.;s09e22_070;tbbt_s09e22.mp4;878.87;892.42;
42301;Sheldon, standing in front of a bookcase, near the window with drapes, dials a number on his cell phone.;s05e09_121;tbbt_s05e09.mp4;1079.27;1093.43;
3385;A man floats across the International Space Station behind Howard at the laptop.;s06e01_065;tbbt_s06e01.mp4;686.53;700.82;
40031;Leonard and Penny kiss in the hall and a camera on the wall watches them.;s09e22_068;tbbt_s09e22.mp4;851.75;865.31;
33248;Sheldon is being clipped in by the instructor to climb the wall.;s02e13_085;tbbt_s02e13.mp4;927.72;936.00;
15762;Lucy puts aside an orange napkin and rushes away from the table where Amy and Raj are sitting.;s06e07_067;tbbt_s06e07.mp4;622.37;635.93;
37856;Penny sits beside Sheldon on the couch with a bowl in her hand and covers herself with the blanket.;s02e01_125;tbbt_s02e01.mp4;1193.28;1205.66;
83407;Bernadette touches a red dress that Amy is holding up as they stand in front of the blue couch.;s06e01_017;tbbt_s06e01.mp4;218.77;232.13;
96015;Leonard and Raj slowly walk through a doorway into a clinic pulling a robotic arm that is attached, underneath a blanket, to Howard.;s02e01_131;tbbt_s02e01.mp4;1266.07;1280.15;
96016;The nurse takes off her glasses, walks over and looks underneath Howard's purple blanket.;s04e01_113;tbbt_s04e01.mp4;1101.64;1109.19;
53286;Leonard, in a red robe, looks at the ground and blinks a couple of times, then takes the money from Sheldon's hand.;s05e13_088;tbbt_s05e13.mp4;916.16;926.42;
11644;Penny, in a red dress, rests her arms on Leonard's shoulder while smiling at him, as Amy, in a blue dress, stands at the doorway.;s08e08_116;tbbt_s08e08.mp4;923.40;937.46;
80591;Leonard walks to the door, lets in Howard holding a CD and Raj, who is wearing a red hat.;s01e01_120;tbbt_s01e01.mp4;1109.00;1122.29;
28861;While Penny, Amy, and Bernadette are unboxing something, Leonard knocks on Penny's opened door.;s08e04_113;tbbt_s08e04.mp4;930.43;944.11;
7130004;A shot of a busy multi-lane highway with cars driving in both directions, trees lining the roadside.;s03e15_059;tbbt_s03e15.mp4;527.74;531.32;
40031;Leonard and Penny kiss in the hall and a camera on the wall watches them.;s08e04_097;tbbt_s08e04.mp4;759.65;774.15;
88802;A bartender hands Raj a mint green drink and Leonard a beer bottle, at the bar.;s02e21_069;tbbt_s02e21.mp4;570.95;579.64;
28861;While Penny, Amy, and Bernadette are unboxing something, Leonard knocks on Penny's opened door.;s02e21_040;tbbt_s02e21.mp4;348.72;361.69;
15768;Penny, in a grocery store with Sheldon, grabs two bottles of vodka and puts them in a cart.;s06e24_078;tbbt_s06e24.mp4;727.56;735.21;
80227;Leonard, in a costume, closes his front door quickly and locks it.;s02e01_059;tbbt_s02e01.mp4;571.59;583.44;
79007;A shot of Sheldon standing at the kitchen island in front of a row of toast, while Bernadette sits across from him.;s06e07_088;tbbt_s06e07.mp4;848.10;862.76;
79981;Leonard grabs Penny by the arms and walks her back a few steps, while standing in the living room in front of Sheldon.;s06e24_100;tbbt_s06e24.mp4;868.76;879.92;
11679;Leonard, in a black suit, is looking at his computer while talking to his friends, who are playing a board game at the glass table.;s05e13_026;tbbt_s05e13.mp4;289.65;302.02;
4060;A wide shot of Stuart, Howard and Bernadette sitting down together in a cozy, antique-filled living room.;s01e01_048;tbbt_s01e01.mp4;495.61;509.21;
45195;Sheldon reaches for his wallet in his jacket pocket while sitting at the restaurant with Amy.;s09e22_034;tbbt_s09e22.mp4;400.25;413.52;
84012;Sheldon, in a purple shirt with black sleeves, suddenly moves his body while sitting on the couch and starts to clap as he is singing a song.;s02e01_089;tbbt_s02e01.mp4;881.76;896.32;
3372;Penny wipes the cream off the spatula with a tissue.;s08e04_042;tbbt_s08e04.mp4;383.93;389.89;
38099;Raj jumps into the apartment wearing a Flash costume.;s03e15_132;tbbt_s03e15.mp4;1233.01;1243.37;
37856;Penny sits beside Sheldon on the couch with a bowl in her hand and covers herself with the blanket.;s02e21_119;tbbt_s02e21.mp4;1120.84;1128.76;
3385;A man floats across the International Space Station behind Howard at the laptop.;s06e01_042;tbbt_s06e01.mp4;428.26;438.69;
3394;Bernadette adjusts her glasses when she's talking to Howard online.;s08e04_104;tbbt_s08e04.mp4;828.83;836.75;
86431;Penny catches Leonard and Sheldon staring at her from the hallway.;s07e13_123;tbbt_s07e13.mp4;1040.16;1053.30;
28861;While Penny, Amy, and Bernadette are unboxing something, Leonard knocks on Penny's opened door.;s06e07_082;tbbt_s06e07.mp4;778.40;785.83;
42301;Sheldon, standing in front of a bookcase, near the window with drapes, dials a number on his cell phone.;s02e13_053;tbbt_s02e13.mp4;594.72;607.93;
5090003;The bird flies into the apartment through the open window.;s05e09_084;tbbt_s05e09.mp4;682.43;686.48;
3385;A man floats across the International Space Station behind Howard at the laptop.;s06e01_009;tbbt_s06e01.mp4;88.75;101.41;
55040;Raj, in a red and blue track jacket, presses his palms together and taps his fingers excitedly, smiling on the couch.;s03e15_103;tbbt_s03e15.mp4;918.17;933.27;
19960;Raj raises his beer and then takes a sip of it, at the bowling lane.;s03e19_115;tbbt_s03e19.mp4;851.89;857.69;
33248;Sheldon is being clipped in by the instructor to climb the wall.;s02e13_092;tbbt_s02e13.mp4;969.76;973.76;
40031;Leonard and Penny kiss in the hall and a camera on the wall watches them.;s02e01_002;tbbt_s02e01.mp4;12.82;25.64;
82961;Penny, in a red blouse, and Leonard both look down while sitting on the couch and Penny puts her hand on his shoulder.;s02e13_108;tbbt_s02e13.mp4;1122.62;1135.47;
96016;The nurse takes off her glasses, walks over and looks underneath Howard's purple blanket.;s07e13_113;tbbt_s07e13.mp4;955.96;963.42;
51045;Sheldon quickly drinks his whole drink while holding a red straw, then makes a happy face, at the bar.;s06e07_092;tbbt_s06e07.mp4;906.74;917.25;
53286;Leonard, in a red robe, looks at the ground and blinks a couple of times, then takes the money from Sheldon's hand.;s02e01_114;tbbt_s02e01.mp4;1129.84;1139.06;
79987;Sheldon stands with one arm stretched straight up and the other arm down at his side, bending his body backward, looking around, uncomfortable.;s07e13_116;tbbt_s07e13.mp4;985.74;1000.50;
88802;A bartender hands Raj a mint green drink and Leonard a beer bottle, at the bar.;s06e24_096;tbbt_s06e24.mp4;836.04;844.13;
28861;While Penny, Amy, and Bernadette are unboxing something, Leonard knocks on Penny's opened door.;s08e08_092;tbbt_s08e08.mp4;682.14;689.61;
51045;Sheldon quickly drinks his whole drink while holding a red straw, then makes a happy face, at the bar.;s06e07_089;tbbt_s06e07.mp4;862.76;877.42;
18709;Penny happily jumps toward Leonard on the sofa to give him a hug.;s02e13_027;tbbt_s02e13.mp4;273.31;287.48;
79987;Sheldon stands with one arm stretched straight up and the other arm down at his side, bending his body backward, looking around, uncomfortable.;s05e13_084;tbbt_s05e13.mp4;891.31;896.81;
13987;The robotic hand drops the small package into Penny's hand, which she holds out expectantly.;s02e13_030;tbbt_s02e13.mp4;306.43;319.73;
33248;Sheldon is being clipped in by the instructor to climb the wall.;s02e13_089;tbbt_s02e13.mp4;951.95;958.46;
88802;A bartender hands Raj a mint green drink and Leonard a beer bottle, at the bar.;s02e21_077;tbbt_s02e21.mp4;664.02;677.98;
11659;Leonard, in a black suit, comes into the apartment and slams the door, then Howard looks at his watch.;s06e07_119;tbbt_s06e07.mp4;1160.99;1164.45;
80227;Leonard, in a costume, closes his front door quickly and locks it.;s02e21_040;tbbt_s02e21.mp4;348.72;361.69;
79007;A shot of Sheldon standing at the kitchen island in front of a row of toast, while Bernadette sits across from him.;s03e15_054;tbbt_s03e15.mp4;480.09;492.87;
42301;Sheldon, standing in front of a bookcase, near the window with drapes, dials a number on his cell phone.;s08e08_054;tbbt_s08e08.mp4;381.51;387.47;
291;Amy and Bernadette look at a bird on the couch, then turn to Sheldon standing in the doorway with crossed arms.;s05e09_093;tbbt_s05e09.mp4;784.66;796.34;
80596;Sheldon, in plaid pants, slides to his spot on the couch after Penny gets up.;s02e21_109;tbbt_s02e21.mp4;1016.56;1026.78;
34121;Howard, while in the bathroom with Leonard, goes to the sink and washes his hands.;s02e21_046;tbbt_s02e21.mp4;395.60;400.69;
11644;Penny, in a red dress, rests her arms on Leonard's shoulder while smiling at him, as Amy, in a blue dress, stands at the doorway.;s02e21_105;tbbt_s02e21.mp4;974.92;989.09;
58103;Sheldon, in a grey shirt, hands Amy, in a purple sweater next to him, food wrapped in foil.;s03e15_099;tbbt_s03e15.mp4;867.78;880.38;
79007;A shot of Sheldon standing at the kitchen island in front of a row of toast, while Bernadette sits across from him.;s03e15_039;tbbt_s03e15.mp4;279.09;293.34;
79981;Leonard grabs Penny by the arms and walks her back a few steps, while standing in the living room in front of Sheldon.;s01e01_046;tbbt_s01e01.mp4;468.40;482.00;
13987;The robotic hand drops the small package into Penny's hand, which she holds out expectantly.;s02e01_128;tbbt_s02e01.mp4;1223.83;1237.91;
18709;Penny happily jumps toward Leonard on the sofa to give him a hug.;s08e04_117;tbbt_s08e04.mp4;975.66;988.99;
15751;Raj, while holding a beer bottle, reaches out and slaps Leonard on the back while he eats his food.;s02e13_009;tbbt_s02e13.mp4;100.66;114.57;
15762;Lucy puts aside an orange napkin and rushes away from the table where Amy and Raj are sitting.;s06e24_058;tbbt_s06e24.mp4;558.10;570.61;
11644;Penny, in a red dress, rests her arms on Leonard's shoulder while smiling at him, as Amy, in a blue dress, stands at the doorway.;s08e08_091;tbbt_s08e08.mp4;667.54;682.14;
83407;Bernadette touches a red dress that Amy is holding up as they stand in front of the blue couch.;s05e09_091;tbbt_s05e09.mp4;764.22;775.69;
80596;Sheldon, in plaid pants, slides to his spot on the couch after Penny gets up.;s02e21_130;tbbt_s02e21.mp4;1199.66;1213.91;
51045;Sheldon quickly drinks his whole drink while holding a red straw, then makes a happy face, at the bar.;s09e22_036;tbbt_s09e22.mp4;426.79;440.05;
46843;Penny puts her wine glass on the table and gets down on one knee in front of Leonard.;s09e22_033;tbbt_s09e22.mp4;386.98;400.25;
96015;Leonard and Raj slowly walk through a doorway into a clinic pulling a robotic arm that is attached, underneath a blanket, to Howard.;s04e01_094;tbbt_s04e01.mp4;870.54;877.63;
11656;Sheldon lays down some cards in a couple of places on the table while playing a card game with bored Raj and Howard.;s05e13_039;tbbt_s05e13.mp4;392.64;398.61;
3022;Penny pulls back the shower curtain and climbs inside the shower.;s02e01_131;tbbt_s02e01.mp4;1266.07;1280.15;
79987;Sheldon stands with one arm stretched straight up and the other arm down at his side, bending his body backward, looking around, uncomfortable.;s03e19_093;tbbt_s03e19.mp4;688.56;691.98;
42301;Sheldon, standing in front of a bookcase, near the window with drapes, dials a number on his cell phone.;s08e08_055;tbbt_s08e08.mp4;387.47;391.52;
3394;Bernadette adjusts her glasses when she's talking to Howard online.;s06e07_057;tbbt_s06e07.mp4;506.71;512.35;
11690;Amy and Bernadette are sitting on Penny's bed on a pile of clothes when Penny comes out of her bathroom in a green dress.;s05e13_018;tbbt_s05e13.mp4;196.15;204.75;
80591;Leonard walks to the door, lets in Howard holding a CD and Raj, who is wearing a red hat.;s05e13_002;tbbt_s05e13.mp4;12.74;24.16;
15762;Lucy puts aside an orange napkin and rushes away from the table where Amy and Raj are sitting.;s03e15_066;tbbt_s03e15.mp4;585.25;594.09;
291;Amy and Bernadette look at a bird on the couch, then turn to Sheldon standing in the doorway with crossed arms.;s05e09_117;tbbt_s05e09.mp4;1022.66;1036.81;
13987;The robotic hand drops the small package into Penny's hand, which she holds out expectantly.;s08e04_041;tbbt_s08e04.mp4;376.29;383.93;
11659;Leonard, in a black suit, comes into the apartment and slams the door, then Howard looks at his watch.;s02e21_047;tbbt_s02e21.mp4;400.69;412.45;
19960;Raj raises his beer and then takes a sip of it, at the bowling lane.;s02e21_066;tbbt_s02e21.mp4;548.88;559.52;
28861;While Penny, Amy, and Bernadette are unboxing something, Leonard knocks on Penny's opened door.;s08e08_013;tbbt_s08e08.mp4;125.62;129.96;
84012;Sheldon, in a purple shirt with black sleeves, suddenly moves his body while sitting on the couch and starts to clap as he is singing a song.;s08e08_066;tbbt_s08e08.mp4;473.35;483.07;
13987;The robotic hand drops the small package into Penny's hand, which she holds out expectantly.;s08e08_013;tbbt_s08e08.mp4;125.62;129.96;
7130004;A shot of a busy multi-lane highway with cars driving in both directions, trees lining the roadside.;s03e15_061;tbbt_s03e15.mp4;541.60;551.87;
79987;Sheldon stands with one arm stretched straight up and the other arm down at his side, bending his body backward, looking around, uncomfortable.;s01e01_073;tbbt_s01e01.mp4;675.63;685.10;
53286;Leonard, in a red robe, looks at the ground and blinks a couple of times, then takes the money from Sheldon's hand.;s02e01_112;tbbt_s02e01.mp4;1108.69;1120.62;
18709;Penny happily jumps toward Leonard on the sofa to give him a hug.;s07e13_002;tbbt_s07e13.mp4;12.29;22.91;
80596;Sheldon, in plaid pants, slides to his spot on the couch after Penny gets up.;s02e01_114;tbbt_s02e01.mp4;1129.84;1139.06;
53286;Leonard, in a red robe, looks at the ground and blinks a couple of times, then takes the money from Sheldon's hand.;s02e01_120;tbbt_s02e01.mp4;1166.58;1169.71;
3366;Raj lifts up his foot above the table at the canteen to show Sheldon and Leonard that he's wearing sandals.;s02e13_003;tbbt_s02e13.mp4;25.07;37.60;
58103;Sheldon, in a grey shirt, hands Amy, in a purple sweater next to him, food wrapped in foil.;s06e24_066;tbbt_s06e24.mp4;611.69;615.99;
11679;Leonard, in a black suit, is looking at his computer while talking to his friends, who are playing a board game at the glass table.;s04e12_098;tbbt_s04e12.mp4;811.35;822.21;
62276;Sheldon walks up and flips the light switch to turn off the lights in the laundry room.;s08e04_030;tbbt_s08e04.mp4;256.38;269.88;
4060;A wide shot of Stuart, Howard and Bernadette sitting down together in a cozy, antique-filled living room.;s01e01_049;tbbt_s01e01.mp4;509.21;522.81;
38416;Penny sits in the back seat and shrugs her shoulders twice as they all drive in a car.;s04e01_062;tbbt_s04e01.mp4;596.22;605.13;
96015;Leonard and Raj slowly walk through a doorway into a clinic pulling a robotic arm that is attached, underneath a blanket, to Howard.;s04e01_120;tbbt_s04e01.mp4;1147.65;1154.53;
79987;Sheldon stands with one arm stretched straight up and the other arm down at his side, bending his body backward, looking around, uncomfortable.;s01e01_086;tbbt_s01e01.mp4;787.50;791.79;
42301;Sheldon, standing in front of a bookcase, near the window with drapes, dials a number on his cell phone.;s09e22_023;tbbt_s09e22.mp4;265.89;278.85;
55040;Raj, in a red and blue track jacket, presses his palms together and taps his fingers excitedly, smiling on the couch.;s03e19_023;tbbt_s03e19.mp4;184.52;188.27;
53286;Leonard, in a red robe, looks at the ground and blinks a couple of times, then takes the money from Sheldon's hand.;s05e13_085;tbbt_s05e13.mp4;896.81;901.02;
11646;Leonard rolls onto his side toward Penny, while they are lying together in bed on orange pillows.;s03e19_007;tbbt_s03e19.mp4;50.68;54.72;
11656;Sheldon lays down some cards in a couple of places on the table while playing a card game with bored Raj and Howard.;s04e12_003;tbbt_s04e12.mp4;30.32;44.02;
291;Amy and Bernadette look at a bird on the couch, then turn to Sheldon standing in the doorway with crossed arms.;s09e22_003;tbbt_s09e22.mp4;16.60;25.80;
58103;Sheldon, in a grey shirt, hands Amy, in a purple sweater next to him, food wrapped in foil.;s02e21_096;tbbt_s02e21.mp4;882.09;893.61;
3370;Penny applies white cream with a spatula on Amy's face between her lip and her nose.;s06e01_018;tbbt_s06e01.mp4;232.13;245.50;
11644;Penny, in a red dress, rests her arms on Leonard's shoulder while smiling at him, as Amy, in a blue dress, stands at the doorway.;s01e01_038;tbbt_s01e01.mp4;348.52;362.24;
29596;Sheldon, in green plaid pajamas, slumps from the headrest of the armchair down into the chair and makes a shushing gesture.;s02e01_119;tbbt_s02e01.mp4;1162.45;1166.58;
19960;Raj raises his beer and then takes a sip of it, at the bowling lane.;s03e19_065;tbbt_s03e19.mp4;521.94;525.52;
88802;A bartender hands Raj a mint green drink and Leonard a beer bottle, at the bar.;s06e07_085;tbbt_s06e07.mp4;804.12;818.78;
18709;Penny happily jumps toward Leonard on the sofa to give him a hug.;s03e19_004;tbbt_s03e19.mp4;34.33;42.33;
79987;Sheldon stands with one arm stretched straight up and the other arm down at his side, bending his body backward, looking around, uncomfortable.;s03e15_074;tbbt_s03e15.mp4;652.69;663.87;
79987;Sheldon stands with one arm stretched straight up and the other arm down at his side, bending his body backward, looking around, uncomfortable.;s09e22_087;tbbt_s09e22.mp4;1122.04;1135.06;
7130004;A shot of a busy multi-lane highway with cars driving in both directions, trees lining the roadside.;s04e01_060;tbbt_s04e01.mp4;581.08;588.63;
11659;Leonard, in a black suit, comes into the apartment and slams the door, then Howard looks at his watch.;s08e08_095;tbbt_s08e08.mp4;701.83;709.67;
58103;Sheldon, in a grey shirt, hands Amy, in a purple sweater next to him, food wrapped in foil.;s06e07_099;tbbt_s06e07.mp4;967.76;979.69;
62276;Sheldon walks up and flips the light switch to turn off the lights in the laundry room.;s08e08_083;tbbt_s08e08.mp4;593.01;601.52;
38099;Raj jumps into the apartment wearing a Flash costume.;s02e21_035;tbbt_s02e21.mp4;285.19;297.89;
4060;A wide shot of Stuart, Howard and Bernadette sitting down together in a cozy, antique-filled living room.;s09e22_076;tbbt_s09e22.mp4;964.19;978.42;
16404;Bernadette, in a blue floral dress, reaches out and holds Howard's hand to comfort him while they are eating dinner.;s03e19_098;tbbt_s03e19.mp4;716.26;725.43;
84012;Sheldon, in a purple shirt with black sleeves, suddenly moves his body while sitting on the couch and starts to clap as he is singing a song.;s09e22_078;tbbt_s09e22.mp4;992.64;1006.87;
15751;Raj, while holding a beer bottle, reaches out and slaps Leonard on the back while he eats his food.;s02e13_119;tbbt_s02e13.mp4;1199.50;1210.78;
3370;Penny applies white cream with a spatula on Amy's face between her lip and her nose.;s08e04_126;tbbt_s08e04.mp4;1066.23;1069.57;
33248;Sheldon is being clipped in by the instructor to climb the wall.;s03e15_117;tbbt_s03e15.mp4;1076.83;1091.62;
296;Sheldon, with a bird on his arm, picks up a cup from a table near the sofa and offers it to the bird, which takes it.;s08e04_021;tbbt_s08e04.mp4;195.99;204.04;
82961;Penny, in a red blouse, and Leonard both look down while sitting on the couch and Penny puts her hand on his shoulder.;s03e19_098;tbbt_s03e19.mp4;716.26;725.43;
38099;Raj jumps into the apartment wearing a Flash costume.;s06e07_074;tbbt_s06e07.mp4;707.16;715.01;
51045;Sheldon quickly drinks his whole drink while holding a red straw, then makes a happy face, at the bar.;s06e07_100;tbbt_s06e07.mp4;979.69;991.62;
19965;Penny looks up and winks at someone, making a finger gun gesture.;s02e01_007;tbbt_s02e01.mp4;55.97;66.72;
78581;Howard is struggling to take a black bowling ball from the tray.;s03e19_146;tbbt_s03e19.mp4;1036.12;1040.25;
40031;Leonard and Penny kiss in the hall and a camera on the wall watches them.;s07e13_113;tbbt_s07e13.mp4;955.96;963.42;
7130004;A shot of a busy multi-lane highway with cars driving in both directions, trees lining the roadside.;s01e01_107;tbbt_s01e01.mp4;953.56;966.87;
11646;Leonard rolls onto his side toward Penny, while they are lying together in bed on orange pillows.;s03e19_012;tbbt_s03e19.mp4;73.91;85.58;
6010003;Howard, in a green polo shirt and cap, pushes off from one wall to the opposite one, as he floats through the space station.;s06e01_116;tbbt_s06e01.mp4;1234.19;1239.70;
11659;Leonard, in a black suit, comes into the apartment and slams the door, then Howard looks at his watch.;s01e01_121;tbbt_s01e01.mp4;1122.29;1130.59;
15762;Lucy puts aside an orange napkin and rushes away from the table where Amy and Raj are sitting.;s04e01_096;tbbt_s04e01.mp4;884.93;892.89;
3370;Penny applies white cream with a spatula on Amy's face between her lip and her nose.;s04e01_100;tbbt_s04e01.mp4;937.77;952.73;
55040;Raj, in a red and blue track jacket, presses his palms together and taps his fingers excitedly, smiling on the couch.;s02e01_091;tbbt_s02e01.mp4;910.89;925.46;
53286;Leonard, in a red robe, looks at the ground and blinks a couple of times, then takes the money from Sheldon's hand.;s04e12_071;tbbt_s04e12.mp4;638.12;646.56;
3022;Penny pulls back the shower curtain and climbs inside the shower.;s08e04_127;tbbt_s08e04.mp4;1069.57;1082.71;
28861;While Penny, Amy, and Bernadette are unboxing something, Leonard knocks on Penny's opened door.;s08e08_019;tbbt_s08e08.mp4;162.20;168.54;
62276;Sheldon walks up and flips the light switch to turn off the lights in the laundry room.;s08e08_079;tbbt_s08e08.mp4;569.07;575.16;
80227;Leonard, in a costume, closes his front door quickly and locks it.;s02e01_109;tbbt_s02e01.mp4;1081.52;1087.00;
19960;Raj raises his beer and then takes a sip of it, at the bowling lane.;s02e21_074;tbbt_s02e21.mp4;622.12;636.09;
5090003;The bird flies into the apartment through the open window.;s05e09_102;tbbt_s05e09.mp4;837.96;846.97;
80591;Leonard walks to the door, lets in Howard holding a CD and Raj, who is wearing a red hat.;s01e01_019;tbbt_s01e01.mp4;170.40;182.08;
3022;Penny pulls back the shower curtain and climbs inside the shower.;s04e01_127;tbbt_s04e01.mp4;1204.17;1216.26;
86431;Penny catches Leonard and Sheldon staring at her from the hallway.;s07e13_049;tbbt_s07e13.mp4;478.39;487.80;
53286;Leonard, in a red robe, looks at the ground and blinks a couple of times, then takes the money from Sheldon's hand.;s02e01_118;tbbt_s02e01.mp4;1156.49;1162.45;
53286;Leonard, in a red robe, looks at the ground and blinks a couple of times, then takes the money from Sheldon's hand.;s09e22_088;tbbt_s09e22.mp4;1135.06;1146.75;
42301;Sheldon, standing in front of a bookcase, near the window with drapes, dials a number on his cell phone.;s04e12_046;tbbt_s04e12.mp4;439.56;447.11;
46843;Penny puts her wine glass on the table and gets down on one knee in front of Leonard.;s06e24_029;tbbt_s06e24.mp4;274.80;289.00;
46843;Penny puts her wine glass on the table and gets down on one knee in front of Leonard.;s05e13_044;tbbt_s05e13.mp4;445.35;459.45;
79007;A shot of Sheldon standing at the kitchen island in front of a row of toast, while Bernadette sits across from him.;s09e22_041;tbbt_s09e22.mp4;486.61;496.75;
3394;Bernadette adjusts her glasses when she's talking to Howard online.;s08e08_048;tbbt_s08e08.mp4;348.39;355.40;
15762;Lucy puts aside an orange napkin and rushes away from the table where Amy and Raj are sitting.;s09e22_023;tbbt_s09e22.mp4;265.89;278.85;
28861;While Penny, Amy, and Bernadette are unboxing something, Leonard knocks on Penny's opened door.;s03e15_051;tbbt_s03e15.mp4;439.98;454.54;
78581;Howard is struggling to take a black bowling ball from the tray.;s03e19_157;tbbt_s03e19.mp4;1115.16;1120.79;
38416;Penny sits in the back seat and shrugs her shoulders twice as they all drive in a car.;s04e01_078;tbbt_s04e01.mp4;752.29;757.59;
79987;Sheldon stands with one arm stretched straight up and the other arm down at his side, bending his body backward, looking around, uncomfortable.;s08e08_079;tbbt_s08e08.mp4;569.07;575.16;
86431;Penny catches Leonard and Sheldon staring at her from the hallway.;s02e21_036;tbbt_s02e21.mp4;297.89;310.60;
9411;A shot of the laptop screen, where Amy reaches forward and presses a button that shuts the video off.;s06e01_046;tbbt_s06e01.mp4;462.88;467.26;
84012;Sheldon, in a purple shirt with black sleeves, suddenly moves his body while sitting on the couch and starts to clap as he is singing a song.;s09e22_079;tbbt_s09e22.mp4;1006.87;1022.44;
11679;Leonard, in a black suit, is looking at his computer while talking to his friends, who are playing a board game at the glass table.;s01e01_129;tbbt_s01e01.mp4;1213.63;1228.21;
42301;Sheldon, standing in front of a bookcase, near the window with drapes, dials a number on his cell phone.;s03e15_105;tbbt_s03e15.mp4;947.03;957.50;
4060;A wide shot of Stuart, Howard and Bernadette sitting down together in a cozy, antique-filled living room.;s08e04_124;tbbt_s08e04.mp4;1050.11;1057.93;
3370;Penny applies white cream with a spatula on Amy's face between her lip and her nose.;s02e01_064;tbbt_s02e01.mp4;609.36;615.28;
55040;Raj, in a red and blue track jacket, presses his palms together and taps his fingers excitedly, smiling on the couch.;s03e19_022;tbbt_s03e19.mp4;179.18;184.52;
55040;Raj, in a red and blue track jacket, presses his palms together and taps his fingers excitedly, smiling on the couch.;s04e01_004;tbbt_s04e01.mp4;39.33;50.63;
82961;Penny, in a red blouse, and Leonard both look down while sitting on the couch and Penny puts her hand on his shoulder.;s08e04_122;tbbt_s08e04.mp4;1028.03;1042.29;
80591;Leonard walks to the door, lets in Howard holding a CD and Raj, who is wearing a red hat.;s08e04_097;tbbt_s08e04.mp4;759.65;774.15;
62276;Sheldon walks up and flips the light switch to turn off the lights in the laundry room.;s08e08_069;tbbt_s08e08.mp4;494.45;499.58;
78581;Howard is struggling to take a black bowling ball from the tray.;s03e19_127;tbbt_s03e19.mp4;917.25;924.47;
38416;Penny sits in the back seat and shrugs her shoulders twice as they all drive in a car.;s03e15_061;tbbt_s03e15.mp4;541.60;551.87;
80596;Sheldon, in plaid pants, slides to his spot on the couch after Penny gets up.;s04e12_140;tbbt_s04e12.mp4;1164.45;1169.04;
9411;A shot of the laptop screen, where Amy reaches forward and presses a button that shuts the video off.;s03e19_123;tbbt_s03e19.mp4;898.27;901.78;
11659;Leonard, in a black suit, comes into the apartment and slams the door, then Howard looks at his watch.;s02e01_059;tbbt_s02e01.mp4;571.59;583.44;
46843;Penny puts her wine glass on the table and gets down on one knee in front of Leonard.;s05e13_052;tbbt_s05e13.mp4;558.17;572.27;
15768;Penny, in a grocery store with Sheldon, grabs two bottles of vodka and puts them in a cart.;s06e24_070;tbbt_s06e24.mp4;650.19;662.95;
86431;Penny catches Leonard and Sheldon staring at her from the hallway.;s01e01_026;tbbt_s01e01.mp4;235.03;250.00;
96015;Leonard and Raj slowly walk through a doorway into a clinic pulling a robotic arm that is attached, underneath a blanket, to Howard.;s02e01_113;tbbt_s02e01.mp4;1120.62;1129.84;
291;Amy and Bernadette look at a bird on the couch, then turn to Sheldon standing in the doorway with crossed arms.;s09e22_051;tbbt_s09e22.mp4;616.38;630.15;
58103;Sheldon, in a grey shirt, hands Amy, in a purple sweater next to him, food wrapped in foil.;s08e08_006;tbbt_s08e08.mp4;54.43;67.53;
3370;Penny applies white cream with a spatula on Amy's face between her lip and her nose.;s08e08_131;tbbt_s08e08.mp4;1078.41;1085.92;
38416;Penny sits in the back seat and shrugs her shoulders twice as they all drive in a car.;s04e01_073;tbbt_s04e01.mp4;721.89;730.77;
16404;Bernadette, in a blue floral dress, reaches out and holds Howard's hand to comfort him while they are eating dinner.;s08e08_122;tbbt_s08e08.mp4;1002.32;1014.68;
86431;Penny catches Leonard and Sheldon staring at her from the hallway.;s02e21_037;tbbt_s02e21.mp4;310.60;323.31;
51045;Sheldon quickly drinks his whole drink while holding a red straw, then makes a happy face, at the bar.;s02e13_120;tbbt_s02e13.mp4;1210.78;1222.05;
38099;Raj jumps into the apartment wearing a Flash costume.;s02e21_030;tbbt_s02e21.mp4;245.33;253.02;
79007;A shot of Sheldon standing at the kitchen island in front of a row of toast, while Bernadette sits across from him.;s04e12_026;tbbt_s04e12.mp4;256.37;268.91;
11679;Leonard, in a black suit, is looking at his computer while talking to his friends, who are playing a board game at the glass table.;s09e22_085;tbbt_s09e22.mp4;1093.58;1107.81;
15751;Raj, while holding a beer bottle, reaches out and slaps Leonard on the back while he eats his food.;s08e08_002;tbbt_s08e08.mp4;6.80;18.31;
80591;Leonard walks to the door, lets in Howard holding a CD and Raj, who is wearing a red hat.;s01e06_031;tbbt_s01e06.mp4;351.73;362.03;
3370;Penny applies white cream with a spatula on Amy's face between her lip and her nose.;s02e21_108;tbbt_s02e21.mp4;1011.76;1016.56;
40031;Leonard and Penny kiss in the hall and a camera on the wall watches them.;s02e21_034;tbbt_s02e21.mp4;272.48;285.19;
29607;Leonard leaves Penny's apartment door to go inside his apartment and looks up at the camera.;s06e07_113;tbbt_s06e07.mp4;1102.43;1117.74;
96016;The nurse takes off her glasses, walks over and looks underneath Howard's purple blanket.;s07e13_036;tbbt_s07e13.mp4;360.69;368.37;
40031;Leonard and Penny kiss in the hall and a camera on the wall watches them.;s03e19_005;tbbt_s03e19.mp4;42.33;47.42;
15762;Lucy puts aside an orange napkin and rushes away from the table where Amy and Raj are sitting.;s03e15_070;tbbt_s03e15.mp4;610.69;621.43;
88802;A bartender hands Raj a mint green drink and Leonard a beer bottle, at the bar.;s01e06_024;tbbt_s01e06.mp4;298.13;312.48;
62276;Sheldon walks up and flips the light switch to turn off the lights in the laundry room.;s03e15_101;tbbt_s03e15.mp4;892.98;905.57;
11656;Sheldon lays down some cards in a couple of places on the table while playing a card game with bored Raj and Howard.;s03e15_134;tbbt_s03e15.mp4;1247.58;1252.76;
3022;Penny pulls back the shower curtain and climbs inside the shower.;s07e13_048;tbbt_s07e13.mp4;471.81;478.39;
62276;Sheldon walks up and flips the light switch to turn off the lights in the laundry room.;s02e21_133;tbbt_s02e21.mp4;1242.41;1254.24;
3022;Penny pulls back the shower curtain and climbs inside the shower.;s02e21_126;tbbt_s02e21.mp4;1162.79;1166.46;
82961;Penny, in a red blouse, and Leonard both look down while sitting on the couch and Penny puts her hand on his shoulder.;s02e13_104;tbbt_s02e13.mp4;1072.49;1084.08;
296;Sheldon, with a bird on his arm, picks up a cup from a table near the sofa and offers it to the bird, which takes it.;s05e09_118;tbbt_s05e09.mp4;1036.81;1050.97;
4060;A wide shot of Stuart, Howard and Bernadette sitting down together in a cozy, antique-filled living room.;s04e12_025;tbbt_s04e12.mp4;243.83;256.37;
19960;Raj raises his beer and then takes a sip of it, at the bowling lane.;s03e19_066;tbbt_s03e19.mp4;525.52;529.40;
11679;Leonard, in a black suit, is looking at his computer while talking to his friends, who are playing a board game at the glass table.;s05e13_045;tbbt_s05e13.mp4;459.45;473.55;
11679;Leonard, in a black suit, is looking at his computer while talking to his friends, who are playing a board game at the glass table.;s02e21_045;tbbt_s02e21.mp4;390.43;395.60;
88802;A bartender hands Raj a mint green drink and Leonard a beer bottle, at the bar.;s09e22_046;tbbt_s09e22.mp4;548.28;561.63;
42301;Sheldon, standing in front of a bookcase, near the window with drapes, dials a number on his cell phone.;s09e22_024;tbbt_s09e22.mp4;278.85;291.81;
96015;Leonard and Raj slowly walk through a doorway into a clinic pulling a robotic arm that is attached, underneath a blanket, to Howard.;s01e01_018;tbbt_s01e01.mp4;158.71;170.40;
51045;Sheldon quickly drinks his whole drink while holding a red straw, then makes a happy face, at the bar.;s06e07_097;tbbt_s06e07.mp4;943.90;955.83;
42301;Sheldon, standing in front of a bookcase, near the window with drapes, dials a number on his cell phone.;s02e01_125;tbbt_s02e01.mp4;1193.28;1205.66;
80227;Leonard, in a costume, closes his front door quickly and locks it.;s01e06_031;tbbt_s01e06.mp4;351.73;362.03;
3372;Penny wipes the cream off the spatula with a tissue.;s02e13_118;tbbt_s02e13.mp4;1188.23;1199.50;
11690;Amy and Bernadette are sitting on Penny's bed on a pile of clothes when Penny comes out of her bathroom in a green dress.;s05e13_022;tbbt_s05e13.mp4;239.45;251.62;
34121;Howard, while in the bathroom with Leonard, goes to the sink and washes his hands.;s03e15_099;tbbt_s03e15.mp4;867.78;880.38;
15762;Lucy puts aside an orange napkin and rushes away from the table where Amy and Raj are sitting.;s06e24_029;tbbt_s06e24.mp4;274.80;289.00;
15768;Penny, in a grocery store with Sheldon, grabs two bottles of vodka and puts them in a cart.;s06e24_076;tbbt_s06e24.mp4;704.58;716.07;
38416;Penny sits in the back seat and shrugs her shoulders twice as they all drive in a car.;s07e13_076;tbbt_s07e13.mp4;676.97;682.64;
16404;Bernadette, in a blue floral dress, reaches out and holds Howard's hand to comfort him while they are eating dinner.;s03e15_040;tbbt_s03e15.mp4;293.34;307.59;
11656;Sheldon lays down some cards in a couple of places on the table while playing a card game with bored Raj and Howard.;s02e13_001;tbbt_s02e13.mp4;0.00;12.53;
53286;Leonard, in a red robe, looks at the ground and blinks a couple of times, then takes the money from Sheldon's hand.;s04e12_062;tbbt_s04e12.mp4;568.36;574.07;
79007;A shot of Sheldon standing at the kitchen island in front of a row of toast, while Bernadette sits across from him.;s02e01_044;tbbt_s02e01.mp4;408.03;413.16;
42301;Sheldon, standing in front of a bookcase, near the window with drapes, dials a number on his cell phone.;s04e01_023;tbbt_s04e01.mp4;204.50;208.79;
3370;Penny applies white cream with a spatula on Amy's face between her lip and her nose.;s05e13_087;tbbt_s05e13.mp4;905.53;916.16;
13987;The robotic hand drops the small package into Penny's hand, which she holds out expectantly.;s04e12_010;tbbt_s04e12.mp4;109.42;121.34;
79987;Sheldon stands with one arm stretched straight up and the other arm down at his side, bending his body backward, looking around, uncomfortable.;s06e24_075;tbbt_s06e24.mp4;696.65;704.58;
38416;Penny sits in the back seat and shrugs her shoulders twice as they all drive in a car.;s07e13_070;tbbt_s07e13.mp4;639.30;647.69;
84012;Sheldon, in a purple shirt with black sleeves, suddenly moves his body while sitting on the couch and starts to clap as he is singing a song.;s08e08_064;tbbt_s08e08.mp4;460.67;469.39;
80591;Leonard walks to the door, lets in Howard holding a CD and Raj, who is wearing a red hat.;s03e19_037;tbbt_s03e19.mp4;289.44;302.09;
15751;Raj, while holding a beer bottle, reaches out and slaps Leonard on the back while he eats his food.;s02e21_067;tbbt_s02e21.mp4;559.52;564.94;
46843;Penny puts her wine glass on the table and gets down on one knee in front of Leonard.;s05e13_049;tbbt_s05e13.mp4;515.86;529.97;
15768;Penny, in a grocery store with Sheldon, grabs two bottles of vodka and puts them in a cart.;s06e24_069;tbbt_s06e24.mp4;637.42;650.19;
51045;Sheldon quickly drinks his whole drink while holding a red straw, then makes a happy face, at the bar.;s02e21_105;tbbt_s02e21.mp4;974.92;989.09;
78581;Howard is struggling to take a black bowling ball from the tray.;s03e19_130;tbbt_s03e19.mp4;935.02;939.90;
78581;Howard is struggling to take a black bowling ball from the tray.;s03e15_100;tbbt_s03e15.mp4;880.38;892.98;
86431;Penny catches Leonard and Sheldon staring at her from the hallway.;s08e08_091;tbbt_s08e08.mp4;667.54;682.14;
13987;The robotic hand drops the small package into Penny's hand, which she holds out expectantly.;s09e22_027;tbbt_s09e22.mp4;319.61;333.11;
79987;Sheldon stands with one arm stretched straight up and the other arm down at his side, bending his body backward, looking around, uncomfortable.;s07e13_120;tbbt_s07e13.mp4;1025.32;1032.03;
79987;Sheldon stands with one arm stretched straight up and the other arm down at his side, bending his body backward, looking around, uncomfortable.;s07e13_121;tbbt_s07e13.mp4;1032.03;1036.37;
16404;Bernadette, in a blue floral dress, reaches out and holds Howard's hand to comfort him while they are eating dinner.;s09e22_009;tbbt_s09e22.mp4;82.71;97.60;
15768;Penny, in a grocery store with Sheldon, grabs two bottles of vodka and puts them in a cart.;s06e24_071;tbbt_s06e24.mp4;662.95;675.01;
51045;Sheldon quickly drinks his whole drink while holding a red straw, then makes a happy face, at the bar.;s06e07_094;tbbt_s06e07.mp4;927.38;933.89;
4060;A wide shot of Stuart, Howard and Bernadette sitting down together in a cozy, antique-filled living room.;s06e01_081;tbbt_s06e01.mp4;883.80;897.80;
3366;Raj lifts up his foot above the table at the canteen to show Sheldon and Leonard that he's wearing sandals.;s08e08_001;tbbt_s08e08.mp4;0.00;6.80;
96015;Leonard and Raj slowly walk through a doorway into a clinic pulling a robotic arm that is attached, underneath a blanket, to Howard.;s01e01_001;tbbt_s01e01.mp4;0.00;14.18;
80587;Leonard and Sheldon grab bottles from the kitchen island, then Sheldon sits on the couch while Leonard leans against the wall, still talking.;s08e08_034;tbbt_s08e08.mp4;247.46;252.88;
18709;Penny happily jumps toward Leonard on the sofa to give him a hug.;s08e08_120;tbbt_s08e08.mp4;977.59;989.95;
96016;The nurse takes off her glasses, walks over and looks underneath Howard's purple blanket.;s04e01_123;tbbt_s04e01.mp4;1163.16;1167.92;
3385;A man floats across the International Space Station behind Howard at the laptop.;s06e01_012;tbbt_s06e01.mp4;126.72;139.37;
80591;Leonard walks to the door, lets in Howard holding a CD and Raj, who is wearing a red hat.;s01e06_003;tbbt_s01e06.mp4;24.70;35.56;
62276;Sheldon walks up and flips the light switch to turn off the lights in the laundry room.;s02e01_125;tbbt_s02e01.mp4;1193.28;1205.66;
96015;Leonard and Raj slowly walk through a doorway into a clinic pulling a robotic arm that is attached, underneath a blanket, to Howard.;s01e01_004;tbbt_s01e01.mp4;28.24;35.77;
79981;Leonard grabs Penny by the arms and walks her back a few steps, while standing in the living room in front of Sheldon.;s07e13_131;tbbt_s07e13.mp4;1127.44;1139.42;
80591;Leonard walks to the door, lets in Howard holding a CD and Raj, who is wearing a red hat.;s01e01_001;tbbt_s01e01.mp4;0.00;14.18;
80591;Leonard walks to the door, lets in Howard holding a CD and Raj, who is wearing a red hat.;s01e06_032;tbbt_s01e06.mp4;362.03;372.33;
296;Sheldon, with a bird on his arm, picks up a cup from a table near the sofa and offers it to the bird, which takes it.;s05e09_117;tbbt_s05e09.mp4;1022.66;1036.81;
62276;Sheldon walks up and flips the light switch to turn off the lights in the laundry room.;s02e01_078;tbbt_s02e01.mp4;788.70;802.93;
37856;Penny sits beside Sheldon on the couch with a bowl in her hand and covers herself with the blanket.;s04e12_136;tbbt_s04e12.mp4;1120.76;1133.99;
83407;Bernadette touches a red dress that Amy is holding up as they stand in front of the blue couch.;s08e08_143;tbbt_s08e08.mp4;1155.36;1159.08;
80591;Leonard walks to the door, lets in Howard holding a CD and Raj, who is wearing a red hat.;s02e01_027;tbbt_s02e01.mp4;236.03;240.28;
34121;Howard, while in the bathroom with Leonard, goes to the sink and washes his hands.;s02e21_047;tbbt_s02e21.mp4;400.69;412.45;
46843;Penny puts her wine glass on the table and gets down on one knee in front of Leonard.;s08e04_083;tbbt_s08e04.mp4;617.53;623.29;
40031;Leonard and Penny kiss in the hall and a camera on the wall watches them.;s05e09_129;tbbt_s05e09.mp4;1159.46;1171.63;
9411;A shot of the laptop screen, where Amy reaches forward and presses a button that shuts the video off.;s06e24_082;tbbt_s06e24.mp4;758.34;764.89;
11656;Sheldon lays down some cards in a couple of places on the table while playing a card game with bored Raj and Howard.;s02e21_065;tbbt_s02e21.mp4;538.25;548.88;
96015;Leonard and Raj slowly walk through a doorway into a clinic pulling a robotic arm that is attached, underneath a blanket, to Howard.;s06e07_074;tbbt_s06e07.mp4;707.16;715.01;
53286;Leonard, in a red robe, looks at the ground and blinks a couple of times, then takes the money from Sheldon's hand.;s03e15_040;tbbt_s03e15.mp4;293.34;307.59;
58103;Sheldon, in a grey shirt, hands Amy, in a purple sweater next to him, food wrapped in foil.;s08e08_062;tbbt_s08e08.mp4;441.22;452.04;
19960;Raj raises his beer and then takes a sip of it, at the bowling lane.;s02e21_079;tbbt_s02e21.mp4;691.95;705.91;
51045;Sheldon quickly drinks his whole drink while holding a red straw, then makes a happy face, at the bar.;s06e24_096;tbbt_s06e24.mp4;836.04;844.13;
13987;The robotic hand drops the small package into Penny's hand, which she holds out expectantly.;s06e01_051;tbbt_s06e01.mp4;503.33;517.17;
88802;A bartender hands Raj a mint green drink and Leonard a beer bottle, at the bar.;s02e21_068;tbbt_s02e21.mp4;564.94;570.95;
37856;Penny sits beside Sheldon on the couch with a bowl in her hand and covers herself with the blanket.;s08e04_028;tbbt_s08e04.mp4;238.53;242.88;
55040;Raj, in a red and blue track jacket, presses his palms together and taps his fingers excitedly, smiling on the couch.;s06e24_084;tbbt_s06e24.mp4;771.98;778.28;
28861;While Penny, Amy, and Bernadette are unboxing something, Leonard knocks on Penny's opened door.;s05e13_116;tbbt_s05e13.mp4;1172.84;1183.18;
91631;Sheldon enters the bar and sits on a stool in front of Penny, with a snack lying on the bar counter.;s06e07_088;tbbt_s06e07.mp4;848.10;862.76;
37856;Penny sits beside Sheldon on the couch with a bowl in her hand and covers herself with the blanket.;s09e22_003;tbbt_s09e22.mp4;16.60;25.80;
80596;Sheldon, in plaid pants, slides to his spot on the couch after Penny gets up.;s02e21_112;tbbt_s02e21.mp4;1055.10;1068.62;
78581;Howard is struggling to take a black bowling ball from the tray.;s03e19_064;tbbt_s03e19.mp4;513.22;521.94;
29607;Leonard leaves Penny's apartment door to go inside his apartment and looks up at the camera.;s05e09_002;tbbt_s05e09.mp4;4.46;17.05;
15751;Raj, while holding a beer bottle, reaches out and slaps Leonard on the back while he eats his food.;s03e19_072;tbbt_s03e19.mp4;565.15;572.45;
28861;While Penny, Amy, and Bernadette are unboxing something, Leonard knocks on Penny's opened door.;s04e12_077;tbbt_s04e12.mp4;679.93;690.23;
38099;Raj jumps into the apartment wearing a Flash costume.;s01e01_120;tbbt_s01e01.mp4;1109.00;1122.29;
3370;Penny applies white cream with a spatula on Amy's face between her lip and her nose.;s06e01_015;tbbt_s06e01.mp4;192.05;205.41;
291;Amy and Bernadette look at a bird on the couch, then turn to Sheldon standing in the doorway with crossed arms.;s05e09_092;tbbt_s05e09.mp4;775.69;784.66;
15751;Raj, while holding a beer bottle, reaches out and slaps Leonard on the back while he eats his food.;s09e22_003;tbbt_s09e22.mp4;16.60;25.80;
19965;Penny looks up and winks at someone, making a finger gun gesture.;s04e01_040;tbbt_s04e01.mp4;373.46;387.30;
84012;Sheldon, in a purple shirt with black sleeves, suddenly moves his body while sitting on the couch and starts to clap as he is singing a song.;s02e01_103;tbbt_s02e01.mp4;1053.84;1056.97;
38099;Raj jumps into the apartment wearing a Flash costume.;s04e01_111;tbbt_s04e01.mp4;1087.59;1092.42;
80587;Leonard and Sheldon grab bottles from the kitchen island, then Sheldon sits on the couch while Leonard leans against the wall, still talking.;s01e01_088;tbbt_s01e01.mp4;803.25;814.70;
11659;Leonard, in a black suit, comes into the apartment and slams the door, then Howard looks at his watch.;s02e13_061;tbbt_s02e13.mp4;700.41;710.63;
7130004;A shot of a busy multi-lane highway with cars driving in both directions, trees lining the roadside.;s07e13_074;tbbt_s07e13.mp4;664.96;671.13;
82961;Penny, in a red blouse, and Leonard both look down while sitting on the couch and Penny puts her hand on his shoulder.;s02e13_028;tbbt_s02e13.mp4;287.48;301.63;
96015;Leonard and Raj slowly walk through a doorway into a clinic pulling a robotic arm that is attached, underneath a blanket, to Howard.;s01e06_003;tbbt_s01e06.mp4;24.70;35.56;
3366;Raj lifts up his foot above the table at the canteen to show Sheldon and Leonard that he's wearing sandals.;s02e21_052;tbbt_s02e21.mp4;450.24;461.96;
28861;While Penny, Amy, and Bernadette are unboxing something, Leonard knocks on Penny's opened door.;s05e09_096;tbbt_s05e09.mp4;805.22;811.77;
96016;The nurse takes off her glasses, walks over and looks underneath Howard's purple blanket.;s02e21_128;tbbt_s02e21.mp4;1171.17;1185.42;
82961;Penny, in a red blouse, and Leonard both look down while sitting on the couch and Penny puts her hand on his shoulder.;s03e15_040;tbbt_s03e15.mp4;293.34;307.59;
79981;Leonard grabs Penny by the arms and walks her back a few steps, while standing in the living room in front of Sheldon.;s05e09_006;tbbt_s05e09.mp4;54.81;67.40;
15751;Raj, while holding a beer bottle, reaches out and slaps Leonard on the back while he eats his food.;s03e15_069;tbbt_s03e15.mp4;607.11;610.69;
86431;Penny catches Leonard and Sheldon staring at her from the hallway.;s05e09_006;tbbt_s05e09.mp4;54.81;67.40;
13987;The robotic hand drops the small package into Penny's hand, which she holds out expectantly.;s03e15_040;tbbt_s03e15.mp4;293.34;307.59;
19960;Raj raises his beer and then takes a sip of it, at the bowling lane.;s03e19_148;tbbt_s03e19.mp4;1044.25;1049.55;
79007;A shot of Sheldon standing at the kitchen island in front of a row of toast, while Bernadette sits across from him.;s06e07_099;tbbt_s06e07.mp4;967.76;979.69;
3394;Bernadette adjusts her glasses when she's talking to Howard online.;s05e13_019;tbbt_s05e13.mp4;204.75;216.31;
42301;Sheldon, standing in front of a bookcase, near the window with drapes, dials a number on his cell phone.;s01e06_089;tbbt_s01e06.mp4;998.08;1012.35;
96015;Leonard and Raj slowly walk through a doorway into a clinic pulling a robotic arm that is attached, underneath a blanket, to Howard.;s04e01_111;tbbt_s04e01.mp4;1087.59;1092.42;
46843;Penny puts her wine glass on the table and gets down on one knee in front of Leonard.;s06e01_084;tbbt_s06e01.mp4;927.12;941.39;
28861;While Penny, Amy, and Bernadette are unboxing something, Leonard knocks on Penny's opened door.;s05e13_114;tbbt_s05e13.mp4;1155.90;1164.37;
29596;Sheldon, in green plaid pajamas, slumps from the headrest of the armchair down into the chair and makes a shushing gesture.;s01e06_019;tbbt_s01e06.mp4;249.46;263.16;
13987;The robotic hand drops the small package into Penny's hand, which she holds out expectantly.;s04e01_120;tbbt_s04e01.mp4;1147.65;1154.53;
11679;Leonard, in a black suit, is looking at his computer while talking to his friends, who are playing a board game at the glass table.;s09e22_037;tbbt_s09e22.mp4;440.05;453.32;
96015;Leonard and Raj slowly walk through a doorway into a clinic pulling a robotic arm that is attached, underneath a blanket, to Howard.;s01e06_111;tbbt_s01e06.mp4;1220.70;1233.49;
3372;Penny wipes the cream off the spatula with a tissue.;s06e01_013;tbbt_s06e01.mp4;165.33;178.69;
42301;Sheldon, standing in front of a bookcase, near the window with drapes, dials a number on his cell phone.;s03e15_127;tbbt_s03e15.mp4;1190.56;1201.70;
82961;Penny, in a red blouse, and Leonard both look down while sitting on the couch and Penny puts her hand on his shoulder.;s03e15_044;tbbt_s03e15.mp4;350.34;364.59;
7725;Penny, standing, leans forward and looks at Sheldon, who is sitting on the couch, with her hands on her knees.;s02e21_097;tbbt_s02e21.mp4;893.61;905.13;
82961;Penny, in a red blouse, and Leonard both look down while sitting on the couch and Penny puts her hand on his shoulder.;s06e24_131;tbbt_s06e24.mp4;1131.28;1144.68;
51045;Sheldon quickly drinks his whole drink while holding a red straw, then makes a happy face, at the bar.;s02e13_010;tbbt_s02e13.mp4;114.57;119.91;
78581;Howard is struggling to take a black bowling ball from the tray.;s03e19_128;tbbt_s03e19.mp4;924.47;929.30;
15762;Lucy puts aside an orange napkin and rushes away from the table where Amy and Raj are sitting.;s06e07_066;tbbt_s06e07.mp4;608.80;622.37;
29596;Sheldon, in green plaid pajamas, slumps from the headrest of the armchair down into the chair and makes a shushing gesture.;s09e22_078;tbbt_s09e22.mp4;992.64;1006.87;
15751;Raj, while holding a beer bottle, reaches out and slaps Leonard on the back while he eats his food.;s08e04_005;tbbt_s08e04.mp4;48.72;52.01;
55040;Raj, in a red and blue track jacket, presses his palms together and taps his fingers excitedly, smiling on the couch.;s08e04_119;tbbt_s08e04.mp4;998.87;1005.75;
42301;Sheldon, standing in front of a bookcase, near the window with drapes, dials a number on his cell phone.;s05e09_034;tbbt_s05e09.mp4;256.62;270.81;
13987;The robotic hand drops the small package into Penny's hand, which she holds out expectantly.;s05e13_116;tbbt_s05e13.mp4;1172.84;1183.18;
19965;Penny looks up and winks at someone, making a finger gun gesture.;s04e12_129;tbbt_s04e12.mp4;1066.44;1070.49;
83407;Bernadette touches a red dress that Amy is holding up as they stand in front of the blue couch.;s08e08_141;tbbt_s08e08.mp4;1142.52;1150.11;
80596;Sheldon, in plaid pants, slides to his spot on the couch after Penny gets up.;s02e01_121;tbbt_s02e01.mp4;1169.71;1179.55;
11656;Sheldon lays down some cards in a couple of places on the table while playing a card game with bored Raj and Howard.;s03e15_067;tbbt_s03e15.mp4;594.09;602.94;
15762;Lucy puts aside an orange napkin and rushes away from the table where Amy and Raj are sitting.;s06e24_067;tbbt_s06e24.mp4;615.99;624.65;
79987;Sheldon stands with one arm stretched straight up and the other arm down at his side, bending his body backward, looking around, uncomfortable.;s02e21_124;tbbt_s02e21.mp4;1155.61;1159.20;
28861;While Penny, Amy, and Bernadette are unboxing something, Leonard knocks on Penny's opened door.;s02e01_131;tbbt_s02e01.mp4;1266.07;1280.15;
29607;Leonard leaves Penny's apartment door to go inside his apartment and looks up at the camera.;s05e13_006;tbbt_s05e13.mp4;52.05;65.84;
96015;Leonard and Raj slowly walk through a doorway into a clinic pulling a robotic arm that is attached, underneath a blanket, to Howard.;s04e01_114;tbbt_s04e01.mp4;1109.19;1115.66;
11656;Sheldon lays down some cards in a couple of places on the table while playing a card game with bored Raj and Howard.;s05e13_029;tbbt_s05e13.mp4;320.61;330.60;
4060;A wide shot of Stuart, Howard and Bernadette sitting down together in a cozy, antique-filled living room.;s09e22_084;tbbt_s09e22.mp4;1079.35;1093.58;
80587;Leonard and Sheldon grab bottles from the kitchen island, then Sheldon sits on the couch while Leonard leans against the wall, still talking.;s04e12_040;tbbt_s04e12.mp4;385.09;397.61;
80227;Leonard, in a costume, closes his front door quickly and locks it.;s01e06_013;tbbt_s01e06.mp4;170.33;183.12;
86431;Penny catches Leonard and Sheldon staring at her from the hallway.;s02e01_057;tbbt_s02e01.mp4;550.47;559.73;
58103;Sheldon, in a grey shirt, hands Amy, in a purple sweater next to him, food wrapped in foil.;s02e21_019;tbbt_s02e21.mp4;183.85;192.23;
3366;Raj lifts up his foot above the table at the canteen to show Sheldon and Leonard that he's wearing sandals.;s06e24_001;tbbt_s06e24.mp4;0.00;10.05;
62276;Sheldon walks up and flips the light switch to turn off the lights in the laundry room.;s08e04_034;tbbt_s08e04.mp4;307.77;316.65;
62276;Sheldon walks up and flips the light switch to turn off the lights in the laundry room.;s03e19_107;tbbt_s03e19.mp4;796.84;810.10;
291;Amy and Bernadette look at a bird on the couch, then turn to Sheldon standing in the doorway with crossed arms.;s04e12_121;tbbt_s04e12.mp4;1011.72;1018.10;
9411;A shot of the laptop screen, where Amy reaches forward and presses a button that shuts the video off.;s06e24_089;tbbt_s06e24.mp4;802.09;805.72;
15762;Lucy puts aside an orange napkin and rushes away from the table where Amy and Raj are sitting.;s08e08_005;tbbt_s08e08.mp4;41.33;54.43;
6010003;Howard, in a green polo shirt and cap, pushes off from one wall to the opposite one, as he floats through the space station.;s06e01_068;tbbt_s06e01.mp4;729.39;743.68;
3370;Penny applies white cream with a spatula on Amy's face between her lip and her nose.;s03e15_115;tbbt_s03e15.mp4;1060.93;1069.36;
42301;Sheldon, standing in front of a bookcase, near the window with drapes, dials a number on his cell phone.;s08e08_086;tbbt_s08e08.mp4;618.49;623.37;
82961;Penny, in a red blouse, and Leonard both look down while sitting on the couch and Penny puts her hand on his shoulder.;s03e19_134;tbbt_s03e19.mp4;956.37;964.00;
4060;A wide shot of Stuart, Howard and Bernadette sitting down together in a cozy, antique-filled living room.;s08e04_122;tbbt_s08e04.mp4;1028.03;1042.29;
9411;A shot of the laptop screen, where Amy reaches forward and presses a button that shuts the video off.;s06e01_066;tbbt_s06e01.mp4;700.82;715.10;
55040;Raj, in a red and blue track jacket, presses his palms together and taps his fingers excitedly, smiling on the couch.;s04e12_142;tbbt_s04e12.mp4;1175.18;1188.31;
3366;Raj lifts up his foot above the table at the canteen to show Sheldon and Leonard that he's wearing sandals.;s01e06_019;tbbt_s01e06.mp4;249.46;263.16;
3394;Bernadette adjusts her glasses when she's talking to Howard online.;s09e22_035;tbbt_s09e22.mp4;413.52;426.79;
4060;A wide shot of Stuart, Howard and Bernadette sitting down together in a cozy, antique-filled living room.;s06e01_075;tbbt_s06e01.mp4;805.20;813.81;
96016;The nurse takes off her glasses, walks over and looks underneath Howard's purple blanket.;s04e01_118;tbbt_s04e01.mp4;1132.26;1137.01;
37856;Penny sits beside Sheldon on the couch with a bowl in her hand and covers herself with the blanket.;s03e15_048;tbbt_s03e15.mp4;400.19;410.87;
45195;Sheldon reaches for his wallet in his jacket pocket while sitting at the restaurant with Amy.;s05e09_076;tbbt_s05e09.mp4;586.70;601.16;
80227;Leonard, in a costume, closes his front door quickly and locks it.;s07e13_019;tbbt_s07e13.mp4;217.38;227.60;
38416;Penny sits in the back seat and shrugs her shoulders twice as they all drive in a car.;s04e01_056;tbbt_s04e01.mp4;545.63;556.28;
7725;Penny, standing, leans forward and looks at Sheldon, who is sitting on the couch, with her hands on her knees.;s02e21_102;tbbt_s02e21.mp4;938.27;948.85;
42301;Sheldon, standing in front of a bookcase, near the window with drapes, dials a number on his cell phone.;s04e01_025;tbbt_s04e01.mp4;215.34;219.55;
18709;Penny happily jumps toward Leonard on the sofa to give him a hug.;s01e06_100;tbbt_s01e06.mp4;1124.13;1138.85;
80591;Leonard walks to the door, lets in Howard holding a CD and Raj, who is wearing a red hat.;s07e13_006;tbbt_s07e13.mp4;59.05;71.07;
3366;Raj lifts up his foot above the table at the canteen to show Sheldon and Leonard that he's wearing sandals.;s06e01_075;tbbt_s06e01.mp4;805.20;813.81;
15751;Raj, while holding a beer bottle, reaches out and slaps Leonard on the back while he eats his food.;s06e01_077;tbbt_s06e01.mp4;827.81;841.81;
11656;Sheldon lays down some cards in a couple of places on the table while playing a card game with bored Raj and Howard.;s02e01_033;tbbt_s02e01.mp4;323.92;336.57;
51045;Sheldon quickly drinks his whole drink while holding a red straw, then makes a happy face, at the bar.;s04e12_085;tbbt_s04e12.mp4;722.80;729.23;
11644;Penny, in a red dress, rests her arms on Leonard's shoulder while smiling at him, as Amy, in a blue dress, stands at the doorway.;s01e06_055;tbbt_s01e06.mp4;613.46;627.88;
29596;Sheldon, in green plaid pajamas, slumps from the headrest of the armchair down into the chair and makes a shushing gesture.;s06e24_042;tbbt_s06e24.mp4;433.14;441.23;
79007;A shot of Sheldon standing at the kitchen island in front of a row of toast, while Bernadette sits across from him.;s06e24_038;tbbt_s06e24.mp4;402.15;407.45;
5090003;The bird flies into the apartment through the open window.;s05e09_072;tbbt_s05e09.mp4;537.83;543.31;
11656;Sheldon lays down some cards in a couple of places on the table while playing a card game with bored Raj and Howard.;s02e21_050;tbbt_s02e21.mp4;433.29;440.86;
83407;Bernadette touches a red dress that Amy is holding up as they stand in front of the blue couch.;s08e04_113;tbbt_s08e04.mp4;930.43;944.11;
18709;Penny happily jumps toward Leonard on the sofa to give him a hug.;s06e24_131;tbbt_s06e24.mp4;1131.28;1144.68;
80591;Leonard walks to the door, lets in Howard holding a CD and Raj, who is wearing a red hat.;s01e01_090;tbbt_s01e01.mp4;826.16;831.58;
80596;Sheldon, in plaid pants, slides to his spot on the couch after Penny gets up.;s02e01_103;tbbt_s02e01.mp4;1053.84;1056.97;
11659;Leonard, in a black suit, comes into the apartment and slams the door, then Howard looks at his watch.;s03e15_121;tbbt_s03e15.mp4;1134.78;1147.03;
38416;Penny sits in the back seat and shrugs her shoulders twice as they all drive in a car.;s04e01_058;tbbt_s04e01.mp4;566.93;577.58;
34121;Howard, while in the bathroom with Leonard, goes to the sink and washes his hands.;s06e07_078;tbbt_s06e07.mp4;741.22;752.63;
79007;A shot of Sheldon standing at the kitchen island in front of a row of toast, while Bernadette sits across from him.;s08e08_013;tbbt_s08e08.mp4;125.62;129.96;
11646;Leonard rolls onto his side toward Penny, while they are lying together in bed on orange pillows.;s03e19_001;tbbt_s03e19.mp4;0.00;12.32;
28861;While Penny, Amy, and Bernadette are unboxing something, Leonard knocks on Penny's opened door.;s05e09_003;tbbt_s05e09.mp4;17.05;29.64;
3372;Penny wipes the cream off the spatula with a tissue.;s09e22_008;tbbt_s09e22.mp4;67.82;82.71;
11646;Leonard rolls onto his side toward Penny, while they are lying together in bed on orange pillows.;s05e13_071;tbbt_s05e13.mp4;800.60;815.66;
29607;Leonard leaves Penny's apartment door to go inside his apartment and looks up at the camera.;s02e21_053;tbbt_s02e21.mp4;461.96;473.68;
78581;Howard is struggling to take a black bowling ball from the tray.;s03e19_145;tbbt_s03e19.mp4;1025.75;1036.12;
3370;Penny applies white cream with a spatula on Amy's face between her lip and her nose.;s06e01_014;tbbt_s06e01.mp4;178.69;192.05;
83407;Bernadette touches a red dress that Amy is holding up as they stand in front of the blue couch.;s05e09_122;tbbt_s05e09.mp4;1093.43;1099.56;
11679;Leonard, in a black suit, is looking at his computer while talking to his friends, who are playing a board game at the glass table.;s05e13_053;tbbt_s05e13.mp4;572.27;586.38;
51045;Sheldon quickly drinks his whole drink while holding a red straw, then makes a happy face, at the bar.;s05e09_074;tbbt_s05e09.mp4;557.77;572.24;
3366;Raj lifts up his foot above the table at the canteen to show Sheldon and Leonard that he's wearing sandals.;s09e22_005;tbbt_s09e22.mp4;34.99;38.04;
34121;Howard, while in the bathroom with Leonard, goes to the sink and washes his hands.;s08e04_052;tbbt_s08e04.mp4;436.77;443.07;
96015;Leonard and Raj slowly walk through a doorway into a clinic pulling a robotic arm that is attached, underneath a blanket, to Howard.;s04e01_117;tbbt_s04e01.mp4;1127.13;1132.26;
15762;Lucy puts aside an orange napkin and rushes away from the table where Amy and Raj are sitting.;s06e01_084;tbbt_s06e01.mp4;927.12;941.39;
79007;A shot of Sheldon standing at the kitchen island in front of a row of toast, while Bernadette sits across from him.;s06e07_090;tbbt_s06e07.mp4;877.42;892.08;
80587;Leonard and Sheldon grab bottles from the kitchen island, then Sheldon sits on the couch while Leonard leans against the wall, still talking.;s04e12_072;tbbt_s04e12.mp4;646.56;656.03;
3372;Penny wipes the cream off the spatula with a tissue.;s03e15_123;tbbt_s03e15.mp4;1159.28;1164.62;
80596;Sheldon, in plaid pants, slides to his spot on the couch after Penny gets up.;s03e15_049;tbbt_s03e15.mp4;410.87;425.43;
38416;Penny sits in the back seat and shrugs her shoulders twice as they all drive in a car.;s06e24_122;tbbt_s06e24.mp4;1036.87;1044.88;
11656;Sheldon lays down some cards in a couple of places on the table while playing a card game with bored Raj and Howard.;s05e13_056;tbbt_s05e13.mp4;611.03;622.96;
3022;Penny pulls back the shower curtain and climbs inside the shower.;s02e21_128;tbbt_s02e21.mp4;1171.17;1185.42;
80591;Leonard walks to the door, lets in Howard holding a CD and Raj, who is wearing a red hat.;s01e06_108;tbbt_s01e06.mp4;1187.69;1200.28;
13987;The robotic hand drops the small package into Penny's hand, which she holds out expectantly.;s08e04_044;tbbt_s08e04.mp4;395.39;400.86;
86431;Penny catches Leonard and Sheldon staring at her from the hallway.;s03e19_044;tbbt_s03e19.mp4;352.48;366.24;
3366;Raj lifts up his foot above the table at the canteen to show Sheldon and Leonard that he's wearing sandals.;s01e06_018;tbbt_s01e06.mp4;234.28;249.46;
11656;Sheldon lays down some cards in a couple of places on the table while playing a card game with bored Raj and Howard.;s04e12_072;tbbt_s04e12.mp4;646.56;656.03;
28861;While Penny, Amy, and Bernadette are unboxing something, Leonard knocks on Penny's opened door.;s04e12_088;tbbt_s04e12.mp4;742.49;750.58;
3370;Penny applies white cream with a spatula on Amy's face between her lip and her nose.;s08e04_060;tbbt_s08e04.mp4;486.44;490.74;
96016;The nurse takes off her glasses, walks over and looks underneath Howard's purple blanket.;s04e01_120;tbbt_s04e01.mp4;1147.65;1154.53;
79981;Leonard grabs Penny by the arms and walks her back a few steps, while standing in the living room in front of Sheldon.;s07e13_010;tbbt_s07e13.mp4;102.85;111.28;
33248;Sheldon is being clipped in by the instructor to climb the wall.;s02e13_095;tbbt_s02e13.mp4;983.36;991.24;
80587;Leonard and Sheldon grab bottles from the kitchen island, then Sheldon sits on the couch while Leonard leans against the wall, still talking.;s03e19_015;tbbt_s03e19.mp4;119.82;123.79;
80587;Leonard and Sheldon grab bottles from the kitchen island, then Sheldon sits on the couch while Leonard leans against the wall, still talking.;s08e04_065;tbbt_s08e04.mp4;513.20;521.52;
15762;Lucy puts aside an orange napkin and rushes away from the table where Amy and Raj are sitting.;s06e24_062;tbbt_s06e24.mp4;586.04;594.05;
79981;Leonard grabs Penny by the arms and walks her back a few steps, while standing in the living room in front of Sheldon.;s07e13_009;tbbt_s07e13.mp4;89.26;102.85;
88802;A bartender hands Raj a mint green drink and Leonard a beer bottle, at the bar.;s02e21_087;tbbt_s02e21.mp4;774.42;788.31;
82961;Penny, in a red blouse, and Leonard both look down while sitting on the couch and Penny puts her hand on his shoulder.;s07e13_013;tbbt_s07e13.mp4;128.34;138.81;
7725;Penny, standing, leans forward and looks at Sheldon, who is sitting on the couch, with her hands on her knees.;s02e21_129;tbbt_s02e21.mp4;1185.42;1199.66;
11690;Amy and Bernadette are sitting on Penny's bed on a pile of clothes when Penny comes out of her bathroom in a green dress.;s05e13_122;tbbt_s05e13.mp4;1212.75;1216.01;
51045;Sheldon quickly drinks his whole drink while holding a red straw, then makes a happy face, at the bar.;s02e21_066;tbbt_s02e21.mp4;548.88;559.52;
7725;Penny, standing, leans forward and looks at Sheldon, who is sitting on the couch, with her hands on her knees.;s06e24_127;tbbt_s06e24.mp4;1077.66;1091.07;
80591;Leonard walks to the door, lets in Howard holding a CD and Raj, who is wearing a red hat.;s03e15_132;tbbt_s03e15.mp4;1233.01;1243.37;
79007;A shot of Sheldon standing at the kitchen island in front of a row of toast, while Bernadette sits across from him.;s06e07_091;tbbt_s06e07.mp4;892.08;906.74;
79007;A shot of Sheldon standing at the kitchen island in front of a row of toast, while Bernadette sits across from him.;s06e24_094;tbbt_s06e24.mp4;824.37;831.46;
3385;A man floats across the International Space Station behind Howard at the laptop.;s06e01_066;tbbt_s06e01.mp4;700.82;715.10;
16404;Bernadette, in a blue floral dress, reaches out and holds Howard's hand to comfort him while they are eating dinner.;s08e04_099;tbbt_s08e04.mp4;780.57;794.42;
11646;Leonard rolls onto his side toward Penny, while they are lying together in bed on orange pillows.;s01e06_110;tbbt_s01e06.mp4;1207.91;1220.70;
58103;Sheldon, in a grey shirt, hands Amy, in a purple sweater next to him, food wrapped in foil.;s02e21_111;tbbt_s02e21.mp4;1040.94;1055.10;
11679;Leonard, in a black suit, is looking at his computer while talking to his friends, who are playing a board game at the glass table.;s05e13_025;tbbt_s05e13.mp4;277.28;289.65;
58103;Sheldon, in a grey shirt, hands Amy, in a purple sweater next to him, food wrapped in foil.;s09e22_053;tbbt_s09e22.mp4;643.92;657.69;
96015;Leonard and Raj slowly walk through a doorway into a clinic pulling a robotic arm that is attached, underneath a blanket, to Howard.;s01e01_017;tbbt_s01e01.mp4;144.73;158.71;
80596;Sheldon, in plaid pants, slides to his spot on the couch after Penny gets up.;s02e01_100;tbbt_s02e01.mp4;1022.15;1036.14;
19960;Raj raises his beer and then takes a sip of it, at the bowling lane.;s03e19_157;tbbt_s03e19.mp4;1115.16;1120.79;
38099;Raj jumps into the apartment wearing a Flash costume.;s02e01_070;tbbt_s02e01.mp4;679.38;692.92;
82961;Penny, in a red blouse, and Leonard both look down while sitting on the couch and Penny puts her hand on his shoulder.;s03e19_077;tbbt_s03e19.mp4;597.26;602.56;
80596;Sheldon, in plaid pants, slides to his spot on the couch after Penny gets up.;s02e21_132;tbbt_s02e21.mp4;1228.16;1242.41;
3385;A man floats across the International Space Station behind Howard at the laptop.;s06e01_011;tbbt_s06e01.mp4;114.06;126.72;
96016;The nurse takes off her glasses, walks over and looks underneath Howard's purple blanket.;s05e13_019;tbbt_s05e13.mp4;204.75;216.31;
3394;Bernadette adjusts her glasses when she's talking to Howard online.;s06e07_042;tbbt_s06e07.mp4;373.29;384.09;
80227;Leonard, in a costume, closes his front door quickly and locks it.;s05e13_055;tbbt_s05e13.mp4;600.98;611.03;
29607;Leonard leaves Penny's apartment door to go inside his apartment and looks up at the camera.;s07e13_009;tbbt_s07e13.mp4;89.26;102.85;
96015;Leonard and Raj slowly walk through a doorway into a clinic pulling a robotic arm that is attached, underneath a blanket, to Howard.;s04e01_113;tbbt_s04e01.mp4;1101.64;1109.19;
11644;Penny, in a red dress, rests her arms on Leonard's shoulder while smiling at him, as Amy, in a blue dress, stands at the doorway.;s08e08_102;tbbt_s08e08.mp4;784.91;791.37;
80587;Leonard and Sheldon grab bottles from the kitchen island, then Sheldon sits on the couch while Leonard leans against the wall, still talking.;s01e01_092;tbbt_s01e01.mp4;835.96;841.59;
3394;Bernadette adjusts her glasses when she's talking to Howard online.;s07e13_043;tbbt_s07e13.mp4;411.37;419.12;
13987;The robotic hand drops the small package into Penny's hand, which she holds out expectantly.;s04e01_001;tbbt_s04e01.mp4;0.00;14.54;
15751;Raj, while holding a beer bottle, reaches out and slaps Leonard on the back while he eats his food.;s03e15_009;tbbt_s03e15.mp4;55.51;69.03;
29607;Leonard leaves Penny's apartment door to go inside his apartment and looks up at the camera.;s08e08_095;tbbt_s08e08.mp4;701.83;709.67;
80591;Leonard walks to the door, lets in Howard holding a CD and Raj, who is wearing a red hat.;s08e04_062;tbbt_s08e04.mp4;493.74;497.54;
40031;Leonard and Penny kiss in the hall and a camera on the wall watches them.;s05e13_061;tbbt_s05e13.mp4;665.87;679.60;
80587;Leonard and Sheldon grab bottles from the kitchen island, then Sheldon sits on the couch while Leonard leans against the wall, still talking.;s02e13_102;tbbt_s02e13.mp4;1049.01;1060.89;
79987;Sheldon stands with one arm stretched straight up and the other arm down at his side, bending his body backward, looking around, uncomfortable.;s02e01_112;tbbt_s02e01.mp4;1108.69;1120.62;
33248;Sheldon is being clipped in by the instructor to climb the wall.;s02e13_079;tbbt_s02e13.mp4;879.04;885.80;
9411;A shot of the laptop screen, where Amy reaches forward and presses a button that shuts the video off.;s06e24_085;tbbt_s06e24.mp4;778.28;783.07;
84012;Sheldon, in a purple shirt with black sleeves, suddenly moves his body while sitting on the couch and starts to clap as he is singing a song.;s04e12_116;tbbt_s04e12.mp4;973.43;983.61;
53286;Leonard, in a red robe, looks at the ground and blinks a couple of times, then takes the money from Sheldon's hand.;s01e01_087;tbbt_s01e01.mp4;791.79;803.25;
80596;Sheldon, in plaid pants, slides to his spot on the couch after Penny gets up.;s01e01_059;tbbt_s01e01.mp4;568.49;573.70;
84012;Sheldon, in a purple shirt with black sleeves, suddenly moves his body while sitting on the couch and starts to clap as he is singing a song.;s02e01_106;tbbt_s02e01.mp4;1065.52;1069.90;
37856;Penny sits beside Sheldon on the couch with a bowl in her hand and covers herself with the blanket.;s02e21_130;tbbt_s02e21.mp4;1199.66;1213.91;
80587;Leonard and Sheldon grab bottles from the kitchen island, then Sheldon sits on the couch while Leonard leans against the wall, still talking.;s02e21_005;tbbt_s02e21.mp4;28.61;42.81;
3022;Penny pulls back the shower curtain and climbs inside the shower.;s08e08_103;tbbt_s08e08.mp4;791.37;803.89;
37856;Penny sits beside Sheldon on the couch with a bowl in her hand and covers herself with the blanket.;s08e04_021;tbbt_s08e04.mp4;195.99;204.04;
37856;Penny sits beside Sheldon on the couch with a bowl in her hand and covers herself with the blanket.;s02e21_102;tbbt_s02e21.mp4;938.27;948.85;
80596;Sheldon, in plaid pants, slides to his spot on the couch after Penny gets up.;s01e01_048;tbbt_s01e01.mp4;495.61;509.21;
51045;Sheldon quickly drinks his whole drink while holding a red straw, then makes a happy face, at the bar.;s02e21_104;tbbt_s02e21.mp4;960.75;974.92;
16404;Bernadette, in a blue floral dress, reaches out and holds Howard's hand to comfort him while they are eating dinner.;s06e01_051;tbbt_s06e01.mp4;503.33;517.17;
38099;Raj jumps into the apartment wearing a Flash costume.;s08e04_057;tbbt_s08e04.mp4;466.18;475.35;
16404;Bernadette, in a blue floral dress, reaches out and holds Howard's hand to comfort him while they are eating dinner.;s09e22_014;tbbt_s09e22.mp4;133.93;139.81;
80227;Leonard, in a costume, closes his front door quickly and locks it.;s02e21_041;tbbt_s02e21.mp4;361.69;374.67;
19965;Penny looks up and winks at someone, making a finger gun gesture.;s08e04_056;tbbt_s08e04.mp4;459.79;466.18;
46843;Penny puts her wine glass on the table and gets down on one knee in front of Leonard.;s05e13_050;tbbt_s05e13.mp4;529.97;544.07;
3022;Penny pulls back the shower curtain and climbs inside the shower.;s05e09_084;tbbt_s05e09.mp4;682.43;686.48;
37856;Penny sits beside Sheldon on the couch with a bowl in her hand and covers herself with the blanket.;s01e06_093;tbbt_s01e06.mp4;1028.19;1035.83;
82961;Penny, in a red blouse, and Leonard both look down while sitting on the couch and Penny puts her hand on his shoulder.;s02e13_026;tbbt_s02e13.mp4;259.15;273.31;
80587;Leonard and Sheldon grab bottles from the kitchen island, then Sheldon sits on the couch while Leonard leans against the wall, still talking.;s02e01_113;tbbt_s02e01.mp4;1120.62;1129.84;
96015;Leonard and Raj slowly walk through a doorway into a clinic pulling a robotic arm that is attached, underneath a blanket, to Howard.;s03e15_115;tbbt_s03e15.mp4;1060.93;1069.36;
82961;Penny, in a red blouse, and Leonard both look down while sitting on the couch and Penny puts her hand on his shoulder.;s07e13_002;tbbt_s07e13.mp4;12.29;22.91;
15751;Raj, while holding a beer bottle, reaches out and slaps Leonard on the back while he eats his food.;s04e12_003;tbbt_s04e12.mp4;30.32;44.02;
7725;Penny, standing, leans forward and looks at Sheldon, who is sitting on the couch, with her hands on her knees.;s02e21_112;tbbt_s02e21.mp4;1055.10;1068.62;
11690;Amy and Bernadette are sitting on Penny's bed on a pile of clothes when Penny comes out of her bathroom in a green dress.;s08e08_138;tbbt_s08e08.mp4;1124.54;1128.21;
11644;Penny, in a red dress, rests her arms on Leonard's shoulder while smiling at him, as Amy, in a blue dress, stands at the doorway.;s03e19_097;tbbt_s03e19.mp4;707.08;716.26;
3022;Penny pulls back the shower curtain and climbs inside the shower.;s03e19_090;tbbt_s03e19.mp4;671.88;675.55;
80591;Leonard walks to the door, lets in Howard holding a CD and Raj, who is wearing a red hat.;s02e13_061;tbbt_s02e13.mp4;700.41;710.63;
62276;Sheldon walks up and flips the light switch to turn off the lights in the laundry room.;s02e21_040;tbbt_s02e21.mp4;348.72;361.69;
13987;The robotic hand drops the small package into Penny's hand, which she holds out expectantly.;s04e01_053;tbbt_s04e01.mp4;512.97;527.53;
29596;Sheldon, in green plaid pajamas, slumps from the headrest of the armchair down into the chair and makes a shushing gesture.;s02e01_125;tbbt_s02e01.mp4;1193.28;1205.66;
3022;Penny pulls back the shower curtain and climbs inside the shower.;s03e15_119;tbbt_s03e15.mp4;1106.41;1121.20;
34121;Howard, while in the bathroom with Leonard, goes to the sink and washes his hands.;s02e13_036;tbbt_s02e13.mp4;386.23;399.52;
15751;Raj, while holding a beer bottle, reaches out and slaps Leonard on the back while he eats his food.;s08e08_003;tbbt_s08e08.mp4;18.31;29.82;
62276;Sheldon walks up and flips the light switch to turn off the lights in the laundry room.;s06e07_073;tbbt_s06e07.mp4;694.84;707.16;
4060;A wide shot of Stuart, Howard and Bernadette sitting down together in a cozy, antique-filled living room.;s06e07_111;tbbt_s06e07.mp4;1073.84;1088.14;
42301;Sheldon, standing in front of a bookcase, near the window with drapes, dials a number on his cell phone.;s02e13_054;tbbt_s02e13.mp4;607.93;621.14;
3385;A man floats across the International Space Station behind Howard at the laptop.;s06e01_113;tbbt_s06e01.mp4;1215.38;1221.51;
80227;Leonard, in a costume, closes his front door quickly and locks it.;s06e07_113;tbbt_s06e07.mp4;1102.43;1117.74;
16404;Bernadette, in a blue floral dress, reaches out and holds Howard's hand to comfort him while they are eating dinner.;s08e04_101;tbbt_s08e04.mp4;798.30;808.47;
96015;Leonard and Raj slowly walk through a doorway into a clinic pulling a robotic arm that is attached, underneath a blanket, to Howard.;s04e01_115;tbbt_s04e01.mp4;1115.66;1122.16;
296;Sheldon, with a bird on his arm, picks up a cup from a table near the sofa and offers it to the bird, which takes it.;s05e09_115;tbbt_s05e09.mp4;998.04;1008.51;
4060;A wide shot of Stuart, Howard and Bernadette sitting down together in a cozy, antique-filled living room.;s08e04_121;tbbt_s08e04.mp4;1013.76;1028.03;
11656;Sheldon lays down some cards in a couple of places on the table while playing a card game with bored Raj and Howard.;s04e12_144;tbbt_s04e12.mp4;1196.24;1205.95;
45195;Sheldon reaches for his wallet in his jacket pocket while sitting at the restaurant with Amy.;s06e07_100;tbbt_s06e07.mp4;979.69;991.62;
3370;Penny applies white cream with a spatula on Amy's face between her lip and her nose.;s06e24_031;tbbt_s06e24.mp4;303.20;317.40;
9411;A shot of the laptop screen, where Amy reaches forward and presses a button that shuts the video off.;s06e01_043;tbbt_s06e01.mp4;438.69;449.12;
38099;Raj jumps into the apartment wearing a Flash costume.;s08e04_066;tbbt_s08e04.mp4;521.52;524.82;
51045;Sheldon quickly drinks his whole drink while holding a red straw, then makes a happy face, at the bar.;s06e07_093;tbbt_s06e07.mp4;917.25;927.38;
3370;Penny applies white cream with a spatula on Amy's face between her lip and her nose.;s07e13_003;tbbt_s07e13.mp4;22.91;35.02;
3366;Raj lifts up his foot above the table at the canteen to show Sheldon and Leonard that he's wearing sandals.;s03e15_009;tbbt_s03e15.mp4;55.51;69.03;
9411;A shot of the laptop screen, where Amy reaches forward and presses a button that shuts the video off.;s06e07_054;tbbt_s06e07.mp4;482.68;494.83;
19960;Raj raises his beer and then takes a sip of it, at the bowling lane.;s06e01_061;tbbt_s06e01.mp4;638.50;651.02;
62276;Sheldon walks up and flips the light switch to turn off the lights in the laundry room.;s01e01_121;tbbt_s01e01.mp4;1122.29;1130.59;
37856;Penny sits beside Sheldon on the couch with a bowl in her hand and covers herself with the blanket.;s03e15_050;tbbt_s03e15.mp4;425.43;439.98;
79981;Leonard grabs Penny by the arms and walks her back a few steps, while standing in the living room in front of Sheldon.;s01e01_021;tbbt_s01e01.mp4;193.77;205.46;
4060;A wide shot of Stuart, Howard and Bernadette sitting down together in a cozy, antique-filled living room.;s08e04_120;tbbt_s08e04.mp4;1005.75;1013.76;
15768;Penny, in a grocery store with Sheldon, grabs two bottles of vodka and puts them in a cart.;s06e24_075;tbbt_s06e24.mp4;696.65;704.58;
291;Amy and Bernadette look at a bird on the couch, then turn to Sheldon standing in the doorway with crossed arms.;s05e09_101;tbbt_s05e09.mp4;833.79;837.96;
3370;Penny applies white cream with a spatula on Amy's face between her lip and her nose.;s03e19_088;tbbt_s03e19.mp4;660.45;666.71;
38416;Penny sits in the back seat and shrugs her shoulders twice as they all drive in a car.;s07e13_068;tbbt_s07e13.mp4;624.21;632.92;
96015;Leonard and Raj slowly walk through a doorway into a clinic pulling a robotic arm that is attached, underneath a blanket, to Howard.;s07e13_005;tbbt_s07e13.mp4;47.04;59.05;
291;Amy and Bernadette look at a bird on the couch, then turn to Sheldon standing in the doorway with crossed arms.;s09e22_061;tbbt_s09e22.mp4;753.34;768.15;
62276;Sheldon walks up and flips the light switch to turn off the lights in the laundry room.;s03e15_036;tbbt_s03e15.mp4;258.93;266.93;
42301;Sheldon, standing in front of a bookcase, near the window with drapes, dials a number on his cell phone.;s02e13_055;tbbt_s02e13.mp4;621.14;634.35;
84012;Sheldon, in a purple shirt with black sleeves, suddenly moves his body while sitting on the couch and starts to clap as he is singing a song.;s04e12_024;tbbt_s04e12.mp4;233.15;243.83;
34121;Howard, while in the bathroom with Leonard, goes to the sink and washes his hands.;s02e01_023;tbbt_s02e01.mp4;189.94;201.53;
11646;Leonard rolls onto his side toward Penny, while they are lying together in bed on orange pillows.;s05e13_067;tbbt_s05e13.mp4;745.75;759.47;
96015;Leonard and Raj slowly walk through a doorway into a clinic pulling a robotic arm that is attached, underneath a blanket, to Howard.;s03e19_044;tbbt_s03e19.mp4;352.48;366.24;
58103;Sheldon, in a grey shirt, hands Amy, in a purple sweater next to him, food wrapped in foil.;s09e22_003;tbbt_s09e22.mp4;16.60;25.80;
11679;Leonard, in a black suit, is looking at his computer while talking to his friends, who are playing a board game at the glass table.;s02e21_078;tbbt_s02e21.mp4;677.98;691.95;
11690;Amy and Bernadette are sitting on Penny's bed on a pile of clothes when Penny comes out of her bathroom in a green dress.;s05e13_019;tbbt_s05e13.mp4;204.75;216.31;
18709;Penny happily jumps toward Leonard on the sofa to give him a hug.;s02e21_123;tbbt_s02e21.mp4;1147.77;1155.61;
82961;Penny, in a red blouse, and Leonard both look down while sitting on the couch and Penny puts her hand on his shoulder.;s08e04_118;tbbt_s08e04.mp4;988.99;998.87;
38099;Raj jumps into the apartment wearing a Flash costume.;s01e06_001;tbbt_s01e06.mp4;0.00;13.85;
15751;Raj, while holding a beer bottle, reaches out and slaps Leonard on the back while he eats his food.;s06e24_003;tbbt_s06e24.mp4;18.64;26.90;
58103;Sheldon, in a grey shirt, hands Amy, in a purple sweater next to him, food wrapped in foil.;s03e19_119;tbbt_s03e19.mp4;878.46;884.55;
3366;Raj lifts up his foot above the table at the canteen to show Sheldon and Leonard that he's wearing sandals.;s06e24_010;tbbt_s06e24.mp4;79.12;88.01;
45195;Sheldon reaches for his wallet in his jacket pocket while sitting at the restaurant with Amy.;s06e07_091;tbbt_s06e07.mp4;892.08;906.74;
80596;Sheldon, in plaid pants, slides to his spot on the couch after Penny gets up.;s02e21_093;tbbt_s02e21.mp4;855.90;866.95;
11690;Amy and Bernadette are sitting on Penny's bed on a pile of clothes when Penny comes out of her bathroom in a green dress.;s05e13_123;tbbt_s05e13.mp4;1216.01;1223.72;
3022;Penny pulls back the shower curtain and climbs inside the shower.;s08e08_129;tbbt_s08e08.mp4;1063.02;1069.65;
51045;Sheldon quickly drinks his whole drink while holding a red straw, then makes a happy face, at the bar.;s02e13_101;tbbt_s02e13.mp4;1037.12;1049.01;
40031;Leonard and Penny kiss in the hall and a camera on the wall watches them.;s02e01_004;tbbt_s02e01.mp4;38.45;47.38;
3372;Penny wipes the cream off the spatula with a tissue.;s04e01_019;tbbt_s04e01.mp4;167.97;176.47;
62276;Sheldon walks up and flips the light switch to turn off the lights in the laundry room.;s08e04_088;tbbt_s08e04.mp4;655.83;668.09;
53286;Leonard, in a red robe, looks at the ground and blinks a couple of times, then takes the money from Sheldon's hand.;s03e15_122;tbbt_s03e15.mp4;1147.03;1159.28;
3370;Penny applies white cream with a spatula on Amy's face between her lip and her nose.;s02e01_070;tbbt_s02e01.mp4;679.38;692.92;
37856;Penny sits beside Sheldon on the couch with a bowl in her hand and covers herself with the blanket.;s02e13_025;tbbt_s02e13.mp4;245.00;259.15;
88802;A bartender hands Raj a mint green drink and Leonard a beer bottle, at the bar.;s06e07_097;tbbt_s06e07.mp4;943.90;955.83;
42301;Sheldon, standing in front of a bookcase, near the window with drapes, dials a number on his cell phone.;s05e13_090;tbbt_s05e13.mp4;936.73;947.42;
62276;Sheldon walks up and flips the light switch to turn off the lights in the laundry room.;s03e15_121;tbbt_s03e15.mp4;1134.78;1147.03;
3366;Raj lifts up his foot above the table at the canteen to show Sheldon and Leonard that he's wearing sandals.;s08e04_003;tbbt_s08e04.mp4;27.32;38.33;
11679;Leonard, in a black suit, is looking at his computer while talking to his friends, who are playing a board game at the glass table.;s02e21_079;tbbt_s02e21.mp4;691.95;705.91;
6010003;Howard, in a green polo shirt and cap, pushes off from one wall to the opposite one, as he floats through the space station.;s02e01_073;tbbt_s02e01.mp4;720.01;731.77;
84012;Sheldon, in a purple shirt with black sleeves, suddenly moves his body while sitting on the couch and starts to clap as he is singing a song.;s04e12_106;tbbt_s04e12.mp4;888.53;901.70;
38099;Raj jumps into the apartment wearing a Flash costume.;s02e21_053;tbbt_s02e21.mp4;461.96;473.68;
38416;Penny sits in the back seat and shrugs her shoulders twice as they all drive in a car.;s04e01_071;tbbt_s04e01.mp4;708.79;714.42;
291;Amy and Bernadette look at a bird on the couch, then turn to Sheldon standing in the doorway with crossed arms.;s08e04_020;tbbt_s08e04.mp4;186.81;195.99;
82961;Penny, in a red blouse, and Leonard both look down while sitting on the couch and Penny puts her hand on his shoulder.;s06e24_128;tbbt_s06e24.mp4;1091.07;1104.47;
3394;Bernadette adjusts her glasses when she's talking to Howard online.;s05e13_103;tbbt_s05e13.mp4;1069.19;1076.66;
79981;Leonard grabs Penny by the arms and walks her back a few steps, while standing in the living room in front of Sheldon.;s02e21_037;tbbt_s02e21.mp4;310.60;323.31;
11644;Penny, in a red dress, rests her arms on Leonard's shoulder while smiling at him, as Amy, in a blue dress, stands at the doorway.;s08e08_074;tbbt_s08e08.mp4;521.52;529.40;
3372;Penny wipes the cream off the spatula with a tissue.;s04e01_096;tbbt_s04e01.mp4;884.93;892.89;
4060;A wide shot of Stuart, Howard and Bernadette sitting down together in a cozy, antique-filled living room.;s09e22_086;tbbt_s09e22.mp4;1107.81;1122.04;
37856;Penny sits beside Sheldon on the couch with a bowl in her hand and covers herself with the blanket.;s01e01_059;tbbt_s01e01.mp4;568.49;573.70;
55040;Raj, in a red and blue track jacket, presses his palms together and taps his fingers excitedly, smiling on the couch.;s02e21_066;tbbt_s02e21.mp4;548.88;559.52;
38099;Raj jumps into the apartment wearing a Flash costume.;s01e06_101;tbbt_s01e06.mp4;1138.85;1153.57;
55040;Raj, in a red and blue track jacket, presses his palms together and taps his fingers excitedly, smiling on the couch.;s04e12_018;tbbt_s04e12.mp4;166.08;170.53;
58103;Sheldon, in a grey shirt, hands Amy, in a purple sweater next to him, food wrapped in foil.;s04e12_009;tbbt_s04e12.mp4;97.50;109.42;
16404;Bernadette, in a blue floral dress, reaches out and holds Howard's hand to comfort him while they are eating dinner.;s08e04_100;tbbt_s08e04.mp4;794.42;798.30;
291;Amy and Bernadette look at a bird on the couch, then turn to Sheldon standing in the doorway with crossed arms.;s08e08_016;tbbt_s08e08.mp4;141.22;151.32;
80587;Leonard and Sheldon grab bottles from the kitchen island, then Sheldon sits on the couch while Leonard leans against the wall, still talking.;s04e12_021;tbbt_s04e12.mp4;207.46;211.79;
296;Sheldon, with a bird on his arm, picks up a cup from a table near the sofa and offers it to the bird, which takes it.;s08e08_054;tbbt_s08e08.mp4;381.51;387.47;
291;Amy and Bernadette look at a bird on the couch, then turn to Sheldon standing in the doorway with crossed arms.;s08e08_030;tbbt_s08e08.mp4;220.89;224.06;
11659;Leonard, in a black suit, comes into the apartment and slams the door, then Howard looks at his watch.;s03e19_044;tbbt_s03e19.mp4;352.48;366.24;
18709;Penny happily jumps toward Leonard on the sofa to give him a hug.;s02e21_107;tbbt_s02e21.mp4;1003.25;1011.76;
80227;Leonard, in a costume, closes his front door quickly and locks it.;s02e21_134;tbbt_s02e21.mp4;1254.24;1266.07;
3372;Penny wipes the cream off the spatula with a tissue.;s08e08_022;tbbt_s08e08.mp4;180.97;186.40;
3370;Penny applies white cream with a spatula on Amy's face between her lip and her nose.;s09e22_059;tbbt_s09e22.mp4;727.52;741.09;
79007;A shot of Sheldon standing at the kitchen island in front of a row of toast, while Bernadette sits across from him.;s01e01_086;tbbt_s01e01.mp4;787.50;791.79;
62276;Sheldon walks up and flips the light switch to turn off the lights in the laundry room.;s07e13_007;tbbt_s07e13.mp4;71.07;83.08;
3022;Penny pulls back the shower curtain and climbs inside the shower.;s01e06_104;tbbt_s01e06.mp4;1162.08;1166.79;
51045;Sheldon quickly drinks his whole drink while holding a red straw, then makes a happy face, at the bar.;s02e21_087;tbbt_s02e21.mp4;774.42;788.31;
80591;Leonard walks to the door, lets in Howard holding a CD and Raj, who is wearing a red hat.;s02e13_099;tbbt_s02e13.mp4;1017.81;1027.46;
96015;Leonard and Raj slowly walk through a doorway into a clinic pulling a robotic arm that is attached, underneath a blanket, to Howard.;s05e13_001;tbbt_s05e13.mp4;0.00;12.74;
96015;Leonard and Raj slowly walk through a doorway into a clinic pulling a robotic arm that is attached, underneath a blanket, to Howard.;s07e13_018;tbbt_s07e13.mp4;205.31;217.38;
88802;A bartender hands Raj a mint green drink and Leonard a beer bottle, at the bar.;s02e21_084;tbbt_s02e21.mp4;734.90;744.18;
3372;Penny wipes the cream off the spatula with a tissue.;s04e01_030;tbbt_s04e01.mp4;263.78;276.36;
291;Amy and Bernadette look at a bird on the couch, then turn to Sheldon standing in the doorway with crossed arms.;s05e09_115;tbbt_s05e09.mp4;998.04;1008.51;
3394;Bernadette adjusts her glasses when she's talking to Howard online.;s06e01_046;tbbt_s06e01.mp4;462.88;467.26;
33248;Sheldon is being clipped in by the instructor to climb the wall.;s02e13_082;tbbt_s02e13.mp4;903.15;906.86;
80587;Leonard and Sheldon grab bottles from the kitchen island, then Sheldon sits on the couch while Leonard leans against the wall, still talking.;s01e06_024;tbbt_s01e06.mp4;298.13;312.48;
6010003;Howard, in a green polo shirt and cap, pushes off from one wall to the opposite one, as he floats through the space station.;s06e01_010;tbbt_s06e01.mp4;101.41;114.06;
