episode;annotation_id;variant;source_start;source_end;start;end;offset;flags
s01e01;tbbt_s01e01_d97650;off;3.36;14.95;3.36;14.95;0.0;
s01e01;tbbt_s01e01_d97653;off;15.56;18.92;15.56;18.92;0.0;
s01e01;tbbt_s01e01_d97651;off;16.17;22.58;16.17;22.58;0.0;
s01e01;tbbt_s01e01_d97652;off;22.28;31.73;22.28;31.73;0.0;
s01e01;tbbt_s01e01_d55211;off;66.67;68.56;66.67;68.56;0.0;
s01e01;tbbt_s01e01_d55213;off;67.62;69.19;67.62;69.19;0.0;
s01e01;tbbt_s01e01_d55210;off;71.08;76.44;71.08;76.44;0.0;
s01e01;tbbt_s01e01_d55212;off;76.76;85.27;76.76;85.27;0.0;
s01e01;tbbt_s01e01_d55214;off;77.07;124.03;77.07;124.03;0.0;
s01e01;tbbt_s01e01_d86435;off;124.0;142.86;124.0;142.86;0.0;
s01e01;tbbt_s01e01_d86436;off;144.31;155.33;144.31;155.33;0.0;
s01e01;tbbt_s01e01_d86437;off;157.65;182.03;158.71;183.09;1.06;shifted
s01e01;tbbt_s01e01_d86433;off;182.0;188.2;182.0;188.2;0.0;
s01e01;tbbt_s01e01_d86430;off;186.43;202.95;186.43;202.95;0.0;
s01e01;tbbt_s01e01_d86431;off;202.66;205.91;202.66;205.91;0.0;
s01e01;tbbt_s01e01_d86432;off;225.68;228.63;225.68;228.63;0.0;
s01e01;tbbt_s01e01_d86445;off;241.0;250.0;241.0;250.0;0.0;
s01e01;tbbt_s01e01_d86448;off;247.3;249.7;247.3;249.7;0.0;
s01e01;tbbt_s01e01_d86446;off;251.5;256.61;251.5;256.61;0.0;
s01e01;tbbt_s01e01_d86447;off;263.51;298.33;263.51;298.33;0.0;
s01e01;tbbt_s01e01_d86449;off;264.41;268.91;264.41;268.91;0.0;
s01e01;tbbt_s01e01_d86440;off;304.92;306.32;304.92;306.32;0.0;
s01e01;tbbt_s01e01_d86443;off;305.48;309.68;305.48;309.68;0.0;
s01e01;tbbt_s01e01_d86441;off;317.25;341.06;317.25;341.06;0.0;
s01e01;tbbt_s01e01_d86442;off;351.42;355.34;351.42;355.34;0.0;
s01e01;tbbt_s01e01_d80615;off;382.0;387.19;385.44;390.63;3.44;shifted
s01e01;tbbt_s01e01_d80616;off;386.88;389.63;386.88;389.63;0.0;
s01e01;tbbt_s01e01_d80617;off;394.21;397.56;394.21;397.56;0.0;
s01e01;tbbt_s01e01_d80620;off;460.4;469.63;460.4;469.63;0.0;
s01e01;tbbt_s01e01_d80621;off;464.66;482.06;464.66;482.06;0.0;
s01e01;tbbt_s01e01_d80622;off;498.04;511.54;498.04;511.54;0.0;
s01e01;tbbt_s01e01_d80605;off;514.0;516.21;514.0;516.21;0.0;
s01e01;tbbt_s01e01_d80609;off;519.39;520.86;519.39;520.86;0.0;
s01e01;tbbt_s01e01_d80607;off;528.95;541.94;528.95;541.94;0.0;
s01e01;tbbt_s01e01_d80606;off;531.89;536.8;531.89;536.8;0.0;
s01e01;tbbt_s01e01_d80610;off;563.0;565.84;563.0;565.84;0.0;
s01e01;tbbt_s01e01_d80611;off;570.56;572.77;570.56;572.77;0.0;
s01e01;tbbt_s01e01_d80613;off;591.05;592.94;591.05;592.94;0.0;
s01e01;tbbt_s01e01_d80612;off;622.25;626.03;622.25;626.03;0.0;
s01e01;tbbt_s01e01_d80614;off;622.88;623.51;622.88;623.51;0.0;
s01e01;tbbt_s01e01_d80595;off;639.69;646.24;639.69;646.24;0.0;
s01e01;tbbt_s01e01_d80598;off;640.26;651.95;640.26;651.95;0.0;
s01e01;tbbt_s01e01_d80596;off;662.5;667.06;662.5;667.06;0.0;
s01e01;tbbt_s01e01_d80599;off;662.5;669.34;662.5;669.34;0.0;
s01e01;tbbt_s01e01_d80597;off;673.62;677.89;673.62;677.89;0.0;
s01e01;tbbt_s01e01_d80603;off;690.88;696.55;690.88;696.55;0.0;
s01e01;tbbt_s01e01_d80600;off;691.82;696.87;691.82;696.87;0.0;
s01e01;tbbt_s01e01_d80601;off;733.11;737.21;733.11;737.21;0.0;
s01e01;tbbt_s01e01_d80602;off;742.25;746.03;742.25;746.03;0.0;
s01e01;tbbt_s01e01_d80604;off;742.25;744.14;742.25;744.14;0.0;
s01e01;tbbt_s01e01_d80585;off;746.58;752.09;746.58;752.09;0.0;
s01e01;tbbt_s01e01_d80588;off;749.77;759.06;749.77;759.06;0.0;
s01e01;tbbt_s01e01_d80586;off;755.57;765.15;755.57;765.15;0.0;
s01e01;tbbt_s01e01_d80587;off;791.26;803.73;791.26;803.73;0.0;
s01e01;tbbt_s01e01_d80589;off;791.55;798.51;791.55;798.51;0.0;
s01e01;tbbt_s01e01_d80591;off;817.58;827.32;817.58;827.32;0.0;
s01e01;tbbt_s01e01_d80594;off;817.87;822.0;817.87;822.0;0.0;
s01e01;tbbt_s01e01_d80590;off;831.74;835.28;831.74;835.28;0.0;
s01e01;tbbt_s01e01_d80592;off;838.83;840.6;838.83;840.6;0.0;
s01e01;tbbt_s01e01_d3020;off;868.1;872.0;868.1;872.0;0.0;
s01e01;tbbt_s01e01_d3021;off;897.22;900.22;897.22;900.22;0.0;
s01e01;tbbt_s01e01_d3022;off;917.02;920.03;917.02;920.03;0.0;
s01e01;tbbt_s01e01_d38400;off;1029.75;1042.44;1029.75;1042.44;0.0;
s01e01;tbbt_s01e01_d38402;off;1035.35;1042.73;1035.35;1042.73;0.0;
s01e01;tbbt_s01e01_d38401;off;1042.44;1043.03;1042.44;1043.03;0.0;
s01e01;tbbt_s01e01_d38395;off;1044.22;1046.05;1044.22;1046.05;0.0;
s01e01;tbbt_s01e01_d38396;off;1071.38;1073.21;1071.38;1073.21;0.0;
s01e01;tbbt_s01e01_d38397;off;1097.01;1100.67;1097.01;1100.67;0.0;
s01e01;tbbt_s01e01_d38410;off;1109.1;1117.51;1109.1;1117.51;0.0;
s01e01;tbbt_s01e01_d38413;off;1116.01;1121.11;1116.01;1121.11;0.0;
s01e01;tbbt_s01e01_d38412;off;1119.31;1121.11;1119.31;1121.11;0.0;
s01e01;tbbt_s01e01_d38414;off;1153.22;1157.12;1153.22;1157.12;0.0;
s01e01;tbbt_s01e01_d38411;off;1153.52;1164.03;1153.52;1164.03;0.0;
s01e01;tbbt_s01e01_d38405;off;1164.0;1167.6;1164.0;1167.6;0.0;
s01e01;tbbt_s01e01_d38408;off;1173.6;1212.32;1174.42;1213.14;0.82;shifted
s01e01;tbbt_s01e01_d38406;off;1175.41;1180.21;1175.41;1180.21;0.0;
s01e01;tbbt_s01e01_d38407;off;1188.01;1193.41;1188.01;1193.41;0.0;
s01e01;tbbt_s01e01_d2968;off;1238.46;1240.53;1238.46;1240.53;0.0;
s01e01;tbbt_s01e01_d2965;off;1241.12;1247.02;1241.12;1247.02;0.0;
s01e01;tbbt_s01e01_d2966;off;1263.84;1268.86;1263.84;1268.86;0.0;
s01e01;tbbt_s01e01_d2967;off;1280.66;1283.03;1280.66;1283.03;0.0;
s01e01;tbbt_s01e01_d38415;off;1283.0;1296.24;1283.0;1296.24;0.0;
s01e01;tbbt_s01e01_d38418;off;1283.0;1295.29;1283.0;1295.29;0.0;
s01e01;tbbt_s01e01_d38416;off;1302.85;1306.95;1302.85;1306.95;0.0;
s01e01;tbbt_s01e01_d38417;off;1325.86;1328.07;1325.86;1328.07;0.0;
s01e06;tbbt_s01e06_d39255;off;0.0;12.51;0.0;12.51;0.0;
s01e06;tbbt_s01e06_d39258;off;2.14;10.68;2.14;10.68;0.0;
s01e06;tbbt_s01e06_d39257;off;34.18;46.38;34.18;46.38;0.0;
s01e06;tbbt_s01e06_d39256;off;55.23;59.5;55.23;59.5;0.0;
s01e06;tbbt_s01e06_d39259;off;55.84;61.03;55.84;61.03;0.0;
s01e06;tbbt_s01e06_d39260;off;73.8;84.21;73.8;84.21;0.0;
s01e06;tbbt_s01e06_d39262;off;104.21;108.21;104.21;108.21;0.0;
s01e06;tbbt_s01e06_d39263;off;104.21;106.21;104.21;106.21;0.0;
s01e06;tbbt_s01e06_d39261;off;135.42;139.82;135.42;139.82;0.0;
s01e06;tbbt_s01e06_d39264;off;135.82;139.42;135.82;139.42;0.0;
s01e06;tbbt_s01e06_d38095;off;172.48;183.64;172.48;183.64;0.0;
s01e06;tbbt_s01e06_d38098;off;181.47;184.57;181.47;184.57;0.0;
s01e06;tbbt_s01e06_d38096;off;182.09;185.81;182.09;185.81;0.0;
s01e06;tbbt_s01e06_d38097;off;182.09;195.43;182.09;195.43;0.0;
s01e06;tbbt_s01e06_d38099;off;194.81;196.98;194.81;196.98;0.0;
s01e06;tbbt_s01e06_d38105;off;285.0;287.57;285.0;287.57;0.0;
s01e06;tbbt_s01e06_d38106;off;302.68;311.8;302.68;311.8;0.0;
s01e06;tbbt_s01e06_d38107;off;333.19;338.32;333.19;338.32;0.0;
s01e06;tbbt_s01e06_d38109;off;333.47;342.02;333.47;342.02;0.0;
s01e06;tbbt_s01e06_d38103;off;342.0;350.1;342.0;350.1;0.0;
s01e06;tbbt_s01e06_d38100;off;348.0;349.5;348.0;349.5;0.0;
s01e06;tbbt_s01e06_d38101;off;351.0;354.01;351.73;354.74;0.73;shifted
s01e06;tbbt_s01e06_d38104;off;351.3;402.03;351.73;402.46;0.43;shifted
s01e06;tbbt_s01e06_d38102;off;359.71;363.01;359.71;363.01;0.0;
s01e06;tbbt_s01e06_d54545;off;402.0;406.27;402.0;406.27;0.0;
s01e06;tbbt_s01e06_d54548;off;419.39;422.75;419.39;422.75;0.0;
s01e06;tbbt_s01e06_d54546;off;430.38;437.09;430.38;437.09;0.0;
s01e06;tbbt_s01e06_d54547;off;462.11;463.03;462.11;463.03;0.0;
s01e06;tbbt_s01e06_d18408;off;466.0;470.8;466.0;470.8;0.0;
s01e06;tbbt_s01e06_d18405;off;470.2;472.3;470.2;472.3;0.0;
s01e06;tbbt_s01e06_d18406;off;476.51;481.61;476.51;481.61;0.0;
s01e06;tbbt_s01e06_d18407;off;500.82;503.52;500.82;503.52;0.0;
s01e06;tbbt_s01e06_d54573;off;523.0;551.68;523.0;551.68;0.0;
s01e06;tbbt_s01e06_d54570;off;527.27;530.02;527.27;530.02;0.0;
s01e06;tbbt_s01e06_d54571;off;548.94;553.51;548.94;553.51;0.0;
s01e06;tbbt_s01e06_d54574;off;554.12;584.03;554.12;584.03;0.0;
s01e06;tbbt_s01e06_d54572;off;573.04;575.18;573.04;575.18;0.0;
s01e06;tbbt_s01e06_d38120;off;591.54;595.61;591.54;595.61;0.0;
s01e06;tbbt_s01e06_d38121;off;617.36;620.85;617.36;620.85;0.0;
s01e06;tbbt_s01e06_d38123;off;625.78;628.97;625.78;628.97;0.0;
s01e06;tbbt_s01e06_d38124;off;637.67;642.03;637.67;642.03;0.0;
s01e06;tbbt_s01e06_d38122;off;638.25;642.03;638.25;642.03;0.0;
s01e06;tbbt_s01e06_d38060;off;642.92;644.14;642.92;644.14;0.0;
s01e06;tbbt_s01e06_d38061;off;661.22;668.55;661.22;668.55;0.0;
s01e06;tbbt_s01e06_d38064;off;661.53;669.46;661.53;669.46;0.0;
s01e06;tbbt_s01e06_d38062;off;697.84;702.42;697.84;702.42;0.0;
s01e06;tbbt_s01e06_d38055;off;720.12;723.07;720.12;723.07;0.0;
s01e06;tbbt_s01e06_d38056;off;727.2;730.74;727.2;730.74;0.0;
s01e06;tbbt_s01e06_d38057;off;755.83;759.96;755.83;759.96;0.0;
s01e06;tbbt_s01e06_d94555;off;771.46;778.48;771.46;778.48;0.0;
s01e06;tbbt_s01e06_d94556;off;773.29;823.03;773.29;823.03;0.0;
s01e06;tbbt_s01e06_d94557;off;779.39;823.03;779.39;823.03;0.0;
s01e06;tbbt_s01e06_d80260;off;829.0;833.5;829.0;833.5;0.0;
s01e06;tbbt_s01e06_d80262;off;831.7;834.71;831.7;834.71;0.0;
s01e06;tbbt_s01e06_d80264;off;846.11;847.61;846.11;847.61;0.0;
s01e06;tbbt_s01e06_d80261;off;882.43;883.03;882.43;883.03;0.0;
s01e06;tbbt_s01e06_d44940;off;903.11;909.71;903.11;909.71;0.0;
s01e06;tbbt_s01e06_d44943;off;912.71;916.31;912.71;916.31;0.0;
s01e06;tbbt_s01e06_d44941;off;915.11;919.02;915.11;919.02;0.0;
s01e06;tbbt_s01e06_d44942;off;930.12;935.22;930.12;935.22;0.0;
s01e06;tbbt_s01e06_d94550;off;955.51;960.7;955.51;960.7;0.0;
s01e06;tbbt_s01e06_d94551;off;971.99;986.02;971.99;986.02;0.0;
s01e06;tbbt_s01e06_d94552;off;989.38;992.43;989.38;992.43;0.0;
s01e06;tbbt_s01e06_d80238;off;1007.05;1013.46;1007.05;1013.46;0.0;
s01e06;tbbt_s01e06_d80235;off;1007.36;1010.41;1007.36;1010.41;0.0;
s01e06;tbbt_s01e06_d80236;off;1020.17;1025.05;1020.17;1025.05;0.0;
s01e06;tbbt_s01e06_d80237;off;1053.13;1056.79;1053.13;1056.79;0.0;
s01e06;tbbt_s01e06_d80239;off;1053.43;1058.31;1053.43;1058.31;0.0;
s01e06;tbbt_s01e06_d94545;off;1065.0;1074.69;1065.0;1074.69;0.0;
s01e06;tbbt_s01e06_d94548;off;1084.1;1092.37;1084.1;1092.37;0.0;
s01e06;tbbt_s01e06_d94546;off;1084.39;1092.37;1084.39;1092.37;0.0;
s01e06;tbbt_s01e06_d94547;off;1096.93;1102.92;1096.93;1102.92;0.0;
s01e06;tbbt_s01e06_d94549;off;1119.46;1122.02;1119.46;1122.02;0.0;
s01e06;tbbt_s01e06_d80225;off;1122.0;1128.41;1122.0;1128.41;0.0;
s01e06;tbbt_s01e06_d80226;off;1156.79;1160.14;1156.79;1160.14;0.0;
s01e06;tbbt_s01e06_d80228;off;1156.79;1160.45;1156.79;1160.45;0.0;
s01e06;tbbt_s01e06_d80227;off;1174.79;1178.15;1174.79;1178.15;0.0;
s01e06;tbbt_s01e06_d80229;off;1175.4;1178.45;1175.4;1178.45;0.0;
s01e06;tbbt_s01e06_d80230;off;1188.04;1191.61;1188.04;1191.61;0.0;
s01e06;tbbt_s01e06_d80232;off;1198.13;1201.28;1198.13;1201.28;0.0;
s01e06;tbbt_s01e06_d80231;off;1208.42;1210.11;1208.42;1210.11;0.0;
s01e06;tbbt_s01e06_d80234;off;1211.58;1225.02;1211.58;1225.02;0.0;
s01e15;tbbt_s01e15_d50300;off;11.9;17.09;11.9;17.09;0.0;
s01e15;tbbt_s01e15_d50303;off;17.09;28.68;17.09;28.68;0.0;
s01e15;tbbt_s01e15_d50301;off;39.97;42.72;39.97;42.72;0.0;
s01e15;tbbt_s01e15_d50304;off;41.5;61.03;41.5;61.03;0.0;
s01e15;tbbt_s01e15_d50302;off;52.79;54.62;52.79;54.62;0.0;
s01e15;tbbt_s01e15_d37765;off;69.7;74.21;69.7;74.21;0.0;
s01e15;tbbt_s01e15_d37768;off;70.3;73.91;70.3;73.91;0.0;
s01e15;tbbt_s01e15_d37769;off;80.81;86.51;80.81;86.51;0.0;
s01e15;tbbt_s01e15_d37766;off;94.31;99.12;94.31;99.12;0.0;
s01e15;tbbt_s01e15_d37767;off;114.12;117.73;114.12;117.73;0.0;
s01e15;tbbt_s01e15_d85003;off;200.0;206.2;204.29;210.49;4.29;shifted
s01e15;tbbt_s01e15_d85000;off;202.48;206.82;204.29;208.63;1.81;shifted
s01e15;tbbt_s01e15_d85001;off;211.48;221.09;211.48;221.09;0.0;
s01e15;tbbt_s01e15_d85002;off;235.98;240.01;235.98;240.01;0.0;
s01e15;tbbt_s01e15_d85013;off;322.0;334.01;322.0;334.01;0.0;
s01e15;tbbt_s01e15_d85010;off;328.0;330.1;328.0;330.1;0.0;
s01e15;tbbt_s01e15_d85011;off;340.01;353.21;340.01;353.21;0.0;
s01e15;tbbt_s01e15_d85012;off;380.53;382.03;380.53;382.03;0.0;
s01e15;tbbt_s01e15_d85005;off;384.79;388.82;384.79;388.82;0.0;
s01e15;tbbt_s01e15_d85006;off;391.3;398.44;391.3;398.44;0.0;
s01e15;tbbt_s01e15_d85007;off;442.79;444.03;442.79;444.03;0.0;
s01e15;tbbt_s01e15_d85020;off;448.85;451.98;448.85;451.98;0.0;
s01e15;tbbt_s01e15_d85022;off;461.39;465.95;461.39;465.95;0.0;
s01e15;tbbt_s01e15_d85021;off;480.78;482.21;480.78;482.21;0.0;
s01e15;tbbt_s01e15_d85015;off;508.2;514.81;508.2;514.81;0.0;
s01e15;tbbt_s01e15_d85016;off;534.92;541.82;534.92;541.82;0.0;
s01e15;tbbt_s01e15_d85017;off;549.32;553.52;549.32;553.52;0.0;
s01e15;tbbt_s01e15_d85030;off;561.0;566.27;561.0;566.27;0.0;
s01e15;tbbt_s01e15_d85033;off;561.0;568.13;561.0;568.13;0.0;
s01e15;tbbt_s01e15_d85031;off;569.68;573.72;569.68;573.72;0.0;
s01e15;tbbt_s01e15_d85032;off;583.02;590.77;583.02;590.77;0.0;
s01e15;tbbt_s01e15_d85034;off;585.5;586.12;585.5;586.12;0.0;
s01e15;tbbt_s01e15_d85025;off;623.0;630.25;623.0;630.25;0.0;
s01e15;tbbt_s01e15_d85026;off;644.43;648.53;644.43;648.53;0.0;
s01e15;tbbt_s01e15_d85028;off;644.43;649.47;644.43;649.47;0.0;
s01e15;tbbt_s01e15_d85027;off;680.36;682.88;680.36;682.88;0.0;
s01e15;tbbt_s01e15_d84990;off;688.61;699.35;688.61;699.35;0.0;
s01e15;tbbt_s01e15_d84991;off;700.51;705.73;700.51;705.73;0.0;
s01e15;tbbt_s01e15_d84992;off;743.44;744.03;743.44;744.03;0.0;
s01e15;tbbt_s01e15_d84988;off;744.0;752.7;744.0;752.7;0.0;
s01e15;tbbt_s01e15_d84985;off;746.61;754.44;746.61;754.44;0.0;
s01e15;tbbt_s01e15_d84986;off;753.86;756.48;753.86;756.48;0.0;
s01e15;tbbt_s01e15_d84989;off;782.01;789.26;782.01;789.26;0.0;
s01e15;tbbt_s01e15_d84987;off;785.2;788.39;785.2;788.39;0.0;
s01e15;tbbt_s01e15_d39985;off;813.1;819.11;813.1;819.11;0.0;
s01e15;tbbt_s01e15_d39986;off;830.51;837.42;830.51;837.42;0.0;
s01e15;tbbt_s01e15_d39987;off;844.62;848.52;844.62;848.52;0.0;
s01e15;tbbt_s01e15_d39990;off;863.18;864.66;863.18;864.66;0.0;
s01e15;tbbt_s01e15_d39991;off;909.22;910.4;909.22;910.4;0.0;
s01e15;tbbt_s01e15_d39992;off;911.88;914.24;911.88;914.24;0.0;
s01e15;tbbt_s01e15_d39975;off;956.3;957.56;956.3;957.56;0.0;
s01e15;tbbt_s01e15_d39978;off;959.13;964.49;959.13;964.49;0.0;
s01e15;tbbt_s01e15_d39976;off;967.01;968.59;967.01;968.59;0.0;
s01e15;tbbt_s01e15_d39977;off;975.21;982.14;975.21;982.14;0.0;
s01e15;tbbt_s01e15_d39979;off;976.15;984.03;976.15;984.03;0.0;
s01e15;tbbt_s01e15_d96273;off;991.54;993.57;991.54;993.57;0.0;
s01e15;tbbt_s01e15_d96270;off;992.12;997.93;992.12;997.93;0.0;
s01e15;tbbt_s01e15_d96274;off;1015.04;1021.43;1015.04;1021.43;0.0;
s01e15;tbbt_s01e15_d96271;off;1019.4;1022.88;1019.4;1022.88;0.0;
s01e15;tbbt_s01e15_d96272;off;1025.78;1033.03;1025.78;1033.03;0.0;
s01e15;tbbt_s01e15_d39965;off;1042.63;1049.56;1042.63;1049.56;0.0;
s01e15;tbbt_s01e15_d39966;off;1062.48;1065.64;1062.48;1065.64;0.0;
s01e15;tbbt_s01e15_d39967;off;1092.42;1097.78;1092.42;1097.78;0.0;
s01e15;tbbt_s01e15_d39970;off;1105.0;1110.8;1105.0;1110.8;0.0;
s01e15;tbbt_s01e15_d39971;off;1113.7;1117.77;1113.7;1117.77;0.0;
s01e15;tbbt_s01e15_d39972;off;1134.3;1137.49;1134.3;1137.49;0.0;
s01e15;tbbt_s01e15_d39973;off;1134.3;1136.62;1134.3;1136.62;0.0;
s01e15;tbbt_s01e15_d39974;off;1152.58;1155.48;1152.58;1155.48;0.0;
s01e15;tbbt_s01e15_d39955;off;1163.0;1173.15;1163.0;1173.15;0.0;
s01e15;tbbt_s01e15_d39956;off;1177.8;1186.79;1177.8;1186.79;0.0;
s01e15;tbbt_s01e15_d39958;off;1199.27;1210.0;1199.27;1210.0;0.0;
s01e15;tbbt_s01e15_d39957;off;1199.85;1206.81;1199.85;1206.81;0.0;
s01e15;tbbt_s01e15_d55960;off;1221.0;1228.44;1221.0;1228.44;0.0;
s01e15;tbbt_s01e15_d55961;off;1241.78;1247.36;1241.78;1247.36;0.0;
s01e15;tbbt_s01e15_d55962;off;1272.48;1274.03;1272.48;1274.03;0.0;
s02e01;tbbt_s02e01_d40030;off;0.0;4.88;0.0;4.88;0.0;
s02e01;tbbt_s02e01_d40031;off;32.65;36.92;32.65;36.92;0.0;
s02e01;tbbt_s02e01_d40034;off;34.48;61.03;34.48;61.03;0.0;
s02e01;tbbt_s02e01_d40032;off;41.8;44.55;41.8;44.55;0.0;
s02e01;tbbt_s02e01_d40105;off;85.72;91.82;85.72;91.82;0.0;
s02e01;tbbt_s02e01_d40109;off;92.73;103.72;92.73;103.72;0.0;
s02e01;tbbt_s02e01_d40106;off;93.65;97.31;93.65;97.31;0.0;
s02e01;tbbt_s02e01_d40107;off;99.45;103.72;99.45;103.72;0.0;
s02e01;tbbt_s02e01_d40210;off;122.0;124.79;122.0;124.79;0.0;
s02e01;tbbt_s02e01_d40213;off;130.06;135.96;130.06;135.96;0.0;
s02e01;tbbt_s02e01_d40211;off;132.23;140.3;132.23;140.3;0.0;
s02e01;tbbt_s02e01_d40212;off;156.12;158.6;156.12;158.6;0.0;
s02e01;tbbt_s02e01_d40214;off;159.22;164.49;159.22;164.49;0.0;
s02e01;tbbt_s02e01_d30695;off;184.0;189.53;184.0;189.53;0.0;
s02e01;tbbt_s02e01_d30696;off;209.69;213.59;209.69;213.59;0.0;
s02e01;tbbt_s02e01_d30697;off;236.35;240.58;236.35;240.58;0.0;
s02e01;tbbt_s02e01_d28225;off;273.27;281.21;273.32;281.26;0.05;shifted
s02e01;tbbt_s02e01_d28226;off;280.6;284.87;280.6;284.87;0.0;
s02e01;tbbt_s02e01_d28227;off;302.26;305.01;302.26;305.01;0.0;
s02e01;tbbt_s02e01_d74080;off;333.97;344.95;333.97;344.95;0.0;
s02e01;tbbt_s02e01_d74081;off;355.94;362.96;355.94;362.96;0.0;
s02e01;tbbt_s02e01_d74083;off;356.85;363.87;356.85;363.87;0.0;
s02e01;tbbt_s02e01_d74082;off;362.65;370.28;362.65;370.28;0.0;
s02e01;tbbt_s02e01_d74084;off;367.53;371.8;367.53;371.8;0.0;
s02e01;tbbt_s02e01_d91603;off;416.38;420.81;416.38;420.81;0.0;
s02e01;tbbt_s02e01_d91600;off;416.97;420.22;416.97;420.22;0.0;
s02e01;tbbt_s02e01_d91601;off;421.4;424.35;421.4;424.35;0.0;
s02e01;tbbt_s02e01_d91602;off;429.66;435.27;429.66;435.27;0.0;
s02e01;tbbt_s02e01_d91604;off;433.5;435.56;433.5;435.56;0.0;
s02e01;tbbt_s02e01_d74070;off;450.61;452.75;450.61;452.75;0.0;
s02e01;tbbt_s02e01_d74071;off;485.4;493.33;485.4;493.33;0.0;
s02e01;tbbt_s02e01_d74074;off;486.31;495.47;486.31;495.47;0.0;
s02e01;tbbt_s02e01_d74072;off;493.33;495.16;493.33;495.16;0.0;
s02e01;tbbt_s02e01_d91595;off;515.34;525.27;516.39;526.32;1.05;shifted
s02e01;tbbt_s02e01_d91596;off;547.29;549.15;547.29;549.15;0.0;
s02e01;tbbt_s02e01_d91597;off;568.69;572.1;568.69;572.1;0.0;
s02e01;tbbt_s02e01_d7735;off;573.0;580.41;573.0;580.41;0.0;
s02e01;tbbt_s02e01_d7736;off;580.41;585.26;580.41;585.26;0.0;
s02e01;tbbt_s02e01_d7737;off;595.52;605.5;595.52;605.5;0.0;
s02e01;tbbt_s02e01_d74056;off;637.88;640.08;637.88;640.08;0.0;
s02e01;tbbt_s02e01_d74055;off;638.19;641.66;638.19;641.66;0.0;
s02e01;tbbt_s02e01_d74058;off;639.45;642.92;639.45;642.92;0.0;
s02e01;tbbt_s02e01_d74057;off;684.21;687.36;684.21;687.36;0.0;
s02e01;tbbt_s02e01_d74100;off;790.07;792.35;790.07;792.35;0.0;
s02e01;tbbt_s02e01_d74103;off;790.64;792.63;790.64;792.63;0.0;
s02e01;tbbt_s02e01_d74101;off;794.34;798.33;794.34;798.33;0.0;
s02e01;tbbt_s02e01_d74102;off;800.62;802.04;800.62;802.04;0.0;
s02e01;tbbt_s02e01_d74095;off;810.0;816.71;810.0;816.71;0.0;
s02e01;tbbt_s02e01_d74096;off;845.4;854.25;845.4;854.25;0.0;
s02e01;tbbt_s02e01_d74098;off;850.58;853.64;850.58;853.64;0.0;
s02e01;tbbt_s02e01_d74097;off;860.35;863.4;860.35;863.4;0.0;
s02e01;tbbt_s02e01_d74099;off;866.15;871.03;867.19;872.07;1.04;shifted
s02e01;tbbt_s02e01_d85400;off;871.0;874.72;871.0;874.72;0.0;
s02e01;tbbt_s02e01_d85403;off;871.0;875.34;871.0;875.34;0.0;
s02e01;tbbt_s02e01_d85401;off;879.37;886.51;879.37;886.51;0.0;
s02e01;tbbt_s02e01_d85402;off;904.81;911.94;904.81;911.94;0.0;
s02e01;tbbt_s02e01_d90955;off;933.0;937.56;933.0;937.56;0.0;
s02e01;tbbt_s02e01_d90956;off;947.54;953.24;947.54;953.24;0.0;
s02e01;tbbt_s02e01_d90957;off;984.89;990.02;984.89;990.02;0.0;
s02e01;tbbt_s02e01_d29615;off;990.0;1004.65;990.0;1004.65;0.0;
s02e01;tbbt_s02e01_d29618;off;994.27;1003.73;994.27;1003.73;0.0;
s02e01;tbbt_s02e01_d29616;off;1011.97;1016.85;1011.97;1016.85;0.0;
s02e01;tbbt_s02e01_d29619;off;1011.97;1020.21;1011.97;1020.21;0.0;
s02e01;tbbt_s02e01_d29617;off;1048.59;1051.03;1048.59;1051.03;0.0;
s02e01;tbbt_s02e01_d29620;off;1076.53;1078.42;1076.53;1078.42;0.0;
s02e01;tbbt_s02e01_d29621;off;1081.25;1083.78;1081.52;1084.05;0.27;shifted
s02e01;tbbt_s02e01_d29622;off;1106.78;1108.36;1106.78;1108.36;0.0;
s02e01;tbbt_s02e01_d29595;off;1114.0;1118.35;1114.0;1118.35;0.0;
s02e01;tbbt_s02e01_d29596;off;1123.57;1130.25;1123.57;1130.25;0.0;
s02e01;tbbt_s02e01_d29597;off;1131.7;1139.53;1131.7;1139.53;0.0;
s02e01;tbbt_s02e01_d29598;off;1152.59;1155.49;1152.59;1155.49;0.0;
s02e01;tbbt_s02e01_d29600;off;1172.89;1178.2;1172.89;1178.2;0.0;
s02e01;tbbt_s02e01_d29601;off;1191.18;1203.87;1191.18;1203.87;0.0;
s02e01;tbbt_s02e01_d29604;off;1208.3;1231.03;1208.3;1231.03;0.0;
s02e01;tbbt_s02e01_d29602;off;1227.19;1229.25;1227.19;1229.25;0.0;
s02e01;tbbt_s02e01_d29605;off;1231.0;1236.29;1231.0;1236.29;0.0;
s02e01;tbbt_s02e01_d29606;off;1265.75;1267.82;1265.75;1267.82;0.0;
s02e01;tbbt_s02e01_d29607;off;1271.73;1277.02;1271.73;1277.02;0.0;
s02e13;tbbt_s02e13_d77725;off;1.65;8.25;1.65;8.25;0.0;
s02e13;tbbt_s02e13_d77728;off;1.98;8.25;1.98;8.25;0.0;
s02e13;tbbt_s02e13_d77726;off;28.39;33.02;28.39;33.02;0.0;
s02e13;tbbt_s02e13_d77729;off;36.32;42.59;36.32;42.59;0.0;
s02e13;tbbt_s02e13_d77727;off;46.55;50.19;46.55;50.19;0.0;
s02e13;tbbt_s02e13_d77720;off;66.0;72.72;66.0;72.72;0.0;
s02e13;tbbt_s02e13_d77721;off;74.96;85.89;74.96;85.89;0.0;
s02e13;tbbt_s02e13_d77722;off;85.33;103.82;85.33;103.82;0.0;
s02e13;tbbt_s02e13_d77724;off;108.02;110.54;108.02;110.54;0.0;
s02e13;tbbt_s02e13_d77730;off;133.9;135.95;133.9;135.95;0.0;
s02e13;tbbt_s02e13_d77731;off;156.46;159.13;156.46;159.13;0.0;
s02e13;tbbt_s02e13_d77732;off;158.92;163.02;158.92;163.02;0.0;
s02e13;tbbt_s02e13_d47836;off;187.75;211.24;189.16;212.65;1.41;shifted
s02e13;tbbt_s02e13_d47835;off;211.55;219.79;211.55;219.79;0.0;
s02e13;tbbt_s02e13_d47839;off;212.46;215.51;212.46;215.51;0.0;
s02e13;tbbt_s02e13_d47837;off;229.86;231.38;229.86;231.38;0.0;
s02e13;tbbt_s02e13_d47840;off;251.8;253.02;251.8;253.02;0.0;
s02e13;tbbt_s02e13_d47841;off;253.93;256.37;253.93;256.37;0.0;
s02e13;tbbt_s02e13_d47842;off;301.54;305.2;301.54;305.2;0.0;spans_mask
s02e13;tbbt_s02e13_d47828;off;307.0;316.76;307.0;316.76;0.0;
s02e13;tbbt_s02e13_d47825;off;307.31;309.75;307.31;309.75;0.0;
s02e13;tbbt_s02e13_d47826;off;343.92;345.45;343.92;345.45;0.0;
s02e13;tbbt_s02e13_d47827;off;346.67;348.5;346.67;348.5;0.0;
s02e13;tbbt_s02e13_d47832;off;368.0;376.12;368.0;376.12;0.0;
s02e13;tbbt_s02e13_d47830;off;393.53;400.2;393.53;400.2;0.0;
s02e13;tbbt_s02e13_d47831;off;402.23;411.52;403.41;412.7;1.18;shifted
s02e13;tbbt_s02e13_d47815;off;428.1;433.5;428.1;433.5;0.0;
s02e13;tbbt_s02e13_d47816;off;429.6;431.4;429.6;431.4;0.0;
s02e13;tbbt_s02e13_d47817;off;476.42;478.22;476.42;478.22;0.0;
s02e13;tbbt_s02e13_d47823;off;486.0;489.35;486.0;489.35;0.0;
s02e13;tbbt_s02e13_d47822;off;517.17;520.52;517.17;520.52;0.0;
s02e13;tbbt_s02e13_d47824;off;520.18;526.88;520.18;526.88;0.0;
s02e13;tbbt_s02e13_d47820;off;524.2;527.55;524.2;527.55;0.0;
s02e13;tbbt_s02e13_d47821;off;534.26;536.94;534.26;536.94;0.0;
s02e13;tbbt_s02e13_d47805;off;553.0;569.53;553.0;569.53;0.0;
s02e13;tbbt_s02e13_d47806;off;590.26;594.74;590.26;594.74;0.0;
s02e13;tbbt_s02e13_d47807;off;601.74;607.06;601.74;607.06;0.0;
s02e13;tbbt_s02e13_d47809;off;603.42;609.02;603.42;609.02;0.0;
s02e13;tbbt_s02e13_d16301;off;628.1;634.38;628.1;634.38;0.0;
s02e13;tbbt_s02e13_d16300;off;639.22;646.35;639.22;646.35;0.0;
s02e13;tbbt_s02e13_d16304;off;640.65;643.21;640.65;643.21;0.0;
s02e13;tbbt_s02e13_d16302;off;651.48;664.03;651.48;664.03;0.0;
s02e13;tbbt_s02e13_d47853;off;688.21;693.31;688.21;693.31;0.0;
s02e13;tbbt_s02e13_d47850;off;688.51;692.11;688.51;692.11;0.0;
s02e13;tbbt_s02e13_d47851;off;698.71;701.42;698.71;701.42;0.0;
s02e13;tbbt_s02e13_d47854;off;699.61;711.62;699.61;711.62;0.0;
s02e13;tbbt_s02e13_d47852;off;711.02;715.82;711.02;715.82;0.0;
s02e13;tbbt_s02e13_d47856;off;726.64;734.32;726.64;734.32;0.0;
s02e13;tbbt_s02e13_d47857;off;732.4;738.49;732.4;738.49;0.0;
s02e13;tbbt_s02e13_d47855;off;743.29;749.69;743.29;749.69;0.0;
s02e13;tbbt_s02e13_d5810;off;790.0;798.55;790.0;798.55;0.0;
s02e13;tbbt_s02e13_d5811;off;799.69;804.83;799.69;804.83;0.0;
s02e13;tbbt_s02e13_d5813;off;802.55;808.25;802.55;808.25;0.0;
s02e13;tbbt_s02e13_d5814;off;820.51;830.77;820.51;830.77;0.0;
s02e13;tbbt_s02e13_d5812;off;837.9;839.04;837.9;839.04;0.0;
s02e13;tbbt_s02e13_d5805;off;847.0;851.65;847.0;851.65;0.0;
s02e13;tbbt_s02e13_d5806;off;855.06;857.86;855.06;857.86;0.0;
s02e13;tbbt_s02e13_d5807;off;903.45;905.62;903.45;905.62;0.0;
s02e13;tbbt_s02e13_d33248;off;915.09;920.61;915.09;920.61;0.0;
s02e13;tbbt_s02e13_d33245;off;915.38;920.02;915.38;920.02;0.0;
s02e13;tbbt_s02e13_d33246;off;931.63;950.2;931.63;950.2;0.0;
s02e13;tbbt_s02e13_d33247;off;950.49;951.94;950.49;951.94;0.0;
s02e13;tbbt_s02e13_d41865;off;974.44;979.41;974.44;979.41;0.0;
s02e13;tbbt_s02e13_d41866;off;995.84;998.01;996.15;998.32;0.31;shifted
s02e13;tbbt_s02e13_d41867;off;1021.9;1024.07;1021.9;1024.07;0.0;
s02e13;tbbt_s02e13_d5830;off;1029.0;1038.44;1029.0;1038.44;0.0;
s02e13;tbbt_s02e13_d5831;off;1037.26;1041.4;1037.26;1041.4;0.0;
s02e13;tbbt_s02e13_d5832;off;1052.32;1058.51;1052.32;1058.51;0.0;
s02e13;tbbt_s02e13_d5825;off;1095.5;1099.1;1095.5;1099.1;0.0;
s02e13;tbbt_s02e13_d5828;off;1096.7;1102.11;1096.7;1102.11;0.0;
s02e13;tbbt_s02e13_d5826;off;1121.01;1123.12;1121.01;1123.12;0.0;
s02e13;tbbt_s02e13_d5827;off;1134.22;1137.22;1134.22;1137.22;0.0;
s02e13;tbbt_s02e13_d5829;off;1136.32;1137.82;1136.32;1137.82;0.0;
s02e13;tbbt_s02e13_d5843;off;1148.0;1170.02;1148.0;1170.02;0.0;
s02e13;tbbt_s02e13_d5840;off;1150.79;1153.58;1150.79;1153.58;0.0;
s02e13;tbbt_s02e13_d5841;off;1159.48;1168.78;1159.48;1168.78;0.0;
s02e13;tbbt_s02e13_d5842;off;1186.77;1192.97;1186.77;1192.97;0.0;
s02e13;tbbt_s02e13_d5835;off;1227.61;1230.01;1227.61;1230.01;0.0;
s02e13;tbbt_s02e13_d5836;off;1234.21;1237.82;1234.21;1237.82;0.0;
s02e13;tbbt_s02e13_d5837;off;1239.22;1248.62;1239.22;1248.62;0.0;
s02e13;tbbt_s02e13_d5839;off;1240.22;1250.02;1240.22;1250.02;0.0;
s02e21;tbbt_s02e21_d38383;off;1.58;43.81;1.58;43.81;0.0;
s02e21;tbbt_s02e21_d38382;off;7.56;11.03;7.56;11.03;0.0;
s02e21;tbbt_s02e21_d38380;off;44.75;48.53;44.75;48.53;0.0;
s02e21;tbbt_s02e21_d38384;off;45.7;49.48;45.7;49.48;0.0;
s02e21;tbbt_s02e21_d38381;off;49.16;52.95;49.16;52.95;0.0;
s02e21;tbbt_s02e21_d21710;off;79.48;84.34;79.48;84.34;0.0;
s02e21;tbbt_s02e21_d21711;off;92.17;97.58;92.17;97.58;0.0;
s02e21;tbbt_s02e21_d21713;off;95.41;98.39;95.41;98.39;0.0;
s02e21;tbbt_s02e21_d21712;off;109.46;111.89;109.46;111.89;0.0;
s02e21;tbbt_s02e21_d66270;off;141.83;151.29;143.52;152.98;1.69;shifted
s02e21;tbbt_s02e21_d66271;off;157.09;164.41;157.09;164.41;0.0;
s02e21;tbbt_s02e21_d66272;off;164.72;174.18;164.72;174.18;0.0;
s02e21;tbbt_s02e21_d66274;off;175.4;178.45;175.4;178.45;0.0;
s02e21;tbbt_s02e21_d66280;off;267.8;270.85;267.8;270.85;0.0;
s02e21;tbbt_s02e21_d66281;off;272.99;277.26;272.99;277.26;0.0;
s02e21;tbbt_s02e21_d66282;off;303.19;306.86;303.19;306.86;0.0;
s02e21;tbbt_s02e21_d66275;off;323.0;329.38;323.0;329.38;0.0;
s02e21;tbbt_s02e21_d66278;off;324.45;327.35;324.45;327.35;0.0;
s02e21;tbbt_s02e21_d66276;off;352.3;361.59;352.3;361.59;0.0;
s02e21;tbbt_s02e21_d66279;off;353.75;358.11;353.75;358.11;0.0;
s02e21;tbbt_s02e21_d66277;off;375.22;380.73;376.12;381.63;0.9;shifted
s02e21;tbbt_s02e21_d87538;off;381.0;391.2;381.0;391.2;0.0;
s02e21;tbbt_s02e21_d87535;off;388.8;391.2;388.8;391.2;0.0;
s02e21;tbbt_s02e21_d87536;off;412.81;424.22;412.81;424.22;0.0;
s02e21;tbbt_s02e21_d87537;off;425.42;429.32;425.42;429.32;0.0;
s02e21;tbbt_s02e21_d87539;off;427.22;438.93;427.22;438.93;0.0;
s02e21;tbbt_s02e21_d66245;off;442.24;453.41;442.24;453.41;0.0;
s02e21;tbbt_s02e21_d66248;off;454.65;472.32;454.65;472.32;0.0;
s02e21;tbbt_s02e21_d66246;off;473.26;476.98;473.26;476.98;0.0;spans_mask
s02e21;tbbt_s02e21_d66247;off;484.73;487.21;484.73;487.21;0.0;
s02e21;tbbt_s02e21_d88800;off;519.25;523.02;519.25;523.02;0.0;
s02e21;tbbt_s02e21_d88803;off;522.15;525.05;522.15;525.05;0.0;
s02e21;tbbt_s02e21_d88801;off;536.36;541.59;536.36;541.59;0.0;
s02e21;tbbt_s02e21_d88802;off;545.36;547.68;545.36;547.68;0.0;
s02e21;tbbt_s02e21_d88804;off;553.77;555.8;553.77;555.8;0.0;
s02e21;tbbt_s02e21_d87540;off;561.0;564.66;561.0;564.66;0.0;
s02e21;tbbt_s02e21_d87544;off;564.66;571.37;564.66;571.37;0.0;
s02e21;tbbt_s02e21_d87541;off;570.15;575.95;570.15;575.95;0.0;
s02e21;tbbt_s02e21_d87542;off;617.45;620.81;617.45;620.81;0.0;
s02e21;tbbt_s02e21_d66290;off;629.63;631.76;629.63;631.76;0.0;
s02e21;tbbt_s02e21_d66294;off;651.6;654.65;651.6;654.65;0.0;
s02e21;tbbt_s02e21_d66291;off;653.12;654.65;653.12;654.65;0.0;
s02e21;tbbt_s02e21_d66292;off;672.35;678.76;672.35;678.76;0.0;
s02e21;tbbt_s02e21_d7826;off;747.0;771.27;747.0;771.27;0.0;
s02e21;tbbt_s02e21_d7825;off;772.53;799.31;772.53;799.31;0.0;spans_mask
s02e21;tbbt_s02e21_d7827;off;773.47;778.83;774.42;779.78;0.95;shifted
s02e21;tbbt_s02e21_d7945;off;810.0;814.68;810.0;814.68;0.0;
s02e21;tbbt_s02e21_d7948;off;810.0;854.48;810.0;854.48;0.0;
s02e21;tbbt_s02e21_d7946;off;827.43;831.33;827.43;831.33;0.0;
s02e21;tbbt_s02e21_d7949;off;855.78;862.02;855.78;862.02;0.0;spans_mask
s02e21;tbbt_s02e21_d7947;off;857.34;860.46;857.34;860.46;0.0;
s02e21;tbbt_s02e21_d21695;off;877.13;879.65;877.13;879.65;0.0;
s02e21;tbbt_s02e21_d21698;off;878.7;881.22;878.7;881.22;0.0;
s02e21;tbbt_s02e21_d21696;off;879.96;882.17;879.96;882.17;0.0;
s02e21;tbbt_s02e21_d21697;off;887.84;889.73;887.84;889.73;0.0;
s02e21;tbbt_s02e21_d7728;off;938.07;942.09;938.07;942.09;0.0;
s02e21;tbbt_s02e21_d7725;off;939.41;942.09;939.41;942.09;0.0;
s02e21;tbbt_s02e21_d7726;off;983.65;984.99;983.65;984.99;0.0;
s02e21;tbbt_s02e21_d7727;off;985.32;992.02;985.32;992.02;0.0;
s02e21;tbbt_s02e21_d97625;off;992.26;998.5;992.26;998.5;0.0;
s02e21;tbbt_s02e21_d97626;off;1003.18;1007.35;1003.18;1007.35;0.0;spans_mask
s02e21;tbbt_s02e21_d97627;off;1034.14;1037.26;1034.14;1037.26;0.0;
s02e21;tbbt_s02e21_d21731;off;1044.0;1047.97;1044.0;1047.97;0.0;
s02e21;tbbt_s02e21_d21732;off;1052.85;1066.58;1052.85;1066.58;0.0;
s02e21;tbbt_s02e21_d21730;off;1095.26;1105.03;1095.26;1105.03;0.0;
s02e21;tbbt_s02e21_d38435;off;1107.07;1109.72;1107.07;1109.72;0.0;
s02e21;tbbt_s02e21_d38436;off;1150.15;1152.22;1150.15;1152.22;0.0;
s02e21;tbbt_s02e21_d38437;off;1154.29;1157.83;1154.29;1157.83;0.0;
s02e21;tbbt_s02e21_d38462;off;1170.79;1173.74;1170.79;1173.74;0.0;
s02e21;tbbt_s02e21_d38460;off;1171.67;1175.81;1171.67;1175.81;0.0;
s02e21;tbbt_s02e21_d38463;off;1179.64;1182.59;1179.64;1182.59;0.0;
s02e21;tbbt_s02e21_d38461;off;1180.82;1182.89;1180.82;1182.89;0.0;
s02e21;tbbt_s02e21_d38265;off;1237.07;1238.97;1237.07;1238.97;0.0;
s02e21;tbbt_s02e21_d38266;off;1240.49;1243.53;1240.49;1243.53;0.0;
s02e21;tbbt_s02e21_d38269;off;1243.15;1248.29;1243.15;1248.29;0.0;
s02e21;tbbt_s02e21_d38267;off;1244.29;1248.29;1244.29;1248.29;0.0;
s03e02;tbbt_s03e02_d43325;off;63.0;73.08;63.0;73.08;0.0;
s03e02;tbbt_s03e02_d43326;off;89.29;93.97;89.29;93.97;0.0;
s03e02;tbbt_s03e02_d43327;off;121.34;127.46;121.34;127.46;0.0;
s03e02;tbbt_s03e02_d73185;off;163.73;168.14;163.73;168.14;0.0;
s03e02;tbbt_s03e02_d73187;off;175.7;176.65;175.7;176.65;0.0;
s03e02;tbbt_s03e02_d73186;off;197.13;199.65;197.13;199.65;0.0;
s03e02;tbbt_s03e02_d73165;off;228.2;234.99;228.2;234.99;0.0;
s03e02;tbbt_s03e02_d73167;off;243.54;246.79;243.54;246.79;0.0;
s03e02;tbbt_s03e02_d73169;off;270.4;273.35;270.4;273.35;0.0;
s03e02;tbbt_s03e02_d73166;off;270.99;273.35;270.99;273.35;0.0;
s03e02;tbbt_s03e02_d27755;off;282.18;285.43;282.18;285.43;0.0;
s03e02;tbbt_s03e02_d27758;off;308.45;314.94;308.45;314.94;0.0;
s03e02;tbbt_s03e02_d27756;off;310.22;315.83;310.22;315.83;0.0;
s03e02;tbbt_s03e02_d27759;off;319.66;323.79;319.66;323.79;0.0;
s03e02;tbbt_s03e02_d27757;off;321.73;332.65;321.73;332.65;0.0;
s03e02;tbbt_s03e02_d27750;off;355.56;357.09;355.56;357.09;0.0;
s03e02;tbbt_s03e02_d27751;off;363.8;365.94;363.8;365.94;0.0;
s03e02;tbbt_s03e02_d27753;off;370.51;375.7;370.51;375.7;0.0;
s03e02;tbbt_s03e02_d27752;off;371.73;378.45;371.73;378.45;0.0;
s03e02;tbbt_s03e02_d27754;off;397.37;401.03;397.37;401.03;0.0;
s03e02;tbbt_s03e02_d27745;off;408.93;414.12;408.93;414.12;0.0;
s03e02;tbbt_s03e02_d27746;off;422.66;427.55;422.66;427.55;0.0;
s03e02;tbbt_s03e02_d27747;off;444.02;447.08;444.02;447.08;0.0;
s03e02;tbbt_s03e02_d73081;off;489.61;491.71;489.61;491.71;0.0;
s03e02;tbbt_s03e02_d73080;off;504.92;507.32;504.92;507.32;0.0;
s03e02;tbbt_s03e02_d73082;off;518.43;522.03;518.43;522.03;0.0;
s03e02;tbbt_s03e02_d89805;off;522.0;527.8;522.0;527.8;0.0;
s03e02;tbbt_s03e02_d89806;off;529.93;533.9;529.93;533.9;0.0;
s03e02;tbbt_s03e02_d89809;off;553.12;564.11;553.12;564.11;0.0;
s03e02;tbbt_s03e02_d89807;off;554.34;562.89;554.34;562.89;0.0;
s03e02;tbbt_s03e02_d27730;off;592.0;597.11;592.0;597.11;0.0;
s03e02;tbbt_s03e02_d27731;off;606.71;612.41;606.71;612.41;0.0;
s03e02;tbbt_s03e02_d27732;off;633.42;638.83;633.42;638.83;0.0;
s03e02;tbbt_s03e02_d34348;off;643.0;646.19;643.0;646.19;0.0;
s03e02;tbbt_s03e02_d34345;off;645.32;647.35;645.32;647.35;0.0;
s03e02;tbbt_s03e02_d34346;off;662.44;664.76;662.44;664.76;0.0;
s03e02;tbbt_s03e02_d34347;off;686.81;689.13;686.81;689.13;0.0;
s03e02;tbbt_s03e02_d73055;off;705.2;706.7;705.59;707.09;0.39;shifted
s03e02;tbbt_s03e02_d73058;off;705.2;707.9;705.59;708.29;0.39;shifted
s03e02;tbbt_s03e02_d73056;off;706.4;713.91;706.4;713.91;0.0;
s03e02;tbbt_s03e02_d73057;off;723.51;731.01;723.51;731.01;0.0;
s03e02;tbbt_s03e02_d73059;off;753.22;755.32;753.22;755.32;0.0;
s03e02;tbbt_s03e02_d88925;off;761.0;764.72;761.0;764.72;0.0;
s03e02;tbbt_s03e02_d88928;off;761.0;765.03;761.0;765.03;0.0;
s03e02;tbbt_s03e02_d88926;off;774.96;779.3;774.96;779.3;0.0;
s03e02;tbbt_s03e02_d88929;off;783.95;785.19;783.95;785.19;0.0;
s03e02;tbbt_s03e02_d88927;off;815.28;819.93;815.28;819.93;0.0;
s03e02;tbbt_s03e02_d63697;off;832.57;834.02;832.57;834.02;0.0;
s03e02;tbbt_s03e02_d63699;off;843.31;846.21;843.31;846.21;0.0;
s03e02;tbbt_s03e02_d63695;off;844.18;845.92;844.18;845.92;0.0;
s03e02;tbbt_s03e02_d63696;off;845.92;847.08;845.92;847.08;0.0;
s03e02;tbbt_s03e02_d63708;off;906.12;910.15;906.12;910.15;0.0;
s03e02;tbbt_s03e02_d63705;off;906.74;909.53;906.74;909.53;0.0;
s03e02;tbbt_s03e02_d63706;off;909.22;917.29;909.22;917.29;0.0;
s03e02;tbbt_s03e02_d63707;off;937.14;943.03;937.14;943.03;0.0;
s03e02;tbbt_s03e02_d69007;off;943.0;947.5;943.0;947.5;0.0;
s03e02;tbbt_s03e02_d69006;off;956.51;963.71;956.51;963.71;0.0;
s03e02;tbbt_s03e02_d69008;off;970.91;973.61;970.91;973.61;0.0;
s03e02;tbbt_s03e02_d69005;off;971.21;980.52;971.21;980.52;0.0;
s03e02;tbbt_s03e02_d69009;off;980.22;981.12;980.22;981.12;0.0;
s03e02;tbbt_s03e02_d88918;off;1005.0;1017.83;1005.0;1017.83;0.0;
s03e02;tbbt_s03e02_d88915;off;1038.07;1039.21;1038.07;1039.21;0.0;
s03e02;tbbt_s03e02_d88916;off;1043.49;1045.77;1043.49;1045.77;0.0;
s03e02;tbbt_s03e02_d88917;off;1054.04;1056.6;1054.04;1056.6;0.0;
s03e02;tbbt_s03e02_d88919;off;1057.74;1059.17;1058.67;1060.1;0.93;shifted
s03e02;tbbt_s03e02_d68975;off;1062.75;1068.54;1062.75;1068.54;0.0;
s03e02;tbbt_s03e02_d68977;off;1074.65;1114.31;1074.65;1114.31;0.0;
s03e02;tbbt_s03e02_d68976;off;1081.66;1090.51;1081.66;1090.51;0.0;
s03e02;tbbt_s03e02_d79560;off;1145.11;1147.24;1145.11;1147.24;0.0;
s03e02;tbbt_s03e02_d79561;off;1149.07;1151.82;1149.66;1152.41;0.59;shifted
s03e02;tbbt_s03e02_d79563;off;1149.07;1152.73;1149.66;1153.32;0.59;shifted
s03e02;tbbt_s03e02_d79562;off;1159.14;1164.94;1159.14;1164.94;0.0;
s03e02;tbbt_s03e02_d79564;off;1160.06;1164.33;1160.06;1164.33;0.0;
s03e02;tbbt_s03e02_d68988;off;1182.0;1184.59;1182.0;1184.59;0.0;
s03e02;tbbt_s03e02_d68987;off;1197.55;1207.91;1197.55;1207.91;0.0;
s03e02;tbbt_s03e02_d68986;off;1212.35;1216.05;1212.51;1216.21;0.16;shifted
s03e02;tbbt_s03e02_d68989;off;1240.85;1248.62;1240.85;1248.62;0.0;
s03e02;tbbt_s03e02_d68985;off;1245.29;1256.02;1245.29;1256.02;0.0;
s03e15;tbbt_s03e15_d49030;off;3.15;18.28;3.42;18.55;0.27;shifted
s03e15;tbbt_s03e15_d49033;off;3.47;8.82;3.47;8.82;0.0;
s03e15;tbbt_s03e15_d49032;off;36.56;40.97;36.56;40.97;0.0;
s03e15;tbbt_s03e15_d49031;off;37.82;41.6;37.82;41.6;0.0;
s03e15;tbbt_s03e15_d49034;off;42.86;45.38;42.86;45.38;0.0;
s03e15;tbbt_s03e15_d49035;off;63.0;66.0;63.0;66.0;0.0;
s03e15;tbbt_s03e15_d49037;off;77.41;87.31;77.41;87.31;0.0;
s03e15;tbbt_s03e15_d49036;off;95.41;105.02;95.41;105.02;0.0;
s03e15;tbbt_s03e15_d48709;off;128.61;136.87;128.61;136.87;0.0;
s03e15;tbbt_s03e15_d48705;off;171.53;176.16;171.53;176.16;0.0;
s03e15;tbbt_s03e15_d48708;off;175.83;179.79;175.83;179.79;0.0;
s03e15;tbbt_s03e15_d48706;off;177.48;178.8;177.48;178.8;0.0;
s03e15;tbbt_s03e15_d48707;off;184.41;186.06;184.41;186.06;0.0;
s03e15;tbbt_s03e15_d62365;off;218.19;226.12;218.19;226.12;0.0;
s03e15;tbbt_s03e15_d62366;off;229.17;232.83;229.17;232.83;0.0;
s03e15;tbbt_s03e15_d62367;off;270.37;274.03;270.37;274.03;0.0;
s03e15;tbbt_s03e15_d82970;off;279.4;292.31;279.4;292.31;0.0;
s03e15;tbbt_s03e15_d82972;off;292.91;298.31;292.91;298.31;0.0;
s03e15;tbbt_s03e15_d82971;off;318.12;323.22;318.12;323.22;0.0;
s03e15;tbbt_s03e15_d82965;off;362.22;373.7;362.22;373.7;0.0;
s03e15;tbbt_s03e15_d82966;off;374.32;378.35;374.32;378.35;0.0;
s03e15;tbbt_s03e15_d82969;off;374.63;377.11;374.63;377.11;0.0;
s03e15;tbbt_s03e15_d82967;off;375.87;396.03;375.87;396.03;0.0;
s03e15;tbbt_s03e15_d82963;off;400.43;402.49;400.43;402.49;0.0;
s03e15;tbbt_s03e15_d82960;off;401.61;404.56;401.61;404.56;0.0;
s03e15;tbbt_s03e15_d82961;off;435.55;445.29;435.55;445.29;0.0;
s03e15;tbbt_s03e15_d82964;off;442.63;446.76;442.63;446.76;0.0;
s03e15;tbbt_s03e15_d82962;off;447.94;453.85;447.94;453.85;0.0;
s03e15;tbbt_s03e15_d70910;off;455.0;461.93;455.0;461.93;0.0;
s03e15;tbbt_s03e15_d70911;off;464.45;470.44;464.45;470.44;0.0;
s03e15;tbbt_s03e15_d70912;off;501.33;518.03;502.14;518.84;0.81;shifted
s03e15;tbbt_s03e15_d82950;off;518.0;528.08;518.0;528.08;0.0;
s03e15;tbbt_s03e15_d82951;off;528.08;532.01;528.08;532.01;0.0;
s03e15;tbbt_s03e15_d82952;off;567.86;574.02;567.86;574.02;0.0;
s03e15;tbbt_s03e15_d62310;off;574.0;578.58;574.0;578.58;0.0;
s03e15;tbbt_s03e15_d62311;off;582.85;587.12;582.85;587.12;0.0;
s03e15;tbbt_s03e15_d62312;off;597.8;601.77;597.8;601.77;0.0;
s03e15;tbbt_s03e15_d62314;off;613.67;619.47;613.67;619.47;0.0;
s03e15;tbbt_s03e15_d62300;off;635.0;649.41;635.0;649.41;0.0;
s03e15;tbbt_s03e15_d62301;off;654.51;661.41;654.51;661.41;0.0;
s03e15;tbbt_s03e15_d62304;off;655.11;661.41;655.11;661.41;0.0;
s03e15;tbbt_s03e15_d62302;off;670.12;680.32;670.12;680.32;0.0;
s03e15;tbbt_s03e15_d70615;off;695.0;698.47;695.0;698.47;0.0;
s03e15;tbbt_s03e15_d70618;off;695.0;699.41;695.0;699.41;0.0;
s03e15;tbbt_s03e15_d70616;off;725.57;729.35;725.57;729.35;0.0;
s03e15;tbbt_s03e15_d70619;off;737.55;739.44;737.55;739.44;0.0;
s03e15;tbbt_s03e15_d70617;off;743.85;748.26;743.85;748.26;0.0;
s03e15;tbbt_s03e15_d62275;off;785.27;787.88;785.27;787.88;0.0;
s03e15;tbbt_s03e15_d62278;off;785.56;790.2;785.56;790.2;0.0;
s03e15;tbbt_s03e15_d62276;off;795.14;796.01;795.14;796.01;0.0;
s03e15;tbbt_s03e15_d62277;off;799.49;800.94;799.49;800.94;0.0;
s03e15;tbbt_s03e15_d37865;off;816.0;859.52;816.0;859.52;0.0;
s03e15;tbbt_s03e15_d37866;off;855.46;858.36;855.46;858.36;0.0;
s03e15;tbbt_s03e15_d37869;off;860.68;864.16;860.68;864.16;0.0;
s03e15;tbbt_s03e15_d37867;off;861.55;865.32;861.55;865.32;0.0;
s03e15;tbbt_s03e15_d53173;off;874.0;877.66;874.0;877.66;0.0;
s03e15;tbbt_s03e15_d53170;off;875.83;883.46;875.83;883.46;0.0;
s03e15;tbbt_s03e15_d53171;off;900.85;913.67;900.85;913.67;0.0;
s03e15;tbbt_s03e15_d53172;off;920.69;935.03;920.69;935.03;0.0;
s03e15;tbbt_s03e15_d53185;off;940.49;942.93;940.49;942.93;0.0;
s03e15;tbbt_s03e15_d53186;off;950.87;953.92;950.87;953.92;0.0;
s03e15;tbbt_s03e15_d53187;off;974.67;978.64;974.67;978.64;0.0;
s03e15;tbbt_s03e15_d53205;off;1016.07;1021.09;1016.07;1021.09;0.0;
s03e15;tbbt_s03e15_d53207;off;1020.79;1025.22;1020.79;1025.22;0.0;
s03e15;tbbt_s03e15_d53206;off;1045.88;1052.96;1045.88;1052.96;0.0;
s03e15;tbbt_s03e15_d95208;off;1055.0;1074.48;1055.0;1074.48;0.0;
s03e15;tbbt_s03e15_d95207;off;1059.72;1061.79;1059.72;1061.79;0.0;
s03e15;tbbt_s03e15_d95206;off;1068.58;1075.66;1068.58;1075.52;0.0;trimmed
s03e15;tbbt_s03e15_d95209;off;1078.02;1080.68;1078.02;1080.68;0.0;
s03e15;tbbt_s03e15_d95205;off;1093.96;1114.03;1093.96;1114.03;0.0;
s03e15;tbbt_s03e15_d53115;off;1114.0;1120.9;1114.0;1120.9;0.0;
s03e15;tbbt_s03e15_d53116;off;1122.7;1133.21;1122.7;1133.21;0.0;
s03e15;tbbt_s03e15_d53119;off;1139.51;1144.31;1139.51;1144.31;0.0;
s03e15;tbbt_s03e15_d53117;off;1160.82;1171.03;1160.82;1171.03;0.0;
s03e15;tbbt_s03e15_d37855;off;1174.0;1180.75;1174.0;1180.75;0.0;
s03e15;tbbt_s03e15_d37858;off;1178.88;1183.0;1178.88;1183.0;0.0;
s03e15;tbbt_s03e15_d37856;off;1183.38;1190.13;1183.38;1190.13;0.0;
s03e15;tbbt_s03e15_d37857;off;1226.89;1232.52;1226.89;1232.52;0.0;
s03e15;tbbt_s03e15_d37859;off;1226.89;1234.02;1226.89;1234.02;0.0;
s03e19;tbbt_s03e19_d54440;off;3.12;12.02;3.39;12.29;0.27;shifted
s03e19;tbbt_s03e19_d54443;off;40.95;46.74;40.95;46.74;0.0;
s03e19;tbbt_s03e19_d54441;off;41.4;46.74;41.4;46.74;0.0;
s03e19;tbbt_s03e19_d54442;off;55.19;65.88;55.19;65.88;0.0;
s03e19;tbbt_s03e19_d54444;off;81.01;83.68;81.01;83.68;0.0;
s03e19;tbbt_s03e19_d96735;off;120.41;124.37;120.41;124.37;0.0;
s03e19;tbbt_s03e19_d96738;off;127.73;129.56;127.73;129.56;0.0;
s03e19;tbbt_s03e19_d96736;off;128.34;136.28;128.34;136.28;0.0;
s03e19;tbbt_s03e19_d96739;off;134.14;137.8;134.14;137.8;0.0;
s03e19;tbbt_s03e19_d96737;off;153.06;160.38;153.06;160.38;0.0;
s03e19;tbbt_s03e19_d19955;off;186.41;191.21;186.41;191.21;0.0;
s03e19;tbbt_s03e19_d19958;off;188.51;191.81;188.51;191.79;0.0;trimmed
s03e19;tbbt_s03e19_d19956;off;193.01;195.11;193.12;195.22;0.11;shifted
s03e19;tbbt_s03e19_d19957;off;216.12;218.52;216.12;218.52;0.0;
s03e19;tbbt_s03e19_d19959;off;216.42;218.52;216.42;218.52;0.0;
s03e19;tbbt_s03e19_d19953;off;235.0;237.52;235.0;237.52;0.0;
s03e19;tbbt_s03e19_d19951;off;256.43;260.21;256.43;260.21;0.0;
s03e19;tbbt_s03e19_d19950;off;272.82;276.91;272.82;276.91;0.0;
s03e19;tbbt_s03e19_d19952;off;296.45;298.03;296.45;298.03;0.0;
s03e19;tbbt_s03e19_d28637;off;301.99;303.99;301.99;303.99;0.0;
s03e19;tbbt_s03e19_d28639;off;339.34;346.76;339.34;346.76;0.0;
s03e19;tbbt_s03e19_d28635;off;343.9;345.62;343.9;345.62;0.0;
s03e19;tbbt_s03e19_d28636;off;352.46;355.02;352.48;355.04;0.02;shifted
s03e19;tbbt_s03e19_d28795;off;355.0;364.0;355.0;364.0;0.0;
s03e19;tbbt_s03e19_d28798;off;355.0;358.9;355.0;358.9;0.0;
s03e19;tbbt_s03e19_d28796;off;385.91;398.22;385.91;398.22;0.0;
s03e19;tbbt_s03e19_d28797;off;406.02;415.03;406.02;415.03;0.0;
s03e19;tbbt_s03e19_d28799;off;407.22;415.03;407.22;415.03;0.0;
s03e19;tbbt_s03e19_d19970;off;415.0;420.58;415.0;420.58;0.0;
s03e19;tbbt_s03e19_d19973;off;417.48;421.2;417.48;421.2;0.0;
s03e19;tbbt_s03e19_d19971;off;424.92;428.65;424.92;428.65;0.0;
s03e19;tbbt_s03e19_d19974;off;441.36;451.29;441.36;451.29;0.0;
s03e19;tbbt_s03e19_d19972;off;457.49;460.9;457.49;460.9;0.0;
s03e19;tbbt_s03e19_d19965;off;485.56;488.21;485.56;488.21;0.0;
s03e19;tbbt_s03e19_d19969;off;525.11;529.83;525.11;529.83;0.0;
s03e19;tbbt_s03e19_d19966;off;525.7;527.47;525.7;527.47;0.0;
s03e19;tbbt_s03e19_d19967;off;529.24;530.71;529.24;530.71;0.0;
s03e19;tbbt_s03e19_d19963;off;536.0;550.65;536.0;550.65;0.0;
s03e19;tbbt_s03e19_d19960;off;561.33;565.29;561.33;565.29;0.0;
s03e19;tbbt_s03e19_d19961;off;567.43;570.79;567.43;570.79;0.0;
s03e19;tbbt_s03e19_d19962;off;572.92;586.35;572.92;586.35;0.0;
s03e19;tbbt_s03e19_d26760;off;614.71;616.48;614.71;616.48;0.0;
s03e19;tbbt_s03e19_d26761;off;633.3;640.09;633.3;640.09;0.0;
s03e19;tbbt_s03e19_d26762;off;643.63;645.11;643.63;645.11;0.0;
s03e19;tbbt_s03e19_d28540;off;665.6;671.01;665.6;671.01;0.0;
s03e19;tbbt_s03e19_d28541;off;672.21;675.21;672.21;675.21;0.0;
s03e19;tbbt_s03e19_d28543;off;672.21;675.51;672.21;675.51;0.0;
s03e19;tbbt_s03e19_d28544;off;704.62;707.02;704.62;707.02;0.0;
s03e19;tbbt_s03e19_d28542;off;707.02;711.52;707.02;711.52;0.0;
s03e19;tbbt_s03e19_d61515;off;716.0;719.66;716.0;719.66;0.0;
s03e19;tbbt_s03e19_d61517;off;740.41;742.55;740.41;742.45;0.0;trimmed
s03e19;tbbt_s03e19_d61516;off;744.38;777.03;744.38;777.03;0.0;
s03e19;tbbt_s03e19_d61520;off;785.56;800.02;785.56;800.02;0.0;
s03e19;tbbt_s03e19_d61523;off;799.72;805.63;799.72;805.63;0.0;
s03e19;tbbt_s03e19_d61521;off;800.02;805.04;800.02;805.04;0.0;
s03e19;tbbt_s03e19_d61524;off;811.53;816.84;811.53;816.84;0.0;
s03e19;tbbt_s03e19_d61522;off;813.01;817.14;813.01;817.14;0.0;
s03e19;tbbt_s03e19_d61526;off;842.3;844.1;842.3;844.1;0.0;
s03e19;tbbt_s03e19_d61525;off;872.02;875.32;872.02;875.32;0.0;
s03e19;tbbt_s03e19_d61527;off;872.32;876.22;872.32;876.22;0.0;
s03e19;tbbt_s03e19_d78580;off;983.27;985.33;983.27;985.28;0.0;trimmed
s03e19;tbbt_s03e19_d78581;off;986.51;988.58;986.64;988.71;0.13;shifted
s03e19;tbbt_s03e19_d78582;off;1004.52;1007.76;1004.52;1007.76;0.0;
s03e19;tbbt_s03e19_d53935;off;1044.81;1047.81;1044.81;1047.81;0.0;
s03e19;tbbt_s03e19_d53938;off;1045.71;1048.11;1045.71;1048.11;0.0;
s03e19;tbbt_s03e19_d53936;off;1049.92;1052.62;1049.92;1052.62;0.0;
s03e19;tbbt_s03e19_d53939;off;1050.52;1052.32;1050.52;1052.32;0.0;
s03e19;tbbt_s03e19_d53937;off;1058.92;1060.72;1059.14;1060.94;0.22;shifted
s03e19;tbbt_s03e19_d61545;off;1095.51;1097.61;1095.51;1097.61;0.0;
s03e19;tbbt_s03e19_d61546;off;1115.02;1118.32;1115.02;1118.32;0.0;
s03e19;tbbt_s03e19_d61547;off;1128.22;1130.92;1128.22;1130.92;0.0;
s03e19;tbbt_s03e19_d61553;off;1138.33;1141.58;1138.33;1141.58;0.0;
s03e19;tbbt_s03e19_d61550;off;1143.44;1229.03;1143.44;1229.03;0.0;spans_mask
s03e19;tbbt_s03e19_d61551;off;1158.79;1164.84;1158.79;1164.84;0.0;
s03e19;tbbt_s03e19_d61552;off;1214.14;1225.31;1214.14;1225.31;0.0;
s04e01;tbbt_s04e01_d13988;off;4.24;23.47;4.24;23.47;0.0;
s04e01;tbbt_s04e01_d13985;off;7.39;8.97;7.39;8.97;0.0;
s04e01;tbbt_s04e01_d13986;off;18.42;20.0;18.42;20.0;0.0;
s04e01;tbbt_s04e01_d13987;off;58.13;62.86;58.13;62.86;0.0;
s04e01;tbbt_s04e01_d80200;off;62.93;67.67;62.93;67.67;0.0;
s04e01;tbbt_s04e01_d80203;off;111.54;116.68;111.54;116.68;0.0;
s04e01;tbbt_s04e01_d80201;off;112.72;116.68;112.72;116.68;0.0;
s04e01;tbbt_s04e01_d80202;off;114.7;119.44;114.7;119.44;0.0;
s04e01;tbbt_s04e01_d80204;off;133.67;139.6;133.67;139.6;0.0;
s04e01;tbbt_s04e01_d96750;off;168.19;172.22;168.19;172.22;0.0;
s04e01;tbbt_s04e01_d96753;off;171.91;181.53;171.91;181.53;0.0;
s04e01;tbbt_s04e01_d96751;off;185.87;187.73;185.87;187.73;0.0;
s04e01;tbbt_s04e01_d96754;off;187.11;193.62;187.11;193.62;0.0;
s04e01;tbbt_s04e01_d96752;off;222.47;224.33;222.47;224.33;0.0;
s04e01;tbbt_s04e01_d62902;off;224.12;226.19;224.12;226.19;0.0;
s04e01;tbbt_s04e01_d62901;off;262.49;274.58;262.49;274.58;0.0;
s04e01;tbbt_s04e01_d62900;off;271.63;283.14;271.63;283.14;0.0;
s04e01;tbbt_s04e01_d62913;off;283.12;284.4;283.12;284.4;0.0;
s04e01;tbbt_s04e01_d62910;off;287.6;289.84;287.6;289.84;0.0;
s04e01;tbbt_s04e01_d62914;off;301.69;303.93;301.69;303.93;0.0;
s04e01;tbbt_s04e01_d62912;off;303.29;306.81;303.29;306.81;0.0;
s04e01;tbbt_s04e01_d62911;off;312.25;314.82;312.25;314.82;0.0;
s04e01;tbbt_s04e01_d62905;off;357.14;364.43;357.14;364.43;0.0;
s04e01;tbbt_s04e01_d62906;off;366.95;370.87;366.95;370.87;0.0;
s04e01;tbbt_s04e01_d62907;off;382.64;385.44;382.64;385.44;0.0;
s04e01;tbbt_s04e01_d96742;off;406.42;407.32;406.42;407.32;0.0;
s04e01;tbbt_s04e01_d96740;off;408.52;413.62;408.85;413.95;0.33;shifted
s04e01;tbbt_s04e01_d96743;off;409.12;414.53;409.12;414.53;0.0;
s04e01;tbbt_s04e01_d96741;off;414.22;417.53;414.22;417.53;0.0;
s04e01;tbbt_s04e01_d62893;off;463.12;491.93;463.12;491.93;0.0;
s04e01;tbbt_s04e01_d62890;off;470.32;473.62;470.32;473.62;0.0;
s04e01;tbbt_s04e01_d62891;off;491.03;492.53;491.03;492.48;0.0;trimmed
s04e01;tbbt_s04e01_d62892;off;519.55;523.15;519.55;523.15;0.0;
s04e01;tbbt_s04e01_d96745;off;523.25;525.69;523.25;525.69;0.0;
s04e01;tbbt_s04e01_d96748;off;523.25;526.3;523.25;525.9;0.0;trimmed
s04e01;tbbt_s04e01_d96746;off;532.4;534.54;532.4;534.54;0.0;
s04e01;tbbt_s04e01_d96747;off;554.07;557.12;554.07;557.12;0.0;
s04e01;tbbt_s04e01_d62895;off;584.46;604.72;584.46;603.8;0.0;trimmed
s04e01;tbbt_s04e01_d62896;off;627.22;645.23;627.22;645.23;0.0;
s04e01;tbbt_s04e01_d62897;off;648.23;659.48;648.23;659.48;0.0;
s04e01;tbbt_s04e01_d62925;off;674.69;677.33;674.69;677.33;0.0;
s04e01;tbbt_s04e01_d62927;off;674.91;695.38;674.91;695.38;0.0;
s04e01;tbbt_s04e01_d62926;off;692.74;695.38;692.74;695.38;0.0;
s04e01;tbbt_s04e01_d62920;off;709.05;711.49;709.05;711.49;0.0;
s04e01;tbbt_s04e01_d62921;off;737.12;738.34;737.12;738.34;0.0;
s04e01;tbbt_s04e01_d62922;off;763.67;764.28;763.67;764.28;0.0;
s04e01;tbbt_s04e01_d18110;off;764.2;768.17;764.2;768.01;0.0;trimmed
s04e01;tbbt_s04e01_d18111;off;805.09;806.61;805.09;806.61;0.0;
s04e01;tbbt_s04e01_d18112;off;824.01;825.23;824.01;825.23;0.0;
s04e01;tbbt_s04e01_d18115;off;825.13;838.12;825.13;838.12;0.0;
s04e01;tbbt_s04e01_d18118;off;825.13;828.09;825.13;828.09;0.0;
s04e01;tbbt_s04e01_d18116;off;839.6;853.17;839.6;853.17;0.0;
s04e01;tbbt_s04e01_d18117;off;880.02;884.16;880.02;884.16;0.0;
s04e01;tbbt_s04e01_d18119;off;880.62;884.16;880.62;884.16;0.0;
s04e01;tbbt_s04e01_d18100;off;884.16;891.41;884.16;891.41;0.0;
s04e01;tbbt_s04e01_d18101;off;905.91;915.99;905.91;915.99;0.0;
s04e01;tbbt_s04e01_d18102;off;941.83;945.61;941.83;945.61;0.0;
s04e01;tbbt_s04e01_d18105;off;948.82;950.22;948.82;950.22;0.0;
s04e01;tbbt_s04e01_d18106;off;983.56;986.08;983.56;986.08;0.0;
s04e01;tbbt_s04e01_d18107;off;999.8;1000.92;999.8;1000.92;0.0;
s04e01;tbbt_s04e01_d18108;off;999.8;1001.2;999.8;1001.2;0.0;
s04e01;tbbt_s04e01_d96013;off;1031.96;1035.56;1031.96;1035.56;0.0;
s04e01;tbbt_s04e01_d96010;off;1032.86;1035.56;1032.86;1035.56;0.0;
s04e01;tbbt_s04e01_d96012;off;1033.16;1035.56;1033.16;1035.56;0.0;
s04e01;tbbt_s04e01_d96011;off;1050.87;1054.17;1050.87;1054.17;0.0;
s04e01;tbbt_s04e01_d96018;off;1069.94;1072.38;1069.94;1072.38;0.0;
s04e01;tbbt_s04e01_d96015;off;1075.44;1091.0;1075.44;1091.0;0.0;
s04e01;tbbt_s04e01_d96019;off;1076.05;1083.98;1076.05;1083.98;0.0;
s04e01;tbbt_s04e01_d96016;off;1092.52;1103.81;1092.52;1103.81;0.0;
s04e01;tbbt_s04e01_d96017;off;1117.85;1124.26;1117.85;1124.26;0.0;
s04e01;tbbt_s04e01_d96020;off;1124.09;1126.19;1124.09;1126.19;0.0;
s04e01;tbbt_s04e01_d96021;off;1146.3;1149.9;1146.3;1149.9;0.0;
s04e01;tbbt_s04e01_d96024;off;1168.21;1184.12;1168.21;1184.12;0.0;
s04e01;tbbt_s04e01_d96022;off;1171.81;1175.41;1171.81;1175.41;0.0;
s04e01;tbbt_s04e01_d47090;off;1183.93;1216.19;1183.93;1216.19;0.0;
s04e01;tbbt_s04e01_d47091;off;1233.45;1243.57;1233.45;1243.57;0.0;
s04e01;tbbt_s04e01_d47092;off;1246.57;1251.83;1246.57;1251.83;0.0;
s04e01;tbbt_s04e01_d47094;off;1249.2;1258.95;1249.2;1258.95;0.0;
s04e05;tbbt_s04e05_d89472;off;4.22;12.15;4.22;12.15;0.0;
s04e05;tbbt_s04e05_d89470;off;17.03;20.69;17.03;20.69;0.0;
s04e05;tbbt_s04e05_d89471;off;26.8;60.67;26.8;60.67;0.0;
s04e05;tbbt_s04e05_d89473;off;34.73;36.26;34.73;36.26;0.0;
s04e05;tbbt_s04e05_d89474;off;37.17;40.53;37.17;40.53;0.0;
s04e05;tbbt_s04e05_d70060;off;83.26;84.7;83.26;84.7;0.0;
s04e05;tbbt_s04e05_d70061;off;98.15;101.27;98.15;101.27;0.0;
s04e05;tbbt_s04e05_d70062;off;102.48;108.72;102.48;108.29;0.0;trimmed
s04e05;tbbt_s04e05_d21110;off;133.83;138.71;133.83;138.71;0.0;
s04e05;tbbt_s04e05_d21113;off;133.83;173.8;133.83;173.8;0.0;
s04e05;tbbt_s04e05_d21111;off;155.8;158.85;155.8;158.85;0.0;
s04e05;tbbt_s04e05_d21112;off;164.95;190.28;164.95;190.28;0.0;
s04e05;tbbt_s04e05_d21114;off;175.94;190.28;175.94;190.28;0.0;
s04e05;tbbt_s04e05_d75516;off;197.71;208.08;197.71;208.08;0.0;
s04e05;tbbt_s04e05_d75515;off;228.22;233.1;228.22;233.1;0.0;
s04e05;tbbt_s04e05_d75517;off;234.33;235.55;234.33;235.55;0.0;
s04e05;tbbt_s04e05_d13250;off;258.97;259.86;258.97;259.86;0.0;
s04e05;tbbt_s04e05_d13251;off;270.78;276.68;270.78;276.68;0.0;
s04e05;tbbt_s04e05_d13252;off;303.24;303.83;303.24;303.83;0.0;
s04e05;tbbt_s04e05_d13245;off;309.7;337.01;309.7;337.01;0.0;
s04e05;tbbt_s04e05_d13249;off;361.92;364.32;361.92;364.32;0.0;
s04e05;tbbt_s04e05_d13246;off;362.52;365.53;362.52;365.53;0.0;
s04e05;tbbt_s04e05_d13247;off;364.02;365.53;364.02;365.53;0.0;
s04e05;tbbt_s04e05_d75625;off;372.44;375.5;372.44;375.5;0.0;
s04e05;tbbt_s04e05_d75628;off;372.75;376.11;372.75;376.11;0.0;
s04e05;tbbt_s04e05_d75626;off;377.32;380.69;377.32;380.69;0.0;
s04e05;tbbt_s04e05_d75629;off;405.39;419.44;405.39;419.44;0.0;
s04e05;tbbt_s04e05_d75627;off;409.98;418.21;409.98;418.21;0.0;
s04e05;tbbt_s04e05_d13255;off;434.03;439.52;434.03;439.52;0.0;
s04e05;tbbt_s04e05_d13256;off;443.18;446.84;443.18;446.84;0.0;
s04e05;tbbt_s04e05_d13258;off;458.74;464.24;458.74;464.24;0.0;
s04e05;tbbt_s04e05_d13257;off;474.0;488.34;474.0;488.34;0.0;
s04e05;tbbt_s04e05_d13259;off;477.36;488.65;477.36;488.65;0.0;
s04e05;tbbt_s04e05_d21569;off;503.22;507.29;503.22;507.29;0.0;
s04e05;tbbt_s04e05_d21565;off;505.55;507.58;505.55;507.58;0.0;
s04e05;tbbt_s04e05_d21566;off;513.96;518.6;513.96;518.6;0.0;
s04e05;tbbt_s04e05_d21567;off;534.56;544.13;534.56;544.13;0.0;
s04e05;tbbt_s04e05_d13275;off;659.36;661.13;659.36;661.13;0.0;
s04e05;tbbt_s04e05_d13276;off;664.96;667.62;665.18;667.84;0.22;shifted
s04e05;tbbt_s04e05_d13277;off;666.73;669.69;666.73;669.69;0.0;
s04e05;tbbt_s04e05_d13270;off;669.54;673.01;669.54;673.01;0.0;
s04e05;tbbt_s04e05_d13273;off;676.79;681.83;676.79;681.83;0.0;
s04e05;tbbt_s04e05_d13271;off;678.05;681.2;678.05;681.2;0.0;
s04e05;tbbt_s04e05_d13272;off;709.25;713.66;709.25;713.66;0.0;
s04e05;tbbt_s04e05_d55105;off;743.58;746.2;743.58;746.2;0.0;
s04e05;tbbt_s04e05_d55108;off;743.58;746.78;743.58;746.78;0.0;
s04e05;tbbt_s04e05_d55106;off;763.02;767.96;763.02;767.96;0.0;
s04e05;tbbt_s04e05_d55107;off;787.97;790.88;788.23;791.14;0.26;shifted
s04e05;tbbt_s04e05_d66685;off;792.32;802.08;792.32;802.08;0.0;
s04e05;tbbt_s04e05_d66686;off;818.56;821.91;818.56;821.91;0.0;
s04e05;tbbt_s04e05_d66689;off;826.49;830.76;826.49;830.76;0.0;
s04e05;tbbt_s04e05_d66687;off;830.46;831.98;830.46;831.98;0.0;
s04e05;tbbt_s04e05_d66656;off;851.5;856.0;851.5;856.0;0.0;
s04e05;tbbt_s04e05_d66657;off;856.9;859.3;856.9;859.3;0.0;
s04e05;tbbt_s04e05_d66658;off;860.8;865.62;861.48;866.3;0.68;shifted
s04e05;tbbt_s04e05_d66655;off;861.71;864.12;861.71;864.12;0.0;
s04e05;tbbt_s04e05_d87695;off;915.72;927.23;915.72;927.23;0.0;
s04e05;tbbt_s04e05_d87697;off;929.89;932.54;929.89;932.54;0.0;
s04e05;tbbt_s04e05_d87696;off;936.68;940.51;936.68;939.81;0.0;trimmed
s04e05;tbbt_s04e05_d87698;off;937.56;939.33;937.56;939.33;0.0;
s04e05;tbbt_s04e05_d87699;off;960.88;963.24;960.88;963.24;0.0;
s04e05;tbbt_s04e05_d55090;off;971.84;972.74;971.84;972.74;0.0;
s04e05;tbbt_s04e05_d55093;off;991.65;998.55;991.65;998.55;0.0;
s04e05;tbbt_s04e05_d55094;off;1000.35;1006.06;1000.35;1006.06;0.0;
s04e05;tbbt_s04e05_d55091;off;1002.45;1003.65;1002.45;1003.65;0.0;
s04e05;tbbt_s04e05_d55092;off;1006.06;1007.56;1006.06;1007.56;0.0;
s04e05;tbbt_s04e05_d66635;off;1030.63;1060.04;1030.63;1060.04;0.0;
s04e05;tbbt_s04e05_d66636;off;1061.54;1066.65;1061.54;1066.65;0.0;
s04e05;tbbt_s04e05_d66637;off;1080.15;1082.25;1080.15;1082.25;0.0;
s04e05;tbbt_s04e05_d55080;off;1106.73;1111.31;1106.73;1111.31;0.0;
s04e05;tbbt_s04e05_d55083;off;1108.56;1112.53;1108.56;1112.53;0.0;
s04e05;tbbt_s04e05_d55081;off;1122.6;1129.01;1122.6;1129.01;0.0;
s04e05;tbbt_s04e05_d55082;off;1138.47;1151.59;1138.47;1151.59;0.0;
s04e05;tbbt_s04e05_d55084;off;1138.77;1151.59;1138.77;1151.59;0.0;
s04e05;tbbt_s04e05_d55085;off;1152.25;1182.94;1152.25;1182.94;0.0;
s04e05;tbbt_s04e05_d55087;off;1171.76;1172.8;1171.76;1172.8;0.0;
s04e05;tbbt_s04e05_d55086;off;1183.2;1184.24;1183.2;1184.24;0.0;
s04e12;tbbt_s04e12_d48485;off;3.58;35.01;3.58;35.01;0.0;
s04e12;tbbt_s04e12_d48487;off;53.62;57.9;53.62;57.9;0.0;
s04e12;tbbt_s04e12_d48489;off;55.15;56.98;55.15;56.98;0.0;
s04e12;tbbt_s04e12_d48486;off;55.46;58.2;55.46;58.2;0.0;
s04e12;tbbt_s04e12_d90578;off;67.35;71.93;67.35;71.93;0.0;
s04e12;tbbt_s04e12_d90575;off;68.26;71.01;68.26;71.01;0.0;
s04e12;tbbt_s04e12_d90576;off;80.77;83.52;80.77;83.52;0.0;
s04e12;tbbt_s04e12_d90579;off;81.99;87.79;81.99;87.79;0.0;
s04e12;tbbt_s04e12_d90577;off;119.22;121.97;119.22;121.97;0.0;
s04e12;tbbt_s04e12_d84010;off;195.09;198.75;195.35;199.01;0.26;shifted
s04e12;tbbt_s04e12_d84011;off;210.35;217.67;210.35;217.67;0.0;
s04e12;tbbt_s04e12_d84012;off;233.23;236.29;233.23;236.29;0.0;
s04e12;tbbt_s04e12_d84005;off;251.66;260.67;251.66;260.67;0.0;
s04e12;tbbt_s04e12_d84006;off;264.27;266.07;264.27;266.07;0.0;
s04e12;tbbt_s04e12_d84007;off;305.69;308.1;305.69;308.1;0.0;
s04e12;tbbt_s04e12_d68675;off;311.88;316.68;311.88;316.68;0.0;
s04e12;tbbt_s04e12_d68678;off;311.88;316.08;311.88;316.08;0.0;
s04e12;tbbt_s04e12_d68676;off;318.48;323.29;318.48;323.29;0.0;
s04e12;tbbt_s04e12_d68677;off;351.8;357.5;351.8;357.5;0.0;
s04e12;tbbt_s04e12_d68665;off;371.54;374.54;371.54;374.54;0.0;
s04e12;tbbt_s04e12_d68666;off;415.06;416.86;415.4;417.2;0.34;shifted
s04e12;tbbt_s04e12_d68667;off;419.26;421.66;419.26;421.66;0.0;
s04e12;tbbt_s04e12_d68669;off;429.17;431.57;429.17;431.57;0.0;
s04e12;tbbt_s04e12_d83990;off;442.25;444.09;442.25;444.09;0.0;
s04e12;tbbt_s04e12_d83992;off;458.12;460.26;458.12;460.26;0.0;
s04e12;tbbt_s04e12_d83994;off;470.02;478.26;470.02;478.26;0.0;
s04e12;tbbt_s04e12_d83991;off;475.52;478.26;475.52;478.26;0.0;
s04e12;tbbt_s04e12_d83985;off;537.46;544.84;537.46;544.84;0.0;
s04e12;tbbt_s04e12_d83987;off;538.65;540.12;538.65;540.12;0.0;
s04e12;tbbt_s04e12_d83986;off;547.79;550.75;547.79;550.75;0.0;
s04e12;tbbt_s04e12_d68595;off;553.49;558.21;553.49;558.21;0.0;
s04e12;tbbt_s04e12_d68598;off;569.56;573.03;569.71;573.18;0.15;shifted
s04e12;tbbt_s04e12_d68596;off;570.82;574.6;570.82;574.6;0.0;
s04e12;tbbt_s04e12_d68597;off;598.55;604.22;598.55;604.22;0.0;
s04e12;tbbt_s04e12_d68599;off;598.87;604.54;598.87;604.54;0.0;
s04e12;tbbt_s04e12_d83998;off;635.15;646.96;635.15;646.96;0.0;
s04e12;tbbt_s04e12_d83995;off;636.04;639.58;636.04;639.58;0.0;
s04e12;tbbt_s04e12_d83996;off;646.37;649.03;646.37;649.03;0.0;
s04e12;tbbt_s04e12_d83997;off;652.86;673.82;653.21;674.17;0.35;shifted
s04e12;tbbt_s04e12_d84038;off;688.64;691.34;688.64;691.34;0.0;
s04e12;tbbt_s04e12_d84035;off;689.84;693.14;689.84;693.14;0.0;
s04e12;tbbt_s04e12_d84036;off;709.35;712.95;709.35;712.95;0.0;
s04e12;tbbt_s04e12_d84037;off;730.96;733.66;730.96;733.66;0.0;
s04e12;tbbt_s04e12_d84030;off;733.81;736.71;733.81;736.71;0.0;
s04e12;tbbt_s04e12_d84033;off;742.51;746.29;742.51;746.29;0.0;
s04e12;tbbt_s04e12_d84031;off;743.09;748.61;743.09;748.61;0.0;
s04e12;tbbt_s04e12_d84034;off;755.86;759.05;756.1;759.29;0.24;shifted
s04e12;tbbt_s04e12_d84032;off;757.89;760.5;757.89;760.5;0.0;
s04e12;tbbt_s04e12_d38730;off;794.28;798.18;794.28;798.18;0.0;
s04e12;tbbt_s04e12_d38733;off;796.68;798.49;796.68;798.49;0.0;
s04e12;tbbt_s04e12_d38732;off;798.78;804.2;798.78;804.2;0.0;
s04e12;tbbt_s04e12_d38731;off;811.7;824.29;811.7;824.29;0.0;
s04e12;tbbt_s04e12_d38735;off;856.62;861.5;856.62;861.5;0.0;
s04e12;tbbt_s04e12_d38736;off;877.98;886.83;877.98;886.83;0.0;
s04e12;tbbt_s04e12_d38737;off;901.48;904.53;901.48;904.53;0.0;
s04e12;tbbt_s04e12_d38720;off;931.31;935.74;931.31;935.74;0.0;
s04e12;tbbt_s04e12_d38721;off;946.07;949.02;946.07;949.02;0.0;
s04e12;tbbt_s04e12_d38722;off;964.37;967.91;964.37;967.91;0.0;
s04e12;tbbt_s04e12_d38725;off;989.44;991.24;989.44;991.24;0.0;
s04e12;tbbt_s04e12_d38726;off;1010.15;1014.65;1010.15;1014.65;0.0;
s04e12;tbbt_s04e12_d38729;off;1011.95;1016.15;1011.95;1016.15;0.0;
s04e12;tbbt_s04e12_d38727;off;1023.65;1027.56;1023.65;1027.56;0.0;
s04e12;tbbt_s04e12_d38750;off;1044.39;1048.29;1044.39;1048.29;0.0;
s04e12;tbbt_s04e12_d38751;off;1053.99;1056.99;1053.99;1056.99;0.0;
s04e12;tbbt_s04e12_d38752;off;1059.09;1065.1;1059.09;1065.1;0.0;
s04e12;tbbt_s04e12_d38754;off;1059.99;1063.89;1059.99;1063.89;0.0;
s04e12;tbbt_s04e12_d38758;off;1091.4;1095.98;1091.4;1095.98;0.0;
s04e12;tbbt_s04e12_d38759;off;1112.45;1118.86;1112.45;1118.86;0.0;
s04e12;tbbt_s04e12_d38755;off;1113.06;1118.25;1113.06;1118.25;0.0;
s04e12;tbbt_s04e12_d38756;off;1138.7;1140.22;1138.7;1140.22;0.0;
s04e12;tbbt_s04e12_d38757;off;1147.55;1151.51;1147.55;1151.51;0.0;
s04e12;tbbt_s04e12_d38740;off;1164.72;1168.27;1164.72;1168.27;0.0;
s04e12;tbbt_s04e12_d38741;off;1191.59;1193.94;1191.59;1193.94;0.0;
s04e12;tbbt_s04e12_d38742;off;1195.41;1205.15;1195.41;1205.15;0.0;
s04e12;tbbt_s04e12_d38745;off;1217.21;1220.09;1217.21;1220.09;0.0;
s04e12;tbbt_s04e12_d38746;off;1221.53;1223.7;1221.53;1223.7;0.0;
s04e12;tbbt_s04e12_d38747;off;1227.3;1231.86;1227.3;1231.86;0.0;
s05e09;tbbt_s05e09_d1340;off;3.97;5.19;3.97;5.19;0.0;
s05e09;tbbt_s05e09_d1341;off;8.24;9.76;8.24;9.76;0.0;
s05e09;tbbt_s05e09_d1342;off;10.68;61.03;10.68;61.03;0.0;
s05e09;tbbt_s05e09_d288;off;61.0;65.88;61.0;65.88;0.0;
s05e09;tbbt_s05e09_d285;off;64.0;70.0;64.0;70.0;0.0;
s05e09;tbbt_s05e09_d289;off;67.38;70.38;67.38;70.38;0.0;
s05e09;tbbt_s05e09_d286;off;77.13;81.63;77.13;81.63;0.0;
s05e09;tbbt_s05e09_d287;off;122.52;127.4;122.52;127.4;0.0;
s05e09;tbbt_s05e09_d42300;off;162.55;181.37;162.84;181.66;0.29;shifted
s05e09;tbbt_s05e09_d42303;off;163.97;169.3;163.97;169.3;0.0;
s05e09;tbbt_s05e09_d42304;off;182.79;188.12;182.79;188.12;0.0;
s05e09;tbbt_s05e09_d42302;off;224.34;227.54;224.34;227.54;0.0;
s05e09;tbbt_s05e09_d42301;off;228.6;230.02;228.6;230.02;0.0;
s05e09;tbbt_s05e09_d42305;off;230.0;269.27;230.0;269.27;0.0;
s05e09;tbbt_s05e09_d42306;off;269.52;270.77;269.52;270.77;0.0;
s05e09;tbbt_s05e09_d42307;off;274.77;276.02;274.77;276.02;0.0;
s05e09;tbbt_s05e09_d42290;off;285.8;289.46;285.8;289.46;0.0;
s05e09;tbbt_s05e09_d42293;off;289.46;294.65;289.46;294.65;0.0;
s05e09;tbbt_s05e09_d42294;off;296.17;301.66;296.17;301.66;0.0;
s05e09;tbbt_s05e09_d42291;off;307.16;311.73;307.16;311.73;0.0;
s05e09;tbbt_s05e09_d42292;off;328.52;332.48;328.52;332.48;0.0;
s05e09;tbbt_s05e09_d42295;off;350.9;353.91;350.9;353.91;0.0;
s05e09;tbbt_s05e09_d42297;off;362.91;365.91;362.91;365.91;0.0;
s05e09;tbbt_s05e09_d42296;off;377.92;380.62;377.92;380.62;0.0;
s05e09;tbbt_s05e09_d42320;off;407.0;409.7;407.0;409.7;0.0;
s05e09;tbbt_s05e09_d42321;off;435.22;437.92;435.57;438.27;0.35;shifted
s05e09;tbbt_s05e09_d42322;off;437.92;439.72;437.92;439.72;0.0;
s05e09;tbbt_s05e09_d97505;off;467.79;470.74;467.79;470.74;0.0;
s05e09;tbbt_s05e09_d97506;off;498.78;499.37;498.78;499.37;0.0;
s05e09;tbbt_s05e09_d97507;off;513.24;517.07;513.24;517.07;0.0;
s05e09;tbbt_s05e09_d80032;off;520.0;529.43;520.0;529.43;0.0;
s05e09;tbbt_s05e09_d80030;off;530.73;531.71;530.73;531.71;0.0;
s05e09;tbbt_s05e09_d80033;off;534.31;539.51;534.31;539.51;0.0;
s05e09;tbbt_s05e09_d80034;off;549.59;554.47;549.59;554.47;0.0;
s05e09;tbbt_s05e09_d80031;off;549.91;556.74;549.91;556.74;0.0;
s05e09;tbbt_s05e09_d42315;off;590.5;594.35;590.5;594.35;0.0;
s05e09;tbbt_s05e09_d42318;off;594.35;598.48;594.35;598.48;0.0;
s05e09;tbbt_s05e09_d42316;off;611.41;615.54;611.41;615.54;0.0;
s05e09;tbbt_s05e09_d42317;off;623.52;625.17;623.52;625.17;0.0;
s05e09;tbbt_s05e09_d79870;off;640.0;643.36;640.0;643.36;0.0;
s05e09;tbbt_s05e09_d79873;off;641.53;645.8;641.53;645.8;0.0;
s05e09;tbbt_s05e09_d79871;off;651.9;656.78;651.9;656.78;0.0;
s05e09;tbbt_s05e09_d79874;off;653.12;657.09;653.12;657.09;0.0;
s05e09;tbbt_s05e09_d79872;off;665.94;675.09;665.94;675.09;0.0;
s05e09;tbbt_s05e09_d42277;off;701.0;708.38;701.0;708.38;0.0;
s05e09;tbbt_s05e09_d42275;off;708.38;711.03;708.38;711.03;0.0;
s05e09;tbbt_s05e09_d42276;off;716.05;722.54;716.05;722.54;0.0;
s05e09;tbbt_s05e09_d291;off;766.0;769.9;766.0;769.9;0.0;
s05e09;tbbt_s05e09_d292;off;791.81;794.82;791.81;794.82;0.0;
s05e09;tbbt_s05e09_d290;off;794.82;802.92;794.82;802.92;0.0;
s05e09;tbbt_s05e09_d1325;off;831.79;841.71;831.79;841.71;0.0;
s05e09;tbbt_s05e09_d1328;off;847.91;854.43;847.91;854.43;0.0;
s05e09;tbbt_s05e09_d1326;off;851.01;854.74;851.01;854.74;0.0;
s05e09;tbbt_s05e09_d1327;off;864.66;880.17;864.66;880.17;0.0;
s05e09;tbbt_s05e09_d295;off;955.64;958.45;955.64;958.45;0.0;
s05e09;tbbt_s05e09_d297;off;974.41;975.81;974.41;975.78;0.0;trimmed
s05e09;tbbt_s05e09_d299;off;995.7;998.22;995.7;998.22;0.0;
s05e09;tbbt_s05e09_d296;off;996.82;1001.02;996.82;1001.02;0.0;
s05e09;tbbt_s05e09_d270;off;1011.03;1015.46;1011.03;1015.46;0.0;
s05e09;tbbt_s05e09_d273;off;1019.0;1023.43;1019.0;1023.43;0.0;
s05e09;tbbt_s05e09_d271;off;1019.89;1023.43;1019.89;1023.43;0.0;
s05e09;tbbt_s05e09_d272;off;1047.63;1052.65;1047.63;1052.65;0.0;
s05e09;tbbt_s05e09_d266;off;1078.06;1082.33;1078.06;1082.33;0.0;
s05e09;tbbt_s05e09_d265;off;1083.28;1094.21;1083.28;1094.21;0.0;
s05e09;tbbt_s05e09_d267;off;1124.14;1131.75;1124.14;1131.75;0.0;
s05e09;tbbt_s05e09_d283;off;1155.0;1158.25;1155.0;1158.25;0.0;
s05e09;tbbt_s05e09_d280;off;1172.02;1176.9;1172.02;1176.9;0.0;
s05e09;tbbt_s05e09_d281;off;1177.02;1178.27;1177.02;1178.27;0.0;
s05e09;tbbt_s05e09_d284;off;1177.15;1178.52;1177.15;1178.52;0.0;
s05e09;tbbt_s05e09_d282;off;1178.02;1180.03;1178.02;1180.03;0.0;
s05e09;tbbt_s05e09_d275;off;1180.0;1193.6;1180.0;1193.6;0.0;
s05e09;tbbt_s05e09_d278;off;1180.0;1232.38;1180.0;1232.38;0.0;
s05e09;tbbt_s05e09_d276;off;1233.4;1236.8;1233.4;1236.8;0.0;
s05e09;tbbt_s05e09_d279;off;1242.58;1248.02;1242.58;1248.02;0.0;
s05e09;tbbt_s05e09_d277;off;1243.6;1248.02;1243.6;1248.02;0.0;
s05e13;tbbt_s05e13_d28855;off;38.04;46.82;38.04;46.82;0.0;
s05e13;tbbt_s05e13_d28856;off;45.52;53.65;45.52;53.65;0.0;
s05e13;tbbt_s05e13_d28859;off;53.33;56.9;53.33;56.9;0.0;
s05e13;tbbt_s05e13_d28857;off;60.48;62.76;60.48;62.76;0.0;
s05e13;tbbt_s05e13_d28860;off;66.23;75.05;66.23;75.05;0.0;
s05e13;tbbt_s05e13_d28861;off;82.4;86.08;82.4;86.08;0.0;
s05e13;tbbt_s05e13_d28862;off;107.16;114.02;107.16;114.02;0.0;
s05e13;tbbt_s05e13_d11693;off;137.0;146.3;140.46;149.76;3.46;shifted
s05e13;tbbt_s05e13_d11690;off;141.03;148.79;141.03;148.79;0.0;
s05e13;tbbt_s05e13_d11691;off;158.4;166.15;158.4;166.15;0.0;
s05e13;tbbt_s05e13_d11692;off;196.55;199.03;196.55;199.03;0.0;
s05e13;tbbt_s05e13_d66210;off;199.0;201.75;199.0;201.75;0.0;
s05e13;tbbt_s05e13_d66211;off;202.05;206.32;202.05;206.32;0.0;
s05e13;tbbt_s05e13_d66213;off;202.66;204.49;202.66;204.49;0.0;
s05e13;tbbt_s05e13_d66212;off;241.41;246.3;241.41;246.3;0.0;
s05e13;tbbt_s05e13_d66214;off;242.94;246.3;242.94;246.3;0.0;
s05e13;tbbt_s05e13_d66203;off;260.0;275.64;260.0;275.64;0.0;
s05e13;tbbt_s05e13_d66200;off;273.58;276.23;273.58;275.98;0.0;trimmed
s05e13;tbbt_s05e13_d66204;off;278.3;316.07;278.3;316.07;0.0;
s05e13;tbbt_s05e13_d66201;off;278.89;285.38;278.89;285.38;0.0;
s05e13;tbbt_s05e13_d66202;off;308.99;314.6;308.99;314.6;0.0;
s05e13;tbbt_s05e13_d11675;off;327.68;330.17;327.68;330.17;0.0;
s05e13;tbbt_s05e13_d11679;off;337.3;340.09;337.3;340.09;0.0;
s05e13;tbbt_s05e13_d11676;off;349.08;358.08;349.08;358.08;0.0;
s05e13;tbbt_s05e13_d11678;off;368.93;372.66;368.93;372.66;0.0;
s05e13;tbbt_s05e13_d11677;off;370.79;372.97;370.79;372.97;0.0;
s05e13;tbbt_s05e13_d66180;off;392.71;395.11;392.71;395.11;0.0;
s05e13;tbbt_s05e13_d66181;off;398.71;401.71;398.71;401.71;0.0;
s05e13;tbbt_s05e13_d66182;off;426.32;428.72;426.32;428.72;0.0;
s05e13;tbbt_s05e13_d11668;off;460.1;463.52;460.1;463.52;0.0;
s05e13;tbbt_s05e13_d11665;off;460.96;462.1;460.96;462.1;0.0;
s05e13;tbbt_s05e13_d11666;off;465.81;469.8;465.81;469.8;0.0;
s05e13;tbbt_s05e13_d11667;off;478.35;480.92;478.35;480.92;0.0;
s05e13;tbbt_s05e13_d11660;off;516.92;519.05;516.92;519.05;0.0;
s05e13;tbbt_s05e13_d11662;off;523.94;525.77;523.94;525.77;0.0;
s05e13;tbbt_s05e13_d11661;off;537.06;546.21;537.06;546.21;0.0;
s05e13;tbbt_s05e13_d11655;off;562.54;564.61;562.54;564.61;0.0;
s05e13;tbbt_s05e13_d11658;off;562.84;565.49;562.84;565.49;0.0;
s05e13;tbbt_s05e13_d11656;off;589.1;596.78;589.1;596.78;0.0;
s05e13;tbbt_s05e13_d11659;off;600.32;603.86;600.32;603.86;0.0;
s05e13;tbbt_s05e13_d11657;off;600.61;602.97;600.61;602.97;0.0;
s05e13;tbbt_s05e13_d11650;off;645.91;649.21;645.91;649.21;0.0;
s05e13;tbbt_s05e13_d11651;off;653.12;662.12;653.12;662.12;0.0;
s05e13;tbbt_s05e13_d11652;off;665.42;677.43;665.42;677.43;0.0;
s05e13;tbbt_s05e13_d11654;off;666.62;675.93;666.62;675.93;0.0;
s05e13;tbbt_s05e13_d11645;off;678.31;681.97;678.31;681.97;0.0;
s05e13;tbbt_s05e13_d11647;off;685.32;692.04;685.32;692.04;0.0;
s05e13;tbbt_s05e13_d11646;off;694.78;704.24;694.78;704.24;0.0;
s05e13;tbbt_s05e13_d53270;off;739.0;744.31;739.0;744.31;0.0;
s05e13;tbbt_s05e13_d53271;off;754.35;760.54;754.35;760.54;0.0;
s05e13;tbbt_s05e13_d53272;off;792.42;796.85;792.42;796.85;0.0;
s05e13;tbbt_s05e13_d53278;off;798.0;803.8;798.0;803.8;0.0;
s05e13;tbbt_s05e13_d53275;off;805.63;808.98;805.63;808.98;0.0;
s05e13;tbbt_s05e13_d53276;off;817.22;823.94;817.22;823.94;0.0;
s05e13;tbbt_s05e13_d53279;off;818.14;832.48;818.14;832.48;0.0;
s05e13;tbbt_s05e13_d53277;off;823.94;825.46;823.94;825.46;0.0;
s05e13;tbbt_s05e13_d53284;off;896.53;901.49;896.53;901.49;0.0;
s05e13;tbbt_s05e13_d53280;off;897.15;906.76;897.15;906.76;0.0;
s05e13;tbbt_s05e13_d53281;off;906.76;915.45;906.76;915.45;0.0;
s05e13;tbbt_s05e13_d53282;off;916.07;921.03;916.07;921.03;0.0;
s05e13;tbbt_s05e13_d53285;off;921.0;935.51;921.0;935.51;0.0;
s05e13;tbbt_s05e13_d53286;off;941.6;946.82;941.6;946.82;0.0;
s05e13;tbbt_s05e13_d53287;off;969.45;972.64;969.45;972.64;0.0;
s05e13;tbbt_s05e13_d53252;off;989.2;998.81;989.2;998.81;0.0;
s05e13;tbbt_s05e13_d53250;off;1000.61;1004.21;1000.61;1004.21;0.0;
s05e13;tbbt_s05e13_d53251;off;1030.92;1038.43;1030.92;1038.43;0.0;
s05e13;tbbt_s05e13_d53258;off;1044.03;1048.05;1044.03;1048.05;0.0;
s05e13;tbbt_s05e13_d53255;off;1044.36;1048.38;1044.36;1048.38;0.0;
s05e13;tbbt_s05e13_d53256;off;1058.77;1066.48;1058.77;1066.48;0.0;
s05e13;tbbt_s05e13_d53257;off;1100.33;1106.02;1100.33;1106.02;0.0;
s05e13;tbbt_s05e13_d53259;off;1102.0;1106.02;1102.0;1106.02;0.0;
s05e13;tbbt_s05e13_d53263;off;1106.0;1110.24;1106.0;1110.24;0.0;
s05e13;tbbt_s05e13_d53261;off;1107.86;1110.51;1107.86;1110.51;0.0;
s05e13;tbbt_s05e13_d53264;off;1110.51;1112.89;1110.51;1112.89;0.0;
s05e13;tbbt_s05e13_d53262;off;1111.04;1113.69;1111.04;1113.69;0.0;
s05e13;tbbt_s05e13_d53260;off;1141.26;1145.77;1141.56;1146.07;0.3;shifted
s05e13;tbbt_s05e13_d53265;off;1161.2;1164.72;1161.2;1164.72;0.0;
s05e13;tbbt_s05e13_d53268;off;1175.72;1178.81;1175.72;1178.81;0.0;
s05e13;tbbt_s05e13_d53266;off;1197.73;1200.81;1197.73;1200.81;0.0;
s05e13;tbbt_s05e13_d53267;off;1226.78;1232.5;1226.78;1232.5;0.0;
s05e20;tbbt_s05e20_d66983;off;3.41;31.63;3.41;31.63;0.0;
s05e20;tbbt_s05e20_d66980;off;4.03;7.44;4.03;7.44;0.0;
s05e20;tbbt_s05e20_d66981;off;13.96;19.23;13.96;19.23;0.0;
s05e20;tbbt_s05e20_d66982;off;30.39;36.29;30.39;36.29;0.0;
s05e20;tbbt_s05e20_d66985;off;62.59;66.68;62.59;66.68;0.0;
s05e20;tbbt_s05e20_d66986;off;71.17;73.9;71.17;73.9;0.0;
s05e20;tbbt_s05e20_d66987;off;77.02;78.59;77.02;78.59;0.0;
s05e20;tbbt_s05e20_d28106;off;130.27;132.13;130.39;132.25;0.12;shifted
s05e20;tbbt_s05e20_d28108;off;131.2;187.03;131.2;187.03;0.0;
s05e20;tbbt_s05e20_d28107;off;148.26;150.74;148.26;150.74;0.0;
s05e20;tbbt_s05e20_d28105;off;183.31;187.03;183.31;187.03;0.0;
s05e20;tbbt_s05e20_d28100;off;187.89;205.89;187.89;205.89;0.0;
s05e20;tbbt_s05e20_d28103;off;223.89;229.5;223.89;229.5;0.0;
s05e20;tbbt_s05e20_d28101;off;224.48;229.5;224.48;229.5;0.0;
s05e20;tbbt_s05e20_d28102;off;237.76;241.6;237.76;241.6;0.0;
s05e20;tbbt_s05e20_d28115;off;257.04;260.84;257.04;260.84;0.0;
s05e20;tbbt_s05e20_d28116;off;274.3;277.75;274.3;277.75;0.0;
s05e20;tbbt_s05e20_d28117;off;298.46;304.67;298.46;304.67;0.0;
s05e20;tbbt_s05e20_d28112;off;323.91;326.35;323.91;326.35;0.0;
s05e20;tbbt_s05e20_d28110;off;361.19;364.16;361.56;364.53;0.37;shifted
s05e20;tbbt_s05e20_d28111;off;362.81;364.7;362.81;364.7;0.0;
s05e20;tbbt_s05e20_d28125;off;373.93;375.96;373.93;375.96;0.0;
s05e20;tbbt_s05e20_d28126;off;402.65;405.27;402.65;405.27;0.0;
s05e20;tbbt_s05e20_d28127;off;413.1;415.13;413.1;415.13;0.0;
s05e20;tbbt_s05e20_d28120;off;431.5;433.0;431.5;433.0;0.0;
s05e20;tbbt_s05e20_d28121;off;439.61;448.61;439.61;448.61;0.0;
s05e20;tbbt_s05e20_d28122;off;484.63;487.03;484.63;487.03;0.0;
s05e20;tbbt_s05e20_d28135;off;521.22;523.62;521.22;523.62;0.0;
s05e20;tbbt_s05e20_d28136;off;526.62;529.92;526.62;529.92;0.0;
s05e20;tbbt_s05e20_d28139;off;527.82;547.03;527.82;547.03;0.0;
s05e20;tbbt_s05e20_d28137;off;544.03;547.03;544.03;547.03;0.0;
s05e20;tbbt_s05e20_d28130;off;547.0;552.31;547.0;552.31;0.0;
s05e20;tbbt_s05e20_d28133;off;550.84;554.38;550.84;554.38;0.0;
s05e20;tbbt_s05e20_d28131;off;558.21;566.18;558.21;566.18;0.0;
s05e20;tbbt_s05e20_d28134;off;603.66;606.03;604.14;606.51;0.48;shifted
s05e20;tbbt_s05e20_d28132;off;604.26;606.03;604.26;606.03;0.0;
s05e20;tbbt_s05e20_d28148;off;608.14;612.41;608.14;612.41;0.0;
s05e20;tbbt_s05e20_d28145;off;608.44;611.8;608.44;611.8;0.0;
s05e20;tbbt_s05e20_d28146;off;611.8;616.07;611.8;616.07;0.0;
s05e20;tbbt_s05e20_d28147;off;627.05;629.8;627.05;629.8;0.0;
s05e20;tbbt_s05e20_d28140;off;667.0;674.44;667.0;674.44;0.0;
s05e20;tbbt_s05e20_d28143;off;667.0;689.95;667.0;689.95;0.0;
s05e20;tbbt_s05e20_d28141;off;694.91;698.94;694.91;698.94;0.0;
s05e20;tbbt_s05e20_d28142;off;726.24;729.03;726.24;729.03;0.0;
s05e20;tbbt_s05e20_d69450;off;729.0;732.48;729.0;732.48;0.0;
s05e20;tbbt_s05e20_d69451;off;734.8;738.57;734.8;738.57;0.0;
s05e20;tbbt_s05e20_d69453;off;757.43;761.78;757.43;761.78;0.0;
s05e20;tbbt_s05e20_d69452;off;760.04;763.52;760.04;763.52;0.0;
s05e20;tbbt_s05e20_d65660;off;834.45;840.97;834.45;840.97;0.0;
s05e20;tbbt_s05e20_d65663;off;837.24;842.21;837.24;842.21;0.0;
s05e20;tbbt_s05e20_d65662;off;843.45;847.17;843.45;847.17;0.0;
s05e20;tbbt_s05e20_d65664;off;845.0;848.41;845.0;848.41;0.0;
s05e20;tbbt_s05e20_d65661;off;845.31;848.72;845.31;848.72;0.0;
s05e20;tbbt_s05e20_d69440;off;849.0;908.02;849.0;908.02;0.0;spans_mask
s05e20;tbbt_s05e20_d69443;off;854.31;856.38;854.64;856.71;0.33;shifted
s05e20;tbbt_s05e20_d69442;off;858.74;860.81;858.74;860.81;0.0;
s05e20;tbbt_s05e20_d69441;off;872.02;875.56;872.02;875.56;0.0;
s05e20;tbbt_s05e20_d69449;off;919.1;921.51;919.1;921.51;0.0;
s05e20;tbbt_s05e20_d69445;off;925.71;931.41;925.71;931.41;0.0;
s05e20;tbbt_s05e20_d69448;off;937.11;939.81;937.11;939.81;0.0;
s05e20;tbbt_s05e20_d69447;off;941.62;945.52;941.62;945.52;0.0;
s05e20;tbbt_s05e20_d69446;off;963.52;968.03;963.52;968.03;0.0;
s05e20;tbbt_s05e20_d89105;off;991.71;995.91;991.71;995.91;0.0;
s05e20;tbbt_s05e20_d89106;off;997.41;1000.41;997.41;1000.41;0.0;
s05e20;tbbt_s05e20_d89109;off;1004.92;1009.42;1004.92;1009.42;0.0;
s05e20;tbbt_s05e20_d89107;off;1015.12;1019.92;1015.12;1019.92;0.0;
s05e20;tbbt_s05e20_d69437;off;1032.72;1033.61;1032.72;1033.61;0.0;
s05e20;tbbt_s05e20_d69438;off;1035.38;1038.33;1035.38;1038.33;0.0;
s05e20;tbbt_s05e20_d69435;off;1064.01;1067.25;1064.01;1067.25;0.0;
s05e20;tbbt_s05e20_d69436;off;1072.56;1081.42;1072.56;1081.42;0.0;
s05e20;tbbt_s05e20_d69427;off;1090.05;1092.8;1090.05;1092.8;0.0;
s05e20;tbbt_s05e20_d69428;off;1102.87;1106.22;1102.87;1106.22;0.0;
s05e20;tbbt_s05e20_d69425;off;1103.17;1108.36;1103.17;1108.36;0.0;
s05e20;tbbt_s05e20_d69429;off;1111.11;1114.16;1111.11;1114.16;0.0;
s05e20;tbbt_s05e20_d69426;off;1114.16;1118.43;1114.16;1118.43;0.0;
s05e20;tbbt_s05e20_d69470;off;1214.5;1216.58;1214.5;1216.58;0.0;
s05e20;tbbt_s05e20_d69472;off;1232.71;1237.39;1232.71;1237.39;0.0;
s05e20;tbbt_s05e20_d69471;off;1238.43;1256.12;1238.43;1256.12;0.0;
s06e01;tbbt_s06e01_d33113;off;3.7;8.74;3.79;8.83;0.09;shifted
s06e01;tbbt_s06e01_d33111;off;6.85;8.43;6.85;8.43;0.0;
s06e01;tbbt_s06e01_d33110;off;7.8;8.74;7.8;8.74;0.0;
s06e01;tbbt_s06e01_d33112;off;19.46;62.95;19.46;62.95;0.0;
s06e01;tbbt_s06e01_d60792;off;66.94;70.95;66.94;70.95;0.0;
s06e01;tbbt_s06e01_d60790;off;69.49;72.05;69.49;72.05;0.0;
s06e01;tbbt_s06e01_d60791;off;90.3;97.24;90.3;97.24;0.0;
s06e01;tbbt_s06e01_d3373;off;159.92;174.57;165.33;179.98;5.41;shifted
s06e01;tbbt_s06e01_d3370;off;164.8;176.09;165.33;176.62;0.53;shifted
s06e01;tbbt_s06e01_d3371;off;187.69;189.82;187.69;189.82;0.0;
s06e01;tbbt_s06e01_d3372;off;194.1;196.84;194.1;196.84;0.0;
s06e01;tbbt_s06e01_d3374;off;209.66;218.2;209.66;218.2;0.0;
s06e01;tbbt_s06e01_d88795;off;220.92;225.57;220.92;225.57;0.0;
s06e01;tbbt_s06e01_d88798;off;231.78;234.26;231.78;234.26;0.0;
s06e01;tbbt_s06e01_d88796;off;235.5;243.87;235.5;243.87;0.0;
s06e01;tbbt_s06e01_d88797;off;247.59;254.11;247.59;254.11;0.0;
s06e01;tbbt_s06e01_d3365;off;293.91;300.01;293.91;300.01;0.0;
s06e01;tbbt_s06e01_d3368;off;295.43;300.62;295.43;300.62;0.0;
s06e01;tbbt_s06e01_d3366;off;321.06;325.94;321.06;325.94;0.0;
s06e01;tbbt_s06e01_d3367;off;339.37;343.95;339.37;343.95;0.0;
s06e01;tbbt_s06e01_d3361;off;343.92;391.21;343.92;391.21;0.0;
s06e01;tbbt_s06e01_d3362;off;393.53;401.95;393.53;401.95;0.0;
s06e01;tbbt_s06e01_d3360;off;400.2;401.95;400.2;401.95;0.0;
s06e01;tbbt_s06e01_d3390;off;429.38;437.32;429.38;437.32;0.0;
s06e01;tbbt_s06e01_d3391;off;439.15;441.59;439.15;441.59;0.0;
s06e01;tbbt_s06e01_d3394;off;459.59;462.95;459.59;462.95;0.0;
s06e01;tbbt_s06e01_d3392;off;460.2;462.95;460.2;462.95;0.0;
s06e01;tbbt_s06e01_d3385;off;483.52;487.87;483.52;487.87;0.0;
s06e01;tbbt_s06e01_d3386;off;490.19;494.83;490.19;494.83;0.0;
s06e01;tbbt_s06e01_d3387;off;504.12;506.73;504.12;506.73;0.0;
s06e01;tbbt_s06e01_d3380;off;522.75;523.97;522.75;523.97;0.0;
s06e01;tbbt_s06e01_d3383;off;526.72;530.99;526.72;530.99;0.0;
s06e01;tbbt_s06e01_d3381;off;546.25;550.82;546.25;550.82;0.0;
s06e01;tbbt_s06e01_d3382;off;574.01;577.37;574.01;577.37;0.0;
s06e01;tbbt_s06e01_d3375;off;581.92;586.8;581.92;586.8;0.0;
s06e01;tbbt_s06e01_d3377;off;588.33;590.46;588.41;590.54;0.08;shifted
s06e01;tbbt_s06e01_d3376;off;612.74;614.57;612.74;614.57;0.0;
s06e01;tbbt_s06e01_d3378;off;613.65;616.1;613.65;616.1;0.0;
s06e01;tbbt_s06e01_d3405;off;650.07;654.3;650.07;654.3;0.0;
s06e01;tbbt_s06e01_d3406;off;655.6;663.41;655.6;663.41;0.0;
s06e01;tbbt_s06e01_d3409;off;658.53;663.73;658.53;663.73;0.0;
s06e01;tbbt_s06e01_d3407;off;687.14;692.02;687.14;692.02;0.0;
s06e01;tbbt_s06e01_d3400;off;707.92;712.96;707.92;712.96;0.0;
s06e01;tbbt_s06e01_d3401;off;723.03;728.07;723.03;728.07;0.0;
s06e01;tbbt_s06e01_d3402;off;739.73;746.36;739.73;746.36;0.0;
s06e01;tbbt_s06e01_d45182;off;777.09;784.11;777.09;784.11;0.0;
s06e01;tbbt_s06e01_d45180;off;805.17;808.22;805.2;808.25;0.03;shifted
s06e01;tbbt_s06e01_d45181;off;813.71;820.12;813.71;820.12;0.0;
s06e01;tbbt_s06e01_d45184;off;817.68;821.95;817.68;821.95;0.0;
s06e01;tbbt_s06e01_d45185;off;826.5;827.41;826.5;827.41;0.0;
s06e01;tbbt_s06e01_d45186;off;827.11;829.24;827.11;829.24;0.0;
s06e01;tbbt_s06e01_d45187;off;828.63;831.99;828.63;831.99;0.0;
s06e01;tbbt_s06e01_d45188;off;828.63;831.99;828.63;831.99;0.0;
s06e01;tbbt_s06e01_d45189;off;842.67;845.72;842.67;845.72;0.0;
s06e01;tbbt_s06e01_d45192;off;882.92;895.43;882.92;895.43;0.0;
s06e01;tbbt_s06e01_d45190;off;918.01;925.03;918.01;925.03;0.0;
s06e01;tbbt_s06e01_d45191;off;940.29;943.95;940.29;943.95;0.0;
s06e01;tbbt_s06e01_d45197;off;1042.17;1047.48;1042.17;1047.48;0.0;
s06e01;tbbt_s06e01_d45195;off;1048.07;1054.86;1048.07;1054.86;0.0;
s06e01;tbbt_s06e01_d45196;off;1056.93;1061.95;1056.99;1062.01;0.06;shifted
s06e01;tbbt_s06e01_d45200;off;1075.2;1080.51;1075.2;1080.51;0.0;
s06e01;tbbt_s06e01_d45201;off;1084.65;1090.25;1084.65;1090.25;0.0;
s06e01;tbbt_s06e01_d45204;off;1097.63;1101.47;1097.63;1101.47;0.0;
s06e01;tbbt_s06e01_d45202;off;1102.94;1120.95;1102.94;1120.95;0.0;
s06e01;tbbt_s06e01_d45205;off;1120.92;1142.03;1120.92;1142.03;0.0;
s06e01;tbbt_s06e01_d45206;off;1152.09;1157.78;1152.09;1157.78;0.0;
s06e01;tbbt_s06e01_d45208;off;1152.42;1156.44;1152.42;1156.44;0.0;
s06e01;tbbt_s06e01_d45207;off;1160.46;1166.5;1160.46;1166.5;0.0;
s06e01;tbbt_s06e01_d35767;off;1192.42;1199.18;1192.42;1199.18;0.0;
s06e01;tbbt_s06e01_d35765;off;1220.94;1226.69;1220.94;1226.69;0.0;
s06e01;tbbt_s06e01_d35769;off;1225.69;1226.94;1225.69;1226.94;0.0;
s06e01;tbbt_s06e01_d35766;off;1227.94;1237.94;1227.94;1237.94;0.0;
s06e07;tbbt_s06e07_d92000;off;9.41;11.62;9.41;11.62;0.0;
s06e07;tbbt_s06e07_d92001;off;41.24;43.77;41.24;43.77;0.0;
s06e07;tbbt_s06e07_d92002;off;53.54;55.43;53.54;55.43;0.0;
s06e07;tbbt_s06e07_d34291;off;77.42;79.49;77.42;79.49;0.0;
s06e07;tbbt_s06e07_d34290;off;85.98;91.0;85.98;91.0;0.0;
s06e07;tbbt_s06e07_d34292;off;94.24;98.08;94.24;98.08;0.0;
s06e07;tbbt_s06e07_d30150;off;130.95;133.13;130.95;133.13;0.0;
s06e07;tbbt_s06e07_d30151;off;158.56;162.59;158.56;162.59;0.0;
s06e07;tbbt_s06e07_d30154;off;161.04;174.37;161.04;174.37;0.0;
s06e07;tbbt_s06e07_d30152;off;176.55;180.27;176.55;180.27;0.0;
s06e07;tbbt_s06e07_d30155;off;188.28;190.8;188.28;190.8;0.0;
s06e07;tbbt_s06e07_d30159;off;214.93;218.53;214.93;218.53;0.0;
s06e07;tbbt_s06e07_d30156;off;216.73;219.61;216.73;219.61;0.0;
s06e07;tbbt_s06e07_d30157;off;255.26;255.98;255.26;255.98;0.0;
s06e07;tbbt_s06e07_d9398;off;281.44;287.33;284.53;290.42;3.09;shifted
s06e07;tbbt_s06e07_d9395;off;282.68;289.5;284.53;291.35;1.85;shifted
s06e07;tbbt_s06e07_d9399;off;298.19;306.87;298.19;306.87;0.0;
s06e07;tbbt_s06e07_d9397;off;299.43;305.63;299.43;305.63;0.0;
s06e07;tbbt_s06e07_d9396;off;308.11;313.08;308.11;313.08;0.0;
s06e07;tbbt_s06e07_d9393;off;342.49;344.62;342.49;344.62;0.0;
s06e07;tbbt_s06e07_d9390;off;342.79;344.62;342.79;344.62;0.0;
s06e07;tbbt_s06e07_d9391;off;394.36;395.58;394.53;395.75;0.17;shifted
s06e07;tbbt_s06e07_d9392;off;394.36;401.99;394.53;402.16;0.17;shifted
s06e07;tbbt_s06e07_d9394;off;394.97;397.41;394.97;397.41;0.0;
s06e07;tbbt_s06e07_d9405;off;405.86;413.06;405.86;413.06;0.0;
s06e07;tbbt_s06e07_d9406;off;424.17;439.18;424.17;439.18;0.0;
s06e07;tbbt_s06e07_d9409;off;449.98;458.69;449.98;458.69;0.0;
s06e07;tbbt_s06e07_d9407;off;450.28;455.98;450.28;455.98;0.0;
s06e07;tbbt_s06e07_d9402;off;463.12;467.18;463.12;467.18;0.0;
s06e07;tbbt_s06e07_d9403;off;464.57;468.34;464.57;468.34;0.0;
s06e07;tbbt_s06e07_d9400;off;481.4;484.59;481.4;484.59;0.0;
s06e07;tbbt_s06e07_d9404;off;503.74;508.67;503.74;508.67;0.0;
s06e07;tbbt_s06e07_d9401;off;504.03;508.38;504.03;508.38;0.0;
s06e07;tbbt_s06e07_d9410;off;519.96;523.11;519.96;523.11;0.0;
s06e07;tbbt_s06e07_d9411;off;529.73;531.31;529.73;531.31;0.0;
s06e07;tbbt_s06e07_d9412;off;540.76;546.12;540.99;546.35;0.23;shifted
s06e07;tbbt_s06e07_d9414;off;540.76;546.12;540.99;546.35;0.23;shifted
s06e07;tbbt_s06e07_d91735;off;583.25;588.09;583.25;588.09;0.0;
s06e07;tbbt_s06e07_d91736;off;628.29;631.43;628.29;631.43;0.0;
s06e07;tbbt_s06e07_d91737;off;637.7;639.98;637.7;639.98;0.0;
s06e07;tbbt_s06e07_d9420;off;639.96;644.84;639.96;644.84;0.0;
s06e07;tbbt_s06e07_d9423;off;650.33;655.83;650.33;655.83;0.0;
s06e07;tbbt_s06e07_d9421;off;651.56;656.44;651.56;656.44;0.0;
s06e07;tbbt_s06e07_d9424;off;675.05;678.71;675.05;678.71;0.0;
s06e07;tbbt_s06e07_d9422;off;675.66;681.15;675.66;681.15;0.0;
s06e07;tbbt_s06e07_d9418;off;708.16;711.46;708.5;711.8;0.34;shifted
s06e07;tbbt_s06e07_d9415;off;709.36;710.86;709.36;710.86;0.0;
s06e07;tbbt_s06e07_d9416;off;711.76;714.77;711.76;714.77;0.0;
s06e07;tbbt_s06e07_d9417;off;720.47;723.17;720.47;723.17;0.0;
s06e07;tbbt_s06e07_d91630;off;770.57;773.99;770.57;773.99;0.0;
s06e07;tbbt_s06e07_d91633;off;778.33;782.67;778.33;782.67;0.0;
s06e07;tbbt_s06e07_d91632;off;799.73;802.83;799.73;802.77;0.0;trimmed
s06e07;tbbt_s06e07_d91631;off;806.24;812.13;806.24;812.13;0.0;
s06e07;tbbt_s06e07_d52445;off;822.96;836.89;822.96;836.89;0.0;
s06e07;tbbt_s06e07_d52448;off;834.57;837.47;834.57;837.47;0.0;
s06e07;tbbt_s06e07_d52446;off;859.81;865.32;859.81;865.32;0.0;
s06e07;tbbt_s06e07_d52447;off;874.02;880.99;874.02;880.99;0.0;
s06e07;tbbt_s06e07_d51055;off;883.91;886.57;883.91;886.57;0.0;
s06e07;tbbt_s06e07_d51056;off;897.78;900.73;897.78;900.73;0.0;
s06e07;tbbt_s06e07_d51057;off;920.8;927.0;920.8;927.0;0.0;
s06e07;tbbt_s06e07_d51060;off;943.43;946.89;943.43;946.89;0.0;
s06e07;tbbt_s06e07_d51062;off;944.06;1002.99;944.06;1002.99;0.0;
s06e07;tbbt_s06e07_d51061;off;986.92;990.38;986.92;990.38;0.0;
s06e07;tbbt_s06e07_d51045;off;1002.96;1004.46;1002.96;1004.46;0.0;
s06e07;tbbt_s06e07_d51048;off;1006.26;1009.56;1006.26;1009.56;0.0;
s06e07;tbbt_s06e07_d51046;off;1006.86;1010.46;1006.86;1010.46;0.0;
s06e07;tbbt_s06e07_d51047;off;1029.37;1034.47;1029.37;1034.47;0.0;
s06e07;tbbt_s06e07_d51049;off;1053.08;1062.99;1053.08;1062.99;0.0;
s06e07;tbbt_s06e07_d51053;off;1062.96;1075.87;1062.96;1075.87;0.0;
s06e07;tbbt_s06e07_d51050;off;1080.37;1086.37;1080.37;1086.37;0.0;
s06e07;tbbt_s06e07_d51054;off;1082.17;1093.27;1082.17;1093.27;0.0;
s06e07;tbbt_s06e07_d51051;off;1094.47;1101.68;1094.47;1101.68;0.0;
s06e07;tbbt_s06e07_d51052;off;1107.08;1112.18;1107.08;1112.18;0.0;
s06e07;tbbt_s06e07_d51035;off;1150.52;1153.13;1150.52;1153.13;0.0;
s06e07;tbbt_s06e07_d51036;off;1158.36;1177.5;1158.36;1177.5;0.0;
s06e07;tbbt_s06e07_d51038;off;1174.89;1177.5;1174.89;1177.5;0.0;
s06e07;tbbt_s06e07_d51037;off;1176.92;1180.99;1176.92;1180.99;0.0;
s06e07;tbbt_s06e07_d51040;off;1180.96;1205.93;1180.96;1205.93;0.0;
s06e07;tbbt_s06e07_d51042;off;1192.66;1196.56;1192.66;1196.56;0.0;
s06e07;tbbt_s06e07_d51041;off;1235.97;1239.87;1235.97;1239.87;0.0;
s06e24;tbbt_s06e24_d3436;off;3.67;39.67;3.67;39.67;0.0;
s06e24;tbbt_s06e24_d3438;off;4.88;37.23;4.88;37.23;0.0;
s06e24;tbbt_s06e24_d3435;off;35.41;41.8;35.41;41.8;0.0;
s06e24;tbbt_s06e24_d3439;off;37.53;41.51;37.53;41.51;0.0;
s06e24;tbbt_s06e24_d3437;off;43.34;52.48;43.34;52.48;0.0;
s06e24;tbbt_s06e24_d72161;off;61.01;68.44;61.01;68.44;0.0;
s06e24;tbbt_s06e24_d72160;off;68.75;86.44;68.75;86.44;0.0;
s06e24;tbbt_s06e24_d72162;off;88.3;123.03;88.3;123.03;0.0;
s06e24;tbbt_s06e24_d87555;off;131.22;133.88;131.22;133.88;0.0;
s06e24;tbbt_s06e24_d87556;off;150.84;152.97;150.84;152.97;0.0;
s06e24;tbbt_s06e24_d87557;off;169.94;172.84;169.94;172.84;0.0;
s06e24;tbbt_s06e24_d15730;off;203.9;208.87;203.93;208.9;0.03;shifted
s06e24;tbbt_s06e24_d15733;off;226.53;232.75;226.53;232.75;0.0;
s06e24;tbbt_s06e24_d15731;off;227.78;234.91;227.78;234.91;0.0;
s06e24;tbbt_s06e24_d15734;off;230.88;233.99;230.88;233.99;0.0;
s06e24;tbbt_s06e24_d15732;off;251.66;260.04;251.66;260.04;0.0;
s06e24;tbbt_s06e24_d24970;off;260.0;267.98;260.0;267.98;0.0;
s06e24;tbbt_s06e24_d24971;off;274.76;279.49;274.8;279.53;0.04;shifted
s06e24;tbbt_s06e24_d24973;off;274.76;278.89;274.8;278.93;0.04;shifted
s06e24;tbbt_s06e24_d24974;off;304.56;305.75;304.56;305.75;0.0;
s06e24;tbbt_s06e24_d24972;off;310.76;319.04;310.76;319.04;0.0;
s06e24;tbbt_s06e24_d72760;off;326.81;335.81;326.81;335.81;0.0;
s06e24;tbbt_s06e24_d72761;off;347.51;352.31;347.51;352.31;0.0;
s06e24;tbbt_s06e24_d72762;off;365.23;370.62;365.23;370.62;0.0;
s06e24;tbbt_s06e24_d15748;off;379.0;401.64;379.0;401.64;0.0;
s06e24;tbbt_s06e24_d15745;off;384.89;386.44;384.89;386.44;0.0;
s06e24;tbbt_s06e24_d15746;off;406.3;407.23;406.3;407.23;0.0;
s06e24;tbbt_s06e24_d15747;off;413.75;417.15;413.75;417.15;0.0;
s06e24;tbbt_s06e24_d15753;off;443.11;446.4;443.11;446.4;0.0;
s06e24;tbbt_s06e24_d15750;off;444.0;445.2;444.0;445.2;0.0;
s06e24;tbbt_s06e24_d15751;off;484.23;485.12;484.23;485.12;0.0;
s06e24;tbbt_s06e24_d15752;off;498.94;501.04;498.94;501.04;0.0;
s06e24;tbbt_s06e24_d89002;off;521.89;523.35;521.89;523.35;0.0;
s06e24;tbbt_s06e24_d89001;off;542.5;549.16;542.5;549.16;0.0;
s06e24;tbbt_s06e24_d89000;off;551.2;559.03;551.2;559.03;0.0;
s06e24;tbbt_s06e24_d15760;off;560.33;562.63;560.33;562.63;0.0;
s06e24;tbbt_s06e24_d15761;off;596.64;599.62;596.64;599.62;0.0;
s06e24;tbbt_s06e24_d15763;off;607.53;610.18;607.53;610.18;0.0;
s06e24;tbbt_s06e24_d15762;off;610.18;613.49;610.18;613.49;0.0;
s06e24;tbbt_s06e24_d15764;off;611.84;619.75;611.84;619.75;0.0;
s06e24;tbbt_s06e24_d15765;off;625.0;629.05;625.0;629.05;0.0;
s06e24;tbbt_s06e24_d15768;off;630.67;634.73;630.67;634.73;0.0;
s06e24;tbbt_s06e24_d15766;off;631.22;634.18;631.22;634.18;0.0;
s06e24;tbbt_s06e24_d15769;off;649.86;659.3;649.86;659.3;0.0;
s06e24;tbbt_s06e24_d15767;off;655.52;658.77;655.52;658.77;0.0;
s06e24;tbbt_s06e24_d15695;off;683.21;685.3;683.21;685.3;0.0;
s06e24;tbbt_s06e24_d15696;off;683.21;686.21;683.21;686.21;0.0;
s06e24;tbbt_s06e24_d15697;off;727.02;730.33;727.02;730.33;0.0;
s06e24;tbbt_s06e24_d62847;off;815.78;820.98;815.78;820.98;0.0;
s06e24;tbbt_s06e24_d62845;off;831.97;839.59;831.97;839.59;0.0;
s06e24;tbbt_s06e24_d62846;off;857.28;860.03;857.28;860.03;0.0;
s06e24;tbbt_s06e24_d13280;off;860.0;863.48;860.0;863.48;0.0;
s06e24;tbbt_s06e24_d13283;off;867.57;871.66;867.57;871.66;0.0;
s06e24;tbbt_s06e24_d13284;off;873.55;878.28;873.55;878.28;0.0;
s06e24;tbbt_s06e24_d13281;off;873.88;880.8;873.88;880.8;0.0;
s06e24;tbbt_s06e24_d13282;off;921.46;923.03;921.46;923.03;0.0;
s06e24;tbbt_s06e24_d13268;off;926.49;930.84;926.49;930.84;0.0;
s06e24;tbbt_s06e24_d13265;off;927.07;930.25;927.07;930.25;0.0;
s06e24;tbbt_s06e24_d13266;off;947.38;953.17;947.38;953.17;0.0;
s06e24;tbbt_s06e24_d13267;off;970.0;975.51;970.0;975.51;0.0;
s06e24;tbbt_s06e24_d13269;off;972.33;981.03;972.33;981.03;0.0;
s06e24;tbbt_s06e24_d51310;off;981.0;985.5;981.0;985.5;0.0;
s06e24;tbbt_s06e24_d51313;off;991.01;995.15;991.01;995.15;0.0;
s06e24;tbbt_s06e24_d51311;off;1019.32;1024.14;1019.32;1024.14;0.0;
s06e24;tbbt_s06e24_d51314;off;1020.7;1025.18;1020.7;1025.18;0.0;
s06e24;tbbt_s06e24_d51312;off;1035.54;1046.58;1035.54;1046.58;0.0;
s06e24;tbbt_s06e24_d51980;off;1050.01;1056.26;1050.01;1056.26;0.0;
s06e24;tbbt_s06e24_d51981;off;1064.27;1070.52;1064.27;1070.52;0.0;
s06e24;tbbt_s06e24_d51983;off;1094.28;1098.78;1094.28;1098.78;0.0;
s06e24;tbbt_s06e24_d51982;off;1094.78;1100.03;1094.78;1100.03;0.0;
s06e24;tbbt_s06e24_d60540;off;1100.01;1103.97;1100.01;1103.97;0.0;
s06e24;tbbt_s06e24_d60541;off;1134.8;1139.37;1134.8;1139.37;0.0;
s06e24;tbbt_s06e24_d60542;off;1146.69;1149.43;1146.69;1149.43;0.0;
s06e24;tbbt_s06e24_d63727;off;1161.01;1165.01;1161.01;1165.01;0.0;
s06e24;tbbt_s06e24_d63725;off;1170.21;1175.82;1170.21;1175.81;0.0;trimmed
s06e24;tbbt_s06e24_d63729;off;1171.21;1176.82;1171.21;1175.81;0.0;trimmed
s06e24;tbbt_s06e24_d63726;off;1175.21;1191.83;1175.21;1175.81;0.0;trimmed
s07e02;tbbt_s07e02_d6160;off;3.6;51.77;3.6;51.77;0.0;
s07e02;tbbt_s07e02_d6161;off;3.6;14.4;3.6;14.4;0.0;
s07e02;tbbt_s07e02_d6163;off;52.22;54.02;52.22;54.02;0.0;
s07e02;tbbt_s07e02_d6162;off;57.62;65.28;57.62;65.28;0.0;
s07e02;tbbt_s07e02_d6164;off;65.28;66.17;65.28;66.17;0.0;
s07e02;tbbt_s07e02_d12515;off;119.62;120.25;119.62;120.25;0.0;
s07e02;tbbt_s07e02_d12519;off;143.25;148.31;143.25;148.31;0.0;
s07e02;tbbt_s07e02_d12516;off;146.72;148.62;146.72;148.62;0.0;
s07e02;tbbt_s07e02_d12517;off;170.04;173.82;170.04;173.82;0.0;
s07e02;tbbt_s07e02_d12513;off;178.96;181.91;178.96;181.91;0.0;
s07e02;tbbt_s07e02_d12510;off;179.54;192.24;179.54;192.24;0.0;
s07e02;tbbt_s07e02_d12514;off;183.68;186.93;183.68;186.93;0.0;
s07e02;tbbt_s07e02_d12511;off;201.09;209.94;201.09;209.94;0.0;
s07e02;tbbt_s07e02_d12512;off;223.81;235.03;223.81;235.03;0.0;
s07e02;tbbt_s07e02_d12505;off;235.0;239.5;235.0;239.5;0.0;
s07e02;tbbt_s07e02_d12506;off;248.51;252.12;248.51;252.12;0.0;
s07e02;tbbt_s07e02_d12507;off;267.71;271.93;267.71;271.93;0.0;
s07e02;tbbt_s07e02_d12502;off;296.19;298.25;296.19;298.25;0.0;
s07e02;tbbt_s07e02_d12503;off;334.56;341.94;334.56;341.94;0.0;
s07e02;tbbt_s07e02_d12500;off;336.02;340.45;336.02;340.45;0.0;
s07e02;tbbt_s07e02_d12501;off;351.07;352.56;351.07;352.56;0.0;
s07e02;tbbt_s07e02_d12538;off;363.93;366.11;363.93;366.11;0.0;
s07e02;tbbt_s07e02_d12535;off;364.55;366.11;364.55;366.11;0.0;
s07e02;tbbt_s07e02_d12536;off;382.23;383.46;382.23;383.46;0.0;
s07e02;tbbt_s07e02_d12537;off;401.14;402.69;401.14;402.69;0.0;
s07e02;tbbt_s07e02_d12534;off;416.0;425.62;416.0;425.62;0.0;
s07e02;tbbt_s07e02_d12530;off;420.35;421.58;420.35;421.58;0.0;
s07e02;tbbt_s07e02_d12533;off;435.55;446.7;435.55;446.7;0.0;
s07e02;tbbt_s07e02_d12531;off;436.17;437.1;436.17;437.1;0.0;
s07e02;tbbt_s07e02_d12532;off;445.46;455.08;445.46;455.08;0.0;
s07e02;tbbt_s07e02_d71425;off;478.0;484.1;478.0;484.1;0.0;
s07e02;tbbt_s07e02_d71428;off;482.06;485.25;482.06;485.25;0.0;
s07e02;tbbt_s07e02_d71426;off;485.25;501.21;485.25;501.21;0.0;
s07e02;tbbt_s07e02_d71427;off;532.54;536.03;532.54;536.03;0.0;
s07e02;tbbt_s07e02_d71429;off;532.84;536.03;532.84;536.03;0.0;
s07e02;tbbt_s07e02_d71318;off;596.11;600.3;596.11;600.3;0.0;
s07e02;tbbt_s07e02_d71315;off;615.01;621.62;615.01;621.62;0.0;
s07e02;tbbt_s07e02_d71319;off;629.42;633.33;629.42;633.33;0.0;
s07e02;tbbt_s07e02_d71316;off;631.52;635.73;631.52;635.73;0.0;
s07e02;tbbt_s07e02_d71317;off;635.42;637.83;635.42;637.83;0.0;
s07e02;tbbt_s07e02_d12475;off;654.0;657.0;654.0;657.0;0.0;
s07e02;tbbt_s07e02_d12476;off;662.71;670.51;662.71;670.51;0.0;
s07e02;tbbt_s07e02_d12477;off;712.84;714.03;712.84;714.03;0.0;
s07e02;tbbt_s07e02_d54260;off;780.27;784.92;780.27;784.92;0.0;
s07e02;tbbt_s07e02_d54261;off;796.1;799.82;796.1;799.82;0.0;
s07e02;tbbt_s07e02_d54263;off;810.99;818.42;810.99;818.42;0.0;
s07e02;tbbt_s07e02_d54264;off;822.76;826.79;822.76;826.79;0.0;
s07e02;tbbt_s07e02_d54262;off;831.14;834.87;831.14;834.87;0.0;
s07e02;tbbt_s07e02_d54265;off;837.0;840.0;837.0;840.0;0.0;
s07e02;tbbt_s07e02_d54266;off;845.11;846.3;845.11;846.3;0.0;
s07e02;tbbt_s07e02_d54268;off;845.71;852.62;845.71;852.62;0.0;
s07e02;tbbt_s07e02_d54269;off;864.01;868.51;864.01;868.51;0.0;
s07e02;tbbt_s07e02_d54267;off;879.02;897.03;879.02;897.03;0.0;
s07e02;tbbt_s07e02_d54273;off;900.85;903.4;900.85;903.4;0.0;
s07e02;tbbt_s07e02_d54270;off;907.89;909.82;908.01;909.94;0.12;shifted
s07e02;tbbt_s07e02_d54274;off;913.98;921.34;913.98;921.34;0.0;
s07e02;tbbt_s07e02_d54271;off;923.25;928.38;923.25;928.38;0.0;
s07e02;tbbt_s07e02_d54272;off;958.48;961.02;958.48;961.02;0.0;
s07e02;tbbt_s07e02_d92486;off;961.0;966.88;961.0;966.88;0.0;
s07e02;tbbt_s07e02_d92488;off;961.0;969.12;961.0;969.12;0.0;
s07e02;tbbt_s07e02_d92485;off;965.76;1004.14;965.76;1004.14;0.0;
s07e02;tbbt_s07e02_d92487;off;1014.5;1017.02;1014.5;1017.02;0.0;
s07e02;tbbt_s07e02_d54277;off;1017.0;1021.36;1017.0;1021.35;0.0;trimmed
s07e02;tbbt_s07e02_d54275;off;1022.51;1025.7;1022.68;1025.87;0.17;shifted
s07e02;tbbt_s07e02_d54278;off;1022.51;1024.55;1022.68;1024.72;0.17;shifted
s07e02;tbbt_s07e02_d54276;off;1041.95;1045.14;1041.95;1045.14;0.0;
s07e02;tbbt_s07e02_d54279;off;1042.83;1045.72;1042.83;1045.72;0.0;
s07e02;tbbt_s07e02_d54283;off;1085.2;1087.62;1085.2;1087.62;0.0;
s07e02;tbbt_s07e02_d54280;off;1085.51;1092.71;1085.51;1092.71;0.0;
s07e02;tbbt_s07e02_d54282;off;1103.82;1106.21;1103.82;1106.21;0.0;
s07e02;tbbt_s07e02_d54281;off;1107.41;1110.12;1107.41;1110.12;0.0;
s07e02;tbbt_s07e02_d62065;off;1167.96;1172.85;1167.96;1172.85;0.0;
s07e02;tbbt_s07e02_d62066;off;1177.41;1183.21;1177.41;1183.21;0.0;
s07e02;tbbt_s07e02_d62067;off;1193.6;1196.04;1193.6;1196.04;0.0;
s07e02;tbbt_s07e02_d62068;off;1193.6;1196.04;1193.6;1196.04;0.0;
s07e02;tbbt_s07e02_d54230;off;1200.94;1202.77;1200.94;1202.77;0.0;
s07e02;tbbt_s07e02_d54231;off;1213.95;1218.12;1213.95;1218.12;0.0;
s07e02;tbbt_s07e02_d54232;off;1246.98;1248.03;1246.98;1248.03;0.0;
s07e13;tbbt_s07e13_d46840;off;4.28;9.77;4.28;9.77;0.0;
s07e13;tbbt_s07e13_d46844;off;12.83;18.93;12.83;18.93;0.0;
s07e13;tbbt_s07e13_d46843;off;16.49;21.98;16.49;21.98;0.0;
s07e13;tbbt_s07e13_d46841;off;19.23;26.25;19.23;26.25;0.0;
s07e13;tbbt_s07e13_d46842;off;42.42;47.0;42.42;47.0;0.0;
s07e13;tbbt_s07e13_d18750;off;67.31;78.66;67.31;78.66;0.0;
s07e13;tbbt_s07e13_d18751;off;85.28;96.62;85.28;96.62;0.0;
s07e13;tbbt_s07e13_d18752;off;102.92;105.76;102.92;105.76;0.0;
s07e13;tbbt_s07e13_d18707;off;126.53;129.06;126.53;129.06;0.0;
s07e13;tbbt_s07e13_d18708;off;131.04;135.0;131.04;135.0;0.0;
s07e13;tbbt_s07e13_d18705;off;131.76;134.1;131.76;134.1;0.0;
s07e13;tbbt_s07e13_d18709;off;156.08;160.05;156.08;159.75;0.0;trimmed
s07e13;tbbt_s07e13_d18706;off;158.42;160.05;158.42;159.75;0.0;trimmed
s07e13;tbbt_s07e13_d37850;off;190.24;192.42;190.24;192.42;0.0;
s07e13;tbbt_s07e13_d37851;off;210.4;232.11;210.4;232.11;0.0;
s07e13;tbbt_s07e13_d37852;off;233.98;236.77;233.98;236.7;0.0;trimmed
s07e13;tbbt_s07e13_d37845;off;242.01;244.11;242.01;244.11;0.0;
s07e13;tbbt_s07e13_d37848;off;252.21;257.92;252.21;257.92;0.0;
s07e13;tbbt_s07e13_d37846;off;253.72;260.62;253.72;260.62;0.0;
s07e13;tbbt_s07e13_d37847;off;280.73;294.53;280.73;294.53;0.0;
s07e13;tbbt_s07e13_d37863;off;307.91;312.34;307.91;312.34;0.0;
s07e13;tbbt_s07e13_d37860;off;309.39;313.22;309.39;313.22;0.0;
s07e13;tbbt_s07e13_d37864;off;320.6;329.16;320.6;329.16;0.0;
s07e13;tbbt_s07e13_d37861;off;324.14;327.69;324.14;327.69;0.0;
s07e13;tbbt_s07e13_d37862;off;347.16;351.59;347.16;351.59;0.0;
s07e13;tbbt_s07e13_d53140;off;370.93;375.59;370.93;375.59;0.0;
s07e13;tbbt_s07e13_d53144;off;374.04;376.83;374.04;376.83;0.0;
s07e13;tbbt_s07e13_d53141;off;375.9;380.24;375.9;380.24;0.0;
s07e13;tbbt_s07e13_d53142;off;386.75;391.09;386.75;391.09;0.0;
s07e13;tbbt_s07e13_d37870;off;427.81;429.91;428.22;430.32;0.41;shifted
s07e13;tbbt_s07e13_d37873;off;428.11;438.02;428.22;438.13;0.11;shifted
s07e13;tbbt_s07e13_d37871;off;435.32;436.82;435.32;436.82;0.0;
s07e13;tbbt_s07e13_d37872;off;480.04;483.04;480.04;483.04;0.0;
s07e13;tbbt_s07e13_d24040;off;483.01;485.91;483.01;485.91;0.0;
s07e13;tbbt_s07e13_d24043;off;483.01;486.49;483.01;486.45;0.0;trimmed
s07e13;tbbt_s07e13_d24041;off;517.24;519.57;517.24;519.57;0.0;
s07e13;tbbt_s07e13_d24042;off;538.42;541.04;538.42;541.04;0.0;
s07e13;tbbt_s07e13_d24044;off;538.42;541.04;538.42;541.04;0.0;
s07e13;tbbt_s07e13_d37881;off;541.01;547.31;541.01;547.31;0.0;
s07e13;tbbt_s07e13_d37880;off;561.42;565.02;561.42;565.02;0.0;
s07e13;tbbt_s07e13_d37882;off;593.23;601.04;593.23;601.04;0.0;
s07e13;tbbt_s07e13_d37878;off;601.01;612.0;601.01;612.0;0.0;
s07e13;tbbt_s07e13_d37875;off;612.91;615.66;612.91;615.66;0.0;
s07e13;tbbt_s07e13_d37876;off;614.74;618.4;614.74;618.4;0.0;
s07e13;tbbt_s07e13_d37877;off;620.84;662.04;620.84;662.04;0.0;
s07e13;tbbt_s07e13_d37840;off;687.39;690.64;687.39;690.64;0.0;
s07e13;tbbt_s07e13_d37841;off;689.46;692.41;689.46;692.41;0.0;
s07e13;tbbt_s07e13_d37842;off;715.13;718.38;715.13;718.38;0.0;
s07e13;tbbt_s07e13_d37835;off;755.19;759.15;755.19;759.15;0.0;
s07e13;tbbt_s07e13_d37836;off;763.42;775.94;763.42;775.94;0.0;
s07e13;tbbt_s07e13_d37839;off;764.34;772.88;764.34;772.88;0.0;
s07e13;tbbt_s07e13_d37837;off;780.82;782.04;780.82;782.04;0.0;
s07e13;tbbt_s07e13_d79993;off;782.01;786.89;782.01;786.89;0.0;
s07e13;tbbt_s07e13_d79990;off;782.93;786.28;782.93;786.28;0.0;
s07e13;tbbt_s07e13_d79994;off;800.01;803.06;800.01;803.06;0.0;
s07e13;tbbt_s07e13_d79991;off;800.62;807.03;800.62;807.03;0.0;
s07e13;tbbt_s07e13_d79992;off;806.42;811.91;806.42;811.91;0.0;
s07e13;tbbt_s07e13_d87245;off;910.72;912.06;910.72;912.06;0.0;
s07e13;tbbt_s07e13_d87248;off;917.09;920.11;917.09;920.11;0.0;
s07e13;tbbt_s07e13_d87246;off;955.96;961.33;955.96;961.33;0.0;
s07e13;tbbt_s07e13_d87249;off;963.0;969.03;963.42;969.45;0.42;shifted
s07e13;tbbt_s07e13_d87247;off;964.34;969.03;964.34;969.03;0.0;
s07e13;tbbt_s07e13_d79986;off;969.01;979.81;969.01;979.81;0.0;
s07e13;tbbt_s07e13_d79988;off;969.01;981.17;969.01;981.17;0.0;
s07e13;tbbt_s07e13_d79989;off;1012.5;1015.2;1012.5;1015.2;0.0;
s07e13;tbbt_s07e13_d79985;off;1012.77;1015.2;1012.77;1015.2;0.0;
s07e13;tbbt_s07e13_d79987;off;1018.71;1022.76;1018.71;1022.76;0.0;
s07e13;tbbt_s07e13_d79978;off;1023.01;1041.58;1023.01;1041.58;0.0;
s07e13;tbbt_s07e13_d79975;off;1032.87;1036.07;1032.87;1036.07;0.0;
s07e13;tbbt_s07e13_d79976;off;1042.45;1046.8;1042.45;1046.8;0.0;
s07e13;tbbt_s07e13_d79977;off;1067.4;1070.3;1067.4;1070.3;0.0;
s07e13;tbbt_s07e13_d79982;off;1097.79;1099.93;1097.79;1099.93;0.0;
s07e13;tbbt_s07e13_d79980;off;1107.86;1109.69;1107.86;1109.69;0.0;
s07e13;tbbt_s07e13_d79981;off;1120.68;1122.81;1120.68;1122.81;0.0;
s07e13;tbbt_s07e13_d79970;off;1143.35;1149.72;1143.35;1149.72;0.0;
s07e13;tbbt_s07e13_d79973;off;1143.69;1147.04;1143.69;1147.04;0.0;
s07e13;tbbt_s07e13_d79971;off;1152.73;1156.42;1152.77;1156.46;0.04;shifted
s07e13;tbbt_s07e13_d79974;off;1153.07;1156.09;1153.07;1156.09;0.0;
s07e13;tbbt_s07e13_d79972;off;1205.35;1209.03;1205.35;1209.03;0.0;
s08e04;tbbt_s08e04_d86685;off;5.1;13.35;5.1;13.35;0.0;
s08e04;tbbt_s08e04_d86688;off;28.36;32.11;28.36;32.11;0.0;
s08e04;tbbt_s08e04_d86686;off;29.11;33.61;29.11;33.61;0.0;
s08e04;tbbt_s08e04_d86687;off;49.37;58.74;49.37;58.74;0.0;
s08e04;tbbt_s08e04_d84453;off;110.0;112.14;110.0;112.14;0.0;
s08e04;tbbt_s08e04_d84450;off;125.87;129.53;125.87;129.53;0.0;
s08e04;tbbt_s08e04_d84451;off;144.79;146.01;144.79;146.01;0.0;
s08e04;tbbt_s08e04_d84452;off;156.69;159.43;156.69;159.43;0.0;
s08e04;tbbt_s08e04_d58100;off;185.19;188.19;185.19;188.19;0.0;spans_mask
s08e04;tbbt_s08e04_d58103;off;185.19;187.59;185.19;186.85;0.0;trimmed
s08e04;tbbt_s08e04_d58101;off;189.39;195.4;189.39;195.4;0.0;
s08e04;tbbt_s08e04_d58102;off;202.0;204.7;202.0;204.7;0.0;
s08e04;tbbt_s08e04_d58105;off;225.71;227.24;225.71;227.24;0.0;
s08e04;tbbt_s08e04_d58106;off;263.86;268.43;263.86;268.43;0.0;
s08e04;tbbt_s08e04_d58107;off;278.81;281.25;278.81;281.25;0.0;
s08e04;tbbt_s08e04_d56243;off;281.1;285.3;281.1;285.3;0.0;
s08e04;tbbt_s08e04_d56241;off;282.0;285.9;282.0;285.9;0.0;
s08e04;tbbt_s08e04_d56244;off;286.8;289.8;286.8;289.8;0.0;
s08e04;tbbt_s08e04_d56240;off;287.1;288.6;287.1;288.6;0.0;
s08e04;tbbt_s08e04_d56242;off;335.42;337.53;335.42;337.53;0.0;
s08e04;tbbt_s08e04_d58117;off;349.0;359.33;349.0;359.08;0.0;trimmed
s08e04;tbbt_s08e04_d58115;off;362.28;365.53;362.28;365.53;0.0;
s08e04;tbbt_s08e04_d58118;off;362.57;366.71;362.57;366.71;0.0;
s08e04;tbbt_s08e04_d58116;off;365.53;370.84;365.53;370.84;0.0;
s08e04;tbbt_s08e04_d58119;off;382.64;386.18;382.64;386.18;0.0;
s08e04;tbbt_s08e04_d58120;off;401.35;403.49;401.35;403.49;0.0;
s08e04;tbbt_s08e04_d58123;off;421.49;424.24;421.49;424.24;0.0;
s08e04;tbbt_s08e04_d58121;off;423.02;425.76;423.02;425.76;0.0;
s08e04;tbbt_s08e04_d58124;off;433.39;438.58;433.39;438.58;0.0;
s08e04;tbbt_s08e04_d58122;off;434.31;436.44;434.31;436.44;0.0;
s08e04;tbbt_s08e04_d58126;off;467.58;474.19;467.58;474.19;0.0;
s08e04;tbbt_s08e04_d58127;off;469.38;474.79;469.38;474.79;0.0;
s08e04;tbbt_s08e04_d58128;off;478.99;483.79;478.99;483.79;0.0;
s08e04;tbbt_s08e04_d58125;off;518.01;520.11;518.01;520.11;0.0;
s08e04;tbbt_s08e04_d58129;off;518.01;519.51;518.01;519.51;0.0;
s08e04;tbbt_s08e04_d94230;off;535.03;536.21;535.03;536.21;0.0;
s08e04;tbbt_s08e04_d94231;off;540.93;542.99;540.93;542.99;0.0;
s08e04;tbbt_s08e04_d94233;off;550.96;555.39;550.96;555.39;0.0;
s08e04;tbbt_s08e04_d94232;off;569.26;573.98;569.26;573.98;0.0;
s08e04;tbbt_s08e04_d58055;off;579.37;583.21;579.37;583.21;0.0;
s08e04;tbbt_s08e04_d58058;off;581.92;584.8;581.92;584.8;0.0;
s08e04;tbbt_s08e04_d58056;off;608.82;611.38;608.82;611.38;0.0;
s08e04;tbbt_s08e04_d58059;off;611.07;612.99;611.07;612.99;0.0;
s08e04;tbbt_s08e04_d58057;off;638.6;642.75;638.6;642.25;0.0;trimmed
s08e04;tbbt_s08e04_d58060;off;643.24;663.77;643.57;664.1;0.33;shifted
s08e04;tbbt_s08e04_d58064;off;653.5;657.21;653.5;657.21;0.0;
s08e04;tbbt_s08e04_d58063;off;660.35;664.05;660.35;664.05;0.0;
s08e04;tbbt_s08e04_d58061;off;663.2;678.88;663.2;678.88;0.0;
s08e04;tbbt_s08e04_d58062;off;680.02;692.28;680.02;692.28;0.0;
s08e04;tbbt_s08e04_d16410;off;700.23;703.18;700.23;703.18;0.0;
s08e04;tbbt_s08e04_d16414;off;700.23;743.61;700.23;743.61;0.0;
s08e04;tbbt_s08e04_d16411;off;740.07;742.43;740.07;742.43;0.0;
s08e04;tbbt_s08e04_d16412;off;748.04;759.26;748.04;759.26;0.0;
s08e04;tbbt_s08e04_d8908;off;759.27;774.08;759.27;774.08;0.0;
s08e04;tbbt_s08e04_d8905;off;764.0;773.14;764.0;773.14;0.0;
s08e04;tbbt_s08e04_d8907;off;780.39;789.52;780.39;789.52;0.0;
s08e04;tbbt_s08e04_d8906;off;813.48;820.72;813.48;820.72;0.0;
s08e04;tbbt_s08e04_d8909;off;815.68;819.78;815.68;819.78;0.0;
s08e04;tbbt_s08e04_d16400;off;822.06;823.83;822.06;823.83;0.0;
s08e04;tbbt_s08e04_d16403;off;835.34;837.11;835.34;837.11;0.0;
s08e04;tbbt_s08e04_d16404;off;840.65;846.26;840.65;846.26;0.0;
s08e04;tbbt_s08e04_d16401;off;850.98;852.46;850.98;852.46;0.0;
s08e04;tbbt_s08e04_d16402;off;878.72;880.79;878.72;880.79;0.0;
s08e04;tbbt_s08e04_d16396;off;923.26;930.05;923.26;930.05;0.0;
s08e04;tbbt_s08e04_d16398;off;931.82;935.95;931.82;935.95;0.0;
s08e04;tbbt_s08e04_d16395;off;932.41;940.09;932.41;940.09;0.0;
s08e04;tbbt_s08e04_d16397;off;936.54;940.09;936.54;940.09;0.0;
s08e04;tbbt_s08e04_d16399;off;936.84;939.5;936.84;939.5;0.0;
s08e04;tbbt_s08e04_d4063;off;1000.11;1004.08;1000.25;1004.22;0.14;shifted
s08e04;tbbt_s08e04_d4060;off;1002.55;1005.91;1002.55;1005.91;0.0;
s08e04;tbbt_s08e04_d4061;off;1018.11;1019.33;1018.11;1019.33;0.0;
s08e04;tbbt_s08e04_d4062;off;1043.44;1046.19;1043.44;1046.19;0.0;
s08e04;tbbt_s08e04_d16422;off;1060.7;1072.21;1061.19;1072.7;0.49;shifted
s08e04;tbbt_s08e04_d16420;off;1071.63;1079.82;1071.63;1079.82;0.0;
s08e04;tbbt_s08e04_d16421;off;1082.16;1086.46;1082.71;1087.01;0.55;shifted
s08e08;tbbt_s08e08_d66768;off;1.83;5.05;3.38;6.6;1.55;shifted
s08e08;tbbt_s08e08_d66765;off;3.21;6.43;3.38;6.6;0.17;shifted
s08e08;tbbt_s08e08_d66766;off;4.13;4.59;4.13;4.59;0.0;
s08e08;tbbt_s08e08_d66767;off;6.89;91.11;6.89;91.11;0.0;
s08e08;tbbt_s08e08_d66769;off;86.06;91.58;86.06;91.58;0.0;
s08e08;tbbt_s08e08_d83405;off;125.53;126.14;125.53;126.14;0.0;
s08e08;tbbt_s08e08_d83406;off;127.05;128.88;127.05;128.88;0.0;
s08e08;tbbt_s08e08_d83407;off;145.06;150.24;145.06;150.24;0.0;
s08e08;tbbt_s08e08_d11681;off;181.49;183.9;181.49;183.9;0.0;
s08e08;tbbt_s08e08_d11680;off;193.2;198.0;193.2;198.0;0.0;
s08e08;tbbt_s08e08_d11682;off;193.8;231.92;193.8;231.92;0.0;
s08e08;tbbt_s08e08_d11684;off;194.1;199.8;194.1;199.8;0.0;
s08e08;tbbt_s08e08_d44400;off;242.28;244.69;242.28;244.69;0.0;
s08e08;tbbt_s08e08_d44401;off;264.19;265.7;264.19;265.7;0.0;
s08e08;tbbt_s08e08_d44402;off;276.2;291.81;276.2;291.81;0.0;
s08e08;tbbt_s08e08_d55040;off;303.16;304.66;303.16;304.66;0.0;
s08e08;tbbt_s08e08_d55041;off;326.57;328.67;326.57;328.67;0.0;spans_mask
s08e08;tbbt_s08e08_d55042;off;338.57;341.27;338.57;341.27;0.0;
s08e08;tbbt_s08e08_d66115;off;351.71;395.04;351.71;395.04;0.0;
s08e08;tbbt_s08e08_d66116;off;366.36;369.41;366.36;369.41;0.0;
s08e08;tbbt_s08e08_d66117;off;411.21;412.74;411.21;412.74;0.0;spans_mask
s08e08;tbbt_s08e08_d54461;off;412.66;418.27;412.66;418.27;0.0;
s08e08;tbbt_s08e08_d54462;off;438.34;440.99;438.34;440.99;0.0;
s08e08;tbbt_s08e08_d54460;off;446.01;451.62;446.01;451.62;0.0;
s08e08;tbbt_s08e08_d54550;off;471.42;475.92;471.42;475.92;0.0;
s08e08;tbbt_s08e08_d54551;off;489.43;498.13;489.43;498.13;0.0;
s08e08;tbbt_s08e08_d54553;off;490.33;494.83;490.33;494.83;0.0;
s08e08;tbbt_s08e08_d54554;off;503.83;509.84;503.83;509.84;0.0;
s08e08;tbbt_s08e08_d54552;off;507.74;511.94;507.74;511.94;0.0;
s08e08;tbbt_s08e08_d11671;off;547.67;566.29;547.67;566.29;0.0;spans_mask
s08e08;tbbt_s08e08_d11672;off;569.35;572.39;569.35;572.39;0.0;
s08e08;tbbt_s08e08_d11670;off;583.68;589.17;583.68;589.17;0.0;
s08e08;tbbt_s08e08_d11674;off;583.99;588.57;583.99;588.57;0.0;
s08e08;tbbt_s08e08_d11635;off;592.55;600.18;592.55;600.18;0.0;
s08e08;tbbt_s08e08_d11638;off;596.52;601.4;596.52;601.4;0.0;
s08e08;tbbt_s08e08_d11636;off;599.57;608.72;599.57;608.72;0.0;
s08e08;tbbt_s08e08_d11639;off;620.01;622.45;620.01;622.45;0.0;
s08e08;tbbt_s08e08_d11637;off;624.59;629.47;624.59;629.47;0.0;
s08e08;tbbt_s08e08_d11640;off;658.4;659.9;658.4;659.9;0.0;
s08e08;tbbt_s08e08_d11643;off;659.3;660.8;659.3;660.8;0.0;
s08e08;tbbt_s08e08_d11641;off;667.41;670.71;667.41;670.71;0.0;spans_mask
s08e08;tbbt_s08e08_d11644;off;697.12;706.72;697.12;706.72;0.0;
s08e08;tbbt_s08e08_d11642;off;698.02;700.42;698.02;700.42;0.0;
s08e08;tbbt_s08e08_d75195;off;715.24;718.72;715.24;718.72;0.0;spans_mask
s08e08;tbbt_s08e08_d75196;off;720.17;722.78;720.17;722.78;0.0;
s08e08;tbbt_s08e08_d75197;off;745.7;750.93;745.7;750.93;0.0;
s08e08;tbbt_s08e08_d75194;off;777.59;781.19;777.59;781.19;0.0;
s08e08;tbbt_s08e08_d75193;off;787.5;791.4;787.5;791.4;0.0;
s08e08;tbbt_s08e08_d75190;off;788.1;791.1;788.1;791.1;0.0;
s08e08;tbbt_s08e08_d75191;off;808.81;813.01;808.81;813.01;0.0;
s08e08;tbbt_s08e08_d75192;off;828.62;830.42;828.62;830.42;0.0;
s08e08;tbbt_s08e08_d56528;off;835.78;838.18;835.78;838.18;0.0;
s08e08;tbbt_s08e08_d56525;off;836.08;838.48;836.08;838.48;0.0;
s08e08;tbbt_s08e08_d56526;off;840.88;862.49;840.88;862.49;0.0;spans_mask
s08e08;tbbt_s08e08_d56527;off;877.8;883.8;877.8;883.8;0.0;
s08e08;tbbt_s08e08_d9757;off;897.45;899.62;897.45;899.62;0.0;
s08e08;tbbt_s08e08_d9755;off;908.0;909.86;908.0;909.86;0.0;
s08e08;tbbt_s08e08_d9756;off;950.18;952.35;950.18;951.52;0.0;trimmed
s08e08;tbbt_s08e08_d9759;off;950.8;952.35;950.8;951.52;0.0;trimmed
s08e08;tbbt_s08e08_d75136;off;952.25;963.27;952.86;963.88;0.61;shifted
s08e08;tbbt_s08e08_d75137;off;961.24;967.34;961.24;967.34;0.0;
s08e08;tbbt_s08e08_d75138;off;965.31;967.34;965.31;967.34;0.0;
s08e08;tbbt_s08e08_d75135;off;1003.31;1010.28;1003.31;1010.28;0.0;
s08e08;tbbt_s08e08_d75139;off;1003.31;1010.28;1003.31;1010.28;0.0;
s08e08;tbbt_s08e08_d56510;off;1013.35;1019.65;1013.35;1019.65;0.0;spans_mask
s08e08;tbbt_s08e08_d56511;off;1019.97;1025.96;1019.97;1025.96;0.0;
s08e08;tbbt_s08e08_d56512;off;1055.58;1073.23;1055.58;1073.23;0.0;
s08e08;tbbt_s08e08_d93500;off;1104.42;1111.46;1104.42;1111.46;0.0;
s08e08;tbbt_s08e08_d93501;off;1114.98;1118.83;1114.98;1118.83;0.0;
s08e08;tbbt_s08e08_d93504;off;1133.56;1137.07;1133.56;1137.07;0.0;spans_mask
s08e08;tbbt_s08e08_d93502;off;1133.88;1137.07;1133.88;1137.07;0.0;spans_mask
s08e08;tbbt_s08e08_d75124;off;1136.7;1139.94;1136.7;1139.94;0.0;
s08e08;tbbt_s08e08_d75120;off;1137.96;1140.12;1137.96;1140.12;0.0;
s08e08;tbbt_s08e08_d75122;off;1142.28;1146.61;1142.28;1146.61;0.0;
s08e08;tbbt_s08e08_d75123;off;1142.46;1145.71;1142.46;1145.71;0.0;
s08e08;tbbt_s08e08_d75121;off;1149.31;1150.93;1149.31;1150.93;0.0;
s09e12;tbbt_s09e12_d56268;off;1.68;5.95;3.37;7.64;1.69;shifted
s09e12;tbbt_s09e12_d56265;off;5.04;18.16;5.04;18.16;0.0;
s09e12;tbbt_s09e12_d56266;off;22.12;26.7;22.12;26.7;0.0;
s09e12;tbbt_s09e12_d56267;off;55.38;62.71;55.38;62.71;0.0;
s09e12;tbbt_s09e12_d53160;off;62.34;65.64;62.34;65.64;0.0;
s09e12;tbbt_s09e12_d53163;off;65.2;68.72;65.2;68.72;0.0;
s09e12;tbbt_s09e12_d53161;off;83.69;90.08;83.69;90.08;0.0;
s09e12;tbbt_s09e12_d53164;off;98.22;100.42;98.22;100.42;0.0;
s09e12;tbbt_s09e12_d53162;off;101.52;106.36;101.52;105.62;0.0;trimmed
s09e12;tbbt_s09e12_d61848;off;132.41;137.69;132.41;137.69;0.0;
s09e12;tbbt_s09e12_d61846;off;133.34;135.51;133.34;135.51;0.0;
s09e12;tbbt_s09e12_d61847;off;136.13;138.62;136.13;138.62;0.0;
s09e12;tbbt_s09e12_d61849;off;140.48;153.19;140.48;153.19;0.0;
s09e12;tbbt_s09e12_d61850;off;188.88;197.88;188.88;197.88;0.0;
s09e12;tbbt_s09e12_d61851;off;204.4;209.35;204.4;209.35;0.0;
s09e12;tbbt_s09e12_d61853;off;213.07;214.62;213.07;214.62;0.0;
s09e12;tbbt_s09e12_d61852;off;221.76;226.1;221.76;226.1;0.0;
s09e12;tbbt_s09e12_d61837;off;250.98;253.83;250.98;253.83;0.0;
s09e12;tbbt_s09e12_d61838;off;250.98;253.26;250.98;253.26;0.0;
s09e12;tbbt_s09e12_d61839;off;301.16;305.15;301.16;305.15;0.0;
s09e12;tbbt_s09e12_d61835;off;301.45;306.58;301.45;306.58;0.0;
s09e12;tbbt_s09e12_d61836;off;306.01;308.0;306.01;308.0;0.0;
s09e12;tbbt_s09e12_d61840;off;308.0;311.6;308.0;311.6;0.0;
s09e12;tbbt_s09e12_d61843;off;316.7;322.41;316.7;322.41;0.0;
s09e12;tbbt_s09e12_d61844;off;330.21;333.81;330.21;333.81;0.0;
s09e12;tbbt_s09e12_d61841;off;331.11;335.91;331.11;335.91;0.0;
s09e12;tbbt_s09e12_d61842;off;360.82;368.03;360.82;368.03;0.0;
s09e12;tbbt_s09e12_d61825;off;371.22;376.41;371.22;376.41;0.0;
s09e12;tbbt_s09e12_d61826;off;404.18;409.06;404.18;409.06;0.0;
s09e12;tbbt_s09e12_d61827;off;413.94;423.09;413.94;423.09;0.0;
s09e12;tbbt_s09e12_d61830;off;428.96;432.32;428.96;432.32;0.0;
s09e12;tbbt_s09e12_d61831;off;434.45;435.98;434.45;435.98;0.0;
s09e12;tbbt_s09e12_d61833;off;462.83;470.15;462.83;470.15;0.0;
s09e12;tbbt_s09e12_d61832;off;472.9;474.73;472.9;474.73;0.0;
s09e12;tbbt_s09e12_d61834;off;473.82;478.09;473.82;478.09;0.0;
s09e12;tbbt_s09e12_d61815;off;493.3;499.49;493.3;499.49;0.0;
s09e12;tbbt_s09e12_d61818;off;496.25;499.49;496.25;499.49;0.0;
s09e12;tbbt_s09e12_d61816;off;510.41;524.29;510.41;524.29;0.0;
s09e12;tbbt_s09e12_d61819;off;520.45;524.28;520.45;524.28;0.0;
s09e12;tbbt_s09e12_d61817;off;526.06;530.19;526.06;530.19;0.0;
s09e12;tbbt_s09e12_d61820;off;549.43;556.45;549.43;556.45;0.0;
s09e12;tbbt_s09e12_d61821;off;562.86;569.26;562.86;569.26;0.0;
s09e12;tbbt_s09e12_d61822;off;603.13;610.46;603.13;610.46;0.0;spans_mask
s09e12;tbbt_s09e12_d61810;off;613.88;615.04;613.88;615.04;0.0;
s09e12;tbbt_s09e12_d61814;off;630.42;632.45;630.42;632.45;0.0;
s09e12;tbbt_s09e12_d61811;off;647.25;659.43;647.25;659.43;0.0;spans_mask
s09e12;tbbt_s09e12_d61812;off;661.46;666.68;661.46;666.68;0.0;
s09e12;tbbt_s09e12_d96202;off;674.66;678.26;674.66;678.26;0.0;
s09e12;tbbt_s09e12_d96200;off;696.27;700.17;696.27;700.17;0.0;
s09e12;tbbt_s09e12_d96201;off;713.38;721.48;713.38;721.48;0.0;
s09e12;tbbt_s09e12_d96204;off;719.08;721.18;719.08;721.18;0.0;
s09e12;tbbt_s09e12_d20160;off;743.66;758.24;743.66;758.24;0.0;
s09e12;tbbt_s09e12_d20163;off;744.6;747.08;744.6;747.08;0.0;
s09e12;tbbt_s09e12_d20161;off;762.27;770.96;762.27;770.96;0.0;
s09e12;tbbt_s09e12_d20164;off;763.21;767.24;763.21;767.24;0.0;
s09e12;tbbt_s09e12_d20162;off;786.77;790.5;786.77;790.5;0.0;
s09e12;tbbt_s09e12_d20155;off;790.28;792.89;790.28;792.89;0.0;
s09e12;tbbt_s09e12_d20156;off;809.43;815.23;809.43;815.23;0.0;
s09e12;tbbt_s09e12_d20157;off;816.68;821.03;816.68;821.03;0.0;
s09e12;tbbt_s09e12_d20170;off;865.69;866.59;865.69;866.59;0.0;
s09e12;tbbt_s09e12_d20172;off;882.5;887.0;882.5;887.0;0.0;
s09e12;tbbt_s09e12_d20171;off;894.2;897.2;894.2;897.2;0.0;
s09e12;tbbt_s09e12_d20166;off;908.46;911.46;908.46;911.46;0.0;
s09e12;tbbt_s09e12_d20165;off;913.26;917.76;913.26;917.76;0.0;
s09e12;tbbt_s09e12_d20167;off;919.56;923.77;919.56;923.46;0.0;trimmed
s09e12;tbbt_s09e12_d20168;off;929.17;934.27;929.17;934.27;0.0;
s09e12;tbbt_s09e12_d20180;off;970.46;973.2;970.46;972.36;0.0;trimmed
s09e12;tbbt_s09e12_d20181;off;977.17;982.36;977.17;982.36;0.0;
s09e12;tbbt_s09e12_d20183;off;980.83;984.19;980.83;984.19;0.0;
s09e12;tbbt_s09e12_d20184;off;1018.67;1026.91;1018.67;1026.91;0.0;
s09e12;tbbt_s09e12_d20182;off;1024.47;1027.82;1024.47;1027.82;0.0;
s09e12;tbbt_s09e12_d20179;off;1035.99;1042.75;1035.99;1042.75;0.0;spans_mask
s09e12;tbbt_s09e12_d20175;off;1040.5;1043.25;1041.74;1044.49;1.24;shifted
s09e12;tbbt_s09e12_d20176;off;1052.75;1060.5;1052.75;1060.5;0.0;
s09e12;tbbt_s09e12_d20177;off;1073.51;1079.51;1073.51;1079.51;0.0;
s09e22;tbbt_s09e22_d66900;off;5.14;9.1;5.14;9.1;0.0;
s09e22;tbbt_s09e22_d66903;off;9.71;13.99;9.71;13.99;0.0;
s09e22;tbbt_s09e22_d66901;off;13.68;18.26;13.68;18.26;0.0;
s09e22;tbbt_s09e22_d66902;off;42.67;44.81;42.67;44.81;0.0;
s09e22;tbbt_s09e22_d25014;off;62.23;67.37;62.23;67.37;0.0;
s09e22;tbbt_s09e22_d25012;off;63.81;66.18;63.81;66.18;0.0;
s09e22;tbbt_s09e22_d25010;off;70.53;71.32;70.53;71.32;0.0;
s09e22;tbbt_s09e22_d25011;off;71.71;72.9;71.71;72.9;0.0;
s09e22;tbbt_s09e22_d25013;off;95.02;99.37;95.02;99.37;0.0;
s09e22;tbbt_s09e22_d78975;off;167.42;170.57;167.42;170.57;0.0;
s09e22;tbbt_s09e22_d78978;off;171.2;173.41;171.2;173.41;0.0;
s09e22;tbbt_s09e22_d78976;off;192.32;197.36;192.32;197.36;0.0;
s09e22;tbbt_s09e22_d78977;off;211.86;214.7;211.86;214.7;0.0;
s09e22;tbbt_s09e22_d78979;off;219.11;224.15;219.11;224.15;0.0;
s09e22;tbbt_s09e22_d78970;off;224.25;230.63;224.25;230.63;0.0;
s09e22;tbbt_s09e22_d78973;off;245.14;250.07;245.14;250.07;0.0;
s09e22;tbbt_s09e22_d78971;off;247.46;252.68;247.46;251.6;0.0;trimmed
s09e22;tbbt_s09e22_d78972;off;255.0;259.36;255.0;259.36;0.0;
s09e22;tbbt_s09e22_d49335;off;282.15;288.66;282.15;288.66;0.0;
s09e22;tbbt_s09e22_d49336;off;308.2;312.85;308.2;312.85;0.0;
s09e22;tbbt_s09e22_d49339;off;308.2;312.54;308.2;312.54;0.0;
s09e22;tbbt_s09e22_d49337;off;315.96;320.61;315.96;320.61;0.0;
s09e22;tbbt_s09e22_d78960;off;344.02;346.63;344.02;346.63;0.0;
s09e22;tbbt_s09e22_d78961;off;359.99;369.26;359.99;369.26;0.0;
s09e22;tbbt_s09e22_d78963;off;366.07;370.43;366.07;370.43;0.0;
s09e22;tbbt_s09e22_d78964;off;374.77;379.71;374.77;379.71;0.0;
s09e22;tbbt_s09e22_d78962;off;375.36;377.96;375.36;377.96;0.0;
s09e22;tbbt_s09e22_d78990;off;464.96;468.01;464.96;468.01;0.0;spans_mask
s09e22;tbbt_s09e22_d78991;off;469.23;474.12;469.23;474.12;0.0;
s09e22;tbbt_s09e22_d78994;off;509.51;524.16;509.51;524.16;0.0;
s09e22;tbbt_s09e22_d78992;off;516.22;522.94;516.22;522.94;0.0;
s09e22;tbbt_s09e22_d78985;off;524.08;527.03;524.08;527.03;0.0;
s09e22;tbbt_s09e22_d78988;off;524.08;528.51;524.08;528.51;0.0;
s09e22;tbbt_s09e22_d78986;off;532.05;533.52;532.05;533.52;0.0;
s09e22;tbbt_s09e22_d78987;off;559.79;563.33;559.79;563.33;0.0;
s09e22;tbbt_s09e22_d37715;off;585.55;587.95;585.55;587.95;0.0;
s09e22;tbbt_s09e22_d37719;off;585.55;587.95;585.55;587.95;0.0;
s09e22;tbbt_s09e22_d37716;off;626.97;633.57;626.97;633.57;0.0;
s09e22;tbbt_s09e22_d37717;off;632.07;634.77;632.07;634.77;0.0;
s09e22;tbbt_s09e22_d79010;off;642.98;646.23;642.98;646.23;0.0;
s09e22;tbbt_s09e22_d79011;off;668.07;671.9;668.07;671.49;0.0;trimmed
s09e22;tbbt_s09e22_d79012;off;677.81;681.05;677.81;681.05;0.0;
s09e22;tbbt_s09e22_d79005;off;701.98;706.48;701.98;706.48;0.0;
s09e22;tbbt_s09e22_d79008;off;713.69;716.09;713.69;716.09;0.0;
s09e22;tbbt_s09e22_d79006;off;715.19;716.99;715.19;716.99;0.0;
s09e22;tbbt_s09e22_d79007;off;733.19;738.0;733.19;738.0;0.0;
s09e22;tbbt_s09e22_d34110;off;761.97;765.33;761.97;765.33;0.0;
s09e22;tbbt_s09e22_d34113;off;764.41;766.55;764.41;766.55;0.0;
s09e22;tbbt_s09e22_d34111;off;765.33;772.96;765.33;772.96;0.0;
s09e22;tbbt_s09e22_d34112;off;816.9;823.0;816.9;823.0;0.0;
s09e22;tbbt_s09e22_d34115;off;825.95;829.2;825.95;829.2;0.0;
s09e22;tbbt_s09e22_d34118;off;825.95;828.31;825.95;828.31;0.0;
s09e22;tbbt_s09e22_d34119;off;828.31;830.67;828.31;830.67;0.0;
s09e22;tbbt_s09e22_d34116;off;838.64;848.97;838.64;848.97;0.0;
s09e22;tbbt_s09e22_d34117;off;855.76;860.19;855.76;860.19;0.0;
s09e22;tbbt_s09e22_d34120;off;881.97;887.16;881.97;887.16;0.0;
s09e22;tbbt_s09e22_d34123;off;892.04;906.69;892.04;905.98;0.0;trimmed
s09e22;tbbt_s09e22_d34121;off;895.7;901.19;895.7;901.19;0.0;
s09e22;tbbt_s09e22_d34122;off;910.04;914.31;910.04;914.31;0.0;
s09e22;tbbt_s09e22_d34125;off;943.15;958.76;943.15;958.76;0.0;
s09e22;tbbt_s09e22_d34126;off;971.97;975.57;971.97;975.57;0.0;
s09e22;tbbt_s09e22_d34127;off;1000.49;1002.59;1000.49;1002.59;0.0;
s09e22;tbbt_s09e22_d34130;off;1011.19;1014.8;1011.19;1014.8;0.0;
s09e22;tbbt_s09e22_d34134;off;1011.79;1015.7;1011.79;1015.7;0.0;
s09e22;tbbt_s09e22_d34131;off;1050.21;1052.91;1050.21;1052.91;0.0;
s09e22;tbbt_s09e22_d34132;off;1055.61;1060.12;1055.61;1060.12;0.0;
s09e22;tbbt_s09e22_d34133;off;1055.91;1060.42;1055.91;1060.42;0.0;
s09e22;tbbt_s09e22_d34135;off;1066.44;1070.64;1066.44;1070.64;0.0;
s09e22;tbbt_s09e22_d34139;off;1079.65;1082.95;1079.65;1082.95;0.0;
s09e22;tbbt_s09e22_d34136;off;1080.85;1083.55;1080.85;1083.55;0.0;
s09e22;tbbt_s09e22_d34137;off;1104.56;1108.46;1104.56;1108.46;0.0;
s09e22;tbbt_s09e22_d34140;off;1124.7;1127.16;1124.7;1127.16;0.0;
s09e22;tbbt_s09e22_d34141;off;1132.49;1135.77;1132.49;1135.77;0.0;
s09e22;tbbt_s09e22_d34143;off;1132.7;1164.28;1132.7;1164.28;0.0;
s09e22;tbbt_s09e22_d34144;off;1134.54;1138.85;1134.54;1138.85;0.0;
s09e22;tbbt_s09e22_d34142;off;1142.95;1146.85;1142.95;1146.85;0.0;
