annotation_id;desc_id;episode;split;video_file;vid_name;ts_start;ts_end;source_start;source_end;start;end;start_mmss;end_mmss;duration;origin;status;reason;edited_duration;edited_desc;flags;tags;desc
office_s02e03_002;2030002;s02e03;dev;office_s02e03.mp4;;;;2.3;8.04;2.3;8.04;0:02.3;0:08.0;5.74;manual;accepted;;;;;;A wide shot of parking space at night with blue and silver car on it.
office_s02e03_003;2030003;s02e03;dev;office_s02e03.mp4;;;;45.2;50.51;45.2;50.51;0:45.2;0:50.5;5.31;manual;accepted;;;;;;Michael takes out bun out of the burger and eats it.
office_s02e03_001;2030001;s02e03;dev;office_s02e03.mp4;;;;109.01;119.32;109.01;119.32;1:49.0;1:59.3;10.31;manual;accepted;;;;;;Sitting and working Jim bangs his head at the desk.
office_s02e03_004;2030004;s02e03;dev;office_s02e03.mp4;;;;138.83;152.46;138.83;152.46;2:18.8;2:32.5;13.63;manual;accepted;;;;;;Jim throwing paper to cup on the desk.
office_s02e03_005;2030005;s02e03;dev;office_s02e03.mp4;;;;271.95;281.62;271.95;281.62;4:31.9;4:41.6;9.67;manual;accepted;;;;;;Dwight opens sunroof in the car driven by Michael.
office_s02e03_007;2030007;s02e03;dev;office_s02e03.mp4;;;;376.28;383.61;376.28;383.61;6:16.3;6:23.6;7.33;manual;accepted;;;;;;Jim and Toby are playing ball, bouncing it off a wall.
office_s02e03_008;2030008;s02e03;dev;office_s02e03.mp4;;;;421.76;425.69;421.76;425.69;7:01.8;7:05.7;3.93;manual;accepted;;;;;;A frame with a photo of two men on the farm.
office_s02e03_009;2030009;s02e03;dev;office_s02e03.mp4;;;;463.32;472.6;463.32;472.6;7:43.3;7:52.6;9.28;manual;accepted;;;;;;Jim walk up to Stanley sitting and looks surprised over conversation they have.
office_s02e03_010;2030010;s02e03;dev;office_s02e03.mp4;;;;472.63;476.72;472.63;476.72;7:52.6;7:56.7;4.09;manual;accepted;;;;;;Michael runs to one room in the house and spreads his arms.
office_s02e03_011;2030011;s02e03;dev;office_s02e03.mp4;;;;505.71;514.43;505.71;514.43;8:25.7;8:34.4;8.72;manual;accepted;;;;;;Dwight presses his ear against the white wall.
office_s02e03_012;2030012;s02e03;dev;office_s02e03.mp4;;;;517.4;519.75;517.4;519.75;8:37.4;8:39.8;2.35;manual;accepted;;;;;;Jim light up the orange candle around other people.
office_s02e03_013;2030013;s02e03;dev;office_s02e03.mp4;;;;517.54;524.81;517.54;524.81;8:37.5;8:44.8;7.27;manual;accepted;;;;;;Pam hang a banner with colorful words written on it in the kitchen.
office_s02e03_014;2030014;s02e03;dev;office_s02e03.mp4;;;;530.77;539.39;530.77;539.39;8:50.8;8:59.4;8.62;manual;accepted;;;;;;Jim light up the orange candle while popped out his eyes.
office_s02e03_015;2030015;s02e03;dev;office_s02e03.mp4;;;;547.32;550.14;547.32;550.14;9:07.3;9:10.1;2.82;manual;accepted;;;;;;Jim presents self-made gold and silver medals on the chain to other people.
office_s02e03_016;2030016;s02e03;dev;office_s02e03.mp4;;;;555.79;562.78;555.79;562.78;9:15.8;9:22.8;6.99;manual;accepted;;;;;;Angela walk through other people to the fridge and takes the bag out of it.
office_s02e03_017;2030017;s02e03;dev;office_s02e03.mp4;;;;563.96;568.2;563.96;568.2;9:24.0;9:28.2;4.24;manual;accepted;;;;;;Angela holds in a hands a cat picture.
office_s02e03_018;2030018;s02e03;dev;office_s02e03.mp4;;;;644.87;650.14;644.87;650.14;10:44.9;10:50.1;5.27;manual;accepted;;;;;;Man in suit bends forward near the outdoor doors.
office_s02e03_019;2030019;s02e03;dev;office_s02e03.mp4;;;;676.01;680.01;676.01;680.01;11:16.0;11:20.0;4.0;manual;accepted;;;;;;Jim with the gold medal chain on his neck claps, wave his hands while smiling.
office_s02e03_020;2030020;s02e03;dev;office_s02e03.mp4;;;;691.47;701.37;691.47;701.37;11:31.5;11:41.4;9.9;manual;accepted;;;;;;Phyllis enters the room and put one foot on white boxes wrapped in yellow stripes.
office_s02e03_021;2030021;s02e03;dev;office_s02e03.mp4;;;;768.14;769.97;768.14;769.97;12:48.1;12:50.0;1.83;manual;accepted;;;;;;Dwight and Michael laught while seating at the floor and eating food.
office_s02e03_022;2030022;s02e03;dev;office_s02e03.mp4;;;;770.26;779.44;770.26;779.44;12:50.3;12:59.4;9.18;manual;accepted;;;;;;Phyllis and Kevin race while standing on white boxes wrapped in yellow stripes.
office_s02e03_023;2030023;s02e03;dev;office_s02e03.mp4;;;;786.92;797.55;786.92;797.55;13:06.9;13:17.5;10.63;manual;accepted;;;;;;Kevin in suit puts whole jar of candies in his mouth.
office_s02e03_024;2030024;s02e03;dev;office_s02e03.mp4;;;;916.64;918.97;916.64;918.97;15:16.6;15:19.0;2.33;manual;accepted;;;;;;Michael turns around and open wide his mouth at Dwight to scare him.
office_s02e03_025;2030025;s02e03;dev;office_s02e03.mp4;;;;953.99;959.35;953.99;959.35;15:54.0;15:59.4;5.36;manual;accepted;;;;;;Man walks of the elevator where people are standing and cheering.
office_s02e03_026;2030026;s02e03;dev;office_s02e03.mp4;;;;964.96;971.3;964.96;971.3;16:05.0;16:11.3;6.34;manual;accepted;;;;;;Pam open up a grey box to Jim with gold medal around his neck.
office_s02e03_027;2030027;s02e03;dev;office_s02e03.mp4;;;;981.67;983.72;981.67;983.72;16:21.7;16:23.7;2.05;manual;accepted;;;;;;Angela writes on the pink small paper near the flower in pink and purple pot.
office_s02e03_028;2030028;s02e03;dev;office_s02e03.mp4;;;;1017.88;1026.53;1017.88;1026.53;16:57.9;17:06.5;8.65;manual;accepted;;;;;;Toby and Oscar race around the office with coffee mugs in their hands.
office_s02e03_030;2030030;s02e03;dev;office_s02e03.mp4;;;;1045.21;1048.58;1045.21;1048.58;17:25.2;17:28.6;3.37;manual;accepted;;;;;;Sad Michael behind venetian blind move keys in the hand.
office_s02e03_031;2030031;s02e03;dev;office_s02e03.mp4;;;;1076.08;1079.36;1076.08;1079.36;17:56.1;17:59.4;3.28;manual;accepted;;;;;;Ryan with a stack of papers in his hand throws a medal into the wastebasket.
office_s02e03_032;2030032;s02e03;dev;office_s02e03.mp4;;;;1160.77;1170.11;1160.77;1170.11;19:20.8;19:30.1;9.34;manual;accepted;;;;;;Michael stand on the boxes and Jim hangs self-made medal around his neck.
office_s02e03_033;2030033;s02e03;dev;office_s02e03.mp4;;;;1197.11;1202.92;1197.11;1202.92;19:57.1;20:02.9;5.81;manual;accepted;;;;;;Dwight stand next to Michael and Jim hangs self-made medal around his neck.
office_s02e03_034;2030034;s02e03;dev;office_s02e03.mp4;;;;1220.13;1232.51;1220.13;1232.51;20:20.1;20:32.5;12.38;manual;accepted;;;;;;White paper birds move behind three men standing next to each other.
office_s02e03_035;2030035;s02e03;dev;office_s02e03.mp4;;;;1254.52;1259.34;1254.52;1259.34;20:54.5;20:59.3;4.82;manual;accepted;;;;;;Michael gets emotional and cry with white paper bird in the background.
office_s03e15_001;3150001;s03e15;dev;office_s03e15.mp4;;;;103.46;116.44;103.46;116.44;1:43.5;1:56.4;12.98;manual;accepted;;;;;;Michael positions himself next to the bridesmaids in blue dresses and the bride for a photo.
office_s03e15_002;3150002;s03e15;dev;office_s03e15.mp4;;;;157.05;160.44;157.05;160.44;2:37.1;2:40.4;3.39;manual;accepted;;;;;;Pam, wearing a striped purple shirt, shows two white invitation cards against a wall.
office_s03e15_003;3150003;s03e15;dev;office_s03e15.mp4;;;;160.44;167.18;160.44;167.18;2:40.4;2:47.2;6.74;manual;accepted;;;;;;Pam in pink coat drives a blue car.
office_s03e15_038;3150038;s03e15;dev;office_s03e15.mp4;;;;162.46;163.93;162.46;163.93;2:42.5;2:43.9;1.47;manual;accepted;;;;;;Pam waves her hand from behind the steering wheel of a car.
office_s03e15_034;3150034;s03e15;dev;office_s03e15.mp4;;;;167.17;176.58;167.17;176.58;2:47.2;2:56.6;9.41;manual;accepted;;;;;;A shot of people walking together with presents in hands.
office_s03e15_004;3150004;s03e15;dev;office_s03e15.mp4;;;;286.34;290.23;286.34;290.23;4:46.3;4:50.2;3.89;manual;accepted;;;;;;Michael fixes the hair of the bride sitting in front of the mirror.
office_s03e15_035;3150035;s03e15;dev;office_s03e15.mp4;;;;420.69;426.88;420.69;426.88;7:00.7;7:06.9;6.19;manual;accepted;;;;;;People getting up in the church when doors open.
office_s03e15_005;3150005;s03e15;dev;office_s03e15.mp4;;;;430.69;442.95;430.69;442.95;7:10.7;7:22.9;12.26;manual;accepted;;;;;;Michael pushing the man in wheelchair through church aisle.
office_s03e15_006;3150006;s03e15;dev;office_s03e15.mp4;;;;444.66;459.53;444.66;459.53;7:24.7;7:39.5;14.87;manual;accepted;;;;;;A man gets up from a wheelchair to walk the bride down the aisle.
office_s03e15_007;3150007;s03e15;dev;office_s03e15.mp4;;;;480.88;494.39;480.88;494.39;8:00.9;8:14.4;13.51;manual;accepted;;;;;;Michael push and then drag wheelchair through church aisle.
office_s03e15_008;3150008;s03e15;dev;office_s03e15.mp4;;;;515.83;527.02;515.83;527.02;8:35.8;8:47.0;11.19;manual;accepted;;;;;;Michael slowly walks up the stairs to stand next to the groomsmen.
office_s03e15_009;3150009;s03e15;dev;office_s03e15.mp4;;;;533.88;540.99;533.88;540.99;8:53.9;9:01.0;7.11;manual;accepted;;;;;;Creed change the card on the present and fastly walks away.
office_s03e15_010;3150010;s03e15;dev;office_s03e15.mp4;;;;573.48;580.53;573.48;580.53;9:33.5;9:40.5;7.05;manual;accepted;;;;;;Whole crowd in the church clapps happily for the newlyweds.
office_s03e15_011;3150011;s03e15;dev;office_s03e15.mp4;;;;644.64;655.51;644.64;655.51;10:44.6;10:55.5;10.87;manual;accepted;;;;;;An old man in a brown jacket, standing by the buffet, puts food in his pocket.
office_s03e15_012;3150012;s03e15;dev;office_s03e15.mp4;;;;667.49;673.8;667.49;673.8;11:07.5;11:13.8;6.31;manual;accepted;;;;;;Dwight takes the old man under his arm and out of this place.
office_s03e15_036;3150036;s03e15;dev;office_s03e15.mp4;;;;671.64;673.83;671.64;673.83;11:11.6;11:13.8;2.19;manual;accepted;;;;;;A wide shot of the dance floor at the wedding venue.
office_s03e15_013;3150013;s03e15;dev;office_s03e15.mp4;;;;693.35;697.32;693.35;697.32;11:33.4;11:37.3;3.97;manual;accepted;;;;;;Michael smells and stirs the champagne glass in his hand.
office_s03e15_016;3150016;s03e15;dev;office_s03e15.mp4;;;;714.55;721.8;714.55;721.8;11:54.5;12:01.8;7.25;manual;accepted;;;;;;Kevin with the hat read something from paper through microphone.
office_s03e15_014;3150014;s03e15;dev;office_s03e15.mp4;;;;728.25;737.94;728.25;737.94;12:08.2;12:17.9;9.69;manual;accepted;;;;;;Kevin in the hat move drum sticks to band starts to play.
office_s03e15_018;3150018;s03e15;dev;office_s03e15.mp4;;;;791.1;803.61;791.1;803.61;13:11.1;13:23.6;12.51;manual;accepted;;;;;;A man crosses the crosswalk after the traffic light changes.
office_s03e15_019;3150019;s03e15;dev;office_s03e15.mp4;;;;897.73;906.1;897.73;906.1;14:57.7;15:06.1;8.37;manual;accepted;;;;;;The groom turn around in schock and take microphone from Michael when he is speaking .
office_s03e15_020;3150020;s03e15;dev;office_s03e15.mp4;;;;917.94;922.9;917.94;922.9;15:17.9;15:22.9;4.96;manual;accepted;;;;;;Michael and a men are fighting over microphone at the wedding.
office_s03e15_037;3150037;s03e15;dev;office_s03e15.mp4;;;;926.22;928.83;926.22;928.83;15:26.2;15:28.8;2.61;manual;accepted;;;;;;Group of people dancing in front of the band playing at the wedding.
office_s03e15_021;3150021;s03e15;dev;office_s03e15.mp4;;;;932.03;934.52;932.03;934.52;15:32.0;15:34.5;2.49;manual;accepted;;;;;;Man puts two white napkins on the bar.
office_s03e15_022;3150022;s03e15;dev;office_s03e15.mp4;;;;986.09;988.2;986.09;988.2;16:26.1;16:28.2;2.11;manual;accepted;;;;;;Dwight in a bow tie turn around and smile with raising his eyebrowns.
office_s03e15_023;3150023;s03e15;dev;office_s03e15.mp4;;;;1068.17;1072.36;1068.17;1072.36;17:48.2;17:52.4;4.19;manual;accepted;;;;;;Dwight dances closely with Angela outside, in front of a glass window.
office_s03e15_024;3150024;s03e15;dev;office_s03e15.mp4;;;;1072.32;1083.5;1072.32;1083.5;17:52.3;18:03.5;11.18;manual;accepted;;;;;;Michael seating alone at night surrounded with trees, ivy wall with lights.
office_s03e15_025;3150025;s03e15;dev;office_s03e15.mp4;;;;1115.7;1118.56;1115.7;1118.56;18:35.7;18:38.6;2.86;manual;accepted;;;;;;Jim rise phone in his hand and waving it at the party.
office_s03e15_026;3150026;s03e15;dev;office_s03e15.mp4;;;;1118.56;1123.9;1118.56;1123.9;18:38.6;18:43.9;5.34;manual;accepted;;;;;;The bride is throwing a bouquet of flowers behind her.
office_s03e15_027;3150027;s03e15;dev;office_s03e15.mp4;;;;1124.51;1129.15;1124.51;1129.15;18:44.5;18:49.2;4.64;manual;accepted;;;;;;Woman in black dress catch the bouquet of flowers at the wedding.
office_s03e15_028;3150028;s03e15;dev;office_s03e15.mp4;;;;1129.15;1131.78;1129.15;1131.78;18:49.2;18:51.8;2.63;manual;accepted;;;;;;Toby in brown suit looks happy and move his hand to celebrate.
office_s03e15_029;3150029;s03e15;dev;office_s03e15.mp4;;;;1194.71;1196.6;1194.71;1196.6;19:54.7;19:56.6;1.89;manual;accepted;;;;;;The bride gives Michael a kiss in cheek.
office_s03e15_030;3150030;s03e15;dev;office_s03e15.mp4;;;;1211.48;1213.22;1211.48;1213.22;20:11.5;20:13.2;1.74;manual;accepted;;;;;;A shot of cans attached to the car as it drives away.
office_s03e15_031;3150031;s03e15;dev;office_s03e15.mp4;;;;1222.21;1223.72;1222.21;1223.72;20:22.2;20:23.7;1.51;manual;accepted;;;;;;Two people smearing cake on each other's faces.
office_s03e15_032;3150032;s03e15;dev;office_s03e15.mp4;;;;1224.61;1233.54;1224.61;1233.54;20:24.6;20:33.5;8.93;manual;accepted;;;;;;Michael takes a napkin from the table and runs to the couple with cake smeared on their faces.
office_s03e15_033;3150033;s03e15;dev;office_s03e15.mp4;;;;1234.73;1239.26;1234.73;1239.26;20:34.7;20:39.3;4.53;manual;accepted;;;;;;Michael smearing cake on his own face and laugh.
office_s05e10_001;5100001;s05e10;dev;office_s05e10.mp4;;;;5.41;15.01;5.41;15.01;0:05.4;0:15.0;9.6;manual;accepted;;;;;;A shot of office desk wrapped in Christmas paper.
office_s05e10_002;5100002;s05e10;dev;office_s05e10.mp4;;;;36.18;39.53;36.18;39.53;0:36.2;0:39.5;3.35;manual;accepted;;;;;;Dwight falls as he tries to sit at his desk wrapped in Christmas paper.
office_s05e10_035;5100035;s05e10;dev;office_s05e10.mp4;;;;73.54;74.8;73.54;74.8;1:13.5;1:14.8;1.26;manual;accepted;;;;;;A shot of pillows on the floor in the office.
office_s05e10_003;5100003;s05e10;dev;office_s05e10.mp4;;;;116.33;124.99;116.33;124.99;1:56.3;2:05.0;8.66;manual;accepted;;;;;;Phyllis hides a few animal and Christian figures from the desk in the drawer.
office_s05e10_036;5100036;s05e10;dev;office_s05e10.mp4;;;;139.77;144.68;139.77;144.68;2:19.8;2:24.7;4.91;manual;accepted;;;;;;Angela is seen through the blinds dragging a Christmas tree.
office_s05e10_004;5100004;s05e10;dev;office_s05e10.mp4;;;;151.2;166.17;151.2;166.17;2:31.2;2:46.2;14.97;manual;accepted;;;;;;Dwight brings a lot of purple boxes with dolls and put them on the desk.
office_s05e10_005;5100005;s05e10;dev;office_s05e10.mp4;;;;212.49;214.56;212.49;214.56;3:32.5;3:34.6;2.07;manual;accepted;;;;;;Michael raises his index finger to his forehead, wearing a Christmas tie.
office_s05e10_006;5100006;s05e10;dev;office_s05e10.mp4;;;;219.59;220.87;219.59;220.87;3:39.6;3:40.9;1.28;manual;accepted;;;;;;People take off their shoes in one place.
office_s05e10_007;5100007;s05e10;dev;office_s05e10.mp4;;;;230.87;236.55;230.87;236.55;3:50.9;3:56.6;5.68;manual;accepted;;;;;;Meredith drinks from a gold disposable cup in one go.
office_s05e10_008;5100008;s05e10;dev;office_s05e10.mp4;;;;238.75;242.75;238.75;242.75;3:58.8;4:02.8;4.0;manual;accepted;;;;;;"Michael points both index fingers forward in a ""finger guns"" gesture, smiling widely."
office_s05e10_009;5100009;s05e10;dev;office_s05e10.mp4;;;;244.19;247.53;244.19;247.53;4:04.2;4:07.5;3.34;manual;accepted;;;;;;Jim rubs a gold and black genie lamp.
office_s05e10_037;5100037;s05e10;dev;office_s05e10.mp4;;;;261.94;265.68;261.94;265.68;4:21.9;4:25.7;3.74;manual;accepted;;;;;;Angela holding a gold tray with colorful shot glasses and a silver teapot on it walks up to Andy.
office_s05e10_010;5100010;s05e10;dev;office_s05e10.mp4;;;;265.48;274.25;265.48;274.25;4:25.5;4:34.2;8.77;manual;accepted;;;;;;Andy sits on the ground and plays a sitar .
office_s05e10_011;5100011;s05e10;dev;office_s05e10.mp4;;;;302.34;306.37;302.34;306.37;5:02.3;5:06.4;4.03;manual;accepted;;;;;;Creed  is smoking a hookah on the ground.
office_s05e10_012;5100012;s05e10;dev;office_s05e10.mp4;;;;309.61;317.27;309.61;317.27;5:09.6;5:17.3;7.66;manual;accepted;;;;;;Kevin plays a small drum with his hands.
office_s05e10_013;5100013;s05e10;dev;office_s05e10.mp4;;;;317.26;319.3;317.26;319.3;5:17.3;5:19.3;2.04;manual;accepted;;;;;;A woman dances wildly with her belly exposed.
office_s05e10_014;5100014;s05e10;dev;office_s05e10.mp4;;;;329.06;332.48;329.06;332.48;5:29.1;5:32.5;3.42;manual;accepted;;;;;;A shot of Dwight surrounded by many princess unicorn dolls.
office_s05e10_015;5100015;s05e10;dev;office_s05e10.mp4;;;;341.51;343.35;341.51;343.35;5:41.5;5:43.4;1.84;manual;accepted;;;;;;A woman with her hair on fire dances.
office_s05e10_016;5100016;s05e10;dev;office_s05e10.mp4;;;;345.17;353.58;345.17;353.58;5:45.2;5:53.6;8.41;manual;accepted;;;;;;Dwight runs up with a fire extinguisher and puts out Meredith's burning hair.
office_s05e10_038;5100038;s05e10;dev;office_s05e10.mp4;;;;366.84;373.85;366.84;373.85;6:06.8;6:13.9;7.01;manual;accepted;;;;;;Stanley looks threateningly at Andy, signaling him to stop playing the instrument.
office_s05e10_039;5100039;s05e10;dev;office_s05e10.mp4;;;;471.58;475.67;471.58;475.67;7:51.6;7:55.7;4.09;manual;accepted;;;;;;People raise their hands while sitting on the floor.
office_s05e10_017;5100017;s05e10;dev;office_s05e10.mp4;;;;631.85;638.25;631.85;638.25;10:31.9;10:38.2;6.4;manual;accepted;;;;;;Dwight counts from a fist to five fingers.
office_s05e10_018;5100018;s05e10;dev;office_s05e10.mp4;;;;651.12;653.05;651.12;653.05;10:51.1;10:53.0;1.93;manual;accepted;;;;;;A man in a brown jacket stands by a coat rack, raising his index finger to his forehead.
office_s05e10_019;5100019;s05e10;dev;office_s05e10.mp4;;;;677.47;682.71;677.47;682.71;11:17.5;11:22.7;5.24;manual;accepted;;;;;;Phyllis shows a shot glass with a company name on it.
office_s05e10_020;5100020;s05e10;dev;office_s05e10.mp4;;;;703.3;716.13;703.3;716.13;11:43.3;11:56.1;12.83;manual;accepted;;;;;;Angela in kitchen puts on a black hairnet.
office_s05e10_021;5100021;s05e10;dev;office_s05e10.mp4;;;;821.95;824.65;821.95;824.65;13:42.0;13:44.6;2.7;manual;accepted;;;;;;Angela quickly spits food into a red napkin.
office_s05e10_022;5100022;s05e10;dev;office_s05e10.mp4;;;;826.71;841.19;826.71;841.19;13:46.7;14:01.2;14.48;manual;accepted;;;;;;Andy sits on the desk and plays a sitar.
office_s05e10_023;5100023;s05e10;dev;office_s05e10.mp4;;;;858.95;863.61;858.95;863.61;14:19.0;14:23.6;4.66;manual;accepted;;;;;;Michael puts the red jacket on unhappy Meredith.
office_s05e10_024;5100024;s05e10;dev;office_s05e10.mp4;;;;879.8;881.73;879.8;881.73;14:39.8;14:41.7;1.93;manual;accepted;;;;;;Michael throws a black pen at Toby's face.
office_s05e10_025;5100025;s05e10;dev;office_s05e10.mp4;;;;993.15;1003.28;993.15;1003.28;16:33.1;16:43.3;10.13;manual;accepted;;;;;;Toby is smiling and crying while hugging another man.
office_s05e10_026;5100026;s05e10;dev;office_s05e10.mp4;;;;1046.45;1057.99;1046.45;1057.99;17:26.5;17:38.0;11.54;manual;accepted;;;;;;Michael is dragging Meredith out of the car.
office_s05e10_027;5100027;s05e10;dev;office_s05e10.mp4;;;;1061.48;1076.4;1061.48;1076.4;17:41.5;17:56.4;14.92;manual;accepted;;;;;;Michael is chasing Meredith in the parking lot.
office_s05e10_028;5100028;s05e10;dev;office_s05e10.mp4;;;;1076.41;1082.38;1076.41;1082.38;17:56.4;18:02.4;5.97;manual;accepted;;;;;;Meredith is being dragged along the ground by Michael.
office_s05e10_030;5100030;s05e10;dev;office_s05e10.mp4;;;;1129.63;1133.29;1129.63;1133.29;18:49.6;18:53.3;3.66;manual;accepted;;;;;;Angela in a red plaid jacket turns around and looks shocked.
office_s05e10_032;5100032;s05e10;dev;office_s05e10.mp4;;;;1158.91;1165.42;1158.91;1165.42;19:18.9;19:25.4;6.51;manual;accepted;;;;;;Michael and Meredith exit the building through the automatic doors.
office_s05e10_029;5100029;s05e10;dev;office_s05e10.mp4;;;;1163.04;1165.42;1163.04;1165.42;19:23.0;19:25.4;2.38;manual;accepted;;;;;;A policeman stands in the doorway to make sure the couple has left.
office_s05e10_033;5100033;s05e10;dev;office_s05e10.mp4;;;;1165.44;1168.81;1165.44;1168.81;19:25.4;19:28.8;3.37;manual;accepted;;;;;;A red car reverses and hits a dumpster.
office_s07e06_001;7060001;s07e06;dev;office_s07e06.mp4;;;;28.15;33.25;28.15;33.25;0:28.1;0:33.2;5.1;manual;accepted;;;;;;Kevin in a pink sweater with a colorful necklace around his neck and glasses.
office_s07e06_002;7060002;s07e06;dev;office_s07e06.mp4;;;;33.35;38.48;33.35;38.48;0:33.4;0:38.5;5.13;manual;accepted;;;;;;Andy with a bare chest wearing only a tie around his neck.
office_s07e06_003;7060003;s07e06;dev;office_s07e06.mp4;;;;38.49;45.68;38.49;45.68;0:38.5;0:45.7;7.19;manual;accepted;;;;;;Jim places a cardboard box resembling that screen over the computer monitor.
office_s07e06_004;7060004;s07e06;dev;office_s07e06.mp4;;;;45.71;49.15;45.71;49.15;0:45.7;0:49.1;3.44;manual;accepted;;;;;;Stanley in brown suit passes by Michael, who has fake teeth sticking out of his mouth.
office_s07e06_005;7060005;s07e06;dev;office_s07e06.mp4;;;;49.5;55.85;49.5;55.85;0:49.5;0:55.9;6.35;manual;accepted;;;;;;Stanley enters the room and sits down facing a different direction than everyone else.
office_s07e06_006;7060006;s07e06;dev;office_s07e06.mp4;;;;66.53;72.16;66.53;72.16;1:06.5;1:12.2;5.63;manual;accepted;;;;;;Stanley grabs his briefcase and coat and walks past Pam with a drawn-on mustache.
office_s07e06_007;7060007;s07e06;dev;office_s07e06.mp4;;;;73.39;82.22;73.39;82.22;1:13.4;1:22.2;8.83;manual;accepted;;;;;;Dwight standing behind white and brown pony in the office.
office_s07e06_008;7060008;s07e06;dev;office_s07e06.mp4;;;;78.09;82.2;78.09;82.2;1:18.1;1:22.2;4.11;manual;accepted;;;;;;Michael holding a puppet, with fake teeth sticking out of his mouth.
office_s07e06_009;7060009;s07e06;dev;office_s07e06.mp4;;;;102.93;111.08;102.93;111.08;1:42.9;1:51.1;8.15;manual;accepted;;;;;;Kevin and Oscar enter the room, one wearing a cap and glasses, the other wearing an afro wig and a gold chain.
office_s07e06_010;7060010;s07e06;dev;office_s07e06.mp4;;;;114.35;117.0;114.35;117.0;1:54.3;1:57.0;2.65;manual;accepted;;;;;;A person wears a bloody mask while talking on a phone.
office_s07e06_011;7060011;s07e06;dev;office_s07e06.mp4;;;;127.43;134.49;127.43;134.49;2:07.4;2:14.5;7.06;manual;accepted;;;;;;Michael, wearing a blonde wig and sunglasses, pretends that a fake cardboard bomb on his desk explodes.
office_s07e06_012;7060012;s07e06;dev;office_s07e06.mp4;;;;146.89;153.93;146.89;153.93;2:26.9;2:33.9;7.04;manual;accepted;;;;;;Dwight in white gloves grabs Jim sitting at the computer by the neck from behind.
office_s07e06_013;7060013;s07e06;dev;office_s07e06.mp4;;;;180.77;183.01;180.77;183.01;3:00.8;3:03.0;2.24;manual;accepted;;;;;;Jim in a black tie puts a pipe into his mouth.
office_s07e06_014;7060014;s07e06;dev;office_s07e06.mp4;;;;185.77;187.91;185.77;187.91;3:05.8;3:07.9;2.14;manual;accepted;;;;;;Jim in a white shirt with black holes on it puts something into an inflatable orange pumpkin.
office_s07e06_015;7060015;s07e06;dev;office_s07e06.mp4;;;;187.91;189.78;187.91;189.78;3:07.9;3:09.8;1.87;manual;accepted;;;;;;"Jim wearing a nametag that says ""Dave"" points at it with his finger."
office_s07e06_016;7060016;s07e06;dev;office_s07e06.mp4;;;;196.0;199.92;196.0;199.92;3:16.0;3:19.9;3.92;manual;accepted;;;;;;A person with a blonde wig and a lightning bolt painted on their face points at it with their finger.
office_s07e06_031;7060031;s07e06;dev;office_s07e06.mp4;;;;280.78;285.17;280.78;285.17;4:40.8;4:45.2;4.39;manual;accepted;;;;;;Michael pats his belly with a flat palm.
office_s07e06_033;7060033;s07e06;dev;office_s07e06.mp4;;;;339.86;341.9;339.86;341.9;5:39.9;5:41.9;2.04;manual;accepted;;;;;;"Ryan in a cap and a green hoodie raises his hand in a ""stop"" gesture."
office_s07e06_034;7060034;s07e06;dev;office_s07e06.mp4;;;;550.93;555.23;550.93;555.23;9:10.9;9:15.2;4.3;manual;accepted;;;;;;Dwight stretches a white rope and squeezes it between his hands near Michael's ear.
office_s07e06_017;7060017;s07e06;dev;office_s07e06.mp4;;;;555.24;558.28;555.24;558.28;9:15.2;9:18.3;3.04;manual;accepted;;;;;;A man pouring himself water from the water dispenser gets slapped on the butt by Kevin.
office_s07e06_018;7060018;s07e06;dev;office_s07e06.mp4;;;;622.38;632.55;622.38;632.55;10:22.4;10:32.5;10.17;manual;accepted;;;;;;Dwight in a coat and hat takes down the magnets off the fridge.
office_s07e06_035;7060035;s07e06;dev;office_s07e06.mp4;;;;679.89;689.03;679.89;689.03;11:19.9;11:29.0;9.14;manual;accepted;;;;;;Kevin in hat, glasses and black hoodie is crying while talking.
office_s07e06_036;7060036;s07e06;dev;office_s07e06.mp4;;;;798.28;800.88;798.28;800.88;13:18.3;13:20.9;2.6;manual;accepted;;;;;;Phyllis walks off from conversation looking confused on halloween party.
office_s07e06_019;7060019;s07e06;dev;office_s07e06.mp4;;;;857.21;863.02;857.21;863.02;14:17.2;14:23.0;5.81;manual;accepted;;;;;;Creed dressed as a mummy walks slowly out of the smoke.
office_s07e06_020;7060020;s07e06;dev;office_s07e06.mp4;;;;863.0;866.89;863.0;866.89;14:23.0;14:26.9;3.89;manual;accepted;;;;;;Stanley dressed as a samurai, wearing a helmet and robe, holds up and swing a sword with an intense expression.
office_s07e06_022;7060022;s07e06;dev;office_s07e06.mp4;;;;866.88;870.53;866.88;870.53;14:26.9;14:30.5;3.65;manual;accepted;;;;;;Kelly in a colorful dress and a green wig moves like a doll.
office_s07e06_021;7060021;s07e06;dev;office_s07e06.mp4;;;;881.16;885.08;881.16;885.08;14:41.2;14:45.1;3.92;manual;accepted;;;;;;A person with a blonde wig and a lightning bolt painted on their face, dances through the office.
office_s07e06_023;7060023;s07e06;dev;office_s07e06.mp4;;;;886.26;890.46;886.26;890.46;14:46.3;14:50.5;4.2;manual;accepted;;;;;;Angela in a white doctor's suit walks awkwardly and spins around.
office_s07e06_024;7060024;s07e06;dev;office_s07e06.mp4;;;;955.18;958.36;955.18;958.36;15:55.2;15:58.4;3.18;manual;accepted;;;;;;Orange and yellow candies are falling onto the Ouija board.
office_s07e06_025;7060025;s07e06;dev;office_s07e06.mp4;;;;1020.33;1028.17;1020.33;1028.17;17:00.3;17:08.2;7.84;manual;accepted;;;;;;People are pulling up Erin who has its head into silver backet with water and apples.
office_s07e06_038;7060038;s07e06;dev;office_s07e06.mp4;;;;1029.64;1032.14;1029.64;1032.14;17:09.6;17:12.1;2.5;manual;accepted;;;;;;A man is ambushed by Jim and Pam when he come out of the bathroom.
office_s07e06_039;7060039;s07e06;dev;office_s07e06.mp4;;;;1070.73;1071.98;1070.73;1071.98;17:50.7;17:52.0;1.25;manual;accepted;;;;;;Pam dressed in red dress with white collar and dark wig sticks out her tongue.
office_s07e06_040;7060040;s07e06;dev;office_s07e06.mp4;;;;1175.45;1179.23;1175.45;1179.23;19:35.5;19:39.2;3.78;manual;accepted;;;;;;A shot of a white ghost, its arm in chains, hanging from the ceiling.
office_s07e06_026;7060026;s07e06;dev;office_s07e06.mp4;;;;1244.34;1246.19;1244.34;1246.19;20:44.3;20:46.2;1.85;manual;accepted;;;;;;Jim dressed in a sailor's outfit with pipe in his mouth, carrying a child in his arms, walks into.
office_s07e06_027;7060027;s07e06;dev;office_s07e06.mp4;;;;1245.78;1248.23;1245.78;1248.23;20:45.8;20:48.2;2.45;manual;accepted;;;;;;Pam dressed in red dress with white collar looks in happy schock.
office_s07e06_028;7060028;s07e06;dev;office_s07e06.mp4;;;;1249.66;1251.13;1249.66;1251.13;20:49.7;20:51.1;1.47;manual;accepted;;;;;;Pam dressed in red dress with white collar looks happy and clap her hands.
office_s08e12_001;8120001;s08e12;dev;office_s08e12.mp4;;;;10.75;16.84;10.75;16.84;0:10.8;0:16.8;6.09;manual;accepted;;;;;;Dwight stand up from armchair and finds he's sitting on a meatball.
office_s08e12_002;8120002;s08e12;dev;office_s08e12.mp4;;;;18.75;20.45;18.75;20.45;0:18.8;0:20.4;1.7;manual;accepted;;;;;;Stanley, sitting at the desk, laughs and gives a thumbs up.
office_s08e12_003;8120003;s08e12;dev;office_s08e12.mp4;;;;31.45;33.93;31.45;33.93;0:31.4;0:33.9;2.48;manual;accepted;;;;;;A shot of office desk built out of Lego bricks.
office_s08e12_006;8120006;s08e12;dev;office_s08e12.mp4;;;;36.66;40.93;36.66;40.93;0:36.7;0:40.9;4.27;manual;accepted;;;;;;A dog with glasses sits at office desk.
office_s08e12_005;8120005;s08e12;dev;office_s08e12.mp4;;;;51.51;59.75;51.51;59.75;0:51.5;0:59.8;8.24;manual;accepted;;;;;;Dwight opens his desk drawer and finds meatballs.
office_s08e12_007;8120007;s08e12;dev;office_s08e12.mp4;;;;65.99;70.15;65.99;70.15;1:06.0;1:10.2;4.16;manual;accepted;;;;;;Dwight raise up a stapler inside a large meatball.
office_s08e12_008;8120008;s08e12;dev;office_s08e12.mp4;;;;74.2;75.87;74.2;75.87;1:14.2;1:15.9;1.67;manual;rejected;manual;;;;;Stanley wipes his eye with a tissue while laughing with his mouth wide open.
office_s08e12_009;8120009;s08e12;dev;office_s08e12.mp4;;;;91.41;95.93;91.41;95.93;1:31.4;1:35.9;4.52;manual;accepted;;;;;;Stanley and Dwight sit smiling in a car with bags of meatballs.
office_s08e12_010;8120010;s08e12;dev;office_s08e12.mp4;;;;99.75;102.36;99.75;102.36;1:39.8;1:42.4;2.61;manual;accepted;;;;;;A shot of Stanley and Dwight eating a meatballs while holding a bags.
office_s08e12_011;8120011;s08e12;dev;office_s08e12.mp4;;;;166.59;177.19;166.59;177.19;2:46.6;2:57.2;10.6;manual;accepted;;;;;;Andy holding a silver ring and waveing his both hands in emotions.
office_s08e12_012;8120012;s08e12;dev;office_s08e12.mp4;;;;320.6;322.72;320.6;322.72;5:20.6;5:22.7;2.12;manual;accepted;;;;;;Kevin next to a printer points at himself with happy pride.
office_s08e12_013;8120013;s08e12;dev;office_s08e12.mp4;;;;356.06;359.43;356.06;359.43;5:56.1;5:59.4;3.37;manual;accepted;;;;;;A group of people on their knees putting hands in the pool.
office_s08e12_014;8120014;s08e12;dev;office_s08e12.mp4;;;;406.39;411.97;406.39;411.97;6:46.4;6:52.0;5.58;manual;accepted;;;;;;Jim in grey sweater taking selfie using his phone.
office_s08e12_015;8120015;s08e12;dev;office_s08e12.mp4;;;;501.82;504.4;501.82;504.4;8:21.8;8:24.4;2.58;manual;accepted;;;;;;Two people clinking red cups together at the party.
office_s08e12_016;8120016;s08e12;dev;office_s08e12.mp4;;;;514.84;519.98;514.84;519.98;8:34.8;8:40.0;5.14;manual;accepted;;;;;;Dwight lying on a lounge chair by the pool waves Erin away.
office_s08e12_018;8120018;s08e12;dev;office_s08e12.mp4;;;;528.5;536.18;528.5;536.18;8:48.5;8:56.2;7.68;manual;accepted;;;;;;Andy in red shorts is looking for something in the jacket and under the lounge chair.
office_s08e12_017;8120017;s08e12;dev;office_s08e12.mp4;;;;539.01;541.74;539.01;541.74;8:59.0;9:01.7;2.73;manual;accepted;;;;;;Dwight lying on a lounge chair kicks Erin into the pool.
office_s08e12_019;8120019;s08e12;dev;office_s08e12.mp4;;;;579.11;591.04;579.11;591.04;9:39.1;9:51.0;11.93;manual;accepted;;;;;;A men is taking wine out of a wine cabinet.
office_s08e12_021;8120021;s08e12;dev;office_s08e12.mp4;;;;603.04;604.29;603.04;604.29;10:03.0;10:04.3;1.25;manual;accepted;;;;;;Jim in a grey sweater makes a circle with his finger in the air while holding wine in his other hand.
office_s08e12_022;8120022;s08e12;dev;office_s08e12.mp4;;;;617.13;619.36;617.13;619.36;10:17.1;10:19.4;2.23;manual;accepted;;;;;;Dwight puts Erin's head under the water in the pool.
office_s08e12_023;8120023;s08e12;dev;office_s08e12.mp4;;;;621.85;623.1;621.85;623.1;10:21.9;10:23.1;1.25;manual;accepted;;;;;;Dwight splashes water on Erin in the pool.
office_s08e12_024;8120024;s08e12;dev;office_s08e12.mp4;;;;633.06;640.13;633.06;640.13;10:33.1;10:40.1;7.07;manual;accepted;;;;;;Dwight picks Erin up in his arms in the pool and spins around with her.
office_s08e12_027;8120027;s08e12;dev;office_s08e12.mp4;;;;735.6;738.94;735.6;738.94;12:15.6;12:18.9;3.34;manual;accepted;;;;;;Dwight and Erin feed each other, half naked.
office_s08e12_028;8120028;s08e12;dev;office_s08e12.mp4;;;;743.26;747.06;743.26;747.06;12:23.3;12:27.1;3.8;manual;accepted;;;;;;Erin with wet hair makes a fierce face, baring her teeth.
office_s08e12_029;8120029;s08e12;dev;office_s08e12.mp4;;;;785.11;789.47;785.11;789.47;13:05.1;13:09.5;4.36;manual;accepted;;;;;;Kevin runs fast, undressing down to his shorts.
office_s08e12_030;8120030;s08e12;dev;office_s08e12.mp4;;;;794.42;797.63;794.42;797.63;13:14.4;13:17.6;3.21;manual;accepted;;;;;;A woman play chicken fight in the pool, sitting on the shoulders of two men.
office_s08e12_031;8120031;s08e12;dev;office_s08e12.mp4;;;;807.24;809.3;807.24;809.3;13:27.2;13:29.3;2.06;manual;accepted;;;;;;Dwight throws Erin in the green swimsuit off his shoulders in the pool.
office_s08e12_032;8120032;s08e12;dev;office_s08e12.mp4;;;;815.66;817.53;815.66;817.53;13:35.7;13:37.5;1.87;manual;accepted;;;;;;Two brown bear rugs, their mouths open and sharp teeth showing.
office_s08e12_033;8120033;s08e12;dev;office_s08e12.mp4;;;;827.89;830.07;827.89;830.07;13:47.9;13:50.1;2.18;manual;accepted;;;;;;A shot of a room with a large sofa, a fireplace, and dimmed lights.
office_s08e12_034;8120034;s08e12;dev;office_s08e12.mp4;;;;891.81;895.3;891.81;895.3;14:51.8;14:55.3;3.49;manual;accepted;;;;;;Kevin dives underwater and lifts his legs above the surface.
office_s08e12_036;8120036;s08e12;dev;office_s08e12.mp4;;;;943.98;947.42;943.98;947.42;15:44.0;15:47.4;3.44;manual;accepted;;;;;;Dwight with Erin on his shoulders falls into the water but immediately resurfaces.
office_s08e12_038;8120038;s08e12;dev;office_s08e12.mp4;;;;954.08;955.88;954.08;955.88;15:54.1;15:55.9;1.8;manual;accepted;;;;;;Erin with wet hair raises her fist triumphantly, shouting with her mouth wide open.
office_s08e12_039;8120039;s08e12;dev;office_s08e12.mp4;;;;956.4;963.15;956.4;963.15;15:56.4;16:03.1;6.75;manual;accepted;;;;;;Dwight loses consciousness in the pool and starts drowning.
office_s08e12_040;8120040;s08e12;dev;office_s08e12.mp4;;;;964.27;967.77;964.27;967.77;16:04.3;16:07.8;3.5;manual;accepted;;;;;;Dwight lying on the ground spits water out of his mouth.
office_s08e12_041;8120041;s08e12;dev;office_s08e12.mp4;;;;976.71;980.39;976.71;980.39;16:16.7;16:20.4;3.68;manual;accepted;;;;;;Dwight is crawling into the pool while Erin is trying to stop him.
office_s08e12_042;8120042;s08e12;dev;office_s08e12.mp4;;;;980.37;989.85;980.37;989.85;16:20.4;16:29.9;9.48;manual;accepted;;;;;;The women set fire to a floating paper boat with a ring on it in the pool.
office_s08e12_043;8120043;s08e12;dev;office_s08e12.mp4;;;;1053.58;1058.46;1053.58;1058.46;17:33.6;17:38.5;4.88;manual;accepted;;;;;;People hit each other with pool noodles in the water.
office_s08e12_044;8120044;s08e12;dev;office_s08e12.mp4;;;;1065.12;1072.48;1065.12;1072.48;17:45.1;17:52.5;7.36;manual;accepted;;;;;;Darryl does a cannonball style into the water.
office_s08e12_046;8120046;s08e12;dev;office_s08e12.mp4;;;;1174.2;1176.28;1174.2;1176.28;19:34.2;19:36.3;2.08;manual;accepted;;;;;;Dwight spins Erin's arm, in the green swimsuit, like a windmill.
office_s08e12_047;8120047;s08e12;dev;office_s08e12.mp4;;;;1180.24;1181.86;1180.24;1181.86;19:40.2;19:41.9;1.62;manual;accepted;;;;;;Creed wearing only underwear and a crown lies by the pool, playing a guitar.
office_s08e12_048;8120048;s08e12;dev;office_s08e12.mp4;;;;1181.85;1187.98;1181.85;1187.98;19:41.8;19:48.0;6.13;manual;accepted;;;;;;Oscar with wine splashed on his face shouts and waves his arms with joy.
office_s09e10_001;9100001;s09e10;dev;office_s09e10.mp4;;;;35.87;37.84;35.87;37.84;0:35.9;0:37.8;1.97;manual;accepted;;;;;;Jim punches the kitchen table with a container of carrots on it.
office_s09e10_003;9100003;s09e10;dev;office_s09e10.mp4;;;;61.88;71.46;61.88;71.46;1:01.9;1:11.5;9.58;manual;accepted;;;;;;Pam, partially hidden in a brown coat, a pink scarf and hat, enters the office and takes off her hat.
office_s09e10_004;9100004;s09e10;dev;office_s09e10.mp4;;;;77.64;82.36;77.64;82.36;1:17.6;1:22.4;4.72;manual;accepted;;;;;;Pam drags two trash bins down the driveway in front of a house.
office_s09e10_005;9100005;s09e10;dev;office_s09e10.mp4;;;;122.58;136.6;122.58;136.6;2:02.6;2:16.6;14.02;manual;accepted;;;;;;A shot of an office with concrete walls, brick surrounds around the windows, and large windows.
office_s09e10_007;9100007;s09e10;dev;office_s09e10.mp4;;;;148.42;153.86;148.42;153.86;2:28.4;2:33.9;5.44;manual;accepted;;;;;;Darryl and a woman talk closely in a parking lot, seen through window blinds.
office_s09e10_008;9100008;s09e10;dev;office_s09e10.mp4;;;;176.36;179.76;176.36;179.76;2:56.4;2:59.8;3.4;manual;accepted;;;;;;A person with dreadlocks tightly hugs Darryl, gritting his teeth with a wide smile.
office_s09e10_009;9100009;s09e10;dev;office_s09e10.mp4;;;;189.23;190.92;189.23;190.92;3:09.2;3:10.9;1.69;manual;accepted;;;;;;Meredith scratches her head intensely at her desk.
office_s09e10_011;9100011;s09e10;dev;office_s09e10.mp4;;;;207.99;218.56;207.99;218.56;3:28.0;3:38.6;10.57;manual;accepted;;;;;;Erin shines a flashlight into Meredith's hair as she leans over the reception desk.
office_s09e10_012;9100012;s09e10;dev;office_s09e10.mp4;;;;225.2;232.42;225.2;232.42;3:45.2;3:52.4;7.22;manual;accepted;;;;;;Dwight walks through the door with a threatening expression and throws the cup he's holding in his hand.
office_s09e10_014;9100014;s09e10;dev;office_s09e10.mp4;;;;266.32;271.86;266.32;271.86;4:26.3;4:31.9;5.54;manual;accepted;;;;;;Dwight sprays a can of aerosol at people leaving the office.
office_s09e10_015;9100015;s09e10;dev;office_s09e10.mp4;;;;288.73;292.82;288.73;292.82;4:48.7;4:52.8;4.09;manual;accepted;;;;;;Angela with a headband shows a tense expression of disgust.
office_s09e10_016;9100016;s09e10;dev;office_s09e10.mp4;;;;313.19;314.98;313.19;314.98;5:13.2;5:15.0;1.79;manual;accepted;;;;;;Dwight walks into the office wearing a full yellow hazmat suit with a bag over his shoulder.
office_s09e10_017;9100017;s09e10;dev;office_s09e10.mp4;;;;393.37;404.86;393.37;404.86;6:33.4;6:44.9;11.49;manual;accepted;;;;;;Erin in a pink sweater climbs onto a man's back and pushes him onto the desk.
office_s09e10_018;9100018;s09e10;dev;office_s09e10.mp4;;;;422.61;428.04;422.61;428.04;7:02.6;7:08.0;5.43;manual;accepted;;;;;;Jim drinks from a champagne glass in the back seat of a car.
office_s09e10_019;9100019;s09e10;dev;office_s09e10.mp4;;;;433.89;436.72;433.89;436.72;7:13.9;7:16.7;2.83;manual;accepted;;;;;;Jim takes something from the car and hides it in the inside pocket of his jacket.
office_s09e10_020;9100020;s09e10;dev;office_s09e10.mp4;;;;456.17;464.39;456.17;464.39;7:36.2;7:44.4;8.22;manual;accepted;;;;;;Meredith shaves her head with electric clippers in the office kitchen.
office_s09e10_021;9100021;s09e10;dev;office_s09e10.mp4;;;;527.11;529.32;527.11;529.32;8:47.1;8:49.3;2.21;manual;accepted;;;;;;A bald Meredith stands in the doorway, screaming and waving her arms.
office_s09e10_022;9100022;s09e10;dev;office_s09e10.mp4;;;;664.1;677.82;664.1;677.82;11:04.1;11:17.8;13.72;manual;accepted;;;;;;Jim in a tie answer his phone while a coach waiting with basketball.
office_s09e10_023;9100023;s09e10;dev;office_s09e10.mp4;;;;685.25;690.08;685.25;690.08;11:25.2;11:30.1;4.83;manual;accepted;;;;;;Jim talking on the phone reaches for a smoothie from a tray at a basketball court.
office_s09e10_024;9100024;s09e10;dev;office_s09e10.mp4;;;;690.09;696.64;690.09;696.64;11:30.1;11:36.6;6.55;manual;accepted;;;;;;Pam pulls groceries from the trunk while talking on the phone, and some items fall and spill on the ground.
office_s09e10_025;9100025;s09e10;dev;office_s09e10.mp4;;;;706.84;713.54;706.84;713.54;11:46.8;11:53.5;6.7;manual;accepted;;;;;;Dwight in a hazmat suit stands before seated coworkers as people hand out jars of mayonnaise.
office_s09e10_026;9100026;s09e10;dev;office_s09e10.mp4;;;;725.23;732.2;725.23;732.2;12:05.2;12:12.2;6.97;manual;accepted;;;;;;Dwight plays with a pair of scissors and cuts through his hazmat suit.
office_s09e10_027;9100027;s09e10;dev;office_s09e10.mp4;;;;775.05;786.29;775.05;786.29;12:55.0;13:06.3;11.24;manual;accepted;;;;;;Angela scoops mayonnaise from a jar and puts it on a man's head.
office_s09e10_028;9100028;s09e10;dev;office_s09e10.mp4;;;;786.29;791.37;786.29;791.37;13:06.3;13:11.4;5.08;manual;accepted;;;;;;A bald Meredith rubs mayonnaise into a seated man's hair with a disgusted expression.
office_s09e10_030;9100030;s09e10;dev;office_s09e10.mp4;;;;792.22;793.76;792.22;793.76;13:12.2;13:13.8;1.54;manual;accepted;;;;;;Pam sticks out her tongue and frowns in disgust while rubbing the man's head.
office_s09e10_031;9100031;s09e10;dev;office_s09e10.mp4;;;;807.29;809.37;807.29;809.37;13:27.3;13:29.4;2.08;manual;accepted;;;;;;A man and Erin with a white substance covering their hair pretend to be gorillas in the office.
office_s09e10_032;9100032;s09e10;dev;office_s09e10.mp4;;;;809.38;811.29;809.38;811.29;13:29.4;13:31.3;1.91;manual;accepted;;;;;;A man rubs a white substance into Erin's hair while she spins around.
office_s09e10_033;9100033;s09e10;dev;office_s09e10.mp4;;;;935.37;937.56;935.37;937.56;15:35.4;15:37.6;2.19;manual;accepted;;;;;;A bald Meredith grits her teeth in a fierce, angry expression.
office_s09e10_034;9100034;s09e10;dev;office_s09e10.mp4;;;;997.82;1003.9;997.82;1003.9;16:37.8;16:43.9;6.08;manual;accepted;;;;;;Dwight pulls the pin from a can of insect fogger while speaking into a walkie-talkie.
office_s09e10_035;9100035;s09e10;dev;office_s09e10.mp4;;;;1006.72;1010.57;1006.72;1010.57;16:46.7;16:50.6;3.85;manual;accepted;;;;;;Dwight drops the can, and it explodes, filling the room with a white cloud.
office_s09e10_036;9100036;s09e10;dev;office_s09e10.mp4;;;;1029.5;1032.27;1029.5;1032.27;17:09.5;17:12.3;2.77;manual;accepted;;;;;;Dwight, half out of his hazmat suit, falls to the floor.
office_s09e10_037;9100037;s09e10;dev;office_s09e10.mp4;;;;1038.95;1048.1;1038.95;1048.1;17:19.0;17:28.1;9.15;manual;accepted;;;;;;Angela pours water from a pitcher over Oscar's face at the kitchen sink.
office_s09e10_038;9100038;s09e10;dev;office_s09e10.mp4;;;;1152.7;1154.99;1152.7;1154.99;19:12.7;19:15.0;2.29;manual;accepted;;;;;;Dwight gets into the car, and the dropped can fills it with a white cloud.
office_s09e10_039;9100039;s09e10;dev;office_s09e10.mp4;;;;1181.41;1186.23;1181.41;1186.23;19:41.4;19:46.2;4.82;manual;accepted;;;;;;A watch, keys, phone, and tie lie scattered on the floor next to a bag.
office_s09e10_040;9100040;s09e10;dev;office_s09e10.mp4;;;;1222.12;1228.63;1222.12;1228.63;20:22.1;20:28.6;6.51;manual;accepted;;;;;;Pam pours beer into a glass in a bar.
office_s09e10_041;9100041;s09e10;dev;office_s09e10.mp4;;;;1252.28;1255.06;1252.28;1255.06;20:52.3;20:55.1;2.78;manual;accepted;;;;;;A crowded bar scene with people at the counter with green lamps.
office_s01e02_002;1020002;s01e02;test;office_s01e02.mp4;;;;91.64;94.58;91.64;94.58;1:31.6;1:34.6;2.94;manual;accepted;;no;no;;;Someone cross the words with black marker on paper.
office_s01e02_003;1020003;s01e02;test;office_s01e02.mp4;;;;102.07;106.11;102.07;106.11;1:42.1;1:46.1;4.04;manual;accepted;;no;no;;;Dwight put up shredder while sitting at his desk.
office_s01e02_004;1020004;s01e02;test;office_s01e02.mp4;;;;152.21;155.19;152.21;155.19;2:32.2;2:35.2;2.98;manual;accepted;;no;no;;;Focused Dwight put bank card through a shredder.
office_s01e02_005;1020005;s01e02;test;office_s01e02.mp4;;;;168.43;172.61;168.43;172.61;2:48.4;2:52.6;4.18;manual;accepted;;no;no;;;Jim takes champagne from bag and hides it in the desk drawer.
office_s01e02_007;1020007;s01e02;test;office_s01e02.mp4;;;;186.33;189.77;186.33;189.77;3:06.3;3:09.8;3.44;manual;accepted;;no;yes;;;Jim takes candy from a candy jar at Pam's desk.
office_s01e02_008;1020008;s01e02;test;office_s01e02.mp4;;;;204.67;205.92;204.67;205.92;3:24.7;3:25.9;1.25;manual;accepted;;no;no;;;Angela seating in front of whiteboard eats banana.
office_s01e02_009;1020009;s01e02;test;office_s01e02.mp4;;;;211.95;214.93;211.95;214.93;3:31.9;3:34.9;2.98;manual;accepted;;no;no;;;Michael and other man exit a separate rooms at the same time.
office_s01e02_010;1020010;s01e02;test;office_s01e02.mp4;;;;236.46;238.91;236.46;238.91;3:56.5;3:58.9;2.45;manual;accepted;;no;no;;;A bored Pam behind the counter rest her head on her hand.
office_s01e02_001;1020001;s01e02;test;office_s01e02.mp4;;;;241.23;242.64;241.23;242.64;4:01.2;4:02.6;1.41;manual;accepted;;no;no;;;Michael lightly nudges Jim, who is talking on the phone with a finger stuck in his own ear.
office_s01e02_011;1020011;s01e02;test;office_s01e02.mp4;;;;251.94;253.19;251.94;253.19;4:11.9;4:13.2;1.25;manual;accepted;;no;no;;;Zoom in for messy desk with phone next to cups.
office_s01e02_012;1020012;s01e02;test;office_s01e02.mp4;;;;253.19;262.9;253.19;262.9;4:13.2;4:22.9;9.71;manual;accepted;;no;no;;;Man with glasses collect cards from other people.
office_s01e02_013;1020013;s01e02;test;office_s01e02.mp4;;;;301.75;304.05;301.75;304.05;5:01.8;5:04.1;2.3;manual;accepted;;no;no;;;Man with glasses next to Michael touch his nose with one finger.
office_s01e02_014;1020014;s01e02;test;office_s01e02.mp4;;;;332.48;336.04;332.48;336.04;5:32.5;5:36.0;3.56;manual;accepted;;no;no;;;Michael with upset face sits down on the chair next to men in glasses.
office_s01e02_015;1020015;s01e02;test;office_s01e02.mp4;;;;382.27;383.85;382.27;383.85;6:22.3;6:23.9;1.58;manual;accepted;;no;no;;;People in the room raise their hands in the air at the same time.
office_s01e02_006;1020006;s01e02;test;office_s01e02.mp4;;;;428.28;431.57;428.28;431.57;7:08.3;7:11.6;3.29;manual;accepted;;no;no;;;A shot of Kevin sitting at the desk, writing something in a giant book with a big red pencil.
office_s01e02_016;1020016;s01e02;test;office_s01e02.mp4;;;;482.67;494.16;482.67;494.16;8:02.7;8:14.2;11.49;manual;accepted;;no;no;;;"Whiteboard next to man has written words: ""Honesty, Empathy, Respect, Open-Minded=hero""."
office_s01e02_017;1020017;s01e02;test;office_s01e02.mp4;;;;616.66;620.65;616.66;620.65;10:16.7;10:20.6;3.99;manual;accepted;;no;yes;;;Black man with brown briefcase exit in a rush Michaels room.
office_s01e02_018;1020018;s01e02;test;office_s01e02.mp4;;;;639.94;641.77;639.94;641.77;10:39.9;10:41.8;1.83;manual;accepted;;no;no;;;Michael laughts while holding yellow paper in his hand.
office_s01e02_019;1020019;s01e02;test;office_s01e02.mp4;;;;657.44;658.94;657.44;658.94;10:57.4;10:58.9;1.5;manual;accepted;;no;yes;;;Surprised Jim, sitting at a computer, turns his head very fast to look at Michael.
office_s01e02_021;1020021;s01e02;test;office_s01e02.mp4;;;;664.71;671.21;664.71;671.21;11:04.7;11:11.2;6.5;manual;accepted;;no;no;;;Jim is chewing his pencil, looking to the side.
office_s01e02_020;1020020;s01e02;test;office_s01e02.mp4;;;;664.92;668.99;664.92;668.99;11:04.9;11:09.0;4.07;manual;accepted;;no;no;;;Michael tear down yellow paper in front of people.
office_s01e02_031;1020031;s01e02;test;office_s01e02.mp4;;;;703.09;706.47;703.09;706.47;11:43.1;11:46.5;3.38;manual;accepted;;no;no;;;Jim spins around toward Pam, who sits at the reception desk behind him, her eyes wide and mouth open.
office_s01e02_022;1020022;s01e02;test;office_s01e02.mp4;;;;726.9;728.79;726.9;728.79;12:06.9;12:08.8;1.89;manual;accepted;;no;no;;;A shot of blue screen on TV in the room.
office_s01e02_023;1020023;s01e02;test;office_s01e02.mp4;;;;819.45;821.69;819.45;821.69;13:39.5;13:41.7;2.24;manual;accepted;;no;no;;;Michael push turns off button on big black TV.
office_s01e02_024;1020024;s01e02;test;office_s01e02.mp4;;;;937.56;940.91;937.56;940.91;15:37.6;15:40.9;3.35;manual;accepted;;no;no;;;Jim run out of the room to pick up the phone.
office_s01e02_025;1020025;s01e02;test;office_s01e02.mp4;;;;956.28;960.5;956.28;960.5;15:56.3;16:00.5;4.22;manual;accepted;;no;yes;;;"Pam puts a card on her forehead with ""Jewish"" written on it."
office_s01e02_026;1020026;s01e02;test;office_s01e02.mp4;;;;1078.12;1086.87;1078.12;1086.87;17:58.1;18:06.9;8.75;manual;accepted;;no;yes;;;Jim takes candy from candy jar next to Ryan sitting at the desk with headphones on.
office_s01e02_027;1020027;s01e02;test;office_s01e02.mp4;;;;1138.28;1140.24;1138.28;1140.24;18:58.3;19:00.2;1.96;manual;accepted;;no;no;;;Kelly in colorful dress punch Michael on his face.
office_s01e02_028;1020028;s01e02;test;office_s01e02.mp4;;;;1193.54;1195.69;1193.54;1195.69;19:53.5;19:55.7;2.15;manual;accepted;;no;no;;;Man puts champagne on desk with black nameplate on it.
office_s01e02_029;1020029;s01e02;test;office_s01e02.mp4;;;;1225.44;1232.55;1225.44;1232.55;20:25.4;20:32.5;7.11;manual;accepted;;no;no;;;Pam fall asleep putting her head on Jim's shoulder.
office_s01e02_030;1020030;s01e02;test;office_s01e02.mp4;;;;1277.76;1283.95;1277.76;1283.95;21:17.8;21:24.0;6.19;manual;accepted;;no;no;;;Pam wake up with one's head on a Jim's shoulder.
office_s01e05_001;1050001;s01e05;test;office_s01e05.mp4;;;;92.03;95.86;92.03;95.86;1:32.0;1:35.9;3.83;manual;accepted;;no;no;;;Darryl with the cupboard walking straight through warehouse.
office_s01e05_002;1050002;s01e05;test;office_s01e05.mp4;;;;116.24;117.57;116.24;117.57;1:56.2;1:57.6;1.33;manual;accepted;;no;no;;;Michael walks up and slams both his hands on the reception desk where Pam sits.
office_s01e05_003;1050003;s01e05;test;office_s01e05.mp4;;;;116.5;117.83;116.5;117.83;1:56.5;1:57.8;1.33;manual;accepted;;no;no;;;Pam flinches, scared by Michael, as she sits at the reception desk.
office_s01e05_004;1050004;s01e05;test;office_s01e05.mp4;;;;143.62;146.64;143.62;146.64;2:23.6;2:26.6;3.02;manual;accepted;;no;no;;;Worried Dwight plays with the toy that he pick up from the desk.
office_s01e05_005;1050005;s01e05;test;office_s01e05.mp4;;;;230.42;231.7;230.42;231.7;3:50.4;3:51.7;1.28;manual;accepted;;no;no;;;A wide shot of the warehouse space with basketball hoop.
office_s01e05_007;1050007;s01e05;test;office_s01e05.mp4;;;;333.11;341.49;333.11;341.49;5:33.1;5:41.5;8.38;manual;accepted;;no;no;;;Michael dance and move his mouth in front of warehouse employees.
office_s01e05_009;1050009;s01e05;test;office_s01e05.mp4;;;;440.22;443.43;440.22;443.43;7:20.2;7:23.4;3.21;manual;accepted;;no;no;;;Dwight throws black cup in the bin direction.
office_s01e05_010;1050010;s01e05;test;office_s01e05.mp4;;;;474.74;477.7;474.74;477.7;7:54.7;7:57.7;2.96;manual;accepted;;no;no;;;Kevin throws an empty tissue box into the bin.
office_s01e05_011;1050011;s01e05;test;office_s01e05.mp4;;;;484.92;486.62;484.92;486.62;8:04.9;8:06.6;1.7;manual;accepted;;no;no;;;Pam gets hit in the head with paper while sitting on the reception desk.
office_s01e05_012;1050012;s01e05;test;office_s01e05.mp4;;;;602.25;604.61;602.25;604.61;10:02.2;10:04.6;2.36;manual;accepted;;no;no;;;Dwight raise his hand up for a hive-five but Michael walks away.
office_s01e05_013;1050013;s01e05;test;office_s01e05.mp4;;;;606.81;612.73;606.81;612.73;10:06.8;10:12.7;5.92;manual;accepted;;no;no;;;Michael, in athletic wear, walks confidently through the warehouse space with the basketball hoop.
office_s01e05_006;1050006;s01e05;test;office_s01e05.mp4;;;;613.56;618.3;613.56;618.3;10:13.6;10:18.3;4.74;manual;accepted;;no;no;;;Darryl sits and drinks next to boxes wrapped in foil.
office_s01e05_014;1050014;s01e05;test;office_s01e05.mp4;;;;617.6;628.07;617.6;628.07;10:17.6;10:28.1;10.47;manual;accepted;;no;no;;;Michael doing arm swings and jumping in the warehouse.
office_s01e05_015;1050015;s01e05;test;office_s01e05.mp4;;;;628.07;633.19;628.07;633.19;10:28.1;10:33.2;5.12;manual;accepted;;no;no;;;Angela looks for something, moving staff on the shelf in the office.
office_s01e05_016;1050016;s01e05;test;office_s01e05.mp4;;;;634.3;641.85;634.3;641.85;10:34.3;10:41.9;7.55;manual;accepted;;no;no;;;Dwight lifts first aid kit above his head while sitting at the desk.
office_s01e05_017;1050017;s01e05;test;office_s01e05.mp4;;;;670.22;672.08;670.22;672.08;11:10.2;11:12.1;1.86;manual;accepted;;no;no;;;Jim ties his shoes while sitting on the armchair and talking to Pam.
office_s01e05_019;1050019;s01e05;test;office_s01e05.mp4;;;;715.64;725.26;715.64;725.26;11:55.6;12:05.3;9.62;manual;accepted;;no;no;;;A man walks into the warehouse and kisses Pam.
office_s01e05_020;1050020;s01e05;test;office_s01e05.mp4;;;;747.27;750.96;747.27;750.96;12:27.3;12:31.0;3.69;manual;accepted;;no;no;;;Jim, in athletic wear, and another man shake hands, and then he runs away.
office_s01e05_021;1050021;s01e05;test;office_s01e05.mp4;;;;752.17;759.27;752.17;759.27;12:32.2;12:39.3;7.1;manual;accepted;;no;no;;;Group of people stretch together in the warehouse.
office_s01e05_022;1050022;s01e05;test;office_s01e05.mp4;;;;780.49;782.84;780.49;782.84;13:00.5;13:02.8;2.35;manual;accepted;;no;no;;;Dwight takes off his shirt in the warehouse and spreads his arms.
office_s01e05_023;1050023;s01e05;test;office_s01e05.mp4;;;;799.91;801.49;799.91;801.49;13:19.9;13:21.5;1.58;manual;accepted;;no;no;;;Pam throws a basketball up in the air between to men.
office_s01e05_024;1050024;s01e05;test;office_s01e05.mp4;;;;804.78;809.59;804.78;809.59;13:24.8;13:29.6;4.81;manual;accepted;;no;no;;;Michael holds out his hand, looking badly surprised in the warehouse, as people run past him.
office_s01e05_025;1050025;s01e05;test;office_s01e05.mp4;;;;861.87;865.63;861.87;865.63;14:21.9;14:25.6;3.76;manual;accepted;;no;no;;;Dwight drinks from the bottle with his mask on face and spit.
office_s01e05_026;1050026;s01e05;test;office_s01e05.mp4;;;;927.77;930.22;927.77;930.22;15:27.8;15:30.2;2.45;manual;accepted;;no;no;;;Michael looks scared when ball strike to the boxes near him.
office_s01e05_027;1050027;s01e05;test;office_s01e05.mp4;;;;936.1;945.1;936.1;945.1;15:36.1;15:45.1;9.0;manual;accepted;;no;no;;;Darryl and other man dancing together with the basketball hoop and Michael in the background.
office_s01e05_028;1050028;s01e05;test;office_s01e05.mp4;;;;951.15;953.73;951.15;953.73;15:51.1;15:53.7;2.58;manual;accepted;;no;no;;;Michael bumps his chest to Ryan, who holds the ball.
office_s01e05_029;1050029;s01e05;test;office_s01e05.mp4;;;;957.35;960.21;957.35;960.21;15:57.4;16:00.2;2.86;manual;accepted;;no;no;;;Oscar talk through the phone while reading newspaper in a warehouse.
office_s01e05_030;1050030;s01e05;test;office_s01e05.mp4;;;;991.95;995.88;991.95;995.88;16:32.0;16:35.9;3.93;manual;accepted;;no;no;;;Michael dribbles the ball around on one knee.
office_s01e05_031;1050031;s01e05;test;office_s01e05.mp4;;;;1031.84;1038.22;1031.84;1038.22;17:11.8;17:18.2;6.38;manual;accepted;;no;no;;;Jim and other guys push and punch each other during a basketball game.
office_s01e05_008;1050008;s01e05;test;office_s01e05.mp4;;;;1040.67;1042.9;1040.67;1042.9;17:20.7;17:22.9;2.23;manual;accepted;;no;no;;;Jim flips his hair back with an energetic head movement, covering his sore mouth with his hand.
office_s01e05_018;1050018;s01e05;test;office_s01e05.mp4;;;;1140.91;1145.63;1140.91;1145.63;19:00.9;19:05.6;4.72;manual;accepted;;no;no;;;Dwight rips the white bag, spraying its contents into Michael's face.
office_s01e05_033;1050033;s01e05;test;office_s01e05.mp4;;;;1236.37;1244.21;1236.37;1244.21;20:36.4;20:44.2;7.84;manual;accepted;;no;no;;;Stanley and Ryan are washing themselves in the sink in bathroom.
office_s01e05_035;1050035;s01e05;test;office_s01e05.mp4;;;;1267.48;1269.31;1267.48;1269.31;21:07.5;21:09.3;1.83;manual;accepted;;no;no;;;Michael walks out of his office clapping, a tissue in his nose.
office_s02e06_001;2060001;s02e06;test;office_s02e06.mp4;;;;51.59;63.51;51.59;63.51;0:51.6;1:03.5;11.92;manual;accepted;;no;no;;;Dwight finds his desk in a men's bathroom.
office_s02e06_002;2060002;s02e06;test;office_s02e06.mp4;;;;63.93;70.52;63.93;70.52;1:03.9;1:10.5;6.59;manual;accepted;;no;no;;;Dwight answers the phone at his desk in the bathroom.
office_s02e06_003;2060003;s02e06;test;office_s02e06.mp4;;;;80.1;88.92;80.1;88.92;1:20.1;1:28.9;8.82;manual;accepted;;no;no;;;Dwight talks on the phone at his desk in the bathroom while a man holding a candle walks past him.
office_s02e06_004;2060004;s02e06;test;office_s02e06.mp4;;;;177.43;181.88;177.43;181.88;2:57.4;3:01.9;4.45;manual;accepted;;no;no;;;Dwight practices karate kicks among a group of children in a martial arts class.
office_s02e06_005;2060005;s02e06;test;office_s02e06.mp4;;;;183.71;185.91;183.71;185.91;3:03.7;3:05.9;2.2;manual;accepted;;no;no;;;Dwight makes a traditional martial arts salute sitting among a group of children in karate uniforms.
office_s02e06_006;2060006;s02e06;test;office_s02e06.mp4;;;;188.96;192.81;188.96;192.81;3:09.0;3:12.8;3.85;manual;accepted;;no;no;;;Dwight kneels on the martial arts mat cleaning it.
office_s02e06_007;2060007;s02e06;test;office_s02e06.mp4;;;;239.3;242.27;239.3;242.27;3:59.3;4:02.3;2.97;manual;accepted;;no;no;;;Michael sitting with his legs crossed taps his finger against a black mug.
office_s02e06_008;2060008;s02e06;test;office_s02e06.mp4;;;;256.99;259.69;256.99;259.69;4:17.0;4:19.7;2.7;manual;accepted;;no;no;;;Michael crosses his fingers to form a cross shape near his eye.
office_s02e06_009;2060009;s02e06;test;office_s02e06.mp4;;;;383.69;394.3;383.69;394.3;6:23.7;6:34.3;10.61;manual;accepted;;no;no;;;Michael peers through the blinds while talking on the phone, pulling them apart with his hand.
office_s02e06_010;2060010;s02e06;test;office_s02e06.mp4;;;;445.22;448.51;445.22;448.51;7:25.2;7:28.5;3.29;manual;accepted;;no;no;;;Dwight strikes a training dummy with an open-palm hit to the head.
office_s02e06_011;2060011;s02e06;test;office_s02e06.mp4;;;;448.51;452.16;448.51;452.16;7:28.5;7:32.2;3.65;manual;accepted;;no;no;;;A man practices writing his sign in different handwriting styles on a sheet of paper.
office_s02e06_012;2060012;s02e06;test;office_s02e06.mp4;;;;533.68;545.86;533.68;545.86;8:53.7;9:05.9;12.18;manual;accepted;;no;no;;;Michael grabs Dwight by his neck and head from behind while he sits at his desk.
office_s02e06_013;2060013;s02e06;test;office_s02e06.mp4;;;;600.27;607.42;600.27;607.42;10:00.3;10:07.4;7.15;manual;accepted;;no;no;;;Dwight karate-chops Michael in the stomach in the office.
office_s02e06_014;2060014;s02e06;test;office_s02e06.mp4;;;;619.35;624.55;619.35;624.55;10:19.4;10:24.5;5.2;manual;accepted;;no;no;;;Michael falls to his knees, weeping his things off the desk.
office_s02e06_016;2060016;s02e06;test;office_s02e06.mp4;;;;741.53;744.65;741.53;744.65;12:21.5;12:24.6;3.12;manual;accepted;;no;no;;;Dwight in a yellow shirt pulls his shirt aside and shows his stomach.
office_s02e06_017;2060017;s02e06;test;office_s02e06.mp4;;;;801.7;812.0;801.7;812.0;13:21.7;13:32.0;10.3;manual;accepted;;no;no;;;Dwight, with a black bag under his arm, gets into a crowded elevator.
office_s02e06_018;2060018;s02e06;test;office_s02e06.mp4;;;;813.13;815.11;813.13;815.11;13:33.1;13:35.1;1.98;manual;accepted;;no;no;;;Dwight stretches on the mat, reaching for his foot.
office_s02e06_019;2060019;s02e06;test;office_s02e06.mp4;;;;824.16;829.93;824.16;829.93;13:44.2;13:49.9;5.77;manual;accepted;;no;no;;;Jim runs his finger along a training mitt while Pam looks at it.
office_s02e06_020;2060020;s02e06;test;office_s02e06.mp4;;;;831.37;833.53;831.37;833.53;13:51.4;13:53.5;2.16;manual;accepted;;no;no;;;Jim leans his face closer to the mitt, and Pam playfully taps him in the face with it.
office_s02e06_021;2060021;s02e06;test;office_s02e06.mp4;;;;834.23;835.48;834.23;835.48;13:54.2;13:55.5;1.25;manual;accepted;;no;no;;;Jim playfully pats Pam on top of the head with an open palm.
office_s02e06_022;2060022;s02e06;test;office_s02e06.mp4;;;;839.19;848.88;839.19;848.88;13:59.2;14:08.9;9.69;manual;accepted;;no;no;;;Jim lifts Pam holding a training mitt by the waist.
office_s02e06_023;2060023;s02e06;test;office_s02e06.mp4;;;;852.28;854.71;852.28;854.71;14:12.3;14:14.7;2.43;manual;accepted;;no;no;;;Jim in blue shirt looks stunned in front of a whiteboard.
office_s02e06_024;2060024;s02e06;test;office_s02e06.mp4;;;;869.75;871.0;869.75;871.0;14:29.8;14:31.0;1.25;manual;accepted;;no;no;;;A karate instructor gives a downward hand signal to start a fight between Dwight and Michael.
office_s02e06_025;2060025;s02e06;test;office_s02e06.mp4;;;;871.03;872.29;871.03;872.29;14:31.0;14:32.3;1.26;manual;accepted;;no;no;;;The karate instructor rushes in between two sparring men with his arms spread wide.
office_s02e06_026;2060026;s02e06;test;office_s02e06.mp4;;;;883.55;887.64;883.55;887.64;14:43.5;14:47.6;4.09;manual;accepted;;no;no;;;Michael, in the karate uniform, makes strange hopping movements with his feet.
office_s02e06_028;2060028;s02e06;test;office_s02e06.mp4;;;;926.29;928.37;926.29;928.37;15:26.3;15:28.4;2.08;manual;accepted;;no;no;;;Phyllis takes a photo with a camera while people watch from behind a barrier.
office_s02e06_029;2060029;s02e06;test;office_s02e06.mp4;;;;928.35;930.23;928.35;930.23;15:28.4;15:30.2;1.88;manual;accepted;;no;no;;;Dwight takes off his headgear and throws it at Michael.
office_s02e06_030;2060030;s02e06;test;office_s02e06.mp4;;;;930.09;937.2;930.09;937.2;15:30.1;15:37.2;7.11;manual;accepted;;no;no;;;Michael takes off his helmet and lunges at Dwight, hitting him with it.
office_s02e06_031;2060031;s02e06;test;office_s02e06.mp4;;;;1241.02;1251.23;1241.02;1251.23;20:41.0;20:51.2;10.21;manual;accepted;;no;no;;;Dwight stands up from his chair, makes a traditional martial arts salute and bows forward.
office_s02e06_032;2060032;s02e06;test;office_s02e06.mp4;;;;1263.57;1266.14;1263.57;1266.14;21:03.6;21:06.1;2.57;manual;accepted;;no;no;;;Dwight applies white-out with a small brush to business card.
office_s02e06_033;2060033;s02e06;test;office_s02e06.mp4;;;;1279.81;1284.6;1279.81;1284.6;21:19.8;21:24.6;4.79;manual;accepted;;no;no;;;Michael pins Dwight to the mat while an instructor in the background covers his mouth and laughs.
office_s02e10_001;2100001;s02e10;test;office_s02e10.mp4;;;;1.97;5.98;1.97;5.98;0:02.0;0:06.0;4.01;manual;accepted;;no;yes;;;Someone puts Christmas cards with a photo into green envelopes.
office_s02e10_002;2100002;s02e10;test;office_s02e10.mp4;;;;6.03;20.99;6.03;20.99;0:06.0;0:21.0;14.96;manual;accepted;;no;no;;;Michael and Dwight try to get the big Christmas tree through the doors.
office_s02e10_003;2100003;s02e10;test;office_s02e10.mp4;;;;36.35;45.3;36.35;45.3;0:36.4;0:45.3;8.95;manual;accepted;;no;no;;;Michael and Dwight set up a Christmas tree whose top pokes through the ceiling.
office_s02e10_004;2100004;s02e10;test;office_s02e10.mp4;;;;42.77;45.33;42.77;45.33;0:42.8;0:45.3;2.56;manual;accepted;;no;no;;;Michael, with a big smile, stands next to the tree in front of the window decorated with gold and red Christmas ornaments.
office_s02e10_005;2100005;s02e10;test;office_s02e10.mp4;;;;77.43;84.14;77.43;84.14;1:17.4;1:24.1;6.71;manual;accepted;;no;no;;;Kevin cut off the top of the Christmas tree.
office_s02e10_006;2100006;s02e10;test;office_s02e10.mp4;;;;112.19;115.94;112.19;115.94;1:52.2;1:55.9;3.75;manual;accepted;;no;no;;;Dwight vacuums up needles under the Christmas tree.
office_s02e10_007;2100007;s02e10;test;office_s02e10.mp4;;;;126.78;134.99;126.78;134.99;2:06.8;2:15.0;8.21;manual;accepted;;no;no;;;Jim holds up an old black-and-white photo, smiling.
office_s02e10_008;2100008;s02e10;test;office_s02e10.mp4;;;;199.76;203.61;199.76;203.61;3:19.8;3:23.6;3.85;manual;accepted;;no;no;;;A person counts money in their hand and places it on the counter near the notebook.
office_s02e10_009;2100009;s02e10;test;office_s02e10.mp4;;;;222.76;224.79;222.76;224.79;3:42.8;3:44.8;2.03;manual;accepted;;no;no;;;Michael wearing a Santa hat and beard, brings Angela's and Phyllis's heads together.
office_s02e10_010;2100010;s02e10;test;office_s02e10.mp4;;;;253.52;263.01;253.52;263.01;4:13.5;4:23.0;9.49;manual;accepted;;no;no;;;Kevin and Oscar in Christmas ties try to lift a desk in the office.
office_s02e10_011;2100011;s02e10;test;office_s02e10.mp4;;;;292.87;297.82;292.87;297.82;4:52.9;4:57.8;4.95;manual;accepted;;no;no;;;Dwight in an elf costume with a green hat places a present under the Christmas tree.
office_s02e10_012;2100012;s02e10;test;office_s02e10.mp4;;;;389.49;394.26;389.49;394.26;6:29.5;6:34.3;4.77;manual;accepted;;no;no;;;A shot of a decorated Christmas tree that barely lights up.
office_s02e10_013;2100013;s02e10;test;office_s02e10.mp4;;;;427.0;430.63;427.0;430.63;7:07.0;7:10.6;3.63;manual;accepted;;no;no;;;Dwight in an elf costume with pointy ears pulls a plastic-wrapped item out from under the Christmas tree.
office_s02e10_014;2100014;s02e10;test;office_s02e10.mp4;;;;471.5;475.72;471.5;475.72;7:51.5;7:55.7;4.22;manual;accepted;;no;no;;;Dwight throws a small christmas present wrapped in red paper.
office_s02e10_015;2100015;s02e10;test;office_s02e10.mp4;;;;514.05;519.14;514.05;519.14;8:34.0;8:39.1;5.09;manual;accepted;;no;no;;;Phyllis in a floral shirt and cream sweater vest with poinsettia, smiles.
office_s02e10_016;2100016;s02e10;test;office_s02e10.mp4;;;;519.49;521.89;519.49;521.89;8:39.5;8:41.9;2.4;manual;accepted;;no;no;;;Michael in a Santa hat looks alarmed as he holds up his hand wearing a pink oven mitt.
office_s02e10_017;2100017;s02e10;test;office_s02e10.mp4;;;;524.47;527.86;524.47;527.86;8:44.5;8:47.9;3.39;manual;accepted;;no;no;;;Michael exits the room tossing his Santa hat onto the sofa.
office_s02e10_018;2100018;s02e10;test;office_s02e10.mp4;;;;590.61;595.6;590.61;595.6;9:50.6;9:55.6;4.99;manual;accepted;;no;no;;;Angela in a sweater with a Santa pin cries.
office_s02e10_019;2100019;s02e10;test;office_s02e10.mp4;;;;634.3;641.15;634.3;641.15;10:34.3;10:41.1;6.85;manual;accepted;;no;no;;;Ryan holds up a pink floral name plate.
office_s02e10_020;2100020;s02e10;test;office_s02e10.mp4;;;;649.31;653.81;649.31;653.81;10:49.3;10:53.8;4.5;manual;accepted;;no;no;;;A nighttime office building with Christmas lights and falling snow.
office_s02e10_021;2100021;s02e10;test;office_s02e10.mp4;;;;764.02;767.05;764.02;767.05;12:44.0;12:47.0;3.03;manual;accepted;;no;no;;;Michael pulls the ears off Dwight, who is in an elf costume, and throws them at his face.
office_s02e10_022;2100022;s02e10;test;office_s02e10.mp4;;;;770.91;777.8;770.91;777.8;12:50.9;12:57.8;6.89;manual;accepted;;no;no;;;Dwight shoots at a silhouette target with a paintball gun.
office_s02e10_023;2100023;s02e10;test;office_s02e10.mp4;;;;883.02;896.72;883.02;896.72;14:43.0;14:56.7;13.7;manual;accepted;;no;no;;;Michael in a Santa hat, buys a lot of drinks at the store.
office_s02e10_024;2100024;s02e10;test;office_s02e10.mp4;;;;897.8;903.04;897.8;903.04;14:57.8;15:03.0;5.24;manual;accepted;;no;no;;;A colorful disco light ball sits on a stereo system in an office decorated for Christmas.
office_s02e10_025;2100025;s02e10;test;office_s02e10.mp4;;;;902.11;904.04;902.11;904.04;15:02.1;15:04.0;1.93;manual;accepted;;no;no;;;Kevin stands in a small foot spa tub in the office.
office_s02e10_026;2100026;s02e10;test;office_s02e10.mp4;;;;932.08;934.69;932.08;934.69;15:32.1;15:34.7;2.61;manual;accepted;;no;no;;;Dwight in an elf costume holds a teapot spout up to his own nose.
office_s02e10_027;2100027;s02e10;test;office_s02e10.mp4;;;;1039.6;1042.23;1039.6;1042.23;17:19.6;17:22.2;2.63;manual;accepted;;no;no;;;Michael in a Santa hat photographs two men sitting on the sofa.
office_s02e10_028;2100028;s02e10;test;office_s02e10.mp4;;;;1048.97;1053.99;1048.97;1053.99;17:29.0;17:34.0;5.02;manual;accepted;;no;no;;;Four people knock their shot glasses against the counter and drink up.
office_s02e10_029;2100029;s02e10;test;office_s02e10.mp4;;;;1120.43;1123.39;1120.43;1123.39;18:40.4;18:43.4;2.96;manual;accepted;;no;no;;;Jim tucks a white envelope into the back pocket of his pants.
office_s02e10_030;2100030;s02e10;test;office_s02e10.mp4;;;;1131.61;1137.35;1131.61;1137.35;18:51.6;18:57.3;5.74;manual;accepted;;no;no;;;A man jumps onto the back of Michael, who is wearing a Santa hat, and they take a picture together.
office_s02e10_032;2100032;s02e10;test;office_s02e10.mp4;;;;1154.95;1156.69;1154.95;1156.69;19:15.0;19:16.7;1.74;manual;accepted;;no;no;;;Kevin in headphones grimaces up close, while Darryl in the background laughs and moves his hand up and down.
office_s02e10_033;2100033;s02e10;test;office_s02e10.mp4;;;;1179.73;1182.73;1179.73;1182.73;19:39.7;19:42.7;3.0;manual;accepted;;no;no;;;A man wearing a white lampshade on his head walks into the room.
office_s02e10_034;2100034;s02e10;test;office_s02e10.mp4;;;;1184.27;1186.57;1184.27;1186.57;19:44.3;19:46.6;2.3;manual;accepted;;no;no;;;A man sleeps at his desk with garland around his neck, as someone sprays something on his head.
office_s02e10_035;2100035;s02e10;test;office_s02e10.mp4;;;;1211.56;1219.42;1211.56;1219.42;20:11.6;20:19.4;7.86;manual;accepted;;no;no;;;Angela smashes Christmas ornaments in anger outside in the falling snow.
office_s02e10_031;2100031;s02e10;test;office_s02e10.mp4;;;;1244.61;1246.39;1244.61;1246.39;20:44.6;20:46.4;1.78;manual;accepted;;no;no;;;A group of people exit the office decorated for Christmas.
office_s02e10_036;2100036;s02e10;test;office_s02e10.mp4;;;;1246.39;1250.51;1246.39;1250.51;20:46.4;20:50.5;4.12;manual;accepted;;no;no;;;A group of people throw snowballs at each other in a snowy parking lot.
office_s03e05_001;3050001;s03e05;test;office_s03e05.mp4;;;;70.77;74.6;70.77;74.6;1:10.8;1:14.6;3.83;manual;accepted;;no;no;;;Michael sips coffee at his cluttered desk, a globe and colorful fuzzy ball nearby.
office_s03e05_002;3050002;s03e05;test;office_s03e05.mp4;;;;156.22;161.95;156.22;161.95;2:36.2;2:41.9;5.73;manual;accepted;;no;no;;;Angry-looking Dwight with a trench coat on walks out of a building beside Ryan.
office_s03e05_003;3050003;s03e05;test;office_s03e05.mp4;;;;192.73;198.4;192.73;198.4;3:12.7;3:18.4;5.67;manual;accepted;;no;no;;;Dwight turns and smiles at Ryan while driving past fields.
office_s03e05_004;3050004;s03e05;test;office_s03e05.mp4;;;;198.38;202.03;198.38;202.03;3:18.4;3:22.0;3.65;manual;accepted;;no;no;;;A marina full of docked boats sits below a tall brown glass-paneled building on the left.
office_s03e05_005;3050005;s03e05;test;office_s03e05.mp4;;;;223.16;238.15;223.16;238.15;3:43.2;3:58.2;14.99;manual;accepted;;no;no;;;Jim in a blue shirt rolls backward on his office chair toward the photocopier.
office_s03e05_006;3050006;s03e05;test;office_s03e05.mp4;;;;250.78;255.17;250.78;255.17;4:10.8;4:15.2;4.39;manual;accepted;;no;no;;;A wide shot from far away shows two men by a car surrounded by a green field, near farmland.
office_s03e05_007;3050007;s03e05;test;office_s03e05.mp4;;;;255.2;263.39;255.2;263.39;4:15.2;4:23.4;8.19;manual;accepted;;no;no;;;Dwight opens and closes his hand while Ryan reaches in and takes something from it in a field.
office_s03e05_008;3050008;s03e05;test;office_s03e05.mp4;;;;300.02;306.14;300.02;306.14;5:00.0;5:06.1;6.12;manual;accepted;;no;no;;;Stanley suddenly stands up from his desk, grabs a crossword puzzle under his arm, and runs out.
office_s03e05_009;3050009;s03e05;test;office_s03e05.mp4;;;;335.49;338.82;335.49;338.82;5:35.5;5:38.8;3.33;manual;accepted;;no;no;;;Michael steps out of the elevator, sees a huge line of people, and looks disappointed.
office_s03e05_010;3050010;s03e05;test;office_s03e05.mp4;;;;342.92;346.98;342.92;346.98;5:42.9;5:47.0;4.06;manual;accepted;;no;no;;;A shot of a baked good being prepared: sprinkled with toppings, then placed into the oven to bake.
office_s03e05_011;3050011;s03e05;test;office_s03e05.mp4;;;;346.97;350.25;346.97;350.25;5:47.0;5:50.2;3.28;manual;accepted;;no;no;;;A crowded hallway with a line of bored employees, one yawning.
office_s03e05_012;3050012;s03e05;test;office_s03e05.mp4;;;;350.28;359.38;350.28;353.83;5:50.3;5:53.8;3.55;manual;accepted;;yes;yes;;;Ryan in a suit kneels in dirt planting something.
office_s03e05_013;3050013;s03e05;test;office_s03e05.mp4;;;;378.1;386.4;378.1;386.4;6:18.1;6:26.4;8.3;manual;accepted;;no;no;;;A car speeds away kicking up dust, leaving Ryan in a suit behind in the field.
office_s03e05_014;3050014;s03e05;test;office_s03e05.mp4;;;;390.46;397.52;390.46;397.52;6:30.5;6:37.5;7.06;manual;accepted;;no;no;;;Stanley stands in a long line laughing joyfully.
office_s03e05_015;3050015;s03e05;test;office_s03e05.mp4;;;;421.78;424.74;421.78;424.74;7:01.8;7:04.7;2.96;manual;accepted;;no;no;;;Stanley waves his hand in disagreement, outraged, pointing back toward the end of the line.
office_s03e05_016;3050016;s03e05;test;office_s03e05.mp4;;;;435.83;449.41;435.83;447.65;7:15.8;7:27.6;11.82;manual;accepted;;yes;yes;;;Ryan, in a suit, walks across a field toward a wooden barn.
office_s03e05_033;3050033;s03e05;test;office_s03e05.mp4;;;;447.15;449.07;447.15;449.07;7:27.1;7:29.1;1.92;manual;accepted;;no;no;;;Man in the suit knocks on the wooden door.
office_s03e05_017;3050017;s03e05;test;office_s03e05.mp4;;;;459.62;462.82;459.62;462.82;7:39.6;7:42.8;3.2;manual;accepted;;no;no;;;Dwight throws his arms up shouting excitedly outside a wooden barn.
office_s03e05_018;3050018;s03e05;test;office_s03e05.mp4;;;;462.83;475.04;462.83;475.04;7:42.8;7:55.0;12.21;manual;accepted;;no;yes;;;Jim works at his computer while a woman in blue blazer beside him swaying back and forth in her chair.
office_s03e05_029;3050029;s03e05;test;office_s03e05.mp4;;;;493.77;497.68;493.77;497.68;8:13.8;8:17.7;3.91;manual;accepted;;no;yes;;;Andy at the front sits at his desk, moving a pen up and down while looking down, coworkers behind him.
office_s03e05_019;3050019;s03e05;test;office_s03e05.mp4;;;;508.25;514.09;508.25;514.09;8:28.2;8:34.1;5.84;manual;accepted;;no;yes;;;Michael stands hunched forward, pinching the bridge of his nose in frustration while Pam steps out of the elevator.
office_s03e05_020;3050020;s03e05;test;office_s03e05.mp4;;;;609.36;614.98;609.36;614.98;10:09.4;10:15.0;5.62;manual;accepted;;no;no;;;A wide shot of dusty barn filled with straw and scattered farm equipment.
office_s03e05_030;3050030;s03e05;test;office_s03e05.mp4;;;;615.62;616.91;615.62;616.91;10:15.6;10:16.9;1.29;manual;accepted;;no;no;;;Ryan sits slumped in a chair, Dwight stands behind him, a third man rushes past behind.
office_s03e05_031;3050031;s03e05;test;office_s03e05.mp4;;;;680.74;685.32;680.74;685.32;11:20.7;11:25.3;4.58;manual;accepted;;no;no;;;Dwight leans in close, his mouth near the head of seated Ryan in the wheelchair.
office_s03e05_021;3050021;s03e05;test;office_s03e05.mp4;;;;729.13;735.54;729.13;735.54;12:09.1;12:15.5;6.41;manual;accepted;;no;no;;;Dwight opens a coffin lid, standing beside it in dim barn.
office_s03e05_022;3050022;s03e05;test;office_s03e05.mp4;;;;745.62;750.18;745.62;750.18;12:25.6;12:30.2;4.56;manual;accepted;;no;no;;;Ryan walks through tall grass as a red car slows alongside.
office_s03e05_032;3050032;s03e05;test;office_s03e05.mp4;;;;771.96;778.95;771.96;778.95;12:52.0;12:59.0;6.99;manual;accepted;;no;no;;;Andy in a blue checkered shirt and green tie at the front looks furious, while Jim works at a computer behind him.
office_s03e05_023;3050023;s03e05;test;office_s03e05.mp4;;;;934.92;937.83;934.92;937.83;15:34.9;15:37.8;2.91;manual;accepted;;no;no;;;Ryan grab eggs from a straw basket on the car seat.
office_s03e05_024;3050024;s03e05;test;office_s03e05.mp4;;;;937.96;951.05;937.96;951.05;15:38.0;15:51.0;13.09;manual;accepted;;no;no;;;Dwight and Ryan throw something at a white building, then flee back to the red car.
office_s03e05_025;3050025;s03e05;test;office_s03e05.mp4;;;;951.19;953.23;951.19;953.23;15:51.2;15:53.2;2.04;manual;accepted;;no;no;;;Two security guards walk out of a building, one with his arms spread out.
office_s03e05_026;3050026;s03e05;test;office_s03e05.mp4;;;;953.23;955.85;953.23;955.85;15:53.2;15:55.9;2.62;manual;accepted;;no;no;;;A parking sign splattered with dripping yellow egg.
office_s03e05_027;3050027;s03e05;test;office_s03e05.mp4;;;;973.81;979.84;973.81;979.84;16:13.8;16:19.8;6.03;manual;accepted;;no;no;;;Dwight and Ryan sit at a bar chugging their beers while one chokes.
office_s03e05_028;3050028;s03e05;test;office_s03e05.mp4;;;;979.82;988.95;979.82;988.95;16:19.8;16:29.0;9.13;manual;accepted;;no;no;;;Ryan chugging a beer while Dwight slaps his palms on the table, then pounds his fists.
office_s03e19_001;3190001;s03e19;test;office_s03e19.mp4;;;;24.48;26.86;24.48;26.86;0:24.5;0:26.9;2.38;manual;accepted;;no;no;;;Andy turns and shouts, slamming his hand against the wall.
office_s03e19_002;3190002;s03e19;test;office_s03e19.mp4;;;;148.84;151.98;148.84;151.98;2:28.8;2:32.0;3.14;manual;accepted;;no;no;;;Michael pulls on a yellow barrier, so Darryl on crutches touches it to stop him.
office_s03e19_003;3190003;s03e19;test;office_s03e19.mp4;;;;209.42;213.07;209.42;213.07;3:29.4;3:33.1;3.65;manual;accepted;;no;no;;;Michael scrunches his face, tears in his eyes, laughing hard.
office_s03e19_004;3190004;s03e19;test;office_s03e19.mp4;;;;218.31;226.71;218.31;226.71;3:38.3;3:46.7;8.4;manual;accepted;;no;no;;;Darryl on crutches presses a button on a red industrial machine as its small panel door opens and lifts up.
office_s03e19_005;3190005;s03e19;test;office_s03e19.mp4;;;;226.69;231.36;226.69;231.36;3:46.7;3:51.4;4.67;manual;rejected;manual;no;no;;wymaga_osoby;Dwight pumps his fist excitedly in a warehouse while Andy mimics the gesture.
office_s03e19_007;3190007;s03e19;test;office_s03e19.mp4;;;;274.43;276.2;274.43;276.2;4:34.4;4:36.2;1.77;manual;accepted;;no;yes;;;Dwight leans in trying to peek at the red machine with a strained, grimacing expression while Darryl talking.
office_s03e19_006;3190006;s03e19;test;office_s03e19.mp4;;;;281.36;284.15;281.36;284.15;4:41.4;4:44.1;2.79;manual;accepted;;no;yes;;;Michael stands among other people in a warehouse, looking embarrassed and glancing sideways awkwardly.
office_s03e19_008;3190008;s03e19;test;office_s03e19.mp4;;;;300.08;302.23;300.08;302.23;5:00.1;5:02.2;2.15;manual;accepted;;no;no;;;Michael hops onto the reception desk while Pam sits behind it and a man leans against it.
office_s03e19_009;3190009;s03e19;test;office_s03e19.mp4;;;;357.5;360.16;357.5;360.16;5:57.5;6:00.2;2.66;manual;accepted;;no;no;;;A woman yawns widely on a couch beside a man with crutches.
office_s03e19_023;3190023;s03e19;test;office_s03e19.mp4;;;;572.89;577.18;572.89;577.18;9:32.9;9:37.2;4.29;manual;accepted;;no;no;;;Michael flings his hands up, fingers splayed beside his head.
office_s03e19_010;3190010;s03e19;test;office_s03e19.mp4;;;;615.82;627.66;615.82;627.66;10:15.8;10:27.7;11.84;manual;accepted;;no;no;;;Michael stands with hands clasped, lightly bouncing on a trampoline in a parking lot.
office_s03e19_024;3190024;s03e19;test;office_s03e19.mp4;;;;671.7;673.27;671.7;673.27;11:11.7;11:13.3;1.57;manual;accepted;;no;no;;;Dwight scrunches his face and nods, agreeing reluctantly.
office_s03e19_011;3190011;s03e19;test;office_s03e19.mp4;;;;692.9;703.79;692.9;703.79;11:32.9;11:43.8;10.89;manual;accepted;;no;no;;;Ryan holds up his watch, glancing between it and Kelly talking to him.
office_s03e19_025;3190025;s03e19;test;office_s03e19.mp4;;;;703.91;709.17;703.91;709.17;11:43.9;11:49.2;5.26;manual;accepted;;no;no;;;Ryan stands up and kisses Kelly on the nose.
office_s03e19_026;3190026;s03e19;test;office_s03e19.mp4;;;;711.08;712.71;711.08;712.71;11:51.1;11:52.7;1.63;manual;accepted;;no;no;;;Ryan smiles and scoops cash off his desk.
office_s03e19_012;3190012;s03e19;test;office_s03e19.mp4;;;;747.86;754.8;747.86;754.8;12:27.9;12:34.8;6.94;manual;accepted;;no;no;;;Creed sits at his desk while another man swaps the apple on his desk for a potato.
office_s03e19_027;3190027;s03e19;test;office_s03e19.mp4;;;;759.93;768.14;759.93;768.14;12:39.9;12:48.1;8.21;manual;accepted;;no;yes;;;A group of coworkers gathers as Kevin hands out cash.
office_s03e19_013;3190013;s03e19;test;office_s03e19.mp4;;;;770.89;772.5;770.89;772.5;12:50.9;12:52.5;1.61;manual;accepted;;no;no;;;Michael and Dwight stand on a rooftop above a parking lot, one gripping a watermelon.
office_s03e19_014;3190014;s03e19;test;office_s03e19.mp4;;;;772.56;775.62;772.56;775.62;12:52.6;12:55.6;3.06;manual;accepted;;no;no;;;Dwight drops the watermelon from the roof, which bounces off a trampoline below.
office_s03e19_015;3190015;s03e19;test;office_s03e19.mp4;;;;775.75;777.34;775.75;777.34;12:55.8;12:57.3;1.59;manual;accepted;;no;no;;;The watermelon smashes to pieces on a car.
office_s03e19_028;3190028;s03e19;test;office_s03e19.mp4;;;;800.4;804.2;800.4;804.2;13:20.4;13:24.2;3.8;manual;accepted;;no;no;;;Dwight takes a binder from the shelf and stands beside Andy, who turns to him.
office_s03e19_029;3190029;s03e19;test;office_s03e19.mp4;;;;822.44;827.28;822.44;827.28;13:42.4;13:47.3;4.84;manual;rejected;manual;no;no;;;Dwight stands by a shelf of binders, talking with Andy as he quickly raises his hand, then lowers it.
office_s03e19_016;3190016;s03e19;test;office_s03e19.mp4;;;;858.73;873.53;858.73;873.53;14:18.7;14:33.5;14.8;manual;accepted;;no;no;;;Dwight in a suit plays air guitar on a rooftop.
office_s03e19_030;3190030;s03e19;test;office_s03e19.mp4;;;;958.47;970.02;958.47;970.02;15:58.5;16:10.0;11.55;manual;accepted;;no;no;;;Michael peers over a rooftop edge, gripping it tightly.
office_s03e19_017;3190017;s03e19;test;office_s03e19.mp4;;;;975.19;979.37;975.19;979.37;16:15.2;16:19.4;4.18;manual;accepted;;no;no;;;Dwight runs into the warehouse shouting through a megaphone.
office_s03e19_031;3190031;s03e19;test;office_s03e19.mp4;;;;1044.01;1046.25;1044.11;1046.31;17:24.1;17:26.3;2.2;manual;accepted;;yes;yes;;;Two pink turrets peek above a tall hedge.
office_s03e19_018;3190018;s03e19;test;office_s03e19.mp4;;;;1048.37;1050.88;1048.37;1050.88;17:28.4;17:30.9;2.51;manual;accepted;;no;no;;;Jim and Pam approach a red and pink inflatable bounce castle outside a building.
office_s03e19_032;3190032;s03e19;test;office_s03e19.mp4;;;;1055.45;1069.65;1055.45;1069.65;17:35.5;17:49.7;14.2;manual;accepted;;no;no;;;Pam and Jim looks up in shock in front of an inflatable red bounce castle.
office_s03e19_019;3190019;s03e19;test;office_s03e19.mp4;;;;1081.95;1093.25;1081.95;1093.25;18:02.0;18:13.2;11.3;manual;accepted;;no;no;;;Pam stands outside shouting through a megaphone, surrounded by people.
office_s03e19_020;3190020;s03e19;test;office_s03e19.mp4;;;;1204.6;1211.61;1204.6;1211.61;20:04.6;20:11.6;7.01;manual;accepted;;no;no;;;Michael climbs down a caged ladder on the side of a building as people applaud below.
office_s03e19_022;3190022;s03e19;test;office_s03e19.mp4;;;;1214.82;1219.01;1214.82;1219.01;20:14.8;20:19.0;4.19;manual;accepted;;no;no;;;Michael hugs Darryl on crutches tightly, pushing him back slightly.
office_s03e19_021;3190021;s03e19;test;office_s03e19.mp4;;;;1233.75;1238.21;1233.75;1238.21;20:33.8;20:38.2;4.46;manual;accepted;;no;no;;;Stanley stares in shock at a car covered in smashed watermelon.
office_s04e09_001;4090001;s04e09;test;office_s04e09.mp4;;;;109.38;112.6;109.38;112.6;1:49.4;1:52.6;3.22;manual;accepted;;no;no;;;Dwight cries, covering his eyes with his hand, sitting near an office window.
office_s04e09_004;4090004;s04e09;test;office_s04e09.mp4;;;;145.6;150.82;145.6;150.82;2:25.6;2:30.8;5.22;manual;accepted;;no;no;;;Jim and Pam in dark coats stand smiling in a doorway at night.
office_s04e09_002;4090002;s04e09;test;office_s04e09.mp4;;;;174.22;180.35;174.22;180.35;2:54.2;3:00.3;6.13;manual;accepted;;no;no;;;Pam hands a bottle of wine to a woman in a red dress.
office_s04e09_003;4090003;s04e09;test;office_s04e09.mp4;;;;186.87;188.75;186.87;188.75;3:06.9;3:08.8;1.88;manual;accepted;;no;no;;;A wide shot of a cozy living room with a lit lamp, framed photos, a couch and a large potted plant by the window at night.
office_s04e09_005;4090005;s04e09;test;office_s04e09.mp4;;;;203.33;205.55;203.33;205.55;3:23.3;3:25.6;2.22;manual;accepted;;no;no;;;A wide shot of an elegant dining room, a table set for dinner with candles, wine glasses, and a red painting on the wall.
office_s04e09_006;4090006;s04e09;test;office_s04e09.mp4;;;;229.85;233.94;229.85;233.94;3:49.8;3:53.9;4.09;manual;accepted;;no;no;;;Jim turns with a shocked, nauseated expression, two people talking in a cluttered storage room behind him.
office_s04e09_007;4090007;s04e09;test;office_s04e09.mp4;;;;233.09;238.15;233.09;238.15;3:53.1;3:58.2;5.06;manual;accepted;;no;yes;;;A woman holds a candle up to Jim's nose for him to smell.
office_s04e09_016;4090016;s04e09;test;office_s04e09.mp4;;;;234.66;237.66;234.66;237.66;3:54.7;3:57.7;3.0;manual;rejected;manual;no;no;;;Jim's eyes and face look red and watery as he smells the candle held up to him.
office_s04e09_008;4090008;s04e09;test;office_s04e09.mp4;;;;270.51;273.0;270.51;273.0;4:30.5;4:33.0;2.49;manual;accepted;;no;no;;;A woman in a red dress spots a camera on a tripod and moves to set it aside quickly.
office_s04e09_009;4090009;s04e09;test;office_s04e09.mp4;;;;314.21;316.43;314.21;316.43;5:14.2;5:16.4;2.22;manual;accepted;;no;yes;;;Michael folds a wall-mounted TV back against the wall in living room.
office_s04e09_010;4090010;s04e09;test;office_s04e09.mp4;;;;352.04;354.75;352.04;354.75;5:52.0;5:54.8;2.71;manual;accepted;;no;no;;;A dark glass shelf displays gold trophies on lower tiers, with candles on top.
office_s04e09_011;4090011;s04e09;test;office_s04e09.mp4;;;;387.56;396.53;387.56;396.53;6:27.6;6:36.5;8.97;manual;accepted;;no;no;;;Andy hands a bouquet to one woman, then gives a single flower from it to Angela beside her.
office_s04e09_012;4090012;s04e09;test;office_s04e09.mp4;;;;422.98;424.46;422.98;424.46;7:03.0;7:04.5;1.48;manual;accepted;;no;yes;;;Jim and Pam, in front of a wall of framed photos, look startled and glance sideways with concern.
office_s04e09_015;4090015;s04e09;test;office_s04e09.mp4;;;;430.04;433.92;430.04;433.92;7:10.0;7:13.9;3.88;manual;accepted;;no;no;;;A group of smiling people sits around a coffee table with wine and appetizers in the cozy living room.
office_s04e09_013;4090013;s04e09;test;office_s04e09.mp4;;;;456.29;471.0;456.29;471.0;7:36.3;7:51.0;14.71;manual;accepted;;no;no;;;A woman sways her hips oddly facing a wooden dresser, her back to Michael sitting nearby.
office_s04e09_014;4090014;s04e09;test;office_s04e09.mp4;;;;464.15;467.11;464.15;467.11;7:44.1;7:47.1;2.96;manual;rejected;manual;no;no;;;Three people sit on a couch, Pam in the middle laughing while Jim and Angela looks uncomfortable and awkward.
office_s04e09_017;4090017;s04e09;test;office_s04e09.mp4;;;;482.23;488.87;482.23;488.87;8:02.2;8:08.9;6.64;manual;accepted;;no;no;;;A woman in red takes Jim's hand and spins under it while he sits on the couch.
office_s04e09_018;4090018;s04e09;test;office_s04e09.mp4;;;;505.38;514.02;505.38;514.02;8:25.4;8:34.0;8.64;manual;accepted;;no;no;;;Pam is in a bathroom with her arms crossed, giving a worried and upset look.
office_s04e09_019;4090019;s04e09;test;office_s04e09.mp4;;;;731.13;732.38;731.13;732.38;12:11.1;12:12.4;1.25;manual;accepted;;no;no;;;A woman raises her hands like horns beside her head, sticking out her tongue with a playful expression by a fireplace.
office_s04e09_021;4090021;s04e09;test;office_s04e09.mp4;;;;748.71;751.34;748.71;751.34;12:28.7;12:31.3;2.63;manual;accepted;;no;no;;;A woman with a bottle grabs Pam by the arm and steers her somewhere.
office_s04e09_022;4090022;s04e09;test;office_s04e09.mp4;;;;753.22;756.02;753.22;756.02;12:33.2;12:36.0;2.8;manual;accepted;;no;no;;;A woman in red checks inside the oven in a home kitchen.
office_s04e09_020;4090020;s04e09;test;office_s04e09.mp4;;;;758.84;764.55;758.84;764.55;12:38.8;12:44.5;5.71;manual;accepted;;no;no;;;A woman in red talks in the kitchen while transferring some seasoning into a small bowl.
office_s04e09_023;4090023;s04e09;test;office_s04e09.mp4;;;;795.01;799.25;795.01;799.25;13:15.0;13:19.2;4.24;manual;accepted;;no;no;;;Three men enter a cluttered garage with boxes, equipment, and colorful hand-shaped chairs.
office_s04e09_024;4090024;s04e09;test;office_s04e09.mp4;;;;926.24;936.61;926.24;936.61;15:26.2;15:36.6;10.37;manual;accepted;;no;no;;;Dwight bites into a large drumstick at a dinner table.
office_s04e09_025;4090025;s04e09;test;office_s04e09.mp4;;;;957.62;972.62;957.62;972.62;15:57.6;16:12.6;15.0;manual;accepted;;no;no;;;Michael and Pam lean over a dinner table talking.
office_s04e09_026;4090026;s04e09;test;office_s04e09.mp4;;;;990.06;996.61;990.06;996.61;16:30.1;16:36.6;6.55;manual;accepted;;no;no;;;Michael dips a piece of food into a wine glass on the table and eats it.
office_s04e09_027;4090027;s04e09;test;office_s04e09.mp4;;;;1045.81;1053.27;1045.81;1053.27;17:25.8;17:33.3;7.46;manual;accepted;;no;no;;;Michael hangs a light-up beer brand sign on the wall.
office_s04e09_028;4090028;s04e09;test;office_s04e09.mp4;;;;1110.43;1112.96;1110.43;1112.96;18:30.4;18:33.0;2.53;manual;accepted;;no;no;;;A woman throws something and smashes a small TV mounted on the wall.
office_s04e09_029;4090029;s04e09;test;office_s04e09.mp4;;;;1145.77;1149.07;1145.77;1149.07;19:05.8;19:09.1;3.3;manual;accepted;;no;no;;;Two police officers arrive outside a house at night, patrol lights flashing behind them.
office_s04e09_030;4090030;s04e09;test;office_s04e09.mp4;;;;1208.64;1211.24;1208.64;1211.24;20:08.6;20:11.2;2.6;manual;accepted;;no;no;;;A wide shot of a hot dog diner at night with cars parked out front.
office_s04e09_031;4090031;s04e09;test;office_s04e09.mp4;;;;1243.52;1248.78;1243.52;1248.78;20:43.5;20:48.8;5.26;manual;accepted;;no;yes;;;A red car drives with Michael leaning out the passenger window at night.
office_s04e09_032;4090032;s04e09;test;office_s04e09.mp4;;;;1259.97;1268.13;1259.97;1268.13;20:60.0;21:08.1;8.16;manual;accepted;;no;no;;;Angela angrily smears an ice cream cone onto the side of a blue car.
office_s04e09_033;4090033;s04e09;test;office_s04e09.mp4;;;;1271.59;1284.44;1271.59;1284.44;21:11.6;21:24.4;12.85;manual;accepted;;no;no;;;A woman tries to glue a broken trophy back together.
office_s05e03_001;5030001;s05e03;test;office_s05e03.mp4;;;;14.08;28.45;14.08;28.45;0:14.1;0:28.4;14.37;manual;accepted;;no;no;;;Jim points a marker at a whiteboard diagram of family tree.
office_s05e03_002;5030002;s05e03;test;office_s05e03.mp4;;;;28.45;35.18;28.45;35.18;0:28.4;0:35.2;6.73;manual;accepted;;no;no;;;Dwight with a fake pregnant belly under his shirt leans over a wastebasket, liquid spilling into it.
office_s05e03_029;5030029;s05e03;test;office_s05e03.mp4;;;;47.07;54.24;47.07;54.24;0:47.1;0:54.2;7.17;manual;rejected;manual;no;no;;wymaga_osoby;Andy and Dwight crouch in an odd, tense stance shouting, while Michael watches from behind.
office_s05e03_030;5030030;s05e03;test;office_s05e03.mp4;;;;55.8;57.05;55.8;57.05;0:55.8;0:57.0;1.25;manual;accepted;;no;no;;;Creed rubs his forehead with a pained expression at his desk, solitaire open on screen.
office_s05e03_031;5030031;s05e03;test;office_s05e03.mp4;;;;57.95;59.75;57.95;59.75;0:58.0;0:59.8;1.8;manual;accepted;;no;no;;;Michael screams with arms spread out, while Dwight, with his fake belly, screams behind him.
office_s05e03_003;5030003;s05e03;test;office_s05e03.mp4;;;;92.78;96.48;92.78;95.06;1:32.8;1:35.1;2.28;manual;accepted;;yes;yes;;;Dwight fakes giving birth to a watermelon at an office desk.
office_s05e03_033;5030033;s05e03;test;office_s05e03.mp4;;;;94.23;96.48;94.23;96.48;1:34.2;1:36.5;2.25;manual;accepted;;no;no;;;Michael dropping  watermelon to shatter on the floor.
office_s05e03_004;5030004;s05e03;test;office_s05e03.mp4;;;;102.11;112.05;102.11;112.05;1:42.1;1:52.0;9.94;manual;accepted;;no;no;;;Michael eats a slice of watermelon at his desk while a man beside him gets dressed.
office_s05e03_005;5030005;s05e03;test;office_s05e03.mp4;;;;176.44;190.99;176.44;190.99;2:56.4;3:11.0;14.55;manual;accepted;;no;no;;;A close-up of a baby shower table with a balloon pump, colorful candy bowls and duck-print tablecloth decorations.
office_s05e03_006;5030006;s05e03;test;office_s05e03.mp4;;;;250.61;261.72;250.61;261.72;4:10.6;4:21.7;11.11;manual;accepted;;no;no;;;Phyllis pumps up a balloon with a hand pump while Michael watches her through the office blinds.
office_s05e03_007;5030007;s05e03;test;office_s05e03.mp4;;;;270.32;275.51;270.32;275.51;4:30.3;4:35.5;5.19;manual;accepted;;no;no;;;Creed sits on the couch bandaging his leg while Jim on the phone turns away.
office_s05e03_008;5030008;s05e03;test;office_s05e03.mp4;;;;299.26;310.12;299.26;310.12;4:59.3;5:10.1;10.86;manual;accepted;;no;no;;;A person with a brown envelope approaches Jim on the phone, who puts cash inside.
office_s05e03_032;5030032;s05e03;test;office_s05e03.mp4;;;;334.99;337.62;334.99;337.62;5:35.0;5:37.6;2.63;manual;accepted;;no;no;;;Old photo showing a baby sitting on a red toy car outside.
office_s05e03_009;5030009;s05e03;test;office_s05e03.mp4;;;;450.42;456.77;450.42;456.77;7:30.4;7:36.8;6.35;manual;accepted;;no;no;;;A woman in a floral dress wheels a baby stroller into the office.
office_s05e03_010;5030010;s05e03;test;office_s05e03.mp4;;;;526.81;539.1;526.81;539.1;8:46.8;8:59.1;12.29;manual;accepted;;no;no;;;Michael lifts a baby carrier, holding it close to his chest with a serious expression.
office_s05e03_011;5030011;s05e03;test;office_s05e03.mp4;;;;541.52;548.73;541.52;548.73;9:01.5;9:08.7;7.21;manual;accepted;;no;no;;;Michael happily holds a baby beside pink flowers, a woman smiling behind them.
office_s05e03_012;5030012;s05e03;test;office_s05e03.mp4;;;;548.73;553.64;548.73;553.64;9:08.7;9:13.6;4.91;manual;accepted;;no;no;;;A woman steps out of the bathroom, laughing as Michael holds a giggling toddler in a hallway.
office_s05e03_013;5030013;s05e03;test;office_s05e03.mp4;;;;553.64;556.93;553.64;556.93;9:13.6;9:16.9;3.29;manual;accepted;;no;no;;;Michael holds two babies, bobbing his head playfully as two women watch and smile at a reception desk..
office_s05e03_014;5030014;s05e03;test;office_s05e03.mp4;;;;556.93;561.76;556.93;561.76;9:16.9;9:21.8;4.83;manual;accepted;;no;yes;;;Michael lifts a little girl up playfully outside.
office_s05e03_015;5030015;s05e03;test;office_s05e03.mp4;;;;603.74;609.26;603.74;609.26;10:03.7;10:09.3;5.52;manual;accepted;;no;no;;;Michael holds a baby carrier above his head while a woman reaches up trying to grab the baby.
office_s05e03_016;5030016;s05e03;test;office_s05e03.mp4;;;;665.83;669.86;665.83;669.86;11:05.8;11:09.9;4.03;manual;accepted;;no;no;;;Andy unwraps pink gift wrapping off a baby stroller.
office_s05e03_017;5030017;s05e03;test;office_s05e03.mp4;;;;690.12;694.26;690.12;694.26;11:30.1;11:34.3;4.14;manual;accepted;;no;no;;;Dwight buckles a watermelon into a stroller's seatbelt inside an elevator.
office_s05e03_018;5030018;s05e03;test;office_s05e03.mp4;;;;714.57;718.87;714.57;718.87;11:54.6;11:58.9;4.3;manual;accepted;;no;no;;;Pam talks on the phone in a laundromat while a woman on the left sits on a washing machine folding clothes.
office_s05e03_019;5030019;s05e03;test;office_s05e03.mp4;;;;747.23;755.53;747.23;755.53;12:27.2;12:35.5;8.3;manual;accepted;;no;no;;;A shot of Pam in a laundromat, standing with a stained green towel, a detergent box, and a basket of clothes on the counter.
office_s05e03_020;5030020;s05e03;test;office_s05e03.mp4;;;;775.05;778.23;775.05;778.23;12:55.0;12:58.2;3.18;manual;accepted;;no;no;;;Dwight shoves a stroller forward, sending it tumbling upside down in an abandoned lot.
office_s05e03_021;5030021;s05e03;test;office_s05e03.mp4;;;;778.23;781.57;778.23;781.57;12:58.2;13:01.6;3.34;manual;accepted;;no;no;;;Dwight throws a stroller up and into the chain-link fence.
office_s05e03_022;5030022;s05e03;test;office_s05e03.mp4;;;;781.57;787.59;781.57;787.59;13:01.6;13:07.6;6.02;manual;accepted;;no;no;;;Dwight is throwing the stroller off the top of the stack of tires.
office_s05e03_023;5030023;s05e03;test;office_s05e03.mp4;;;;863.11;869.71;863.11;869.71;14:23.1;14:29.7;6.6;manual;accepted;;no;no;;;Michael holds a baby with a tight, unconvincing smile, at a baby shower.
office_s05e03_024;5030024;s05e03;test;office_s05e03.mp4;;;;943.73;957.14;943.73;957.14;15:43.7;15:57.1;13.41;manual;accepted;;no;no;;;A woman wakes up sprawled on a couch, wrapped in pink gift paper with decorative bows.
office_s05e03_025;5030025;s05e03;test;office_s05e03.mp4;;;;988.77;999.02;988.77;999.02;16:28.8;16:39.0;10.25;manual;accepted;;no;no;;;Andy and Angela photograph a baby lying surrounded by fruits and vegetables.
office_s05e03_026;5030026;s05e03;test;office_s05e03.mp4;;;;1042.37;1052.79;1042.37;1052.79;17:22.4;17:32.8;10.42;manual;accepted;;no;no;;;A red car rams into the baby stroller.
office_s05e03_027;5030027;s05e03;test;office_s05e03.mp4;;;;1122.46;1127.62;1122.46;1127.62;18:42.5;18:47.6;5.16;manual;accepted;;no;no;;;Michael watches a car drive past outside an office building, a baby stroller sitting nearby.
office_s05e03_028;5030028;s05e03;test;office_s05e03.mp4;;;;1164.5;1173.24;1164.5;1173.24;19:24.5;19:33.2;8.74;manual;accepted;;no;no;;;A woman stands facing Michael with tearful eyes by a filing cabinet stacked with boxes.
office_s05e17_020;5170020;s05e17;test;office_s05e17.mp4;;;;5.3;18.77;5.3;12.45;0:05.3;0:12.4;7.15;manual;accepted;;yes;no;;;Pam covers the phone receiver and speaks sternly to Michael, who stands at the reception desk.
office_s05e17_001;5170001;s05e17;test;office_s05e17.mp4;;;;31.6;34.83;31.6;34.83;0:31.6;0:34.8;3.23;manual;accepted;;no;no;;;Michael sets buttered bread with a stick stuck in it on the reception desk.
office_s05e17_021;5170021;s05e17;test;office_s05e17.mp4;;;;32.36;34.84;32.36;34.84;0:32.4;0:34.8;2.48;manual;accepted;;no;yes;;;Dwight claps happily, laughing widely with cheeks puffed on the reception desk.
office_s05e17_002;5170002;s05e17;test;office_s05e17.mp4;;;;37.09;41.12;37.09;41.12;0:37.1;0:41.1;4.03;manual;accepted;;no;yes;;;Michael wipes his hand with the bread before a Pan hands him a tissue.
office_s05e17_003;5170003;s05e17;test;office_s05e17.mp4;;;;51.24;52.61;51.24;52.61;0:51.2;0:52.6;1.37;manual;accepted;;no;no;;;Michael gets quickly slapped in the face by Dwight.
office_s05e17_004;5170004;s05e17;test;office_s05e17.mp4;;;;53.92;61.27;53.92;61.27;0:53.9;1:01.3;7.35;manual;accepted;;no;no;;;A man tries to slap Dwight, who dodges.
office_s05e17_005;5170005;s05e17;test;office_s05e17.mp4;;;;76.87;79.56;76.87;79.56;1:16.9;1:19.6;2.69;manual;accepted;;no;yes;;;Jim sits at his desk in the office and slaps Dwight, who stands beside him.
office_s05e17_006;5170006;s05e17;test;office_s05e17.mp4;;;;106.61;108.67;106.61;108.67;1:46.6;1:48.7;2.06;manual;accepted;;no;no;;;A man in a top hat and tuxedo walks through the door into the office, carrying an umbrella and coat.
office_s05e17_007;5170007;s05e17;test;office_s05e17.mp4;;;;112.98;114.82;112.98;114.82;1:53.0;1:54.8;1.84;manual;accepted;;no;no;;;Michael, in a top hat and tuxedo, points his umbrella at a woman.
office_s05e17_022;5170022;s05e17;test;office_s05e17.mp4;;;;143.1;145.6;143.1;145.6;2:23.1;2:25.6;2.5;manual;accepted;;no;no;;;Michael holds a golden card up to his face in a warehouse.
office_s05e17_008;5170008;s05e17;test;office_s05e17.mp4;;;;146.49;161.49;146.49;161.49;2:26.5;2:41.5;15.0;manual;accepted;;no;no;;;Michael, in a top hat and tuxedo, puts something into the boxes in a warehouse.
office_s05e17_024;5170024;s05e17;test;office_s05e17.mp4;;;;150.36;161.69;150.36;151.99;2:30.4;2:32.0;1.63;manual;accepted;;yes;no;;;Michael, in a top hat, hits boxes with his umbrella in the warehouse.
office_s05e17_023;5170023;s05e17;test;office_s05e17.mp4;;;;152.02;156.46;152.02;156.46;2:32.0;2:36.5;4.44;manual;accepted;;no;no;;;A wide shot of a warehouse with boxes, a man in a top hat hopping oddly, back turned.
office_s05e17_025;5170025;s05e17;test;office_s05e17.mp4;;;;205.89;208.59;205.89;208.59;3:25.9;3:28.6;2.7;manual;accepted;;no;no;;;Michael stands beside a whiteboard, leaning on his umbrella, angry.
office_s05e17_026;5170026;s05e17;test;office_s05e17.mp4;;;;243.86;245.36;243.86;245.36;4:03.9;4:05.4;1.5;manual;accepted;;no;yes;;;Kevin and  Andy at a break room table with coffee mugs and plates of pastries. Andy drinking from a white and blue mug.
office_s05e17_009;5170009;s05e17;test;office_s05e17.mp4;;;;268.21;272.34;268.21;272.34;4:28.2;4:32.3;4.13;manual;accepted;;no;yes;;;A group of people  stands in the elevator, Kavin holding the door open for a woman in grey coat.
office_s05e17_010;5170010;s05e17;test;office_s05e17.mp4;;;;301.1;306.85;301.1;306.85;5:01.1;5:06.9;5.75;manual;accepted;;no;yes;;;Michael in a top hat and tuxedo does a somersault on the office floor.
office_s05e17_011;5170011;s05e17;test;office_s05e17.mp4;;;;343.05;346.32;343.05;346.32;5:43.1;5:46.3;3.27;manual;accepted;;no;no;;;Michael, in a top hat and tuxedo, looks shocked, mouth open, eyes wide with disbelief.
office_s05e17_027;5170027;s05e17;test;office_s05e17.mp4;;;;392.45;397.51;392.45;397.51;6:32.4;6:37.5;5.06;manual;accepted;;no;no;;;Michael takes off his top hat and tosses it onto his desk.
office_s05e17_012;5170012;s05e17;test;office_s05e17.mp4;;;;435.24;442.56;435.24;442.56;7:15.2;7:22.6;7.32;manual;accepted;;no;no;;;Michael, in a tracksuit, throws a bundle of clothes into a large green dumpster, standing by tall hedges.
office_s05e17_028;5170028;s05e17;test;office_s05e17.mp4;;;;508.91;510.9;508.91;510.9;8:28.9;8:30.9;1.99;manual;accepted;;no;yes;;;A close-up profile shot of a Michael pinching the bridge of his nose, eyes closed, against a wood-paneled wall.
office_s05e17_013;5170013;s05e17;test;office_s05e17.mp4;;;;598.56;608.28;598.56;608.28;9:58.6;10:08.3;9.72;manual;accepted;;no;no;;;Michael, in a tan blazer over a graphic tee, sits at his messy desk, reading from a black notebook.
office_s05e17_029;5170029;s05e17;test;office_s05e17.mp4;;;;681.9;684.85;681.9;684.85;11:21.9;11:24.9;2.95;manual;accepted;;no;yes;;;Kevin man places his hand on Jim's hand, both looking down at their hands.
office_s05e17_014;5170014;s05e17;test;office_s05e17.mp4;;;;692.43;705.2;692.43;705.2;11:32.4;11:45.2;12.77;manual;accepted;;no;no;;;Three coworkers sit talking, the man in the middle in a grey sweater vest gesturing emotionally with a frustrated expression.
office_s05e17_030;5170030;s05e17;test;office_s05e17.mp4;;;;708.98;711.25;708.98;711.25;11:49.0;11:51.2;2.27;manual;accepted;;no;yes;;;Dwight kicks a piece of trash into the air while walking with Michael.
office_s05e17_031;5170031;s05e17;test;office_s05e17.mp4;;;;837.54;839.94;837.54;839.94;13:57.5;13:59.9;2.4;manual;accepted;;no;no;;;Michael quickly touches Dwight's shoulder, then Dwight shrugs it off, annoyed.
office_s05e17_032;5170032;s05e17;test;office_s05e17.mp4;;;;863.23;865.16;863.23;865.16;14:23.2;14:25.2;1.93;manual;accepted;;no;no;;;Michael sits at his desk squeezing a purple squishy toy, his gaze distant and blank.
office_s05e17_015;5170015;s05e17;test;office_s05e17.mp4;;;;866.51;868.49;866.51;868.49;14:26.5;14:28.5;1.98;manual;accepted;;no;no;;;Michael, in a tan blazer over a graphic tee, raises his eyebrows with wide, alert eyes and an open mouth, looking startled.
office_s05e17_016;5170016;s05e17;test;office_s05e17.mp4;;;;919.09;921.3;919.09;921.3;15:19.1;15:21.3;2.21;manual;accepted;;no;no;;;Two men in suits shake hands laughing in an office with blinds, while a man sits looking on.
office_s05e17_017;5170017;s05e17;test;office_s05e17.mp4;;;;976.96;979.89;976.96;979.89;16:17.0;16:19.9;2.93;manual;accepted;;no;no;;;Pam rushes over and hugs Dwight, another man beside them watches.
office_s05e17_018;5170018;s05e17;test;office_s05e17.mp4;;;;1146.92;1155.61;1146.92;1155.61;19:06.9;19:15.6;8.69;manual;accepted;;no;no;;;A man with glasses stands up, hand out flat, and walks out, leaving three people at the desk with a phone.
office_s05e17_019;5170019;s05e17;test;office_s05e17.mp4;;;;1175.31;1184.59;1175.31;1184.59;19:35.3;19:44.6;9.28;manual;accepted;;no;no;;;Two men struggle over a black notebook in the office.
office_s06e05_002;6050002;s06e05;test;office_s06e05.mp4;;;;48.92;62.81;48.92;62.81;0:48.9;1:02.8;13.89;manual;accepted;;no;no;;;Meredith stands next to Michael in front of the whiteboard at the office, as he lightly moving her away from him.
office_s06e05_021;6050021;s06e05;test;office_s06e05.mp4;;;;67.47;70.17;67.47;70.17;1:07.5;1:10.2;2.7;manual;accepted;;no;yes;;;Ryan sits in a meeting, staring at the phone in his hand, while others sit around him watching something.
office_s06e05_003;6050003;s06e05;test;office_s06e05.mp4;;;;72.72;87.72;72.72;87.72;1:12.7;1:27.7;15.0;manual;accepted;;no;no;;;Michael slowly paces back and forth around the office, speaking into a voice recorder.
office_s06e05_022;6050022;s06e05;test;office_s06e05.mp4;;;;100.93;105.44;100.93;105.44;1:40.9;1:45.4;4.51;manual;accepted;;no;no;;;Erin works at the reception desk while a man in a suit sits waiting on the couch behind her.
office_s06e05_023;6050023;s06e05;test;office_s06e05.mp4;;;;144.17;146.62;144.17;146.62;2:24.2;2:26.6;2.45;manual;accepted;;no;no;;;Andy sits sideways at his desk with his legs crossed, thinking, with a shelf of office supplies behind him.
office_s06e05_004;6050004;s06e05;test;office_s06e05.mp4;;;;162.36;166.65;162.36;166.65;2:42.4;2:46.7;4.29;manual;accepted;;no;no;;;Michael puts his finger in his mouth, mock-shooting himself with a finger gun.
office_s06e05_024;6050024;s06e05;test;office_s06e05.mp4;;;;182.21;185.38;182.21;185.38;3:02.2;3:05.4;3.17;manual;accepted;;no;no;;;A shot of Creed sitting deep in thought, with Kevin tilted back in his chair behind him, tossing something above his head.
office_s06e05_005;6050005;s06e05;test;office_s06e05.mp4;;;;194.04;198.8;194.04;198.8;3:14.0;3:18.8;4.76;manual;accepted;;no;no;;;A shot of Kevin doing sit-ups, seen through a window with blinds.
office_s06e05_006;6050006;s06e05;test;office_s06e05.mp4;;;;232.71;234.9;232.71;234.9;3:52.7;3:54.9;2.19;manual;accepted;;no;no;;;A man in a suit with a black suitcase grabs his coat from a coat rack, knocking it over.
office_s06e05_025;6050025;s06e05;test;office_s06e05.mp4;;;;330.94;336.09;330.94;336.09;5:30.9;5:36.1;5.15;manual;accepted;;no;no;;;Michael, in a suit, is standing in front of people at the office, taking a card out of his pocket.
office_s06e05_026;6050026;s06e05;test;office_s06e05.mp4;;;;394.36;397.86;394.36;397.86;6:34.4;6:37.9;3.5;manual;accepted;;no;no;;;Dwight and Michael sit closely together, staring at the computer screen with an open email on it.
office_s06e05_007;6050007;s06e05;test;office_s06e05.mp4;;;;417.56;424.86;417.56;424.86;6:57.6;7:04.9;7.3;manual;accepted;;no;no;;;Michael reaches for the phone on his desk, when Andy suddenly rips the cord out of it.
office_s06e05_008;6050008;s06e05;test;office_s06e05.mp4;;;;489.46;499.26;489.46;499.26;8:09.5;8:19.3;9.8;manual;accepted;;no;no;;;Andy, dressed as a mechanic, drives up to the parking lot where Dwight and Michael wait.
office_s06e05_009;6050009;s06e05;test;office_s06e05.mp4;;;;526.22;538.76;526.22;538.76;8:46.2;8:58.8;12.54;manual;accepted;;no;no;;;Andy, dressed as a mechanic, sitting at the restaurant table with Michael, is smelling a tire iron.
office_s06e05_010;6050010;s06e05;test;office_s06e05.mp4;;;;535.2;538.77;535.2;538.77;8:55.2;8:58.8;3.57;manual;accepted;;no;no;;;Andy is covering up the tire iron with a napkin at the restaurant.
office_s06e05_011;6050011;s06e05;test;office_s06e05.mp4;;;;540.0;550.46;540.0;550.46;9:00.0;9:10.5;10.46;manual;accepted;;no;no;;;Dwight pours a worm out of a brown package onto the restaurant table.
office_s06e05_027;6050027;s06e05;test;office_s06e05.mp4;;;;549.47;555.48;549.47;555.48;9:09.5;9:15.5;6.01;manual;accepted;;no;no;;;A man in a suit walks into the restaurant as a woman points him toward Michael's table.
office_s06e05_028;6050028;s06e05;test;office_s06e05.mp4;;;;567.66;573.86;567.66;573.86;9:27.7;9:33.9;6.2;manual;accepted;;no;no;;;A man in a suit gestures with his hand, showing the waitress where to sit.
office_s06e05_029;6050029;s06e05;test;office_s06e05.mp4;;;;627.7;635.12;627.7;635.12;10:27.7;10:35.1;7.42;manual;accepted;;no;no;;;A close-up of Kevin looking down, anxious and nervous, mouth slack, blinds visible behind him.
office_s06e05_012;6050012;s06e05;test;office_s06e05.mp4;;;;718.07;728.43;718.07;728.43;11:58.1;12:08.4;10.36;manual;accepted;;no;no;;;Dwight and Michael review flyers with a man at the restaurant table, while Andy, dressed as a mechanic, leans back drinking.
office_s06e05_013;6050013;s06e05;test;office_s06e05.mp4;;;;738.65;740.33;738.65;740.33;12:18.6;12:20.3;1.68;manual;accepted;;no;no;;;A man in a suit slams the restaurant table, making Dwight, Michael, and Andy jump in fright.
office_s06e05_014;6050014;s06e05;test;office_s06e05.mp4;;;;779.78;793.88;779.78;793.88;12:59.8;13:13.9;14.1;manual;accepted;;no;no;;;Andy, dressed as a mechanic, holds jumper cables at a car as a woman and boy watch.
office_s06e05_015;6050015;s06e05;test;office_s06e05.mp4;;;;801.82;806.4;801.82;806.4;13:21.8;13:26.4;4.58;manual;accepted;;no;no;;;Andy causes sparks to fly from the car while working with cables under the open hood.
office_s06e05_016;6050016;s06e05;test;office_s06e05.mp4;;;;806.41;815.24;806.41;815.24;13:26.4;13:35.2;8.83;manual;accepted;;no;no;;;Andy, dressed as a mechanic, stands awkwardly with his arms crossed as smoke rises from the open hood of a car behind him.
office_s06e05_017;6050017;s06e05;test;office_s06e05.mp4;;;;820.74;825.0;820.74;825.0;13:40.7;13:45.0;4.26;manual;accepted;;no;yes;;;A woman and boy watch with concern as smoke rise from a car in a parking lot.
office_s06e05_030;6050030;s06e05;test;office_s06e05.mp4;;;;825.01;830.99;825.01;830.99;13:45.0;13:51.0;5.98;manual;accepted;;no;no;;;A man in a suit and glasses hands Michael a document and a pen at the restaurant table.
office_s06e05_018;6050018;s06e05;test;office_s06e05.mp4;;;;883.82;889.53;883.82;889.53;14:43.8;14:49.5;5.71;manual;accepted;;no;no;;;Michael, Dwight, and Andy, dressed as a mechanic, walk past a fountain outside a restaurant plaza with serious expressions.
office_s06e05_019;6050019;s06e05;test;office_s06e05.mp4;;;;891.53;903.7;891.53;903.7;14:51.5;15:03.7;12.17;manual;accepted;;no;no;;;Michael and Dwight get in the car as a tow truck driver talks to the woman and boy behind them.
office_s06e05_031;6050031;s06e05;test;office_s06e05.mp4;;;;969.84;976.18;969.84;976.18;16:09.8;16:16.2;6.34;manual;accepted;;no;no;;;A shot through blinds of Oscar standing with his head inside the open office fridge as Michael walks in.
office_s06e05_020;6050020;s06e05;test;office_s06e05.mp4;;;;1172.39;1181.37;1172.39;1181.37;19:32.4;19:41.4;8.98;manual;accepted;;no;no;;;Dwight looks happily disbelieving while Andy, beside him, holds his hands together, shocked, in the office with blinds and a desk lamp behind them.
office_s06e05_001;6050001;s06e05;test;office_s06e05.mp4;;;;1280.27;1287.71;1280.27;1287.71;21:20.3;21:27.7;7.44;manual;accepted;;no;yes;;;Kevin leans back with his feet up on his desk, chewing colorful candy from an open jar next to a football.
office_s06e09_001;6090001;s06e09;test;office_s06e09.mp4;;;;2.05;6.57;2.05;6.57;0:02.0;0:06.6;4.52;manual;accepted;;no;no;;;Phyllis tries to attack Dwight who grabs her wrist and pretends to karate-chop her in the office.
office_s06e09_002;6090002;s06e09;test;office_s06e09.mp4;;;;6.49;9.03;6.49;9.03;0:06.5;0:09.0;2.54;manual;accepted;;no;yes;;;Jim stands next to internal windows with blinds, pointing at a taped note about a martial arts presentation, his face unfazed.
office_s06e09_003;6090003;s06e09;test;office_s06e09.mp4;;;;39.66;41.44;39.66;41.44;0:39.7;0:41.4;1.78;manual;accepted;;no;no;;;Dwight pretends to karate-chop Meredith in the throat in the office.
office_s06e09_004;6090004;s06e09;test;office_s06e09.mp4;;;;83.98;85.39;83.98;85.39;1:24.0;1:25.4;1.41;manual;accepted;;no;no;;;Pam, in a suit, looks secretly pleased, glancing sideways, a pink mug held in both hands.
office_s06e09_005;6090005;s06e09;test;office_s06e09.mp4;;;;102.98;104.47;102.98;104.47;1:43.0;1:44.5;1.49;manual;accepted;;no;no;;;Dwight stomps on his own foot in the office in front of Meredith sitting at the desk
office_s06e09_032;6090032;s06e09;test;office_s06e09.mp4;;;;121.86;123.11;121.86;123.11;2:01.9;2:03.1;1.25;manual;accepted;;no;no;;;Dwight, standing in the office near Meredith and Oscar, punches himself in the crotch.
office_s06e09_033;6090033;s06e09;test;office_s06e09.mp4;;;;123.09;126.19;123.09;126.19;2:03.1;2:06.2;3.1;manual;accepted;;no;no;;;Pam flinches, shrugging her shoulders up in surprise, and drinks from a mug.
office_s06e09_007;6090007;s06e09;test;office_s06e09.mp4;;;;185.27;188.83;185.27;188.83;3:05.3;3:08.8;3.56;manual;accepted;;no;no;;;A group of people walks toward Oscar sitting at the desk.
office_s06e09_006;6090006;s06e09;test;office_s06e09.mp4;;;;202.79;212.78;202.79;212.78;3:22.8;3:32.8;9.99;manual;accepted;;no;no;;;A group of people gathered around Oscar's desk, Jim clicking on his computer.
office_s06e09_008;6090008;s06e09;test;office_s06e09.mp4;;;;257.25;269.83;257.25;269.83;4:17.2;4:29.8;12.58;manual;accepted;;no;no;;;A worried-looking Kevin walks into the bathroom and finds Michael wiping his face with paper.
office_s06e09_009;6090009;s06e09;test;office_s06e09.mp4;;;;269.83;282.52;269.83;282.52;4:29.8;4:42.5;12.69;manual;accepted;;no;no;;;Serious, worried-looking people sit in the office canteen.
office_s06e09_010;6090010;s06e09;test;office_s06e09.mp4;;;;296.47;298.74;296.47;298.74;4:56.5;4:58.7;2.27;manual;accepted;;no;no;;;Worried-looking people stand at the reception desk where Erin sits.
office_s06e09_011;6090011;s06e09;test;office_s06e09.mp4;;;;299.0;301.86;299.0;301.86;4:59.0;5:01.9;2.86;manual;accepted;;no;no;;;Serious, worried-looking people stand near a whiteboard and cabinets with files on them.
office_s06e09_012;6090012;s06e09;test;office_s06e09.mp4;;;;399.57;406.52;399.57;406.52;6:39.6;6:46.5;6.95;manual;accepted;;no;no;;;Michael rushes over to a cabinet in the office and takes out board games.
office_s06e09_013;6090013;s06e09;test;office_s06e09.mp4;;;;400.98;406.52;400.98;406.52;6:41.0;6:46.5;5.54;manual;accepted;;no;no;;;A shot of the inside of a cabinet with a football, a safe, board games, some books and documents.
office_s06e09_014;6090014;s06e09;test;office_s06e09.mp4;;;;446.06;452.49;446.06;452.49;7:26.1;7:32.5;6.43;manual;accepted;;no;no;;;Michael sits at the desk with colorful pipes connected around the office, with a hamster in it.
office_s06e09_015;6090015;s06e09;test;office_s06e09.mp4;;;;457.56;458.99;457.56;458.99;7:37.6;7:39.0;1.43;manual;accepted;;no;no;;;Jim puckers his lips slightly, pressing them together, moving his head forward and down.
office_s06e09_016;6090016;s06e09;test;office_s06e09.mp4;;;;465.14;468.54;465.14;468.54;7:45.1;7:48.5;3.4;manual;accepted;;no;no;;;Michael stands in front of people with a music player held in one hand.
office_s06e09_018;6090018;s06e09;test;office_s06e09.mp4;;;;477.48;480.04;477.48;480.04;7:57.5;8:00.0;2.56;manual;accepted;;no;no;;;Michael opens his mouth and eyes wide in joyful shock, holding a music player.
office_s06e09_019;6090019;s06e09;test;office_s06e09.mp4;;;;542.3;544.25;542.3;544.25;9:02.3;9:04.2;1.95;manual;accepted;;no;no;;;Angela holds a small creepy head next to her own head.
office_s06e09_017;6090017;s06e09;test;office_s06e09.mp4;;;;560.7;566.75;560.7;566.75;9:20.7;9:26.8;6.05;manual;accepted;;no;no;;;Michael takes Oscar's phone with a big smile.
office_s06e09_020;6090020;s06e09;test;office_s06e09.mp4;;;;599.81;603.76;599.81;603.76;9:59.8;10:03.8;3.95;manual;accepted;;no;no;;;Pam, smiling, reads a card to everyone, wearing white lace gloves.
office_s06e09_023;6090023;s06e09;test;office_s06e09.mp4;;;;686.63;697.45;686.63;697.45;11:26.6;11:37.5;10.82;manual;accepted;;no;no;;;Creed is seen through a window with blinds, running through the parking lot to a white car and driving away fast.
office_s06e09_024;6090024;s06e09;test;office_s06e09.mp4;;;;727.44;741.03;727.44;741.03;12:07.4;12:21.0;13.59;manual;accepted;;no;no;;;Dwight, in white gloves, points his finger at people's faces in the office room.
office_s06e09_021;6090021;s06e09;test;office_s06e09.mp4;;;;756.45;766.36;756.45;766.36;12:36.5;12:46.4;9.91;manual;accepted;;no;no;;;Kevin, wearing suspenders, stands with a card and puts a cigar in his mouth.
office_s06e09_022;6090022;s06e09;test;office_s06e09.mp4;;;;764.58;771.22;764.58;771.22;12:44.6;12:51.2;6.64;manual;accepted;;no;no;;;Andy looks at Erin, who is talking to other people, with a disgusted, forced smile.
office_s06e09_025;6090025;s06e09;test;office_s06e09.mp4;;;;889.42;899.95;889.42;899.95;14:49.4;14:60.0;10.53;manual;accepted;;no;no;;;Angela rolls her eyes up and nods her head, standing next to a snack machine and Oscar.
office_s06e09_026;6090026;s06e09;test;office_s06e09.mp4;;;;904.58;908.04;904.58;908.04;15:04.6;15:08.0;3.46;manual;accepted;;no;no;;;Andy walks up, moving stiffly, to the reception desk where Erin sits.
office_s06e09_027;6090027;s06e09;test;office_s06e09.mp4;;;;959.82;965.25;959.82;965.25;15:59.8;16:05.2;5.43;manual;accepted;;no;no;;;A shot through blinds of Dwight, in white gloves, pointing his finger at Michael's face in the office canteen.
office_s06e09_028;6090028;s06e09;test;office_s06e09.mp4;;;;1019.43;1034.15;1019.43;1034.15;16:59.4;17:14.2;14.72;manual;accepted;;no;no;;;Jim walks in on Andy and Kevin frozen in a pose, Dwight taking a photo, and Michael kneeling over Meredith, lying on the floor.
office_s06e09_029;6090029;s06e09;test;office_s06e09.mp4;;;;1223.51;1225.19;1223.51;1225.19;20:23.5;20:25.2;1.68;manual;accepted;;no;no;;;Three men stand facing each other, pointing finger guns with both hands and yelling.
office_s06e09_030;6090030;s06e09;test;office_s06e09.mp4;;;;1252.5;1255.97;1252.5;1255.97;20:52.5;20:56.0;3.47;manual;accepted;;no;no;;;Pam, wearing white lace gloves, points finger guns with both hands and yells.
office_s06e09_031;6090031;s06e09;test;office_s06e09.mp4;;;;1275.7;1288.34;1275.7;1288.34;21:15.7;21:28.3;12.64;manual;accepted;;no;no;;;Three men are shooting finger guns with both hands, yelling and pretending to die.
office_s07e14_001;7140001;s07e14;test;office_s07e14.mp4;;;;4.53;12.58;4.53;12.58;0:04.5;0:12.6;8.05;manual;accepted;;no;no;;;Kelly stands next to Ryan, presenting a ring with her hand outstretched, then throws it on the ground.
office_s07e14_002;7140002;s07e14;test;office_s07e14.mp4;;;;54.5;57.84;54.5;57.84;0:54.5;0:57.8;3.34;manual;accepted;;no;yes;;;Ryan, in a light shirt and striped tie, stands by Kelly, in a yellow cardigan over a floral top, who touches his arm while he covers his eyes and scratches his head, stressed.
office_s07e14_003;7140003;s07e14;test;office_s07e14.mp4;;;;109.28;111.61;109.28;111.61;1:49.3;1:51.6;2.33;manual;accepted;;no;no;;;Jim, with a bag over his shoulder, leans down and kisses Pam on the head at her desk.
office_s07e14_004;7140004;s07e14;test;office_s07e14.mp4;;;;216.49;220.97;216.49;220.97;3:36.5;3:41.0;4.48;manual;accepted;;no;yes;;;Michael and Jim walking out the entrance as a silver car is parked out front.
office_s07e14_034;7140034;s07e14;test;office_s07e14.mp4;;;;216.49;218.49;216.49;218.49;3:36.5;3:38.5;2.0;manual;accepted;;no;no;;;A wide shot of a brown brick building with a silver car parked in front of it.
office_s07e14_005;7140005;s07e14;test;office_s07e14.mp4;;;;262.22;276.22;262.22;276.22;4:22.2;4:36.2;14.0;manual;accepted;;no;no;;;Jim and Michael riding in a car, Michael rubbing his eyes with his fingers while talking.
office_s07e14_007;7140007;s07e14;test;office_s07e14.mp4;;;;301.72;307.76;301.72;307.76;5:01.7;5:07.8;6.04;manual;accepted;;no;no;;;Jim is pounding and yelling at closed doors in a rush.
office_s07e14_006;7140006;s07e14;test;office_s07e14.mp4;;;;311.42;322.12;311.42;322.12;5:11.4;5:22.1;10.7;manual;accepted;;no;no;;;Jim is leaving the gas station by car in a rush.
office_s07e14_008;7140008;s07e14;test;office_s07e14.mp4;;;;329.1;331.99;329.1;331.99;5:29.1;5:32.0;2.89;manual;accepted;;no;no;;;A man in a navy blue jumpsuit stands outside the gas station.
office_s07e14_009;7140009;s07e14;test;office_s07e14.mp4;;;;390.87;395.01;390.87;395.01;6:30.9;6:35.0;4.14;manual;accepted;;no;no;;;Pam talks on the phone, smiling flirtatiously, tongue slightly poking out, eyebrows raised.
office_s07e14_010;7140010;s07e14;test;office_s07e14.mp4;;;;431.12;443.33;431.12;443.33;7:11.1;7:23.3;12.21;manual;accepted;;no;no;;;A man in a striped shirt with long white sleeves takes something from Michael's hand in a store.
office_s07e14_011;7140011;s07e14;test;office_s07e14.mp4;;;;443.32;452.68;443.32;452.68;7:23.3;7:32.7;9.36;manual;accepted;;no;no;;;A shot of Michael in front of a gas station, gas pumps behind him and someone cleaning the window of his car.
office_s07e14_012;7140012;s07e14;test;office_s07e14.mp4;;;;484.39;492.57;484.39;492.57;8:04.4;8:12.6;8.18;manual;accepted;;no;no;;;Pam finds a white sheet of paper with a drawing on it on the office fridge.
office_s07e14_035;7140035;s07e14;test;office_s07e14.mp4;;;;485.61;488.81;485.61;488.81;8:05.6;8:08.8;3.2;manual;accepted;;no;no;;;Pam smiles as he sees a drawing of a printer pinned to the fridge.
office_s07e14_013;7140013;s07e14;test;office_s07e14.mp4;;;;530.19;532.38;530.19;532.38;8:50.2;8:52.4;2.19;manual;accepted;;no;no;;;Darryl stands in the office glass doorway holding his mug, calmly yelling something with his mouth open.
office_s07e14_014;7140014;s07e14;test;office_s07e14.mp4;;;;576.65;578.16;576.65;578.16;9:36.6;9:38.2;1.51;manual;accepted;;no;no;;;A shot of a sidewalk lined with trees, a large donut bakery sign hanging on the storefront.
office_s07e14_015;7140015;s07e14;test;office_s07e14.mp4;;;;584.25;588.61;584.25;588.61;9:44.2;9:48.6;4.36;manual;accepted;;no;no;;;Dwight and Erin, standing next to another woman, high-five each other and run towards the car.
office_s07e14_016;7140016;s07e14;test;office_s07e14.mp4;;;;603.61;615.41;603.61;615.41;10:03.6;10:15.4;11.8;manual;accepted;;no;no;;;Michael is playing with energetic puppies in cages.
office_s07e14_017;7140017;s07e14;test;office_s07e14.mp4;;;;615.41;626.41;615.41;626.41;10:15.4;10:26.4;11.0;manual;accepted;;no;no;;;Michael stands and talks to colorful parrots at a pet store.
office_s07e14_018;7140018;s07e14;test;office_s07e14.mp4;;;;626.41;631.88;626.41;631.88;10:26.4;10:31.9;5.47;manual;accepted;;no;no;;;Michael is looking at a snake in a glass cage and making a disgusted face.
office_s07e14_019;7140019;s07e14;test;office_s07e14.mp4;;;;631.89;637.18;631.89;637.18;10:31.9;10:37.2;5.29;manual;accepted;;no;no;;;Michael holds a light-colored puppy up to his face and gets licked.
office_s07e14_020;7140020;s07e14;test;office_s07e14.mp4;;;;721.92;731.58;721.92;731.58;12:01.9;12:11.6;9.66;manual;accepted;;no;no;;;A man in a suit holds two packs of sticky notes, pink and yellow, up to his face.
office_s07e14_021;7140021;s07e14;test;office_s07e14.mp4;;;;782.51;786.46;782.51;786.46;13:02.5;13:06.5;3.95;manual;accepted;;no;no;;;Michael looking around and standing by a busy road, a food stand with a man in the window behind him.
office_s07e14_022;7140022;s07e14;test;office_s07e14.mp4;;;;843.27;853.8;843.27;853.8;14:03.3;14:13.8;10.53;manual;accepted;;no;no;;;A shot through the glass of Michael at the restaurant table, searching his jacket pockets.
office_s07e14_023;7140023;s07e14;test;office_s07e14.mp4;;;;910.22;915.74;910.22;915.74;15:10.2;15:15.7;5.52;manual;accepted;;no;no;;;Michael bites his lip, uncomfortable, when a big man in a kitchen apron comes up to him.
office_s07e14_024;7140024;s07e14;test;office_s07e14.mp4;;;;926.0;931.27;926.0;931.27;15:26.0;15:31.3;5.27;manual;accepted;;no;no;;;A shot of Dwight talking to a waiter at a restaurant while Erin points at a photo on a wooden board.
office_s07e14_025;7140025;s07e14;test;office_s07e14.mp4;;;;943.97;955.73;943.97;955.73;15:44.0;15:55.7;11.76;manual;accepted;;no;no;;;Dwight talks to a waiter at the restaurant, gesturing with his hands to explain something.
office_s07e14_026;7140026;s07e14;test;office_s07e14.mp4;;;;980.54;982.07;980.54;982.07;16:20.5;16:22.1;1.53;manual;accepted;;no;no;;;Meredith presses a key on her keyboard very expressively while sitting at her desk.
office_s07e14_027;7140027;s07e14;test;office_s07e14.mp4;;;;998.21;1003.43;998.21;1003.43;16:38.2;16:43.4;5.22;manual;accepted;;no;no;;;A tall man in a suit approaches Phyllis's desk and pushes her chair back from the computer.
office_s07e14_028;7140028;s07e14;test;office_s07e14.mp4;;;;1013.33;1016.88;1013.33;1016.88;16:53.3;16:56.9;3.55;manual;accepted;;no;no;;;The tall man turns around, revealing many sticky notes covering the back of his suit.
office_s07e14_029;7140029;s07e14;test;office_s07e14.mp4;;;;1016.85;1031.35;1016.85;1031.35;16:56.9;17:11.3;14.5;manual;accepted;;no;no;;;Michael walking around a poor area with homeless people, then hiding in an alley with dumpsters.
office_s07e14_030;7140030;s07e14;test;office_s07e14.mp4;;;;1145.32;1155.52;1145.32;1155.52;19:05.3;19:15.5;10.2;manual;accepted;;no;no;;;Dwight presses his fingers to his temples with a focused expression and closed eyes, standing on the street next to Erin.
office_s07e14_031;7140031;s07e14;test;office_s07e14.mp4;;;;1166.55;1181.17;1166.55;1181.17;19:26.5;19:41.2;14.62;manual;accepted;;no;no;;;A shot of a blonde woman climbing stairs to the roof of a building, with Erin following her.
office_s07e14_032;7140032;s07e14;test;office_s07e14.mp4;;;;1185.81;1198.62;1185.81;1198.62;19:45.8;19:58.6;12.81;manual;accepted;;no;no;;;A blonde woman standing on the rooftop meets Michael, who is leaning his hands on the edge of the roof.
office_s07e14_033;7140033;s07e14;test;office_s07e14.mp4;;;;1239.03;1246.04;1239.03;1246.04;20:39.0;20:46.0;7.01;manual;accepted;;no;yes;;;Erin walks through the door onto the rooftop and finds Michael and blonde woman kissing.
office_s07e23_001;7230001;s07e23;test;office_s07e23.mp4;;;;36.91;39.59;36.91;39.59;0:36.9;0:39.6;2.68;manual;accepted;;no;no;;;Ryan and another man are playing foosball at the office.
office_s07e23_003;7230003;s07e23;test;office_s07e23.mp4;;;;63.01;69.36;63.01;69.36;1:03.0;1:09.4;6.35;manual;accepted;;no;no;;;Dwight answers the phone at his desk, then reacts in shock, raises his eyebrows, eyes wide and mouth open.
office_s07e23_004;7230004;s07e23;test;office_s07e23.mp4;;;;84.33;91.18;84.33;91.18;1:24.3;1:31.2;6.85;manual;accepted;;no;no;;;Dwight slowly approaches a door, stands in the doorway, and touches the frame of the door with both hands.
office_s07e23_002;7230002;s07e23;test;office_s07e23.mp4;;;;91.18;100.81;91.18;100.81;1:31.2;1:40.8;9.63;manual;rejected;manual;no;no;;wymaga_osoby;Jim and Pam are in disbelief and shock while sitting at the desk. (not sure)
office_s07e23_005;7230005;s07e23;test;office_s07e23.mp4;;;;93.89;97.75;93.89;97.75;1:33.9;1:37.8;3.86;manual;accepted;;no;no;;;Dwight sits at his desk, seen through blinds, mouth wide open in shock, both hands resting on the desk.
office_s07e23_006;7230006;s07e23;test;office_s07e23.mp4;;;;108.08;109.7;108.08;109.7;1:48.1;1:49.7;1.62;manual;accepted;;no;no;;;Dwight talks on the phone, seen through blinds, then suddenly smirks slyly, pulling it from his ear and flinching upward.
office_s07e23_007;7230007;s07e23;test;office_s07e23.mp4;;;;144.92;155.66;144.92;155.66;2:24.9;2:35.7;10.74;manual;accepted;;no;no;;;Jim is sitting in the car, rolling the window down to talk to Pam outside.
office_s07e23_008;7230008;s07e23;test;office_s07e23.mp4;;;;164.14;167.31;164.14;167.31;2:44.1;2:47.3;3.17;manual;accepted;;no;no;;;Angela is checking a punch card that's stuck at the time clock on the wall.
office_s07e23_009;7230009;s07e23;test;office_s07e23.mp4;;;;167.31;171.01;167.31;171.01;2:47.3;2:51.0;3.7;manual;accepted;;no;no;;;Jim sticks his pencil into the time clock on the wall, which snaps it.
office_s07e23_010;7230010;s07e23;test;office_s07e23.mp4;;;;171.04;179.33;171.04;179.33;2:51.0;2:59.3;8.29;manual;accepted;;no;no;;;Jim tries to fit an oversized business card into his wallet.
office_s07e23_011;7230011;s07e23;test;office_s07e23.mp4;;;;204.46;214.37;204.46;214.37;3:24.5;3:34.4;9.91;manual;accepted;;no;no;;;A wide shot of Dwight, hand on chest, facing an American flag near Erin at the reception desk, his portrait on the wall.
office_s07e23_012;7230012;s07e23;test;office_s07e23.mp4;;;;261.34;267.29;261.34;267.29;4:21.3;4:27.3;5.95;manual;accepted;;no;no;;;Dwight jumps out, scaring Kelly as she enters her cubicle in the office.
office_s07e23_013;7230013;s07e23;test;office_s07e23.mp4;;;;274.54;284.44;274.54;284.44;4:34.5;4:44.4;9.9;manual;accepted;;no;no;;;Dwight, standing in front of Kelly, crouches down and points his finger from her feet up to her stomach.
office_s07e23_014;7230014;s07e23;test;office_s07e23.mp4;;;;338.47;345.17;338.47;345.17;5:38.5;5:45.2;6.7;manual;accepted;;no;no;;;The tall man in a suit exits the office room before Andy, fake-smiling widely while crying.
office_s07e23_015;7230015;s07e23;test;office_s07e23.mp4;;;;345.14;348.52;345.14;348.52;5:45.1;5:48.5;3.38;manual;accepted;;no;yes;;;Jim pins a poster with a drawing of a fist to the bulletin board in the office hallway.
office_s07e23_016;7230016;s07e23;test;office_s07e23.mp4;;;;380.39;388.37;380.39;388.37;6:20.4;6:28.4;7.98;manual;accepted;;no;yes;;;Dwight rips the fist poster off the board and tosses it into the trash bin by the bathroom.
office_s07e23_017;7230017;s07e23;test;office_s07e23.mp4;;;;388.69;393.98;388.69;393.98;6:28.7;6:34.0;5.29;manual;accepted;;no;yes;;;Jim walks in and pins two fist posters side by side on the bulletin board in the office hallway.
office_s07e23_018;7230018;s07e23;test;office_s07e23.mp4;;;;393.96;402.36;393.96;402.36;6:34.0;6:42.4;8.4;manual;accepted;;no;yes;;;Kevin inserts a card's numbers into a machine, with an impatient Angela and Darryl waiting behind him.
office_s07e23_019;7230019;s07e23;test;office_s07e23.mp4;;;;402.38;408.8;402.38;408.8;6:42.4;6:48.8;6.42;manual;accepted;;no;no;;;Stanley is pouring himself coffee from a pitcher, under the watch of a camera above him in the office kitchen.
office_s07e23_020;7230020;s07e23;test;office_s07e23.mp4;;;;423.38;438.08;423.38;438.08;7:03.4;7:18.1;14.7;manual;accepted;;no;no;;;A shot of excited Dwight sitting at a desk, surrounded by samurai armor, a sword, and a display case with a revolver.
office_s07e23_021;7230021;s07e23;test;office_s07e23.mp4;;;;599.5;603.15;599.5;603.15;9:59.5;10:03.1;3.65;manual;accepted;;no;no;;;A shot of Dwight opening a box with a small sword.
office_s07e23_022;7230022;s07e23;test;office_s07e23.mp4;;;;602.01;613.18;602.01;613.18;10:02.0;10:13.2;11.17;manual;accepted;;no;no;;;Dwight drops the sword he used to open the box, shocked and moved, sits down pulling something from the box.
office_s07e23_023;7230023;s07e23;test;office_s07e23.mp4;;;;615.04;620.9;615.04;620.9;10:15.0;10:20.9;5.86;manual;accepted;;no;no;;;Dwight, standing tall, proudly walks up to Jim's desk with a revolver in a leather holster on his belt.
office_s07e23_024;7230024;s07e23;test;office_s07e23.mp4;;;;627.71;635.61;627.71;635.61;10:27.7;10:35.6;7.9;manual;accepted;;no;no;;;A straight-backed Dwight stretches in the office around people, with a revolver in a leather holster on his belt.
office_s07e23_025;7230025;s07e23;test;office_s07e23.mp4;;;;655.94;658.39;655.94;658.39;10:55.9;10:58.4;2.45;manual;accepted;;no;no;;;A close-up shot of Dwight's belt with a revolver and phone holster.
office_s07e23_026;7230026;s07e23;test;office_s07e23.mp4;;;;672.52;683.29;672.52;683.29;11:12.5;11:23.3;10.77;manual;accepted;;no;no;;;Dwight plays with the gun in front of people, and it fires, startling everyone.
office_s07e23_027;7230027;s07e23;test;office_s07e23.mp4;;;;674.3;683.29;674.3;683.29;11:14.3;11:23.3;8.99;manual;accepted;;no;no;;;Andy clutches his ear after the gunshot right in front of him.
office_s07e23_028;7230028;s07e23;test;office_s07e23.mp4;;;;684.52;691.8;684.52;691.8;11:24.5;11:31.8;7.28;manual;accepted;;no;no;;;Oscar sits on the carpet floor, touching a hole in it with a concerned face.
office_s07e23_029;7230029;s07e23;test;office_s07e23.mp4;;;;705.29;706.87;705.29;706.87;11:45.3;11:46.9;1.58;manual;accepted;;no;no;;;Dwight is giving away a gun to Creed.
office_s07e23_030;7230030;s07e23;test;office_s07e23.mp4;;;;743.2;756.13;743.2;756.13;12:23.2;12:36.1;12.93;manual;accepted;;no;no;;;Andy gets up from his chair, holding on to Darryl, and walks away with him, limping.
office_s07e23_031;7230031;s07e23;test;office_s07e23.mp4;;;;772.22;782.77;772.22;782.77;12:52.2;13:02.8;10.55;manual;accepted;;no;no;;;Dwight hops into the office wearing a cowboy hat, pretending to shoot with his fingers and lasso something.
office_s07e23_032;7230032;s07e23;test;office_s07e23.mp4;;;;934.17;941.5;934.17;941.5;15:34.2;15:41.5;7.33;manual;accepted;;no;no;;;Dwight walks out of the bathroom holding a large glass aquarium.
office_s07e23_033;7230033;s07e23;test;office_s07e23.mp4;;;;941.45;953.51;941.45;953.51;15:41.5;15:53.5;12.06;manual;accepted;;no;no;;;Kevin walks into the bathroom and immediately runs out, terrified, pulling up his pants.
office_s07e23_034;7230034;s07e23;test;office_s07e23.mp4;;;;955.11;959.48;955.11;959.48;15:55.1;15:59.5;4.37;manual;accepted;;no;no;;;A gray-haired woman walks into the office with two dogs on a leash.
office_s07e23_035;7230035;s07e23;test;office_s07e23.mp4;;;;1090.61;1105.16;1090.61;1105.16;18:10.6;18:25.2;14.55;manual;accepted;;no;no;;;Dwight presses on Kevin's back as he sits at his desk, bracing both feet hard against a cabinet behind the desk.
office_s07e23_036;7230036;s07e23;test;office_s07e23.mp4;;;;1099.92;1102.05;1099.92;1102.05;18:19.9;18:22.0;2.13;manual;accepted;;no;no;;;Oscar photographs Dwight pressing on Kevin's back, feet braced against a cabinet.
office_s07e23_037;7230037;s07e23;test;office_s07e23.mp4;;;;1245.9;1255.54;1245.9;1255.54;20:45.9;20:55.5;9.64;manual;accepted;;no;no;;;Creed sets his things out on the counter in the office room and sits in the leather armchair, satisfied.
office_s08e04_001;8040001;s08e04;test;office_s08e04.mp4;;;;25.32;30.72;25.32;30.72;0:25.3;0:30.7;5.4;manual;accepted;;no;no;;;Stanley walks in laughing hard, eyes half-closed, passing Pam, Jim, and Andy at reception.
office_s08e04_002;8040002;s08e04;test;office_s08e04.mp4;;;;42.63;49.91;42.63;49.91;0:42.6;0:49.9;7.28;manual;accepted;;no;no;;;A close-up shot of someone holding a banner with an ad featuring Andy.
office_s08e04_003;8040003;s08e04;test;office_s08e04.mp4;;;;84.82;96.23;84.82;96.23;1:24.8;1:36.2;11.41;manual;accepted;;no;no;;;Dwight runs out of the office, through the street and park, and shouts at the sight of a large ad banner featuring him and Andy.
office_s08e04_004;8040004;s08e04;test;office_s08e04.mp4;;;;90.84;93.88;90.84;93.88;1:30.8;1:33.9;3.04;manual;accepted;;no;no;;;An outraged Dwight shouts with his mouth wide open on a street lined with lots of greenery.
office_s08e04_005;8040005;s08e04;test;office_s08e04.mp4;;;;117.07;123.7;117.07;123.7;1:57.1;2:03.7;6.63;manual;accepted;;no;no;;;A shot of Dwight drawing a map on a whiteboard.
office_s08e04_006;8040006;s08e04;test;office_s08e04.mp4;;;;195.6;201.25;195.6;201.25;3:15.6;3:21.2;5.65;manual;accepted;;no;no;;;Andy puts a laptop on the desk in front of people and clicks play on it.
office_s08e04_007;8040007;s08e04;test;office_s08e04.mp4;;;;213.52;217.52;213.52;217.52;3:33.5;3:37.5;4.0;manual;accepted;;no;no;;;Andy points at something in the video playing on the laptop.
office_s08e04_008;8040008;s08e04;test;office_s08e04.mp4;;;;253.54;260.87;253.54;260.87;4:13.5;4:20.9;7.33;manual;accepted;;no;no;;;Jim shows something on his computer screen while Dwight watches with interest, both seated at their desks.
office_s08e04_009;8040009;s08e04;test;office_s08e04.mp4;;;;294.82;299.33;294.82;299.33;4:54.8;4:59.3;4.51;manual;accepted;;no;yes;;;Pam sits with Angela in the office cafeteria, eating with her bare feet up on another chair.
office_s08e04_010;8040010;s08e04;test;office_s08e04.mp4;;;;349.33;363.93;349.33;363.93;5:49.3;6:03.9;14.6;manual;accepted;;no;no;;;Andy ties his shoe with his foot up on the desk.
office_s08e04_011;8040011;s08e04;test;office_s08e04.mp4;;;;365.71;374.85;365.71;374.85;6:05.7;6:14.9;9.14;manual;accepted;;no;no;;;A blue car drives onto the property past a mailbox and stops next to a man in a vest and bow tie.
office_s08e04_012;8040012;s08e04;test;office_s08e04.mp4;;;;378.41;393.09;378.41;393.09;6:18.4;6:33.1;14.68;manual;accepted;;no;no;;;A man in a vest and bow tie struggles to pull Toby out of the car.
office_s08e04_013;8040013;s08e04;test;office_s08e04.mp4;;;;402.61;408.99;402.61;408.99;6:42.6;6:49.0;6.38;manual;accepted;;no;no;;;A speeding blue car races down a dirt road and drives into a field of tall green and yellow plants.
office_s08e04_015;8040015;s08e04;test;office_s08e04.mp4;;;;412.33;413.82;412.33;413.82;6:52.3;6:53.8;1.49;manual;accepted;;no;no;;;Erin and Kelly talk by a table with a checkered cloth and sunflowers in a garden tent.
office_s08e04_016;8040016;s08e04;test;office_s08e04.mp4;;;;413.8;419.72;413.8;419.72;6:53.8;6:59.7;5.92;manual;accepted;;no;no;;;Dwight, dressed in vintage period costume, stands stiffly by a porch as Ryan walks past him with a pipe in his mouth.
office_s08e04_017;8040017;s08e04;test;office_s08e04.mp4;;;;433.55;439.74;433.55;439.74;7:13.6;7:19.7;6.19;manual;accepted;;no;no;;;Jim and Pam, with the stroller and a kid on Jim's arm, walk past Dwight standing stiffly by the porch.
office_s08e04_018;8040018;s08e04;test;office_s08e04.mp4;;;;517.86;521.72;517.86;521.72;8:37.9;8:41.7;3.86;manual;accepted;;no;no;;;Erin, wearing a large autumn hat, stands outside with Kelly when a bird snatches her hat away.
office_s08e04_014;8040014;s08e04;test;office_s08e04.mp4;;;;536.77;545.23;536.77;545.23;8:56.8;9:05.2;8.46;manual;accepted;;no;no;;;Kevin gorges on snacks from a waiter's tray, putting a finger to the waiter's lips as he tries to leave.
office_s08e04_019;8040019;s08e04;test;office_s08e04.mp4;;;;563.37;573.04;563.37;573.04;9:23.4;9:33.0;9.67;manual;accepted;;no;no;;;Dwight dances strangely with a maid, waving a light scarf, as people watch in the garden.
office_s08e04_020;8040020;s08e04;test;office_s08e04.mp4;;;;585.27;595.61;585.27;595.61;9:45.3;9:55.6;10.34;manual;accepted;;no;no;;;A man parks his car in a tight spot between other cars and gets out through the sunroof.
office_s08e04_021;8040021;s08e04;test;office_s08e04.mp4;;;;605.88;607.51;605.88;607.51;10:05.9;10:07.5;1.63;manual;accepted;;no;no;;;Darryl and smiling Jim sit at a table decorated with sunflowers.
office_s08e04_022;8040022;s08e04;test;office_s08e04.mp4;;;;629.17;636.03;629.17;636.03;10:29.2;10:36.0;6.86;manual;accepted;;no;no;;;Ryan is stuck up high on a seesaw while Kevin sits down at the bottom.
office_s08e04_023;8040023;s08e04;test;office_s08e04.mp4;;;;636.05;639.01;636.05;639.01;10:36.0;10:39.0;2.96;manual;accepted;;no;no;;;Erin shakes a small tree where her hat got stuck.
office_s08e04_024;8040024;s08e04;test;office_s08e04.mp4;;;;743.73;754.71;743.73;754.71;12:23.7;12:34.7;10.98;manual;accepted;;no;no;;;Dwight stands stiffly in the middle as waiters and maids around him freeze in a dance pose, arms outstretched.
office_s08e04_025;8040025;s08e04;test;office_s08e04.mp4;;;;994.45;1000.19;994.45;1000.19;16:34.5;16:40.2;5.74;manual;accepted;;no;no;;;Andy walks past a waiter with his guitar, knocking his tray and scattering food.
office_s08e04_026;8040026;s08e04;test;office_s08e04.mp4;;;;1001.43;1013.47;1001.43;1013.47;16:41.4;16:53.5;12.04;manual;accepted;;no;no;;;A man in a helmet on a scooter speeds toward a ramp set up in front of a row of cars.
office_s08e04_027;8040027;s08e04;test;office_s08e04.mp4;;;;1013.34;1025.59;1013.34;1025.59;16:53.3;17:05.6;12.25;manual;accepted;;no;no;;;A man in a helmet runs up a ramp set beside a row of cars and jumps across them.
office_s08e04_028;8040028;s08e04;test;office_s08e04.mp4;;;;1025.57;1031.66;1025.57;1031.66;17:05.6;17:11.7;6.09;manual;accepted;;no;no;;;Kelly rubs her arms, cold, while Ryan drinks beside her at a table with wine bottles, at the outdoor party.
office_s08e04_029;8040029;s08e04;test;office_s08e04.mp4;;;;1127.45;1136.08;1127.45;1136.08;18:47.5;18:56.1;8.63;manual;accepted;;no;no;;;Oscar, Darryl, Pam, Jim, and Erin sit at a table with sunflowers and drinks, listening to a baby monitor with worried expressions.
office_s08e04_030;8040030;s08e04;test;office_s08e04.mp4;;;;1158.93;1171.39;1158.93;1171.39;19:18.9;19:31.4;12.46;manual;accepted;;no;no;;;Ryan puts his jacket on a man, and a moment later a tall man does the same, at the outdoor party.
office_s08e04_034;8040034;s08e04;test;office_s08e04.mp4;;;;1184.75;1187.74;1184.75;1187.74;19:44.8;19:47.7;2.99;manual;accepted;;no;no;;;Jim stands beside Phyllis, both holding drinks at outdoor party, as Jim awkwardly waves at someone, looking uncomfortable.
office_s08e04_035;8040035;s08e04;test;office_s08e04.mp4;;;;1207.1;1212.95;1207.1;1212.95;20:07.1;20:13.0;5.85;manual;accepted;;no;no;;;Oscar throws a can toward Andy at an outdoor party.
office_s08e04_031;8040031;s08e04;test;office_s08e04.mp4;;;;1238.49;1242.54;1238.49;1242.54;20:38.5;20:42.5;4.05;manual;accepted;;no;no;;;Dwight stands in the middle, holding a torch, as waiters and maids circle around him, raising their torches.
office_s08e04_032;8040032;s08e04;test;office_s08e04.mp4;;;;1246.1;1250.54;1246.1;1250.54;20:46.1;20:50.5;4.44;manual;accepted;;no;no;;;A wide outdoor shot of people at picnic tables and blankets, Darryl and Kevin at the front, all looking the same way.
office_s08e04_033;8040033;s08e04;test;office_s08e04.mp4;;;;1273.96;1283.36;1273.96;1283.36;21:14.0;21:23.4;9.4;manual;accepted;;no;yes;;;Dwight, dressed in a period costume with a black top hat,  stands stone-faced while Jim nods and looks up.
office_s08e24_001;8240001;s08e24;test;office_s08e24.mp4;;;;4.07;13.48;4.07;13.48;0:04.1;0:13.5;9.41;manual;accepted;;no;no;;;A close-up of Oscar talking into the camera, as Dwight and Phyllis approach curiously behind him.
office_s08e24_002;8240002;s08e24;test;office_s08e24.mp4;;;;27.27;41.87;27.27;41.87;0:27.3;0:41.9;14.6;manual;accepted;;no;no;;;A close-up of Oscar, with Kelly behind him applying makeup and staring at the camera.
office_s08e24_003;8240003;s08e24;test;office_s08e24.mp4;;;;77.4;87.6;77.4;87.6;1:17.4;1:27.6;10.2;manual;accepted;;no;no;;;Kevin and another man bump heads, both holding their faces in pain, as Dwight and Phyllis watch.
office_s08e24_004;8240004;s08e24;test;office_s08e24.mp4;;;;107.78;111.34;107.78;111.34;1:47.8;1:51.3;3.56;manual;accepted;;no;no;;;A man and a young girl excitedly wave their hands in front of a blue backdrop for a photo shoot.
office_s08e24_005;8240005;s08e24;test;office_s08e24.mp4;;;;112.32;115.84;112.32;115.84;1:52.3;1:55.8;3.52;manual;accepted;;no;no;;;Stanley smiles with his arm around a young woman for a photo, standing in front of a blue backdrop with giant toy blocks nearby.
office_s08e24_006;8240006;s08e24;test;office_s08e24.mp4;;;;115.85;118.41;115.85;118.41;1:55.8;1:58.4;2.56;manual;accepted;;no;no;;;Creed poses for a photo with two elderly people beside him as a woman photographs them in front of a blue backdrop.
office_s08e24_007;8240007;s08e24;test;office_s08e24.mp4;;;;118.4;121.5;118.4;121.5;1:58.4;2:01.5;3.1;manual;accepted;;no;no;;;Meredith stands beside a young man with face tattoos and crossed arms for the photo.
office_s08e24_008;8240008;s08e24;test;office_s08e24.mp4;;;;149.65;159.07;149.65;159.07;2:29.7;2:39.1;9.42;manual;accepted;;no;no;;;Jim tears off Dwight's clothes at the parking lot.
office_s08e24_009;8240009;s08e24;test;office_s08e24.mp4;;;;190.64;197.98;190.64;197.98;3:10.6;3:18.0;7.34;manual;accepted;;no;no;;;Darryl, at his office desk, drinks from a pink can with a disgusted expression.
office_s08e24_010;8240010;s08e24;test;office_s08e24.mp4;;;;234.1;241.92;234.1;241.92;3:54.1;4:01.9;7.82;manual;accepted;;no;no;;;Andy walks into the office wearing gray coveralls, looking down with a defeated expression.
office_s08e24_011;8240011;s08e24;test;office_s08e24.mp4;;;;269.65;275.46;269.65;275.46;4:29.6;4:35.5;5.81;manual;accepted;;no;no;;;Andy, wearing gray coveralls, gets down on his knees in front of a woman sitting at the desk.
office_s08e24_012;8240012;s08e24;test;office_s08e24.mp4;;;;307.99;314.6;307.99;314.6;5:08.0;5:14.6;6.61;manual;accepted;;no;no;;;Andy, in gray coveralls, mops a carpet on the office floor, as coworkers sit at their desks nearby.
office_s08e24_013;8240013;s08e24;test;office_s08e24.mp4;;;;338.26;344.22;338.26;344.22;5:38.3;5:44.2;5.96;manual;accepted;;no;no;;;Pam, with the stroller and a kid holding her hand, enters the office, Jim surprised and fake-smiling.
office_s08e24_014;8240014;s08e24;test;office_s08e24.mp4;;;;396.69;407.44;396.69;407.44;6:36.7;6:47.4;10.75;manual;accepted;;no;no;;;A woman with a stuffed duck takes photos of Jim and Pam with the kids, as Dwight jumps behind her.
office_s08e24_015;8240015;s08e24;test;office_s08e24.mp4;;;;470.77;477.99;470.77;477.99;7:50.8;7:58.0;7.22;manual;accepted;;no;no;;;Dwight pulls a comb out of his jacket pocket and walks up to Angela, who is taking a photo with a man and a child.
office_s08e24_016;8240016;s08e24;test;office_s08e24.mp4;;;;480.18;494.18;480.18;494.18;8:00.2;8:14.2;14.0;manual;accepted;;no;no;;;Andy, in the bathroom, pours alcohol on himself from a bottle, standing in front of the mirror and sink.
office_s08e24_017;8240017;s08e24;test;office_s08e24.mp4;;;;494.16;507.18;494.16;507.18;8:14.2;8:27.2;13.02;manual;accepted;;no;no;;;Andy, in coveralls, carries a bowl of soup and then pours it over himself.
office_s08e24_018;8240018;s08e24;test;office_s08e24.mp4;;;;509.15;511.44;509.15;511.44;8:29.1;8:31.4;2.29;manual;accepted;;no;no;;;Andy eats the soup he poured on himself off his sleeve.
office_s08e24_019;8240019;s08e24;test;office_s08e24.mp4;;;;534.28;543.96;534.28;543.96;8:54.3;9:04.0;9.68;manual;accepted;;no;no;;;Dwight with small scissors walks up to Angela, who is taking a photo with a man and a child.
office_s08e24_020;8240020;s08e24;test;office_s08e24.mp4;;;;628.9;640.21;628.9;640.21;10:28.9;10:40.2;11.31;manual;accepted;;no;no;;;Dwight is leaving the office with a  clear plastic bag as Angela chases him, seen through the kitchen door blinds.
office_s08e24_021;8240021;s08e24;test;office_s08e24.mp4;;;;640.19;647.55;640.19;647.55;10:40.2;10:47.5;7.36;manual;accepted;;no;yes;;;A red car leaves the office parking lot in a rush, when blue car starts chasing it.
office_s08e24_022;8240022;s08e24;test;office_s08e24.mp4;;;;647.54;652.72;647.54;652.72;10:47.5;10:52.7;5.18;manual;accepted;;no;no;;;Dwight, driving in the car, waves a clear plastic bag with a smile, while another car is visible in the rear window.
office_s08e24_023;8240023;s08e24;test;office_s08e24.mp4;;;;708.88;717.56;708.88;717.56;11:48.9;11:57.6;8.68;manual;accepted;;no;no;;;A tall man in a birthday hat, holding a cupcake with a candle, walks into a room with people at a table.
office_s08e24_024;8240024;s08e24;test;office_s08e24.mp4;;;;818.0;822.35;818.0;822.35;13:38.0;13:42.4;4.35;manual;accepted;;no;no;;;A red car speeds down a country road, a blue car right behind it.
office_s08e24_025;8240025;s08e24;test;office_s08e24.mp4;;;;827.99;833.37;827.99;833.37;13:48.0;13:53.4;5.38;manual;accepted;;no;no;;;Kelly poses for a photo with a man, hugging him against a blue photo backdrop.
office_s08e24_027;8240027;s08e24;test;office_s08e24.mp4;;;;926.71;940.59;926.71;940.59;15:26.7;15:40.6;13.88;manual;accepted;;no;no;;;Two red cars drive through a quiet suburban street lined with houses and trees, a blue car chasing the other one by mistake.
office_s08e24_028;8240028;s08e24;test;office_s08e24.mp4;;;;982.01;996.23;982.01;996.23;16:22.0;16:36.2;14.22;manual;accepted;;no;no;;;Andy stands near the reception desk taking off his coveralls, revealing a suit underneath, as coworkers watch.
office_s08e24_029;8240029;s08e24;test;office_s08e24.mp4;;;;996.21;1001.07;996.21;1001.07;16:36.2;16:41.1;4.86;manual;accepted;;no;no;;;A blue car cuts off the red one, and Angela runs out of the blue car.
office_s08e24_030;8240030;s08e24;test;office_s08e24.mp4;;;;1002.72;1008.63;1002.72;1008.63;16:42.7;16:48.6;5.91;manual;accepted;;no;no;;;Angela slaps her hand on the window and opens the driver's door of the red car, who then gets out.
office_s08e24_031;8240031;s08e24;test;office_s08e24.mp4;;;;1010.68;1020.42;1010.68;1020.42;16:50.7;17:00.4;9.74;manual;accepted;;no;no;;;Angela slaps the man from the red car, who later runs away.
office_s08e24_032;8240032;s08e24;test;office_s08e24.mp4;;;;1038.36;1043.23;1038.36;1043.23;17:18.4;17:23.2;4.87;manual;accepted;;no;no;;;A shot of a man taking down the 'Sabre' sign next to the Dunder Mifflin logo on the wall.
office_s08e24_026;8240026;s08e24;test;office_s08e24.mp4;;;;1205.27;1214.04;1205.27;1214.04;20:05.3;20:14.0;8.77;manual;accepted;;no;no;;;The man in glasses hugs and then kisses Andy on the lips near the reception desk.
office_s08e24_033;8240033;s08e24;test;office_s08e24.mp4;;;;1242.71;1251.71;1242.71;1251.71;20:42.7;20:51.7;9.0;manual;accepted;;no;no;;;Angela puts her hand on Dwight's hand as they sit together in a waiting room.
office_s08e24_034;8240034;s08e24;test;office_s08e24.mp4;;;;1251.64;1258.98;1251.64;1258.98;20:51.6;20:59.0;7.34;manual;accepted;;no;no;;;Dwight tries to kiss Angela, who pushes him away, then kisses him hard, as they sit together in a waiting room.
office_s09e02_001;9020001;s09e02;test;office_s09e02.mp4;;;;1.02;10.13;1.02;10.13;0:01.0;0:10.1;9.11;manual;accepted;;no;no;;;A shot of an office full of trash.
office_s09e02_002;9020002;s09e02;test;office_s09e02.mp4;;;;8.11;10.13;8.11;10.13;0:08.1;0:10.1;2.02;manual;accepted;;no;no;;;Kevin, sitting at his desk, throws trash on the floor beside him, where other trash already lies.
office_s09e02_003;9020003;s09e02;test;office_s09e02.mp4;;;;48.7;57.73;48.7;57.73;0:48.7;0:57.7;9.03;manual;accepted;;no;no;;;Kevin and Pam stand with a spinning wheel turning between them, as people clap.
office_s09e02_004;9020004;s09e02;test;office_s09e02.mp4;;;;84.98;89.46;84.98;89.46;1:25.0;1:29.5;4.48;manual;accepted;;no;no;;;Kevin spins around in circles at his desk, seen through the blinds.
office_s09e02_005;9020005;s09e02;test;office_s09e02.mp4;;;;89.45;91.73;89.45;91.73;1:29.5;1:31.7;2.28;manual;accepted;;no;no;;;Stanley and Erin sit at the cafeteria table, Stanley taps her hand and slides the sandwich toward himself.
office_s09e02_006;9020006;s09e02;test;office_s09e02.mp4;;;;91.74;102.06;91.74;102.06;1:31.7;1:42.1;10.32;manual;accepted;;no;no;;;Meredith and Pam stand with a shiny spinning wheel turning between them, as people clap.
office_s09e02_007;9020007;s09e02;test;office_s09e02.mp4;;;;105.12;107.37;105.12;107.37;1:45.1;1:47.4;2.25;manual;accepted;;no;no;;;Meredith and Pam stand with a shiny spinning wheel turning between them, as Pam moves the tiny wheel in front of everyone.
office_s09e02_008;9020008;s09e02;test;office_s09e02.mp4;;;;116.28;120.0;116.28;120.0;1:56.3;2:00.0;3.72;manual;accepted;;no;yes;;;A shot of a rat moving along the floor among the trash in a cluttered office.
office_s09e02_009;9020009;s09e02;test;office_s09e02.mp4;;;;140.83;145.64;140.83;145.64;2:20.8;2:25.6;4.81;manual;accepted;;no;no;;;A little girl spins around in the yard in front of the house, as Jim leaves it with a present in his hand.
office_s09e02_010;9020010;s09e02;test;office_s09e02.mp4;;;;156.08;165.62;156.08;165.62;2:36.1;2:45.6;9.54;manual;accepted;;no;no;;;Jim is putting his bag in the trunk of a silver car, when Pam runs out of the house with a banana in her hand.
office_s09e02_011;9020011;s09e02;test;office_s09e02.mp4;;;;191.77;195.78;191.77;195.78;3:11.8;3:15.8;4.01;manual;accepted;;no;no;;;A young man in glasses leans over the reception desk, holding a magazine, where Erin sits talking to another young man.
office_s09e02_035;9020035;s09e02;test;office_s09e02.mp4;;;;191.77;195.78;191.77;195.78;3:11.8;3:15.8;4.01;manual;accepted;;no;no;;;A young man leans over the reception desk, holding a Newsweek magazine with a brain-map illustration of a head on the cover.
office_s09e02_012;9020012;s09e02;test;office_s09e02.mp4;;;;197.16;199.08;197.16;199.08;3:17.2;3:19.1;1.92;manual;accepted;;no;no;;;A young man in glasses winks, while leaning over the reception desk.
office_s09e02_013;9020013;s09e02;test;office_s09e02.mp4;;;;230.85;233.15;230.85;233.15;3:50.8;3:53.2;2.3;manual;accepted;;no;no;;;A wide shot of guests at an outdoor party, with Phyllis in the back sipping an orange drink next to a man.
office_s09e02_014;9020014;s09e02;test;office_s09e02.mp4;;;;233.11;234.45;233.11;234.91;3:53.1;3:54.9;1.8;manual;accepted;;yes;yes;;;A shot of Darryl smiling at the outdoor party, as a woman with dreadlocks adjusts his tie.
office_s09e02_015;9020015;s09e02;test;office_s09e02.mp4;;;;241.22;246.67;241.22;246.67;4:01.2;4:06.7;5.45;manual;accepted;;no;no;;;Jim and Pam walking in the street with concerned expressions, Jim holding a wrapped present and Pam eating a banana.
office_s09e02_016;9020016;s09e02;test;office_s09e02.mp4;;;;245.49;260.47;245.49;260.47;4:05.5;4:20.5;14.98;manual;accepted;;no;yes;;;A man with a tray of drinks approaches Jim and Pam, and Pam takes a drink from his tray, handing him the banana peel.
office_s09e02_017;9020017;s09e02;test;office_s09e02.mp4;;;;378.51;380.94;378.51;380.94;6:18.5;6:20.9;2.43;manual;accepted;;no;no;;;Dwight, sitting at his desk, takes a piece of paper, crumples it in his hands, and throws it behind.
office_s09e02_018;9020018;s09e02;test;office_s09e02.mp4;;;;508.2;523.2;508.2;523.2;8:28.2;8:43.2;15.0;manual;accepted;;no;no;;;A man is giving a toast with a glass of champagne, as the bride smiles beside people around tables with flowers in the garden.
office_s09e02_019;9020019;s09e02;test;office_s09e02.mp4;;;;539.68;542.33;539.68;542.33;8:59.7;9:02.3;2.65;manual;accepted;;no;no;;;A man in a suit sits down at the piano in the garden, a glass of champagne resting on it.
office_s09e02_020;9020020;s09e02;test;office_s09e02.mp4;;;;635.79;638.17;635.79;638.17;10:35.8;10:38.2;2.38;manual;accepted;;no;no;;;Oscar sits in the office kitchen, reading a newspaper and choking on his drink, as Pam and Jim stand nearby.
office_s09e02_021;9020021;s09e02;test;office_s09e02.mp4;;;;719.6;727.71;719.6;727.71;11:59.6;12:07.7;8.11;manual;accepted;;no;no;;;A woman in the office canteen pulls out a cleaver and holds it up in front of Dwight's eyes.
office_s09e02_022;9020022;s09e02;test;office_s09e02.mp4;;;;794.43;807.05;794.43;807.05;13:14.4;13:27.0;12.62;manual;accepted;;no;no;;;Andy takes his card out of his wallet and hands it to a young man in glasses.
office_s09e02_023;9020023;s09e02;test;office_s09e02.mp4;;;;864.13;876.07;864.13;876.07;14:24.1;14:36.1;11.94;manual;accepted;;no;no;;;Seen through a half-open door, Jim leans against the stair railing, resting his forehead on his hand.
office_s09e02_024;9020024;s09e02;test;office_s09e02.mp4;;;;978.99;981.61;978.99;981.61;16:19.0;16:21.6;2.62;manual;accepted;;no;no;;;Dwight grabs the woman's hand and lifts it repeatedly, letting it drop onto the cutting board.
office_s09e02_025;9020025;s09e02;test;office_s09e02.mp4;;;;1110.49;1114.25;1110.49;1114.25;18:30.5;18:34.2;3.76;manual;accepted;;no;no;;;Dwight repeatedly raises a cleaver above his head, preparing to bring it down on the woman's hand, while she drinks from a can.
office_s09e02_026;9020026;s09e02;test;office_s09e02.mp4;;;;1114.26;1115.97;1114.26;1115.97;18:34.3;18:36.0;1.71;manual;accepted;;no;no;;;Dwight swings his arms left and right, stretching, while a redheaded woman watches, in the office cafeteria.
office_s09e02_027;9020027;s09e02;test;office_s09e02.mp4;;;;1115.96;1117.57;1115.96;1117.57;18:36.0;18:37.6;1.61;manual;accepted;;no;no;;;Dwight makes circles with a cleaver in his hand above the cutting board, where the woman holds her hand.
office_s09e02_028;9020028;s09e02;test;office_s09e02.mp4;;;;1117.56;1119.05;1117.56;1119.05;18:37.6;18:39.0;1.49;manual;accepted;;no;yes;;;Dwight stretches his interlocked hands out in front of the break room vending machines, stern and determined.
office_s09e02_029;9020029;s09e02;test;office_s09e02.mp4;;;;1119.04;1125.6;1119.04;1125.6;18:39.0;18:45.6;6.56;manual;accepted;;no;no;;;Darryl walks into the canteen finds Dwight holding a cleaver over a woman's hand on the cutting board, and walks out unfazed.
office_s09e02_030;9020030;s09e02;test;office_s09e02.mp4;;;;1154.66;1160.82;1154.66;1160.82;19:14.7;19:20.8;6.16;manual;accepted;;no;no;;;Darryl walks into the canteen and places his laptop on the table, opening it, while Dwight stands with a cleaver.
office_s09e02_031;9020031;s09e02;test;office_s09e02.mp4;;;;1172.02;1174.13;1172.02;1174.13;19:32.0;19:34.1;2.11;manual;accepted;;no;no;;;Andy, Erin, and a young man with a worried expression stand in a hallway by the door as he knocks.
office_s09e02_032;9020032;s09e02;test;office_s09e02.mp4;;;;1189.83;1192.28;1189.83;1192.28;19:49.8;19:52.3;2.45;manual;accepted;;no;no;;;The young man in glasses rests his head against the door frame, looking disappointed, as another man stands in front of  the door.
office_s09e02_033;9020033;s09e02;test;office_s09e02.mp4;;;;1248.49;1255.92;1248.49;1255.92;20:48.5;20:55.9;7.43;manual;accepted;;no;no;;;A wide shot of a restaurant seen at night through its front windows, with a neon sign glowing as people sit inside.
office_s09e02_034;9020034;s09e02;test;office_s09e02.mp4;;;;1257.4;1259.59;1257.4;1259.59;20:57.4;20:59.6;2.19;manual;accepted;;no;no;;;Dwight and a redhead woman sit across from each other in the office canteen at night, both making disgusted faces while looking at a laptop.
office_s09e04_024;9040024;s09e04;test;office_s09e04.mp4;;;;9.27;11.36;9.27;11.36;0:09.3;0:11.4;2.09;manual;accepted;;no;no;;;Andy, wearing a red cap and tie, stands next to the TV and winks.
office_s09e04_025;9040025;s09e04;test;office_s09e04.mp4;;;;85.72;89.13;85.72;89.13;1:25.7;1:29.1;3.41;manual;accepted;;no;no;;;Jim gets up from his chair toward the TV, as Andy in a red cap walks out of the office where everyone else is sitting.
office_s09e04_026;9040026;s09e04;test;office_s09e04.mp4;;;;87.5;91.18;87.5;91.18;1:27.5;1:31.2;3.68;manual;accepted;;no;no;;;Jim clicks something on the laptop next to the TV and plays a video for everyone.
office_s09e04_027;9040027;s09e04;test;office_s09e04.mp4;;;;94.12;108.74;94.12;108.74;1:34.1;1:48.7;14.62;manual;accepted;;no;yes;;;A displeased Andy stands next to a laptop playing a video of him in a baseball uniform falling and dousing himself in dark liquid from a large orange cooler jug.
office_s09e04_028;9040028;s09e04;test;office_s09e04.mp4;;;;124.04;125.69;124.04;125.69;2:04.0;2:05.7;1.65;manual;accepted;;no;no;;;Toby holds a device up to the wall, while a worried Dwight watches, writing on a whiteboard, and Erin holds tape.
office_s09e04_029;9040029;s09e04;test;office_s09e04.mp4;;;;125.64;130.16;125.64;130.16;2:05.6;2:10.2;4.52;manual;accepted;;no;no;;;Erin sticks red tape on the wall where Toby pointed, tapping his fingers.
office_s09e04_030;9040030;s09e04;test;office_s09e04.mp4;;;;147.03;149.07;147.03;149.07;2:27.0;2:29.1;2.04;manual;accepted;;no;no;;;Erin sticks red tape in the shape of an X on the office carpet.
office_s09e04_031;9040031;s09e04;test;office_s09e04.mp4;;;;166.23;168.44;166.23;168.44;2:46.2;2:48.4;2.21;manual;accepted;;no;yes;;;Meredith bends over nearby with a red X on the wall beside her.
office_s09e04_032;9040032;s09e04;test;office_s09e04.mp4;;;;176.13;182.14;176.13;182.14;2:56.1;3:02.1;6.01;manual;accepted;;no;no;;;Jim, walking with Pam through the parking lot, jogs ahead and opens the door, holding it for her to pass through.
office_s09e04_033;9040033;s09e04;test;office_s09e04.mp4;;;;182.17;189.54;182.17;189.54;3:02.2;3:09.5;7.37;manual;accepted;;no;no;;;Jim, walking after Pam, jogs ahead, clicks the button to the lift, and lets her pass into the lift.
office_s09e04_034;9040034;s09e04;test;office_s09e04.mp4;;;;310.24;317.36;310.24;317.36;5:10.2;5:17.4;7.12;manual;accepted;;no;yes;;;Jim puts a bag of popcorn into the microwave in the office kitchen.
office_s09e04_035;9040035;s09e04;test;office_s09e04.mp4;;;;329.66;340.67;329.66;340.67;5:29.7;5:40.7;11.01;manual;accepted;;no;no;;;Jim takes the bag of popcorn out of the microwave and rush out of the kitchen, while Darryl and a young man in glasses talk.
office_s09e04_036;9040036;s09e04;test;office_s09e04.mp4;;;;387.7;394.05;387.7;394.05;6:27.7;6:34.1;6.35;manual;accepted;;no;no;;;Dwight, sitting at the desk near Jim, places a napkin on his lap.
office_s09e04_037;9040037;s09e04;test;office_s09e04.mp4;;;;460.39;468.96;460.39;468.96;7:40.4;7:49.0;8.57;manual;accepted;;no;no;;;The people walk out of the building as Dwight waves for the bus pulling into the office parking lot.
office_s09e04_038;9040038;s09e04;test;office_s09e04.mp4;;;;473.8;479.42;473.8;479.42;7:53.8;7:59.4;5.62;manual;accepted;;no;no;;;Meredith and Kevin push each other backward while sitting in their chairs on the bus.
office_s09e04_039;9040039;s09e04;test;office_s09e04.mp4;;;;479.41;482.63;479.41;482.63;7:59.4;8:02.6;3.22;manual;accepted;;no;no;;;Erin tapes a clear bowl of candy to the railing on the bus.
office_s09e04_040;9040040;s09e04;test;office_s09e04.mp4;;;;490.13;492.47;490.13;492.47;8:10.1;8:12.5;2.34;manual;rejected;manual;no;no;;;Stanley and Oscar sit on the bus talking on their phones, while Kevin looks at his laptop nearby.
office_s09e04_041;9040041;s09e04;test;office_s09e04.mp4;;;;492.46;497.42;492.46;497.42;8:12.5;8:17.4;4.96;manual;accepted;;no;no;;;A young man near Angela presses a button on the bus ceiling, blowing her papers away.
office_s09e04_042;9040042;s09e04;test;office_s09e04.mp4;;;;495.12;497.45;495.12;497.45;8:15.1;8:17.4;2.33;manual;accepted;;no;no;;;An outraged Angela, her mouth wide open, frantically grabs at her flying papers on the bus.
office_s09e04_043;9040043;s09e04;test;office_s09e04.mp4;;;;571.08;578.88;571.08;578.88;9:31.1;9:38.9;7.8;manual;accepted;;no;no;;;Angela opens the overhead compartment above Jim, Pam, and Meredith on the bus, and a stack of papers falls onto them.
office_s09e04_022;9040022;s09e04;test;office_s09e04.mp4;;;;673.4;675.02;673.4;675.02;11:13.4;11:15.0;1.62;manual;accepted;;no;no;;;Jim strides firmly past the yellow line on the bus.
office_s09e04_023;9040023;s09e04;test;office_s09e04.mp4;;;;675.68;678.49;675.68;678.49;11:15.7;11:18.5;2.81;manual;accepted;;no;no;;;Jim claps his hands and high-fives people as he walks through the bus.
office_s09e04_019;9040019;s09e04;test;office_s09e04.mp4;;;;678.51;690.81;678.51;690.81;11:18.5;11:30.8;12.3;manual;accepted;;no;no;;;A big white bus leaves the parking lot, while Darryl and a young man in glasses sit at a table outside the building.
office_s09e04_020;9040020;s09e04;test;office_s09e04.mp4;;;;721.63;730.01;721.63;730.01;12:01.6;12:10.0;8.38;manual;accepted;;no;no;;;A shot of a bus stopping for a hitchhiker in a light suit and hat, waving it down.
office_s09e04_021;9040021;s09e04;test;office_s09e04.mp4;;;;731.32;739.59;731.32;739.59;12:11.3;12:19.6;8.27;manual;rejected;manual;no;no;;wymaga_osoby;Creed boards the bus, takes off his glasses, and looks shocked and displeased to see the people from the office.
office_s09e04_018;9040018;s09e04;test;office_s09e04.mp4;;;;742.87;750.44;742.87;750.44;12:22.9;12:30.4;7.57;manual;accepted;;no;yes;;;People pose together beside the giant chicken statue while a man takes their picture.
office_s09e04_017;9040017;s09e04;test;office_s09e04.mp4;;;;811.33;817.35;811.33;817.35;13:31.3;13:37.4;6.02;manual;accepted;;no;no;;;A worried Kevin sits pointing at a map with a pen, while a skeptical Angela sits across from him in a bus.
office_s09e04_016;9040016;s09e04;test;office_s09e04.mp4;;;;888.95;892.89;888.95;892.89;14:49.0;14:52.9;3.94;manual;accepted;;no;no;;;Dwight angrily drops the keys with a yellow keychain onto Jim's.
office_s09e04_015;9040015;s09e04;test;office_s09e04.mp4;;;;896.78;905.88;896.78;905.88;14:56.8;15:05.9;9.1;manual;accepted;;no;no;;;Dwight climbs into the bus through the sunroof, while Pam and Jim, sitting nearby, dodge.
office_s09e04_013;9040013;s09e04;test;office_s09e04.mp4;;;;931.16;933.76;931.16;933.76;15:31.2;15:33.8;2.6;manual;accepted;;no;no;;;Jim climbs into the bus through the sunroof.
office_s09e04_014;9040014;s09e04;test;office_s09e04.mp4;;;;933.73;935.76;933.73;935.76;15:33.7;15:35.8;2.03;manual;accepted;;no;no;;;Stanley shouts angrily, his mouth and eyes wide open, as Jim and Erin watch behind him on the bus.
office_s09e04_012;9040012;s09e04;test;office_s09e04.mp4;;;;935.75;938.85;935.75;938.85;15:35.8;15:38.9;3.1;manual;accepted;;no;no;;;Andy angrily pulls the curtain closed on the bus, standing near Creed and Phyllis.
office_s09e04_011;9040011;s09e04;test;office_s09e04.mp4;;;;940.43;942.69;940.43;942.69;15:40.4;15:42.7;2.26;manual;accepted;;no;no;;;A giant chicken statue stands in the foreground while a man walks toward another man sitting on the roof of a bus parked nearby.
office_s09e04_010;9040010;s09e04;test;office_s09e04.mp4;;;;1070.4;1076.09;1070.4;1076.09;17:50.4;17:56.1;5.69;manual;accepted;;no;no;;;Andy peeks around the curtain, while a woman wipes Erin's face with a tissue on the bus.
office_s09e04_009;9040009;s09e04;test;office_s09e04.mp4;;;;1113.83;1128.63;1113.83;1128.63;18:33.8;18:48.6;14.8;manual;accepted;;no;no;;;Jim climbs down into the bus through the sunroof, while Dwight steps down onto his shoulders with his shoes.
office_s09e04_007;9040007;s09e04;test;office_s09e04.mp4;;;;1144.11;1146.01;1144.11;1146.01;19:04.1;19:06.0;1.9;manual;accepted;;no;no;;;Dwight drives a bus with a stern, angry expression, gripping the steering wheel tightly.
office_s09e04_008;9040008;s09e04;test;office_s09e04.mp4;;;;1146.01;1147.63;1146.01;1147.63;19:06.0;19:07.6;1.62;manual;rejected;manual;no;no;;;The people scream and lurch sideways together as the bus swerves violently on the road.
office_s09e04_006;9040006;s09e04;test;office_s09e04.mp4;;;;1157.73;1159.8;1157.73;1159.8;19:17.7;19:19.8;2.07;manual;accepted;;no;no;;;"A wide shot of people gathered around a roadside stand called ""Laverne's Pies,"" while a man fixes a tire nearby."
office_s09e04_005;9040005;s09e04;test;office_s09e04.mp4;;;;1159.82;1162.36;1159.82;1162.36;19:19.8;19:22.4;2.54;manual;accepted;;no;no;;;A shot of a mother and daughter sharing a picnic on the grass.
office_s09e04_003;9040003;s09e04;test;office_s09e04.mp4;;;;1226.82;1234.01;1226.82;1230.6;20:26.8;20:30.6;3.78;manual;accepted;;yes;yes;;;Oscar smears cake onto Kevin's face with a small plate.
office_s09e04_004;9040004;s09e04;test;office_s09e04.mp4;;;;1231.81;1234.0;1231.81;1234.0;20:31.8;20:34.0;2.19;manual;accepted;;no;no;;;Kevin raises his hands up happily, his face covered in cake.
office_s09e04_002;9040002;s09e04;test;office_s09e04.mp4;;;;1239.61;1245.57;1239.61;1245.57;20:39.6;20:45.6;5.96;manual;accepted;;no;no;;;Jim and Pam scoop cake onto their forks and eat it, sitting side by side at a bench outdoors.
office_s09e04_001;9040001;s09e04;test;office_s09e04.mp4;;;;1246.75;1252.55;1246.75;1252.55;20:46.8;20:52.5;5.8;manual;accepted;;no;no;;;Pam rests her head on Jim's shoulder, smiling, as he kisses her forehead outdoors.
office_s09e14_001;9140001;s09e14;test;office_s09e14.mp4;;;;23.57;30.77;23.57;30.77;0:23.6;0:30.8;7.2;manual;accepted;;no;no;;;Erin in front of the reception desk in the office doing jumping jacks.
office_s09e14_002;9140002;s09e14;test;office_s09e14.mp4;;;;35.08;47.46;35.08;47.46;0:35.1;0:47.5;12.38;manual;accepted;;no;no;;;Erin, carrying a giant teddy bear, meets Darryl while walking up the stairs in the stairwell.
office_s09e14_004;9140004;s09e14;test;office_s09e14.mp4;;;;81.11;84.56;81.11;84.56;1:21.1;1:24.6;3.45;manual;accepted;;no;no;;;A shot of Creed at his desk, holding a colorful kite up to a fan in the office.
office_s09e14_003;9140003;s09e14;test;office_s09e14.mp4;;;;89.97;91.23;89.97;91.23;1:30.0;1:31.2;1.26;manual;accepted;;no;yes;;;Pam, in a brown coat, carrying a folded blanket under her arm, walks through the warehouse carrying a blanket, then stops and scre ams in shock.
office_s09e14_005;9140005;s09e14;test;office_s09e14.mp4;;;;91.75;93.81;91.75;93.81;1:31.8;1:33.8;2.06;manual;accepted;;no;no;;;"A close-up of the forest-and-logging mural, defaced with orange spray-painted graffiti reading ""THIS SUCKS"" and a crude drawing."
office_s09e14_006;9140006;s09e14;test;office_s09e14.mp4;;;;175.44;187.49;175.44;187.49;2:55.4;3:07.5;12.05;manual;accepted;;no;no;;;A shot of Angela talking angrily on the phone on the staircase.
office_s09e14_007;9140007;s09e14;test;office_s09e14.mp4;;;;187.52;191.56;187.52;191.56;3:07.5;3:11.6;4.04;manual;accepted;;no;no;;;Jim stands in a messy kitchen in his pajamas, eating breakfast at the counter, as Darryl walks in wearing a suit.
office_s09e14_008;9140008;s09e14;test;office_s09e14.mp4;;;;202.53;205.24;202.53;205.24;3:22.5;3:25.2;2.71;manual;accepted;;no;no;;;Darryl stands in a small bedroom, arms spread wide, showing off his room with a plaid bed and blinds behind him.
office_s09e14_009;9140009;s09e14;test;office_s09e14.mp4;;;;205.23;208.03;205.23;208.03;3:25.2;3:28.0;2.8;manual;accepted;;no;no;;;Jim jumps onto the bed in his pajamas, arms spread wide.
office_s09e14_010;9140010;s09e14;test;office_s09e14.mp4;;;;207.62;209.11;207.62;209.11;3:27.6;3:29.1;1.49;manual;accepted;;no;no;;;Jim lies on the bed with one hand behind his head, next to a pile of clothes on the floor by the bed.
office_s09e14_011;9140011;s09e14;test;office_s09e14.mp4;;;;209.1;215.6;209.1;215.6;3:29.1;3:35.6;6.5;manual;accepted;;no;no;;;Darryl's hand gestures toward one side of the bathroom counter, clean and organized, and the other side, messy and cluttered.
office_s09e14_012;9140012;s09e14;test;office_s09e14.mp4;;;;214.07;215.63;214.07;215.63;3:34.1;3:35.6;1.56;manual;accepted;;no;no;;;Darryl looks unimpressed, while Jim, reflected in the mirror, stands on the bed wrapped in a blanket, playing guitar.
office_s09e14_013;9140013;s09e14;test;office_s09e14.mp4;;;;217.85;221.75;217.85;221.75;3:37.8;3:41.8;3.9;manual;accepted;;no;no;;;Jim washes his hands in a dirty sink, wipes his hands with a towel, and throws it onto the sink.
office_s09e14_014;9140014;s09e14;test;office_s09e14.mp4;;;;221.74;226.56;221.74;226.56;3:41.7;3:46.6;4.82;manual;accepted;;no;no;;;Darryl walks into the bathroom and flips the light switch.
office_s09e14_015;9140015;s09e14;test;office_s09e14.mp4;;;;232.75;236.8;232.75;236.8;3:52.8;3:56.8;4.05;manual;accepted;;no;no;;;Pam rides up on a forklift in the warehouse, holding a megaphone.
office_s09e14_016;9140016;s09e14;test;office_s09e14.mp4;;;;265.27;276.45;265.27;276.45;4:25.3;4:36.4;11.18;manual;accepted;;no;no;;;Pam rides down on a forklift in the warehouse, speaking through a megaphone.
office_s09e14_017;9140017;s09e14;test;office_s09e14.mp4;;;;314.41;319.57;314.41;319.57;5:14.4;5:19.6;5.16;manual;accepted;;no;no;;;"A shot of a silver metallic coffee thermos sitting on a desk, with a sticker reading ""Darryl"" on it."
office_s09e14_018;9140018;s09e14;test;office_s09e14.mp4;;;;318.6;321.44;318.6;321.44;5:18.6;5:21.4;2.84;manual;accepted;;no;no;;;Jim, sitting at his desk by the computer, drinks from a silver metallic coffee thermos.
office_s09e14_019;9140019;s09e14;test;office_s09e14.mp4;;;;321.43;323.55;321.43;323.55;5:21.4;5:23.6;2.12;manual;accepted;;no;no;;;Pam, in a grey hoodie, storms into the office yelling, as Erin at the reception desk looks at her.
office_s09e14_020;9140020;s09e14;test;office_s09e14.mp4;;;;345.35;348.09;345.35;348.09;5:45.4;5:48.1;2.74;manual;accepted;;no;no;;;An angry Dwight approaches the young man in glasses' desk from behind and takes his landline phone out of his hand.
office_s09e14_021;9140021;s09e14;test;office_s09e14.mp4;;;;457.77;465.29;457.77;465.29;7:37.8;7:45.3;7.52;manual;accepted;;no;no;;;Angela, in a black dress, runs up to Dwight in the office and touches his chest, and he flinches, stepping back.
office_s09e14_022;9140022;s09e14;test;office_s09e14.mp4;;;;495.96;504.31;495.96;504.31;8:16.0;8:24.3;8.35;manual;accepted;;no;no;;;Dwight hands out white papers to the workers in uniforms, sitting at a long table in the warehouse.
office_s09e14_023;9140023;s09e14;test;office_s09e14.mp4;;;;514.2;517.7;514.2;517.7;8:34.2;8:37.7;3.5;manual;accepted;;no;no;;;A redheaded woman stands with her hands on her hips, draws a circle in the air with her fingers.
office_s09e14_024;9140024;s09e14;test;office_s09e14.mp4;;;;551.54;556.82;551.54;556.82;9:11.5;9:16.8;5.28;manual;accepted;;no;no;;;A man in a warehouse worker uniform crouches with his head buried in his hand beside some boxes.
office_s09e14_025;9140025;s09e14;test;office_s09e14.mp4;;;;556.81;559.3;556.81;559.3;9:16.8;9:19.3;2.49;manual;accepted;;no;no;;;Pam, in a grey hoodie, stands next to Dwight in the warehouse, pressing her hands to the sides of her face and ears, stressed.
office_s09e14_026;9140026;s09e14;test;office_s09e14.mp4;;;;612.2;620.38;612.2;620.38;10:12.2;10:20.4;8.18;manual;accepted;;no;no;;;Oscar and Kevin, eating a snack from small plates, stand in a living room of some house, glancing at a portrait of an angry-looking, posing Angela.
office_s09e14_027;9140027;s09e14;test;office_s09e14.mp4;;;;666.87;680.92;666.87;680.92;11:06.9;11:20.9;14.05;manual;accepted;;no;yes;;;Jim pours out coffee onto the floor, standing next to a red wall.
office_s09e14_028;9140028;s09e14;test;office_s09e14.mp4;;;;691.83;694.47;691.83;694.47;11:31.8;11:34.5;2.64;manual;accepted;;no;no;;;Jim forcefully shoves the thermal silver mug into Darryl's chest as he walks past him, handing it to him.
office_s09e14_029;9140029;s09e14;test;office_s09e14.mp4;;;;868.66;871.01;868.66;871.01;14:28.7;14:31.0;2.35;manual;accepted;;no;no;;;A man standing behind Oscar, hands on his shoulders, pats his cheek in front of everyone at a gathering.
office_s09e14_030;9140030;s09e14;test;office_s09e14.mp4;;;;912.44;921.22;912.44;921.22;15:12.4;15:21.2;8.78;manual;accepted;;no;yes;;;Darryl sits down in a leather armchair white and blue portable cooler  in the room.
office_s09e14_031;9140031;s09e14;test;office_s09e14.mp4;;;;962.57;969.08;962.57;969.08;16:02.6;16:09.1;6.51;manual;accepted;;no;yes;;;Darryl takes a green can out of a cooler, while Jim eats at a table nearby in the room.
office_s09e14_032;9140032;s09e14;test;office_s09e14.mp4;;;;980.09;986.69;980.09;986.69;16:20.1;16:26.7;6.6;manual;accepted;;no;no;;;Dwight leads a young man in a warehouse uniform by the arm down the street, with Pam walking beside them.
office_s09e14_033;9140033;s09e14;test;office_s09e14.mp4;;;;1002.24;1007.06;1002.24;1007.06;16:42.2;16:47.1;4.82;manual;accepted;;no;no;;;Pam puts a cap on the young man in glasses' head and shushes him, pressing her finger to his lips.
office_s09e14_034;9140034;s09e14;test;office_s09e14.mp4;;;;1039.0;1043.09;1039.0;1043.09;17:19.0;17:23.1;4.09;manual;accepted;;no;no;;;Dwight peeks through binoculars, as Pam ends the call and exits through a door behind the boxes.
office_s09e14_035;9140035;s09e14;test;office_s09e14.mp4;;;;1043.5;1046.59;1043.5;1046.59;17:23.5;17:26.6;3.09;manual;accepted;;no;no;;;A young man in glasses, taped to a chair with something written on his chest, looks down at his phone.
office_s09e14_036;9140036;s09e14;test;office_s09e14.mp4;;;;1069.81;1078.96;1069.81;1078.96;17:49.8;17:59.0;9.15;manual;accepted;;no;yes;;;A man pushes a woman in a wheelchair toward the spot where everyone is posing for a photo.
office_s09e14_037;9140037;s09e14;test;office_s09e14.mp4;;;;1081.37;1083.57;1081.37;1083.57;18:01.4;18:03.6;2.2;manual;accepted;;no;no;;;Pam, holding a bucket and paintbrush, walks around a car covered in white paint as Dwight keeps painting it.
office_s09e14_038;9140038;s09e14;test;office_s09e14.mp4;;;;1097.94;1108.89;1097.94;1108.89;18:17.9;18:28.9;10.95;manual;accepted;;no;no;;;Dwight, with a shocked and admiring expression, walks around the car and admires the large painting on its side.
office_s09e14_039;9140039;s09e14;test;office_s09e14.mp4;;;;1137.23;1147.84;1137.23;1147.84;18:57.2;19:07.8;10.61;manual;accepted;;no;no;;;A satisfied Pam stands by the open trunk as an angry warehouse worker storms toward her across the parking lot.
office_s09e14_040;9140040;s09e14;test;office_s09e14.mp4;;;;1147.74;1149.71;1147.74;1149.71;19:07.7;19:09.7;1.97;manual;accepted;;no;no;;;A camera operator with headphones swings a long boom microphone and hits an angry warehouse worker in the office parking lot.
